brand,representativeIndustry,officialEvidence,beforeMenuBasedFilters,afterBrandFilters,menuCategories,removedCrossSellingFilters,policyMismatchRemaining,evidenceScope
맥도날드,햄버거,https://www.mcdonalds.co.kr/,치킨|햄버거|샌드위치·토스트|사이드,햄버거,사이드|샌드위치|치킨|햄버거,치킨|샌드위치·토스트|사이드,False,Existing official-source-verified catalog representative industry; menu category retained separately
롯데리아,햄버거,https://www.lotteeatz.com/,치킨|햄버거|카페·음료|디저트·아이스크림|샐러드·포케|사이드,햄버거,사이드|샐러드·포케|아이스크림|음료|치킨|햄버거,치킨|카페·음료|디저트·아이스크림|샐러드·포케|사이드,False,Existing official-source-verified catalog representative industry; menu category retained separately
버거킹,햄버거,https://www.burgerking.co.kr/,치킨|햄버거|샌드위치·토스트,햄버거,샌드위치|치킨|햄버거,치킨|샌드위치·토스트,False,Existing official-source-verified catalog representative industry; menu category retained separately
KFC,햄버거,https://www.kfckorea.com/,치킨|햄버거|베이커리,치킨|햄버거,베이커리|치킨|햄버거,베이커리,False,Existing official-source-verified catalog representative industry; menu category retained separately
맘스터치,햄버거,https://www.momstouch.co.kr/,햄버거|사이드,햄버거,사이드|햄버거,사이드,False,Existing official-source-verified catalog representative industry; menu category retained separately
도미노피자,피자,https://www.dominos.co.kr/,피자,피자,피자,,False,Existing official-source-verified catalog representative industry; menu category retained separately
피자헛,피자,https://www.pizzahut.co.kr/,피자,피자,피자,,False,Existing official-source-verified catalog representative industry; menu category retained separately
미스터피자,피자,https://www.mrpizza.co.kr/,피자,피자,피자,,False,Existing official-source-verified catalog representative industry; menu category retained separately
BHC,치킨,https://www.bhc.co.kr/,치킨|사이드,치킨,사이드|치킨,사이드,False,Existing official-source-verified catalog representative industry; menu category retained separately
교촌치킨,치킨,https://www.kyochon.com/,치킨|분식|한식|디저트·아이스크림|샐러드·포케|사이드,치킨,덮밥|디저트|분식|사이드|샐러드·포케|치킨|한식,분식|한식|디저트·아이스크림|샐러드·포케|사이드,False,Existing official-source-verified catalog representative industry; menu category retained separately
굽네치킨,치킨,https://www.goobne.co.kr/,치킨|피자|분식|한식|베이커리|사이드,치킨,덮밥|베이커리|분식|사이드|치킨|피자|한식,피자|분식|한식|베이커리|사이드,False,Existing official-source-verified catalog representative industry; menu category retained separately
BBQ,치킨,https://www.bbq.co.kr/,치킨,치킨,치킨,,False,Existing official-source-verified catalog representative industry; menu category retained separately
네네치킨,치킨,https://nenechicken.com/,치킨,치킨,치킨,,False,Existing official-source-verified catalog representative industry; menu category retained separately
스타벅스,카페,https://www.starbucks.co.kr/,한식|샌드위치·토스트|카페·음료|베이커리|디저트·아이스크림|사이드,카페·음료,|덮밥|디저트|베이커리|사이드|샌드위치|아이스크림|음료|카페,한식|샌드위치·토스트|베이커리|디저트·아이스크림|사이드,False,Existing official-source-verified catalog representative industry; menu category retained separately
투썸플레이스,카페,https://www.twosome.co.kr/,샌드위치·토스트|카페·음료|베이커리|디저트·아이스크림|샐러드·포케,카페·음료,|디저트|베이커리|샌드위치|샐러드·포케|아이스크림|음료|카페|토스트,샌드위치·토스트|베이커리|디저트·아이스크림|샐러드·포케,False,Existing official-source-verified catalog representative industry; menu category retained separately
컴포즈커피,카페,https://composecoffee.com/,카페·음료|디저트·아이스크림,카페·음료,디저트|음료|카페,디저트·아이스크림,False,Existing official-source-verified catalog representative industry; menu category retained separately
이디야,카페,https://www.ediya.com/,피자|햄버거|분식|샌드위치·토스트|카페·음료|베이커리|디저트·아이스크림|국수·우동|사이드,카페·음료,|디저트|베이커리|분식|사이드|샌드위치|아이스크림|음료|카페|파스타|피자|햄버거,피자|햄버거|분식|샌드위치·토스트|베이커리|디저트·아이스크림|국수·우동|사이드,False,Existing official-source-verified catalog representative industry; menu category retained separately
메가MGC커피,카페,https://www.mega-mgccoffee.com/,카페·음료,카페·음료,|음료|카페,,False,Existing official-source-verified catalog representative industry; menu category retained separately
매머드커피,카페,https://mmthcoffee.com/,디저트·아이스크림,카페·음료,디저트,디저트·아이스크림,False,Existing official-source-verified catalog representative industry; menu category retained separately
두찜,찜닭,https://www.twozzim.com/,한식|찜·탕,찜·탕,|찜닭|한식,한식,False,Existing official-source-verified catalog representative industry; menu category retained separately
봉추찜닭,찜닭,http://www.bongchu.com/layout/res/home.php?go=page1.0&mid=10,죽|찜·탕|사이드,찜·탕,|사이드|죽|찜닭,죽|사이드,False,Existing official-source-verified catalog representative industry; menu category retained separately
일미리금계찜닭,찜닭,https://goldjjimdak.com/main.php,찜·탕|국수·우동,찜·탕,|국수·우동|찜닭,국수·우동,False,Existing official-source-verified catalog representative industry; menu category retained separately
육수당,국밥,https://yuksudang.com/,분식|한식|찜·탕|국수·우동,한식,국밥|국수·우동|부대찌개|분식|삼계탕|샤브샤브|한식,분식|찜·탕|국수·우동,False,Existing official-source-verified catalog representative industry; menu category retained separately
현대옥,국밥,http://www.hyundaiok.com/menu,한식|사이드,한식,|국밥|사이드|한식,사이드,False,Existing official-source-verified catalog representative industry; menu category retained separately
이화수전통육개장,국밥,https://ihwasoo.com/,분식|한식|족발·보쌈|찜·탕|국수·우동,한식,국밥|국수·우동|분식|샤브샤브|족발·보쌈,분식|족발·보쌈|찜·탕|국수·우동,False,Existing official-source-verified catalog representative industry; menu category retained separately
신전떡볶이,분식,https://sinjeon.co.kr/,치킨|햄버거|분식|한식|샌드위치·토스트|디저트·아이스크림|사이드,분식,|김밥|덮밥|디저트|분식|사이드|치킨|토스트|햄버거,치킨|햄버거|한식|샌드위치·토스트|디저트·아이스크림|사이드,False,Existing official-source-verified catalog representative industry; menu category retained separately
죠스떡볶이,분식,https://jawsfood.co.kr/menu/menu.html,치킨|분식|국수·우동|사이드,분식,|국수·우동|분식|사이드|치킨,치킨|국수·우동|사이드,False,Existing official-source-verified catalog representative industry; menu category retained separately
청년다방,분식,https://youngdabang.com/,치킨|햄버거|분식|한식|사이드,분식,|덮밥|돈가스|분식|사이드|치킨|한식|햄버거,치킨|햄버거|한식|사이드,False,Existing official-source-verified catalog representative industry; menu category retained separately
두끼,분식,https://www.dookki.co.kr/,분식|중식|국수·우동,분식,국수·우동|분식|중식|파스타,중식|국수·우동,False,Existing official-source-verified catalog representative industry; menu category retained separately
스쿨푸드,분식,http://schoolfood.freewebclub.com/menu/menu.html,치킨|분식|한식|국수·우동|사이드,분식,|국밥|국수·우동|덮밥|돈가스|분식|사이드|치킨|파스타|한식,치킨|한식|국수·우동|사이드,False,Existing official-source-verified catalog representative industry; menu category retained separately
김가네,김밥,https://www.gimgane.co.kr/,치킨|분식|한식|도시락|찜·탕|국수·우동|사이드,분식,|국밥|국수·우동|김밥|덮밥|도시락|돈가스|부대찌개|분식|사이드|치킨|한식,치킨|한식|도시락|찜·탕|국수·우동|사이드,False,Existing official-source-verified catalog representative industry; menu category retained separately
고봉민김밥인,김밥,https://www.kobongmin.com/renewal/main/main.php,분식|한식|중식|국수·우동,분식,|국밥|국수·우동|김밥|덮밥|돈가스|분식|중식|한식,한식|중식|국수·우동,False,Existing official-source-verified catalog representative industry; menu category retained separately
바르다김선생,김밥,https://www.teacherkim.co.kr/,치킨|분식|한식|중식|죽|국수·우동|사이드,분식,|국수·우동|김밥|덮밥|돈가스|분식|사이드|죽|중식|치킨,치킨|한식|중식|죽|국수·우동|사이드,False,Existing official-source-verified catalog representative industry; menu category retained separately
홍콩반점0410,중식,https://www.theborn.co.kr/theborn_brand/홍콩반점0410/,분식|한식|중식|베이커리,중식,|덮밥|베이커리|분식|중식,분식|한식|베이커리,False,Existing official-source-verified catalog representative industry; menu category retained separately
이비가짬뽕,중식,https://www.ebiga.co.kr/,분식|한식|중식|베이커리,중식,|덮밥|베이커리|분식|중식,분식|한식|베이커리,False,Existing official-source-verified catalog representative industry; menu category retained separately
탕화쿵푸,마라탕,https://tanghuokungfu.co.kr/default/brand/Introduction.php,중식,중식,|마라탕|중식,,False,Existing official-source-verified catalog representative industry; menu category retained separately
춘리마라탕,마라탕,https://chunlimalatang.com/menu/,중식,중식,마라탕|중식,,False,Existing official-source-verified catalog representative industry; menu category retained separately
본죽,죽,https://www.bonif.co.kr/brand/store?brdCd=BF101,중식|죽|카페·음료|국수·우동,죽,|국수·우동|음료|죽|중식,중식|카페·음료|국수·우동,False,Existing official-source-verified catalog representative industry; menu category retained separately
본죽&비빔밥,죽·비빔밥,https://www.bonif.co.kr/brand/menu?brdCd=BF102,분식|한식|중식|죽|카페·음료|국수·우동,한식|죽,|국수·우동|덮밥|분식|음료|죽|중식|한식,분식|중식|카페·음료|국수·우동,False,Existing official-source-verified catalog representative industry; menu category retained separately
죽이야기,죽,https://www.jukstory.com/,한식|중식|죽|찜·탕|국수·우동,죽,|국밥|국수·우동|덮밥|삼계탕|죽|중식,한식|중식|찜·탕|국수·우동,False,Existing official-source-verified catalog representative industry; menu category retained separately
국수나무,국수·우동,https://www.namuya.co.kr/food/food.php,치킨|분식|한식|중식|일식|도시락|국수·우동|사이드,국수·우동,|국밥|국수·우동|덮밥|도시락|돈가스|라멘|분식|사이드|일식|중식|치킨|한식,치킨|분식|한식|중식|일식|도시락|사이드,False,Existing official-source-verified catalog representative industry; menu category retained separately
역전우동0410,국수·우동,https://udon0410.com/menu/,치킨|분식|한식|도시락|국수·우동|사이드,국수·우동,|국수·우동|덮밥|도시락|돈가스|분식|사이드|치킨,치킨|분식|한식|도시락|사이드,False,Existing official-source-verified catalog representative industry; menu category retained separately
백소정,돈가스,https://www.baeksojeong.com/,한식|일식|국수·우동,한식,국수·우동|돈가스|일식,일식|국수·우동,False,Existing official-source-verified catalog representative industry; menu category retained separately
홍익돈까스,돈가스,https://www.hongikdonkatsu.com/,치킨|한식|중식|도시락|카페·음료|국수·우동,한식,|국수·우동|덮밥|도시락|돈가스|음료|중식|치킨|파스타,치킨|중식|도시락|카페·음료|국수·우동,False,Existing official-source-verified catalog representative industry; menu category retained separately
원할머니보쌈,족발·보쌈,https://wonandone.co.kr/bossam/,도시락|족발·보쌈,족발·보쌈,|도시락|족발·보쌈,도시락,False,Existing official-source-verified catalog representative industry; menu category retained separately
놀부부대찌개,부대찌개,https://nolboo.co.kr/,,찜·탕,,,False,Existing official-source-verified catalog representative industry; menu category retained separately
한솥,도시락,https://www.hsd.co.kr/menu/menu_list,한식,도시락,|덮밥|돈가스,한식,False,Existing official-source-verified catalog representative industry; menu category retained separately
본도시락,도시락,https://www.bonif.co.kr/brand/menu?brdCd=BF104,치킨|한식|도시락|카페·음료|샐러드·포케|사이드,도시락,|국밥|덮밥|도시락|돈가스|사이드|샐러드·포케|음료|치킨|한식,치킨|한식|카페·음료|샐러드·포케|사이드,False,Existing official-source-verified catalog representative industry; menu category retained separately
본설렁탕,국밥,https://www.bonif.co.kr/brand/menu?brdCd=BF105,분식|한식|찜·탕|카페·음료|국수·우동,한식,|국밥|국수·우동|분식|삼계탕|샤브샤브|음료|한식,분식|찜·탕|카페·음료|국수·우동,False,Existing official-source-verified catalog representative industry; menu category retained separately
본우리반상,한식,https://www.bonif.co.kr/brand/menu?brdCd=BF107,한식|도시락|카페·음료|국수·우동,한식,|국밥|국수·우동|덮밥|도시락|음료|한식,도시락|카페·음료|국수·우동,False,Existing official-source-verified catalog representative industry; menu category retained separately
멘지,라멘,https://www.bonif.co.kr/brand/menu?brdCd=BF111,치킨|한식|일식|카페·음료|국수·우동,일식,|국수·우동|돈가스|라멘|음료|치킨,치킨|한식|카페·음료|국수·우동,False,Existing official-source-verified catalog representative industry; menu category retained separately
본흑염소·능이삼계탕,삼계탕,https://www.bonif.co.kr/brand/menu?brdCd=BF113,한식|죽|찜·탕,찜·탕,|삼계탕|샤브샤브|죽|한식,한식|죽,False,Existing official-source-verified catalog representative industry; menu category retained separately
핵밥,덮밥,https://www.hecbob.com/main,한식|일식|국수·우동,한식,국수·우동|덮밥|돈가스|라멘,일식|국수·우동,False,Existing official-source-verified catalog representative industry; menu category retained separately
채선당,샤브샤브,https://www.chaesundang.co.kr/,분식|한식|찜·탕|샐러드·포케|국수·우동,찜·탕,|국수·우동|돈가스|분식|샐러드·포케|샤브샤브|한식,분식|한식|샐러드·포케|국수·우동,False,Existing official-source-verified catalog representative industry; menu category retained separately
소담촌,샤브샤브,https://www.sodamchon.com/,찜·탕,찜·탕,샤브샤브,,False,Existing official-source-verified catalog representative industry; menu category retained separately
샐러디,샐러드·포케,https://salady.com/menu/content2,치킨|샌드위치·토스트|샐러드·포케|국수·우동|사이드,샐러드·포케,|국수·우동|사이드|샌드위치|샐러드·포케|치킨,치킨|샌드위치·토스트|국수·우동|사이드,False,Existing official-source-verified catalog representative industry; menu category retained separately
샐러디&샌드위치,샌드위치,https://salady.com/menu2/list_1?menu2=1,치킨|샌드위치·토스트|샐러드·포케|국수·우동|사이드,샌드위치·토스트,|국수·우동|사이드|샌드위치|샐러드·포케|치킨,치킨|샐러드·포케|국수·우동|사이드,False,Existing official-source-verified catalog representative industry; menu category retained separately
포케올데이,샐러드·포케,https://pokeallday.co.kr/,치킨|카페·음료,샐러드·포케,|치킨|카페,치킨|카페·음료,False,Existing official-source-verified catalog representative industry; menu category retained separately
슬로우캘리,샐러드·포케,https://slowcali.co.kr/,치킨|한식|샌드위치·토스트|카페·음료|샐러드·포케|국수·우동|사이드,샐러드·포케,|국수·우동|사이드|샌드위치|샐러드·포케|음료|치킨|한식,치킨|한식|샌드위치·토스트|카페·음료|국수·우동|사이드,False,Existing official-source-verified catalog representative industry; menu category retained separately
써브웨이,샌드위치,https://www.subway.co.kr/,샌드위치·토스트|디저트·아이스크림|샐러드·포케|사이드,샌드위치·토스트,|디저트|사이드|샌드위치|샐러드·포케,디저트·아이스크림|샐러드·포케|사이드,False,Existing official-source-verified catalog representative industry; menu category retained separately
이삭토스트,토스트,https://isaac-toast.co.kr/,샌드위치·토스트,샌드위치·토스트,|토스트,,False,Existing official-source-verified catalog representative industry; menu category retained separately
에그드랍,토스트,https://eggdrop.com/menu/list.php,샌드위치·토스트|카페·음료|베이커리|디저트·아이스크림|사이드,샌드위치·토스트,|디저트|베이커리|사이드|샌드위치|음료|카페|토스트,카페·음료|베이커리|디저트·아이스크림|사이드,False,Existing official-source-verified catalog representative industry; menu category retained separately
캠토토스트,토스트,https://camtotoast.com/,샌드위치·토스트,샌드위치·토스트,토스트,,False,Existing official-source-verified catalog representative industry; menu category retained separately
피자스쿨,피자,http://pizzaschool.net/menu/,치킨|피자|디저트·아이스크림|국수·우동|사이드,피자,디저트|사이드|치킨|파스타|피자,치킨|디저트·아이스크림|국수·우동|사이드,False,Existing official-source-verified catalog representative industry; menu category retained separately
파파존스,피자,https://m.pji.co.kr/menu/pizza,치킨|피자|베이커리|디저트·아이스크림|샐러드·포케|국수·우동|사이드,피자,디저트|베이커리|사이드|샐러드·포케|치킨|파스타|피자,치킨|베이커리|디저트·아이스크림|샐러드·포케|국수·우동|사이드,False,Existing official-source-verified catalog representative industry; menu category retained separately
청년피자,피자,https://youngmanpizza.co.kr/sub01/menu2.php,치킨|피자|한식|국수·우동|사이드,피자,덮밥|사이드|치킨|파스타|피자,치킨|한식|국수·우동|사이드,False,Existing official-source-verified catalog representative industry; menu category retained separately
노랑통닭,치킨,https://www.norangtongdak.co.kr/menu/chicken_list.html,치킨|분식|한식|중식|디저트·아이스크림|사이드,치킨,덮밥|디저트|분식|사이드|중식|치킨|한식,분식|한식|중식|디저트·아이스크림|사이드,False,Existing official-source-verified catalog representative industry; menu category retained separately
지코바,치킨,http://www.gcova.co.kr/sub_3_1.htm,치킨,치킨,치킨,,False,Existing official-source-verified catalog representative industry; menu category retained separately
처갓집양념치킨,치킨,https://www.cheogajip.co.kr/bbs/board.php?bo_table=menu,치킨|한식,치킨,덮밥|치킨,한식,False,Existing official-source-verified catalog representative industry; menu category retained separately
피자마루,피자,https://www.pizzamaru.kr/,치킨|피자|분식|한식|국수·우동|사이드,피자,분식|사이드|치킨|파스타|피자|한식,치킨|분식|한식|국수·우동|사이드,False,Existing official-source-verified catalog representative industry; menu category retained separately
멕시카나,치킨,https://www.mexicana.co.kr/menu/product.asp,치킨|중식,치킨,중식|치킨,중식,False,Existing official-source-verified catalog representative industry; menu category retained separately
60계치킨,치킨,https://60chicken.com/bbs/content.php?co_id=menu,치킨|분식|중식|디저트·아이스크림|사이드,치킨,디저트|분식|사이드|아이스크림|중식|치킨,분식|중식|디저트·아이스크림|사이드,False,Existing official-source-verified catalog representative industry; menu category retained separately
반올림피자,피자,https://order.banolimpizza.com/menu/list?menuId=1,치킨|피자,피자,|치킨|피자,치킨,False,Existing official-source-verified catalog representative industry; menu category retained separately
프랭크버거,햄버거,https://www.frankburger.co.kr/html/menu_1.html,치킨|햄버거|카페·음료|샐러드·포케|사이드,햄버거,사이드|샐러드·포케|음료|치킨|카페|햄버거,치킨|카페·음료|샐러드·포케|사이드,False,Existing official-source-verified catalog representative industry; menu category retained separately
노브랜드버거,햄버거,https://www.shinsegaefood.com/nobrandburger/index.sf,치킨|햄버거|카페·음료|디저트·아이스크림|샐러드·포케|사이드,햄버거,디저트|사이드|샐러드·포케|음료|치킨|카페|햄버거,치킨|카페·음료|디저트·아이스크림|샐러드·포케|사이드,False,Existing official-source-verified catalog representative industry; menu category retained separately
새마을식당,한식,https://newmaul.com/sub/menu.php,한식,한식,한식,,False,Existing official-source-verified catalog representative industry; menu category retained separately
빽다방,카페,https://paikdabang.com/menu/menu_coffee/,샌드위치·토스트|카페·음료|베이커리|디저트·아이스크림,카페·음료,디저트|베이커리|샌드위치|아이스크림|음료|카페,샌드위치·토스트|베이커리|디저트·아이스크림,False,Existing official-source-verified catalog representative industry; menu category retained separately
배스킨라빈스,아이스크림,https://www.baskinrobbins.co.kr/menu/list.php?category=A,카페·음료|디저트·아이스크림,디저트·아이스크림,디저트|아이스크림|음료|카페,카페·음료,False,Existing official-source-verified catalog representative industry; menu category retained separately
파리바게뜨,베이커리,https://www.paris.co.kr/products/,치킨|피자|햄버거|한식|샌드위치·토스트|카페·음료|베이커리|디저트·아이스크림|샐러드·포케|국수·우동|사이드,베이커리,덮밥|디저트|베이커리|사이드|샌드위치|샐러드·포케|음료|치킨|카페|토스트|파스타|피자|햄버거,치킨|피자|햄버거|한식|샌드위치·토스트|카페·음료|디저트·아이스크림|샐러드·포케|국수·우동|사이드,False,Existing official-source-verified catalog representative industry; menu category retained separately
요아정,디저트,https://yoajung.co.kr/bbs/content.php?co_id=menustore,디저트·아이스크림,디저트·아이스크림,디저트,,False,Existing official-source-verified catalog representative industry; menu category retained separately
미소야,돈가스,https://www.misoya.co.kr/menu,치킨|분식|한식|일식|샐러드·포케|국수·우동|사이드,한식,|국수·우동|덮밥|돈가스|라멘|분식|사이드|샐러드·포케|일식|치킨,치킨|분식|일식|샐러드·포케|국수·우동|사이드,False,Existing official-source-verified catalog representative industry; menu category retained separately
할리스,카페,https://www.hollys.co.kr/menu/espresso.do,치킨|한식|샌드위치·토스트|카페·음료|베이커리|디저트·아이스크림|샐러드·포케|사이드,카페·음료,|덮밥|디저트|베이커리|사이드|샌드위치|샐러드·포케|아이스크림|음료|치킨|카페|토스트,치킨|한식|샌드위치·토스트|베이커리|디저트·아이스크림|샐러드·포케|사이드,False,Existing official-source-verified catalog representative industry; menu category retained separately
7번가피자,피자,https://www.7thpizza.com/sub/menu/list.php,치킨|피자|분식|국수·우동,피자,분식|치킨|파스타|피자,치킨|분식|국수·우동,False,Existing official-source-verified catalog representative industry; menu category retained separately
토마토도시락,도시락,https://www.tomatodosirak.co.kr/board/index.php?board=menu_01&sca=all,분식|한식|도시락|샐러드·포케|국수·우동,도시락,덮밥|도시락|돈가스|분식|샐러드·포케|파스타,분식|한식|샐러드·포케|국수·우동,False,Existing official-source-verified catalog representative industry; menu category retained separately
동대문엽기떡볶이,분식,https://www.yupdduk.com/sub/menu/yup-menu,분식|한식|중식|죽|카페·음료|국수·우동|사이드,분식,|국수·우동|김밥|덮밥|분식|사이드|음료|죽|중식|한식,한식|중식|죽|카페·음료|국수·우동|사이드,False,Existing official-source-verified catalog representative industry; menu category retained separately
공차,음료,https://www.gong-cha.co.kr/brand/menu/product?category=001001&scroll=y,햄버거|한식|샌드위치·토스트|카페·음료|베이커리|디저트·아이스크림,카페·음료,디저트|베이커리|샌드위치|아이스크림|음료|카페|한식|햄버거,햄버거|한식|샌드위치·토스트|베이커리|디저트·아이스크림,False,Existing official-source-verified catalog representative industry; menu category retained separately
던킨,베이커리,https://www.dunkindonuts.co.kr/menu/all,치킨|피자|햄버거|한식|샌드위치·토스트|카페·음료|베이커리|디저트·아이스크림|샐러드·포케,베이커리,|디저트|베이커리|샌드위치|샐러드·포케|아이스크림|음료|치킨|카페|피자|한식|햄버거,치킨|피자|햄버거|한식|샌드위치·토스트|카페·음료|디저트·아이스크림|샐러드·포케,False,Existing official-source-verified catalog representative industry; menu category retained separately
족발야시장,족발·보쌈,https://xn--ih3bm7ju8bi1cb3a.com/html/menu.html,족발·보쌈,족발·보쌈,|족발·보쌈,,False,Existing official-source-verified catalog representative industry; menu category retained separately
호식이두마리치킨,치킨,https://www.9922.co.kr/menu,치킨|햄버거|분식|중식|디저트·아이스크림|사이드,치킨,|디저트|분식|사이드|중식|치킨|햄버거,햄버거|분식|중식|디저트·아이스크림|사이드,False,Existing official-source-verified catalog representative industry; menu category retained separately
