id,sourceType,sourceFoodCode,name,normalizedName,aliases,category,referenceAmount,unit,energyKcal,carbohydrateGrams,proteinGrams,fatGrams,sodiumMilligrams,servingDescription,brand,barcode,dataVersion,createdAt,updatedAt
official-bbq-2247,OFFICIAL-BRAND-NUTRITION,BBQ-MENU-2247,황금올리브치킨,황금올리브치킨,|bbq|비비큐|황금올리브|,치킨류,100,g,253.72,,18.77,,408.19,공식 100g당 기준,BBQ,,2026-09-26,1790348400000,1790348400000
official-bbq-2259,OFFICIAL-BRAND-NUTRITION,BBQ-MENU-2259,황금올리브치킨 순살,황금올리브치킨순살,|bbq|비비큐|황금올리브|순살|,치킨류,100,g,311.14,,21.39,,412.93,공식 100g당 기준,BBQ,,2026-09-26,1790348400000,1790348400000
official-bbq-2253,OFFICIAL-BRAND-NUTRITION,BBQ-MENU-2253,자메이카 통다리구이,자메이카통다리구이,|bbq|비비큐|자메이카|통다리|,치킨류,100,g,201.48,,20.6,,423.3,공식 100g당 기준,BBQ,,2026-09-26,1790348400000,1790348400000
official-bbq-2283,OFFICIAL-BRAND-NUTRITION,BBQ-MENU-2283,황금올리브치킨 크런치 버터,황금올리브치킨크런치버터,|bbq|비비큐|황금올리브|크런치버터|,치킨류,100,g,317.66,,19.57,,502.69,공식 100g당 기준,BBQ,,2026-09-26,1790348400000,1790348400000
official-nene-mild-whole,OFFICIAL-BRAND-NUTRITION,NENE-NUTRITION-MILD-WHOLE,후라이드 마일드 한마리,후라이드마일드한마리,|네네|네네치킨|후라이드|마일드|,치킨류,100,g,295.6,,22.0,,373.0,공식 100g당 기준 · 제품 유형 한마리,네네치킨,,2026-09-26,1790348400000,1790348400000
official-nene-mild-leg,OFFICIAL-BRAND-NUTRITION,NENE-NUTRITION-MILD-LEG,후라이드 마일드 다리,후라이드마일드다리,|네네|네네치킨|후라이드|마일드|닭다리|,치킨류,100,g,251.3,,22.0,,381.7,공식 100g당 기준 · 제품 유형 다리,네네치킨,,2026-09-26,1790348400000,1790348400000
official-nene-mild-wing,OFFICIAL-BRAND-NUTRITION,NENE-NUTRITION-MILD-WING,후라이드 마일드 날개,후라이드마일드날개,|네네|네네치킨|후라이드|마일드|날개|,치킨류,100,g,285.1,,21.7,,496.6,공식 100g당 기준 · 제품 유형 날개,네네치킨,,2026-09-26,1790348400000,1790348400000
official-nene-mild-boneless,OFFICIAL-BRAND-NUTRITION,NENE-NUTRITION-MILD-BONELESS,후라이드 마일드 순살,후라이드마일드순살,|네네|네네치킨|후라이드|마일드|순살|,치킨류,100,g,277.8,,29.4,,511.2,공식 100g당 기준 · 제품 유형 순살,네네치킨,,2026-09-26,1790348400000,1790348400000
official-nene-hot-whole,OFFICIAL-BRAND-NUTRITION,NENE-NUTRITION-HOT-WHOLE,후라이드 핫 한마리,후라이드핫한마리,|네네|네네치킨|핫후라이드|,치킨류,100,g,300.0,,22.4,,418.2,공식 100g당 기준 · 제품 유형 한마리,네네치킨,,2026-09-26,1790348400000,1790348400000
official-nene-hot-boneless,OFFICIAL-BRAND-NUTRITION,NENE-NUTRITION-HOT-BONELESS,후라이드 핫 순살,후라이드핫순살,|네네|네네치킨|핫후라이드|순살|,치킨류,100,g,329.6,,27.1,,518.8,공식 100g당 기준 · 제품 유형 순살,네네치킨,,2026-09-26,1790348400000,1790348400000
official-nene-soy-wing,OFFICIAL-BRAND-NUTRITION,NENE-NUTRITION-SOY-WING,소이크런치윙봉,소이크런치윙봉,|네네|네네치킨|소이크런치|윙봉|,치킨류,100,g,301.0,,21.0,,569.5,공식 100g당 기준,네네치킨,,2026-09-26,1790348400000,1790348400000
official-nene-soy-combo,OFFICIAL-BRAND-NUTRITION,NENE-NUTRITION-SOY-COMBO,소이크런치콤보,소이크런치콤보,|네네|네네치킨|소이크런치|콤보|,치킨류,100,g,307.8,,21.0,,497.5,공식 100g당 기준,네네치킨,,2026-09-26,1790348400000,1790348400000
official-nene-snowing-maxx,OFFICIAL-BRAND-NUTRITION,NENE-NUTRITION-SNOWING-MAXX,스노윙MAXX 한마리,스노윙maxx한마리,|네네|네네치킨|스노윙맥스|스노윙maxx|,치킨류,100,g,302.0,,23.8,,394.9,공식 100g당 기준 · 제품 유형 한마리,네네치킨,,2026-09-26,1790348400000,1790348400000
official-mega-americano-hot,OFFICIAL-BRAND-NUTRITION,MEGA-AMERICANO-HOT,아메리카노 HOT,아메리카노hot,|메가커피|메가mgc|메가mgc커피|hot|핫|,커피,591,ml,12.2,,0.9,,2.4,공식 HOT 1잔 591ml 기준,메가MGC커피,,2026-09-26,1790348400000,1790348400000
official-mega-americano-ice,OFFICIAL-BRAND-NUTRITION,MEGA-AMERICANO-ICE,아메리카노 ICE,아메리카노ice,|메가커피|메가mgc|메가mgc커피|ice|아이스|,커피,710,ml,12.2,,1.0,,1.5,공식 ICE 1잔 710ml 기준,메가MGC커피,,2026-09-26,1790348400000,1790348400000
official-mega-megaricano-ice,OFFICIAL-BRAND-NUTRITION,MEGA-MEGARICANO-ICE,메가리카노 ICE,메가리카노ice,|메가커피|메가mgc|메가mgc커피|메가리카노|ice|아이스|,커피,946,ml,16.7,,1.5,,0.7,공식 ICE 1잔 946ml 기준,메가MGC커피,,2026-09-26,1790348400000,1790348400000
official-mega-latte-hot,OFFICIAL-BRAND-NUTRITION,MEGA-CAFFE-LATTE-HOT,카페라떼 HOT,카페라떼hot,|메가커피|메가mgc|메가mgc커피|카페라떼|hot|핫|,커피,591,ml,175.4,,10.0,,101.5,공식 HOT 1잔 591ml 기준,메가MGC커피,,2026-09-26,1790348400000,1790348400000
official-mega-latte-ice,OFFICIAL-BRAND-NUTRITION,MEGA-CAFFE-LATTE-ICE,카페라떼 ICE,카페라떼ice,|메가커피|메가mgc|메가mgc커피|카페라떼|ice|아이스|,커피,591,ml,145.1,,8.5,,88.5,공식 ICE 1잔 591ml 기준,메가MGC커피,,2026-09-26,1790348400000,1790348400000
official-mega-vanilla-hot,OFFICIAL-BRAND-NUTRITION,MEGA-VANILLA-LATTE-HOT,바닐라라떼 HOT,바닐라라떼hot,|메가커피|메가mgc|메가mgc커피|바닐라라떼|hot|핫|,커피,591,ml,235.2,,8.7,,86.9,공식 HOT 1잔 591ml 기준,메가MGC커피,,2026-09-26,1790348400000,1790348400000
official-mega-vanilla-ice,OFFICIAL-BRAND-NUTRITION,MEGA-VANILLA-LATTE-ICE,바닐라라떼 ICE,바닐라라떼ice,|메가커피|메가mgc|메가mgc커피|바닐라라떼|ice|아이스|,커피,591,ml,239.2,,7.1,,74.1,공식 ICE 1잔 591ml 기준,메가MGC커피,,2026-09-26,1790348400000,1790348400000
official-mega-strawberry-latte,OFFICIAL-BRAND-NUTRITION,MEGA-STRAWBERRY-LATTE-ICE,딸기라떼 ICE,딸기라떼ice,|메가커피|메가mgc|메가mgc커피|딸기라떼|ice|아이스|,음료,591,ml,366.4,,5.8,,50.0,공식 ICE 1잔 591ml 기준,메가MGC커피,,2026-09-26,1790348400000,1790348400000
official-mega-plain-yogurt,OFFICIAL-BRAND-NUTRITION,MEGA-PLAIN-YOGURT-SMOOTHIE,플레인요거트스무디,플레인요거트스무디,|메가커피|메가mgc|메가mgc커피|요거트|스무디|,음료,591,ml,514.9,,7.5,,103.4,공식 1잔 591ml 기준,메가MGC커피,,2026-09-26,1790348400000,1790348400000
official-mammoth-choco-cookie,OFFICIAL-BRAND-NUTRITION,MAMMOTH-DESSERT-20260623-01,매머드 초콜릿 칩 쿠키,매머드초콜릿칩쿠키,|매머드커피|메머드커피|매머드익스프레스|메머드익스프레스|초콜릿칩쿠키|,디저트,100,g,475,61,6,23,210,공식 100g당 기준,매머드커피,,2026-06-23,1790348400000,1790348400000
official-mammoth-macadamia-cookie,OFFICIAL-BRAND-NUTRITION,MAMMOTH-DESSERT-20260623-02,매머드 마카다미아 쿠키,매머드마카다미아쿠키,|매머드커피|메머드커피|매머드익스프레스|메머드익스프레스|마카다미아쿠키|,디저트,100,g,500,56,6,28,170,공식 100g당 기준,매머드커피,,2026-06-23,1790348400000,1790348400000
official-mammoth-banana-cookie,OFFICIAL-BRAND-NUTRITION,MAMMOTH-DESSERT-20260623-03,바나나 쿠키,바나나쿠키,|매머드커피|메머드커피|매머드익스프레스|메머드익스프레스|,디저트,70,g,333,51,5,12,137,공식 1개 70g 기준,매머드커피,,2026-06-23,1790348400000,1790348400000
official-mammoth-brownie-cookie,OFFICIAL-BRAND-NUTRITION,MAMMOTH-DESSERT-20260623-04,브라우니 쿠키,브라우니쿠키,|매머드커피|메머드커피|매머드익스프레스|메머드익스프레스|,디저트,70,g,312,50,5,10,194,공식 1개 70g 기준,매머드커피,,2026-06-23,1790348400000,1790348400000
official-mammoth-plain-cheese-stick,OFFICIAL-BRAND-NUTRITION,MAMMOTH-DESSERT-20260623-05,끼리 플레인 치즈 스틱 케이크,끼리플레인치즈스틱케이크,|매머드커피|메머드커피|매머드익스프레스|메머드익스프레스|치즈케이크|,디저트,50,g,161,15,4,9,142,공식 1개 50g 기준,매머드커피,,2026-06-23,1790348400000,1790348400000
official-mammoth-honey-cream-donut,OFFICIAL-BRAND-NUTRITION,MAMMOTH-DESSERT-20260623-06,꿀 우유 크림 도넛,꿀우유크림도넛,|매머드커피|메머드커피|매머드익스프레스|메머드익스프레스|크림도넛|,디저트,90,g,235,36,5,8,191,공식 1개 90g 기준,매머드커피,,2026-06-23,1790348400000,1790348400000
official-mammoth-mini-macaron,OFFICIAL-BRAND-NUTRITION,MAMMOTH-DESSERT-20260623-07,미니 쁘띠 마카롱,미니쁘띠마카롱,|매머드커피|메머드커피|매머드익스프레스|메머드익스프레스|마카롱|,디저트,30,g,124,21,2,3.6,19.19,공식 1개 30g 기준,매머드커피,,2026-06-23,1790348400000,1790348400000
official-mammoth-choco-macaron,OFFICIAL-BRAND-NUTRITION,MAMMOTH-DESSERT-20260623-08,초콜릿 마카롱,초콜릿마카롱,|매머드커피|메머드커피|매머드익스프레스|메머드익스프레스|마카롱|,디저트,30,g,135,19,2,5.5,17.66,공식 1개 30g 기준,매머드커피,,2026-06-23,1790348400000,1790348400000
