"id","name","supportedMealTypes","preparationMinutes","costLevel","tags","allergens","excludedDietTypes","cuisineType","source","createdAt","updatedAt"
"kfind-breakfast-cook-1","깨죽","|BREAKFAST|","25","LOW","|COOK|INGREDIENTS_COMPLETE|","|참깨|","","","식품영양성분 데이터베이스 (K-FIND) 2026-08-28","1787842800000","1787842800000"
"kfind-breakfast-cook-2","카레라이스","|BREAKFAST|","25","LOW","|COOK|INGREDIENTS_COMPLETE|","|밀|대두|","","","식품영양성분 데이터베이스 (K-FIND) 2026-08-28","1787842800000","1787842800000"
"kfind-breakfast-cook-3","곤드레나물밥","|BREAKFAST|","20","LOW","|COOK|INGREDIENTS_COMPLETE|","|대두|밀|","","","식품영양성분 데이터베이스 (K-FIND) 2026-08-28","1787842800000","1787842800000"
"kfind-breakfast-dining_out-1","냉면 · 비빔냉면","|BREAKFAST|","5","MEDIUM","|DINING_OUT|INGREDIENTS_COMPLETE|","|메밀|밀|대두|","|VEGETARIAN|","","식품영양성분 데이터베이스 (K-FIND) 2026-08-28","1787842800000","1787842800000"
"kfind-breakfast-dining_out-2","샌드위치 · 참치","|BREAKFAST|","5","MEDIUM","|DINING_OUT|INGREDIENTS_COMPLETE|","|밀|달걀|우유|대두|참치|","|VEGETARIAN|","","식품영양성분 데이터베이스 (K-FIND) 2026-08-28","1787842800000","1787842800000"
"kfind-breakfast-dining_out-3","김밥 · 풋고추","|BREAKFAST|","5","MEDIUM","|DINING_OUT|INGREDIENTS_COMPLETE|","|달걀|대두|","|VEGETARIAN|","","식품영양성분 데이터베이스 (K-FIND) 2026-08-28","1787842800000","1787842800000"
"kfind-breakfast-convenience-1","샌드위치 · 닭가슴살 프레시 샌드위치","|BREAKFAST|","5","MEDIUM","|CONVENIENCE|INGREDIENTS_COMPLETE|","|밀|달걀|우유|대두|닭고기|","|VEGETARIAN|","","식품영양성분 데이터베이스 (K-FIND) 2026-08-28","1787842800000","1787842800000"
"kfind-breakfast-convenience-2","토스트 · 햄 치즈 프렌치 토스트","|BREAKFAST|","5","MEDIUM","|CONVENIENCE|INGREDIENTS_COMPLETE|","|밀|달걀|우유|돼지고기|","|VEGETARIAN|","","식품영양성분 데이터베이스 (K-FIND) 2026-08-28","1787842800000","1787842800000"
"kfind-breakfast-convenience-3","또띠아 · 싱그러운치킨텐더그린랩","|BREAKFAST|","5","MEDIUM","|CONVENIENCE|INGREDIENTS_COMPLETE|","|밀|달걀|우유|대두|닭고기|","|VEGETARIAN|","","식품영양성분 데이터베이스 (K-FIND) 2026-08-28","1787842800000","1787842800000"
"kfind-lunch-cook-1","볶음밥 · 해물","|LUNCH|","25","LOW","|COOK|INGREDIENTS_COMPLETE|","|새우|오징어|조개류|달걀|대두|","|VEGETARIAN|","","식품영양성분 데이터베이스 (K-FIND) 2026-08-28","1787842800000","1787842800000"
"kfind-lunch-cook-2","오므라이스","|LUNCH|","25","LOW","|COOK|INGREDIENTS_COMPLETE|","|달걀|우유|밀|대두|","","","식품영양성분 데이터베이스 (K-FIND) 2026-08-28","1787842800000","1787842800000"
"kfind-lunch-cook-3","볶음밥 · 삼선","|LUNCH|","25","LOW","|COOK|INGREDIENTS_COMPLETE|","|새우|오징어|조개류|달걀|대두|","|VEGETARIAN|","","식품영양성분 데이터베이스 (K-FIND) 2026-08-28","1787842800000","1787842800000"
"kfind-lunch-dining_out-1","쫄면","|LUNCH|","5","MEDIUM","|DINING_OUT|INGREDIENTS_COMPLETE|","|밀|대두|","","","식품영양성분 데이터베이스 (K-FIND) 2026-08-28","1787842800000","1787842800000"
"kfind-lunch-dining_out-2","해장국 · 뼈다귀","|LUNCH|","5","MEDIUM","|DINING_OUT|INGREDIENTS_COMPLETE|","|돼지고기|대두|","|VEGETARIAN|","","식품영양성분 데이터베이스 (K-FIND) 2026-08-28","1787842800000","1787842800000"
"kfind-lunch-dining_out-3","우동 · 삼선","|LUNCH|","5","MEDIUM","|DINING_OUT|INGREDIENTS_COMPLETE|","|밀|새우|오징어|조개류|대두|","|VEGETARIAN|","","식품영양성분 데이터베이스 (K-FIND) 2026-08-28","1787842800000","1787842800000"
"kfind-lunch-convenience-1","불낙전골 · 간편조리세트 · 이게불낙이야","|LUNCH|","15","MEDIUM","|CONVENIENCE|INGREDIENTS_COMPLETE|","|소고기|낙지|대두|","|VEGETARIAN|","","식품영양성분 데이터베이스 (K-FIND) 2026-08-28","1787842800000","1787842800000"
"kfind-lunch-convenience-2","밀푀유나베 · 간편조리세트 · 매콤 밀푀유나베","|LUNCH|","15","MEDIUM","|CONVENIENCE|INGREDIENTS_COMPLETE|","|소고기|대두|","|VEGETARIAN|","","식품영양성분 데이터베이스 (K-FIND) 2026-08-28","1787842800000","1787842800000"
"kfind-lunch-convenience-3","김치 볶음밥 · 치즈오븐김치볶음밥","|LUNCH|","10","MEDIUM","|CONVENIENCE|INGREDIENTS_COMPLETE|","|우유|대두|","","","식품영양성분 데이터베이스 (K-FIND) 2026-08-28","1787842800000","1787842800000"
"kfind-dinner-cook-1","고등어찌개","|DINNER|","30","LOW","|COOK|INGREDIENTS_COMPLETE|","|고등어|대두|","|VEGETARIAN|","","식품영양성분 데이터베이스 (K-FIND) 2026-08-28","1787842800000","1787842800000"
"kfind-dinner-cook-2","볶음밥 · 계란","|DINNER|","20","LOW","|COOK|INGREDIENTS_COMPLETE|","|달걀|대두|","","","식품영양성분 데이터베이스 (K-FIND) 2026-08-28","1787842800000","1787842800000"
"kfind-dinner-cook-3","떡국","|DINNER|","25","LOW","|COOK|INGREDIENTS_COMPLETE|","|달걀|소고기|대두|","|VEGETARIAN|","","식품영양성분 데이터베이스 (K-FIND) 2026-08-28","1787842800000","1787842800000"
"kfind-dinner-dining_out-1","회덮밥 · 모듬","|DINNER|","5","MEDIUM","|DINING_OUT|INGREDIENTS_COMPLETE|","|생선|대두|","|VEGETARIAN|","","식품영양성분 데이터베이스 (K-FIND) 2026-08-28","1787842800000","1787842800000"
"kfind-dinner-dining_out-2","초밥 · 모듬","|DINNER|","5","MEDIUM","|DINING_OUT|INGREDIENTS_COMPLETE|","|생선|새우|달걀|대두|","|VEGETARIAN|","","식품영양성분 데이터베이스 (K-FIND) 2026-08-28","1787842800000","1787842800000"
"kfind-dinner-dining_out-3","만두국 · 사골","|DINNER|","5","MEDIUM","|DINING_OUT|INGREDIENTS_COMPLETE|","|밀|돼지고기|소고기|대두|","|VEGETARIAN|","","식품영양성분 데이터베이스 (K-FIND) 2026-08-28","1787842800000","1787842800000"
"kfind-dinner-convenience-1","샌드위치 · 통밀크랜베리치킨샌드위치","|DINNER|","5","MEDIUM","|CONVENIENCE|INGREDIENTS_COMPLETE|","|밀|달걀|우유|대두|아황산류|닭고기|쇠고기|","|VEGETARIAN|","","식품영양성분 데이터베이스 (K-FIND) 2026-08-28; 뚜레쥬르 공식 제품정보 확인 2026-09-27","1787842800000","1787842800000"
"kfind-dinner-convenience-2","오븐스파게티 · 치즈오븐스파게티","|DINNER|","10","MEDIUM","|CONVENIENCE|INGREDIENTS_COMPLETE|","|밀|우유|대두|","","","식품영양성분 데이터베이스 (K-FIND) 2026-08-28","1787842800000","1787842800000"
"kfind-dinner-convenience-3","떡볶이 · 국물떡볶이","|DINNER|","10","MEDIUM","|CONVENIENCE|INGREDIENTS_COMPLETE|","|밀|대두|어묵|","|VEGETARIAN|","","식품영양성분 데이터베이스 (K-FIND) 2026-08-28","1787842800000","1787842800000"
"kfind-snack-cook-1","호박죽","|SNACK|","20","LOW","|COOK|INGREDIENTS_COMPLETE|","","","","식품영양성분 데이터베이스 (K-FIND) 2026-08-28","1787842800000","1787842800000"
"kfind-snack-cook-2","미숫가루","|SNACK|","5","LOW","|COOK|INGREDIENTS_COMPLETE|","|대두|","","","식품영양성분 데이터베이스 (K-FIND) 2026-08-28","1787842800000","1787842800000"
"kfind-snack-cook-3","가래떡","|SNACK|","10","LOW","|COOK|INGREDIENTS_COMPLETE|","","","","식품영양성분 데이터베이스 (K-FIND) 2026-08-28","1787842800000","1787842800000"
"kfind-snack-dining_out-1","증편","|SNACK|","5","LOW","|DINING_OUT|INGREDIENTS_COMPLETE|","","","","식품영양성분 데이터베이스 (K-FIND) 2026-08-28","1787842800000","1787842800000"
"kfind-snack-dining_out-2","도넛 · 찹쌀","|SNACK|","5","MEDIUM","|DINING_OUT|INGREDIENTS_COMPLETE|","|밀|달걀|우유|대두|","","","식품영양성분 데이터베이스 (K-FIND) 2026-08-28","1787842800000","1787842800000"
"kfind-snack-dining_out-3","아이스크림 · 썬대","|SNACK|","5","MEDIUM","|DINING_OUT|INGREDIENTS_COMPLETE|","|우유|","","","식품영양성분 데이터베이스 (K-FIND) 2026-08-28","1787842800000","1787842800000"
"kfind-snack-convenience-1","커피 · 빽’s 카페 라떼 아이스(ICED)","|SNACK|","5","LOW","|CONVENIENCE|INGREDIENTS_COMPLETE|","|우유|","","","식품영양성분 데이터베이스 (K-FIND) 2026-08-28","1787842800000","1787842800000"
"kfind-snack-convenience-2","과ㆍ채주스 · 자몽 주스 핫(HOT)","|SNACK|","5","LOW","|CONVENIENCE|INGREDIENTS_COMPLETE|","","","","식품영양성분 데이터베이스 (K-FIND) 2026-08-28","1787842800000","1787842800000"
"kfind-snack-convenience-3","케이크 · 플레인 저당 그릭요거트 컵케이크","|SNACK|","5","MEDIUM","|CONVENIENCE|INGREDIENTS_COMPLETE|","|밀|달걀|우유|","","","식품영양성분 데이터베이스 (K-FIND) 2026-08-28","1787842800000","1787842800000"
"kfind-catalog-d301-001000000-0001","계란덮밥","|BREAKFAST|LUNCH|DINNER|","5","LOW","|CONVENIENCE|INGREDIENTS_INCOMPLETE|","|UNKNOWN|","","KOREAN","식품영양성분 데이터베이스 (K-FIND) 2026-08-28","1787842800000","1787842800000"
"kfind-catalog-d301-004000000-0001","국밥","|BREAKFAST|LUNCH|DINNER|","5","LOW","|CONVENIENCE|INGREDIENTS_INCOMPLETE|","|UNKNOWN|","","KOREAN","식품영양성분 데이터베이스 (K-FIND) 2026-08-28","1787842800000","1787842800000"
"kfind-catalog-d301-005000000-0001","귀리밥","|BREAKFAST|LUNCH|DINNER|","10","LOW","|DINING_OUT|INGREDIENTS_INCOMPLETE|","|UNKNOWN|","","KOREAN","식품영양성분 데이터베이스 (K-FIND) 2026-08-28","1787842800000","1787842800000"
"kfind-catalog-d101-006000000-0001","기장밥","|BREAKFAST|LUNCH|DINNER|","10","LOW","|DINING_OUT|INGREDIENTS_INCOMPLETE|","|UNKNOWN|","","KOREAN","식품영양성분 데이터베이스 (K-FIND) 2026-08-28","1787842800000","1787842800000"
"kfind-catalog-d101-007000000-0001","김밥","|BREAKFAST|LUNCH|DINNER|","10","LOW","|DINING_OUT|INGREDIENTS_INCOMPLETE|","|UNKNOWN|","","KOREAN","식품영양성분 데이터베이스 (K-FIND) 2026-08-28","1787842800000","1787842800000"
"kfind-catalog-d301-015000000-0001","묵밥","|BREAKFAST|LUNCH|DINNER|","25","LOW","|COOK|INGREDIENTS_INCOMPLETE|","|UNKNOWN|","","KOREAN","식품영양성분 데이터베이스 (K-FIND) 2026-08-28","1787842800000","1787842800000"
"kfind-catalog-d101-016000000-0001","보리밥","|BREAKFAST|LUNCH|DINNER|","25","LOW","|COOK|INGREDIENTS_INCOMPLETE|","|UNKNOWN|","","KOREAN","식품영양성분 데이터베이스 (K-FIND) 2026-08-28","1787842800000","1787842800000"
"kfind-catalog-d101-017000000-0001","볶음밥","|BREAKFAST|LUNCH|DINNER|","25","LOW","|COOK|INGREDIENTS_INCOMPLETE|","|UNKNOWN|","","KOREAN","식품영양성분 데이터베이스 (K-FIND) 2026-08-28","1787842800000","1787842800000"
"kfind-catalog-d101-018000000-0001","비빔밥","|BREAKFAST|LUNCH|DINNER|","25","LOW","|COOK|INGREDIENTS_INCOMPLETE|","|UNKNOWN|","","KOREAN","식품영양성분 데이터베이스 (K-FIND) 2026-08-28","1787842800000","1787842800000"
"kfind-catalog-d301-020000000-0001","새우튀김롤","|BREAKFAST|LUNCH|DINNER|","25","LOW","|COOK|INGREDIENTS_INCOMPLETE|","|UNKNOWN|","","KOREAN","식품영양성분 데이터베이스 (K-FIND) 2026-08-28","1787842800000","1787842800000"
"kfind-catalog-d101-021000000-0001","수수밥","|BREAKFAST|LUNCH|DINNER|","25","LOW","|COOK|INGREDIENTS_INCOMPLETE|","|UNKNOWN|","","KOREAN","식품영양성분 데이터베이스 (K-FIND) 2026-08-28","1787842800000","1787842800000"
"kfind-catalog-d301-022000000-0001","쌀밥","|BREAKFAST|LUNCH|DINNER|","10","LOW","|DINING_OUT|INGREDIENTS_INCOMPLETE|","|UNKNOWN|","","KOREAN","식품영양성분 데이터베이스 (K-FIND) 2026-08-28","1787842800000","1787842800000"
"kfind-catalog-d101-023000000-0001","알밥","|BREAKFAST|LUNCH|DINNER|","5","LOW","|CONVENIENCE|INGREDIENTS_INCOMPLETE|","|UNKNOWN|","","KOREAN","식품영양성분 데이터베이스 (K-FIND) 2026-08-28","1787842800000","1787842800000"
"kfind-catalog-d301-024000000-0001","연어롤","|BREAKFAST|LUNCH|DINNER|","25","LOW","|COOK|INGREDIENTS_INCOMPLETE|","|UNKNOWN|","","KOREAN","식품영양성분 데이터베이스 (K-FIND) 2026-08-28","1787842800000","1787842800000"
"kfind-catalog-d301-025000000-0001","연잎밥","|BREAKFAST|LUNCH|DINNER|","5","LOW","|CONVENIENCE|INGREDIENTS_INCOMPLETE|","|UNKNOWN|","","KOREAN","식품영양성분 데이터베이스 (K-FIND) 2026-08-28","1787842800000","1787842800000"
"kfind-catalog-d101-026000000-0001","영양돌솥밥","|BREAKFAST|LUNCH|DINNER|","25","LOW","|COOK|INGREDIENTS_INCOMPLETE|","|UNKNOWN|","","KOREAN","식품영양성분 데이터베이스 (K-FIND) 2026-08-28","1787842800000","1787842800000"
"kfind-catalog-d301-027000000-0001","오곡밥","|BREAKFAST|LUNCH|DINNER|","5","LOW","|CONVENIENCE|INGREDIENTS_INCOMPLETE|","|UNKNOWN|","","KOREAN","식품영양성분 데이터베이스 (K-FIND) 2026-08-28","1787842800000","1787842800000"
"kfind-catalog-d101-031000000-0001","자장밥","|BREAKFAST|LUNCH|DINNER|","25","LOW","|COOK|INGREDIENTS_INCOMPLETE|","|UNKNOWN|","","KOREAN","식품영양성분 데이터베이스 (K-FIND) 2026-08-28","1787842800000","1787842800000"
"kfind-catalog-d101-032000000-0001","잡곡밥","|BREAKFAST|LUNCH|DINNER|","5","LOW","|CONVENIENCE|INGREDIENTS_INCOMPLETE|","|UNKNOWN|","","KOREAN","식품영양성분 데이터베이스 (K-FIND) 2026-08-28","1787842800000","1787842800000"
"kfind-catalog-d101-033000000-0001","잡채밥","|BREAKFAST|LUNCH|DINNER|","25","LOW","|COOK|INGREDIENTS_INCOMPLETE|","|UNKNOWN|","","KOREAN","식품영양성분 데이터베이스 (K-FIND) 2026-08-28","1787842800000","1787842800000"
"kfind-catalog-d301-034000000-0001","잡탕밥","|BREAKFAST|LUNCH|DINNER|","5","LOW","|CONVENIENCE|INGREDIENTS_INCOMPLETE|","|UNKNOWN|","","KOREAN","식품영양성분 데이터베이스 (K-FIND) 2026-08-28","1787842800000","1787842800000"
"kfind-catalog-d101-037000000-0001","짬뽕밥","|BREAKFAST|LUNCH|DINNER|","25","LOW","|COOK|INGREDIENTS_INCOMPLETE|","|UNKNOWN|","","KOREAN","식품영양성분 데이터베이스 (K-FIND) 2026-08-28","1787842800000","1787842800000"
"kfind-catalog-d101-038000000-0001","차조밥","|BREAKFAST|LUNCH|DINNER|","5","LOW","|CONVENIENCE|INGREDIENTS_INCOMPLETE|","|UNKNOWN|","","KOREAN","식품영양성분 데이터베이스 (K-FIND) 2026-08-28","1787842800000","1787842800000"
"kfind-catalog-d101-039000000-0001","찰밥","|BREAKFAST|LUNCH|DINNER|","5","LOW","|CONVENIENCE|INGREDIENTS_INCOMPLETE|","|UNKNOWN|","","KOREAN","식품영양성분 데이터베이스 (K-FIND) 2026-08-28","1787842800000","1787842800000"
"kfind-catalog-d301-043000000-0001","충무김밥","|BREAKFAST|LUNCH|DINNER|","10","LOW","|DINING_OUT|INGREDIENTS_INCOMPLETE|","|UNKNOWN|","","KOREAN","식품영양성분 데이터베이스 (K-FIND) 2026-08-28","1787842800000","1787842800000"
"kfind-catalog-d301-045000000-0001","캘리포니아롤","|BREAKFAST|LUNCH|DINNER|","5","LOW","|CONVENIENCE|INGREDIENTS_INCOMPLETE|","|UNKNOWN|","","KOREAN","식품영양성분 데이터베이스 (K-FIND) 2026-08-28","1787842800000","1787842800000"
"kfind-catalog-d101-047000000-0001","콩나물밥","|BREAKFAST|LUNCH|DINNER|","10","LOW","|DINING_OUT|INGREDIENTS_INCOMPLETE|","|UNKNOWN|","","KOREAN","식품영양성분 데이터베이스 (K-FIND) 2026-08-28","1787842800000","1787842800000"
"kfind-catalog-d101-049000000-0001","하이라이스","|BREAKFAST|LUNCH|DINNER|","5","LOW","|CONVENIENCE|INGREDIENTS_INCOMPLETE|","|UNKNOWN|","","KOREAN","식품영양성분 데이터베이스 (K-FIND) 2026-08-28","1787842800000","1787842800000"
"kfind-catalog-d304-179000000-0001","게살죽","|BREAKFAST|LUNCH|DINNER|","10","LOW","|DINING_OUT|INGREDIENTS_INCOMPLETE|","|UNKNOWN|","","KOREAN","식품영양성분 데이터베이스 (K-FIND) 2026-08-28","1787842800000","1787842800000"
"kfind-catalog-d104-181000000-0001","닭죽","|BREAKFAST|LUNCH|DINNER|","5","LOW","|CONVENIENCE|INGREDIENTS_INCOMPLETE|","|UNKNOWN|","","KOREAN","식품영양성분 데이터베이스 (K-FIND) 2026-08-28","1787842800000","1787842800000"
"kfind-catalog-d304-182000000-0001","미음","|BREAKFAST|LUNCH|DINNER|","5","LOW","|CONVENIENCE|INGREDIENTS_INCOMPLETE|","|UNKNOWN|","","KOREAN","식품영양성분 데이터베이스 (K-FIND) 2026-08-28","1787842800000","1787842800000"
"kfind-catalog-d304-183000000-0001","백합죽","|BREAKFAST|LUNCH|DINNER|","25","LOW","|COOK|INGREDIENTS_INCOMPLETE|","|UNKNOWN|","","KOREAN","식품영양성분 데이터베이스 (K-FIND) 2026-08-28","1787842800000","1787842800000"
"kfind-catalog-d304-184000000-0001","소고기버섯죽","|BREAKFAST|LUNCH|DINNER|","25","LOW","|COOK|INGREDIENTS_INCOMPLETE|","|UNKNOWN|","","KOREAN","식품영양성분 데이터베이스 (K-FIND) 2026-08-28","1787842800000","1787842800000"
"kfind-catalog-d304-186000000-0001","쌀죽(흰죽)","|BREAKFAST|LUNCH|DINNER|","10","LOW","|DINING_OUT|INGREDIENTS_INCOMPLETE|","|UNKNOWN|","","KOREAN","식품영양성분 데이터베이스 (K-FIND) 2026-08-28","1787842800000","1787842800000"
"kfind-catalog-d304-187000000-0001","어죽","|BREAKFAST|LUNCH|DINNER|","5","LOW","|CONVENIENCE|INGREDIENTS_INCOMPLETE|","|UNKNOWN|","","KOREAN","식품영양성분 데이터베이스 (K-FIND) 2026-08-28","1787842800000","1787842800000"
"kfind-catalog-d104-188000000-0001","오리죽","|BREAKFAST|LUNCH|DINNER|","10","LOW","|DINING_OUT|INGREDIENTS_INCOMPLETE|","|UNKNOWN|","","KOREAN","식품영양성분 데이터베이스 (K-FIND) 2026-08-28","1787842800000","1787842800000"
"kfind-catalog-d304-189000000-0001","율무죽","|BREAKFAST|LUNCH|DINNER|","10","LOW","|DINING_OUT|INGREDIENTS_INCOMPLETE|","|UNKNOWN|","","KOREAN","식품영양성분 데이터베이스 (K-FIND) 2026-08-28","1787842800000","1787842800000"
"kfind-catalog-d304-190000000-0001","잣죽","|BREAKFAST|LUNCH|DINNER|","25","LOW","|COOK|INGREDIENTS_INCOMPLETE|","|UNKNOWN|","","KOREAN","식품영양성분 데이터베이스 (K-FIND) 2026-08-28","1787842800000","1787842800000"
"kfind-catalog-d104-191000000-0001","전복죽","|BREAKFAST|LUNCH|DINNER|","10","LOW","|DINING_OUT|INGREDIENTS_INCOMPLETE|","|UNKNOWN|","","KOREAN","식품영양성분 데이터베이스 (K-FIND) 2026-08-28","1787842800000","1787842800000"
"kfind-catalog-d304-192000000-0001","참깨죽","|BREAKFAST|LUNCH|DINNER|","5","LOW","|CONVENIENCE|INGREDIENTS_INCOMPLETE|","|UNKNOWN|","","KOREAN","식품영양성분 데이터베이스 (K-FIND) 2026-08-28","1787842800000","1787842800000"
"kfind-catalog-d304-193000000-0001","참치죽","|BREAKFAST|LUNCH|DINNER|","10","LOW","|DINING_OUT|INGREDIENTS_INCOMPLETE|","|UNKNOWN|","","KOREAN","식품영양성분 데이터베이스 (K-FIND) 2026-08-28","1787842800000","1787842800000"
"kfind-catalog-d104-194000000-0001","채소죽","|BREAKFAST|LUNCH|DINNER|","10","LOW","|DINING_OUT|INGREDIENTS_INCOMPLETE|","|UNKNOWN|","","KOREAN","식품영양성분 데이터베이스 (K-FIND) 2026-08-28","1787842800000","1787842800000"
"kfind-catalog-d104-195000000-0001","팥죽","|BREAKFAST|LUNCH|DINNER|","5","LOW","|CONVENIENCE|INGREDIENTS_INCOMPLETE|","|UNKNOWN|","","KOREAN","식품영양성분 데이터베이스 (K-FIND) 2026-08-28","1787842800000","1787842800000"
"kfind-catalog-d103-141000000-0001","간자장","|LUNCH|DINNER|","10","MEDIUM","|DINING_OUT|INGREDIENTS_INCOMPLETE|","|UNKNOWN|","","KOREAN","식품영양성분 데이터베이스 (K-FIND) 2026-08-28","1787842800000","1787842800000"
"kfind-catalog-d303-143000000-0001","기스면","|LUNCH|DINNER|","25","MEDIUM","|COOK|INGREDIENTS_INCOMPLETE|","|UNKNOWN|","","KOREAN","식품영양성분 데이터베이스 (K-FIND) 2026-08-28","1787842800000","1787842800000"
"kfind-catalog-d103-146000000-0001","떡만두국","|BREAKFAST|SNACK|","10","MEDIUM","|DINING_OUT|INGREDIENTS_INCOMPLETE|","|UNKNOWN|","","KOREAN","식품영양성분 데이터베이스 (K-FIND) 2026-08-28","1787842800000","1787842800000"
"kfind-catalog-d103-148000000-0001","라면","|LUNCH|DINNER|","25","MEDIUM","|COOK|INGREDIENTS_INCOMPLETE|","|UNKNOWN|","","KOREAN","식품영양성분 데이터베이스 (K-FIND) 2026-08-28","1787842800000","1787842800000"
"kfind-catalog-d303-151000000-0001","만두국","|LUNCH|DINNER|","5","MEDIUM","|CONVENIENCE|INGREDIENTS_INCOMPLETE|","|UNKNOWN|","","KOREAN","식품영양성분 데이터베이스 (K-FIND) 2026-08-28","1787842800000","1787842800000"
"kfind-catalog-d303-156000000-0001","분짜","|LUNCH|DINNER|","10","MEDIUM","|DINING_OUT|INGREDIENTS_INCOMPLETE|","|UNKNOWN|","","KOREAN","식품영양성분 데이터베이스 (K-FIND) 2026-08-28","1787842800000","1787842800000"
"kfind-catalog-d303-157000000-0001","비빔국수","|LUNCH|DINNER|","25","MEDIUM","|COOK|INGREDIENTS_INCOMPLETE|","|UNKNOWN|","","KOREAN","식품영양성분 데이터베이스 (K-FIND) 2026-08-28","1787842800000","1787842800000"
"kfind-catalog-d103-160000000-0001","수제비","|LUNCH|DINNER|","25","MEDIUM","|COOK|INGREDIENTS_INCOMPLETE|","|UNKNOWN|","","KOREAN","식품영양성분 데이터베이스 (K-FIND) 2026-08-28","1787842800000","1787842800000"
"kfind-catalog-d303-162000000-0001","쌀국수","|LUNCH|DINNER|","25","MEDIUM","|COOK|INGREDIENTS_INCOMPLETE|","|UNKNOWN|","","KOREAN","식품영양성분 데이터베이스 (K-FIND) 2026-08-28","1787842800000","1787842800000"
"kfind-catalog-d303-163000000-0001","올갱이국수","|LUNCH|DINNER|","25","MEDIUM","|COOK|INGREDIENTS_INCOMPLETE|","|UNKNOWN|","","KOREAN","식품영양성분 데이터베이스 (K-FIND) 2026-08-28","1787842800000","1787842800000"
"kfind-catalog-d103-165000000-0001","우동볶음","|LUNCH|DINNER|","10","MEDIUM","|DINING_OUT|INGREDIENTS_INCOMPLETE|","|UNKNOWN|","","KOREAN","식품영양성분 데이터베이스 (K-FIND) 2026-08-28","1787842800000","1787842800000"
"kfind-catalog-d303-166000000-0001","울면","|LUNCH|DINNER|","10","MEDIUM","|DINING_OUT|INGREDIENTS_INCOMPLETE|","|UNKNOWN|","","KOREAN","식품영양성분 데이터베이스 (K-FIND) 2026-08-28","1787842800000","1787842800000"
"kfind-catalog-d103-167000000-0001","월남쌈","|LUNCH|DINNER|","5","MEDIUM","|CONVENIENCE|INGREDIENTS_INCOMPLETE|","|UNKNOWN|","","KOREAN","식품영양성분 데이터베이스 (K-FIND) 2026-08-28","1787842800000","1787842800000"
"kfind-catalog-d103-168000000-0001","자장면","|LUNCH|DINNER|","10","MEDIUM","|DINING_OUT|INGREDIENTS_INCOMPLETE|","|UNKNOWN|","","KOREAN","식품영양성분 데이터베이스 (K-FIND) 2026-08-28","1787842800000","1787842800000"
"kfind-catalog-d103-172000000-0001","짬뽕","|LUNCH|DINNER|","5","MEDIUM","|CONVENIENCE|INGREDIENTS_INCOMPLETE|","|UNKNOWN|","","KOREAN","식품영양성분 데이터베이스 (K-FIND) 2026-08-28","1787842800000","1787842800000"
"kfind-catalog-d103-174000000-0001","칼국수","|LUNCH|DINNER|","5","MEDIUM","|CONVENIENCE|INGREDIENTS_INCOMPLETE|","|UNKNOWN|","","KOREAN","식품영양성분 데이터베이스 (K-FIND) 2026-08-28","1787842800000","1787842800000"
"kfind-catalog-d103-175000000-0001","콩국수","|LUNCH|DINNER|","5","MEDIUM","|CONVENIENCE|INGREDIENTS_INCOMPLETE|","|UNKNOWN|","","KOREAN","식품영양성분 데이터베이스 (K-FIND) 2026-08-28","1787842800000","1787842800000"
"kfind-catalog-d303-177000000-0002","팟타이","|LUNCH|DINNER|","5","MEDIUM","|CONVENIENCE|INGREDIENTS_INCOMPLETE|","|UNKNOWN|","","KOREAN","식품영양성분 데이터베이스 (K-FIND) 2026-08-28","1787842800000","1787842800000"
"kfind-catalog-d105-199000000-0001","갈비탕","|BREAKFAST|LUNCH|DINNER|","25","LOW","|COOK|INGREDIENTS_INCOMPLETE|","|UNKNOWN|","","KOREAN","식품영양성분 데이터베이스 (K-FIND) 2026-08-28","1787842800000","1787842800000"
"kfind-catalog-d105-200000000-0001","감자국","|BREAKFAST|LUNCH|DINNER|","10","LOW","|DINING_OUT|INGREDIENTS_INCOMPLETE|","|UNKNOWN|","","KOREAN","식품영양성분 데이터베이스 (K-FIND) 2026-08-28","1787842800000","1787842800000"
"kfind-catalog-d305-201000000-0001","게국지","|BREAKFAST|LUNCH|DINNER|","10","LOW","|DINING_OUT|INGREDIENTS_INCOMPLETE|","|UNKNOWN|","","KOREAN","식품영양성분 데이터베이스 (K-FIND) 2026-08-28","1787842800000","1787842800000"
"kfind-catalog-d305-202000000-0001","곰치국","|BREAKFAST|LUNCH|DINNER|","25","LOW","|COOK|INGREDIENTS_INCOMPLETE|","|UNKNOWN|","","KOREAN","식품영양성분 데이터베이스 (K-FIND) 2026-08-28","1787842800000","1787842800000"
"kfind-catalog-d105-203000000-0001","곰탕","|BREAKFAST|LUNCH|DINNER|","5","LOW","|CONVENIENCE|INGREDIENTS_INCOMPLETE|","|UNKNOWN|","","KOREAN","식품영양성분 데이터베이스 (K-FIND) 2026-08-28","1787842800000","1787842800000"
"kfind-catalog-d105-205000000-0001","김치국","|BREAKFAST|LUNCH|DINNER|","25","LOW","|COOK|INGREDIENTS_INCOMPLETE|","|UNKNOWN|","","KOREAN","식품영양성분 데이터베이스 (K-FIND) 2026-08-28","1787842800000","1787842800000"
"kfind-catalog-d305-207000000-0001","낙지탕","|BREAKFAST|LUNCH|DINNER|","5","LOW","|CONVENIENCE|INGREDIENTS_INCOMPLETE|","|UNKNOWN|","","KOREAN","식품영양성분 데이터베이스 (K-FIND) 2026-08-28","1787842800000","1787842800000"
"kfind-catalog-d105-208000000-0001","내장탕","|BREAKFAST|LUNCH|DINNER|","5","LOW","|CONVENIENCE|INGREDIENTS_INCOMPLETE|","|UNKNOWN|","","KOREAN","식품영양성분 데이터베이스 (K-FIND) 2026-08-28","1787842800000","1787842800000"
"kfind-catalog-d105-210000000-0001","달걀국","|BREAKFAST|LUNCH|DINNER|","10","LOW","|DINING_OUT|INGREDIENTS_INCOMPLETE|","|UNKNOWN|","","KOREAN","식품영양성분 데이터베이스 (K-FIND) 2026-08-28","1787842800000","1787842800000"
"kfind-catalog-d105-213000000-0001","닭곰탕","|BREAKFAST|LUNCH|DINNER|","25","LOW","|COOK|INGREDIENTS_INCOMPLETE|","|UNKNOWN|","","KOREAN","식품영양성분 데이터베이스 (K-FIND) 2026-08-28","1787842800000","1787842800000"
"kfind-catalog-d105-215000000-0001","도가니탕","|BREAKFAST|LUNCH|DINNER|","25","LOW","|COOK|INGREDIENTS_INCOMPLETE|","|UNKNOWN|","","KOREAN","식품영양성분 데이터베이스 (K-FIND) 2026-08-28","1787842800000","1787842800000"
"kfind-catalog-d105-272000000-0001","동태국","|BREAKFAST|LUNCH|DINNER|","25","LOW","|COOK|INGREDIENTS_INCOMPLETE|","|UNKNOWN|","","KOREAN","식품영양성분 데이터베이스 (K-FIND) 2026-08-28","1787842800000","1787842800000"
"kfind-catalog-d305-218000000-0001","매생이국","|BREAKFAST|LUNCH|DINNER|","5","LOW","|CONVENIENCE|INGREDIENTS_INCOMPLETE|","|UNKNOWN|","","KOREAN","식품영양성분 데이터베이스 (K-FIND) 2026-08-28","1787842800000","1787842800000"
"kfind-catalog-d305-259000000-0001","무국물","|BREAKFAST|LUNCH|DINNER|","5","LOW","|CONVENIENCE|INGREDIENTS_INCOMPLETE|","|UNKNOWN|","","KOREAN","식품영양성분 데이터베이스 (K-FIND) 2026-08-28","1787842800000","1787842800000"
"kfind-catalog-d305-222000000-0001","미소된장국","|BREAKFAST|LUNCH|DINNER|","5","LOW","|CONVENIENCE|INGREDIENTS_INCOMPLETE|","|UNKNOWN|","","KOREAN","식품영양성분 데이터베이스 (K-FIND) 2026-08-28","1787842800000","1787842800000"
"kfind-catalog-d105-223000000-0001","미역국","|BREAKFAST|LUNCH|DINNER|","10","LOW","|DINING_OUT|INGREDIENTS_INCOMPLETE|","|UNKNOWN|","","KOREAN","식품영양성분 데이터베이스 (K-FIND) 2026-08-28","1787842800000","1787842800000"
"kfind-catalog-d105-226000000-0001","북어국","|BREAKFAST|LUNCH|DINNER|","25","LOW","|COOK|INGREDIENTS_INCOMPLETE|","|UNKNOWN|","","KOREAN","식품영양성분 데이터베이스 (K-FIND) 2026-08-28","1787842800000","1787842800000"
"kfind-catalog-d105-227000000-0001","사골국","|BREAKFAST|LUNCH|DINNER|","5","LOW","|CONVENIENCE|INGREDIENTS_INCOMPLETE|","|UNKNOWN|","","KOREAN","식품영양성분 데이터베이스 (K-FIND) 2026-08-28","1787842800000","1787842800000"
"kfind-catalog-d105-228000000-0001","삼계탕","|BREAKFAST|LUNCH|DINNER|","10","LOW","|DINING_OUT|INGREDIENTS_INCOMPLETE|","|UNKNOWN|","","KOREAN","식품영양성분 데이터베이스 (K-FIND) 2026-08-28","1787842800000","1787842800000"
"kfind-catalog-d105-229000000-0001","새우탕","|BREAKFAST|LUNCH|DINNER|","25","LOW","|COOK|INGREDIENTS_INCOMPLETE|","|UNKNOWN|","","KOREAN","식품영양성분 데이터베이스 (K-FIND) 2026-08-28","1787842800000","1787842800000"
"kfind-catalog-d105-231000000-0001","설렁탕","|BREAKFAST|LUNCH|DINNER|","10","LOW","|DINING_OUT|INGREDIENTS_INCOMPLETE|","|UNKNOWN|","","KOREAN","식품영양성분 데이터베이스 (K-FIND) 2026-08-28","1787842800000","1787842800000"
"kfind-catalog-d305-233000000-0001","소탕","|BREAKFAST|LUNCH|DINNER|","5","LOW","|CONVENIENCE|INGREDIENTS_INCOMPLETE|","|UNKNOWN|","","KOREAN","식품영양성분 데이터베이스 (K-FIND) 2026-08-28","1787842800000","1787842800000"
"kfind-catalog-d105-234000000-0001","순대국","|BREAKFAST|LUNCH|DINNER|","10","LOW","|DINING_OUT|INGREDIENTS_INCOMPLETE|","|UNKNOWN|","","KOREAN","식품영양성분 데이터베이스 (K-FIND) 2026-08-28","1787842800000","1787842800000"
"kfind-catalog-d305-235000000-0001","아구탕","|BREAKFAST|LUNCH|DINNER|","5","LOW","|CONVENIENCE|INGREDIENTS_INCOMPLETE|","|UNKNOWN|","","KOREAN","식품영양성분 데이터베이스 (K-FIND) 2026-08-28","1787842800000","1787842800000"
"kfind-catalog-d105-237000000-0001","어묵국(어묵탕)","|BREAKFAST|LUNCH|DINNER|","10","LOW","|DINING_OUT|INGREDIENTS_INCOMPLETE|","|UNKNOWN|","","KOREAN","식품영양성분 데이터베이스 (K-FIND) 2026-08-28","1787842800000","1787842800000"
"kfind-catalog-d305-239000000-0001","어탕","|BREAKFAST|LUNCH|DINNER|","5","LOW","|CONVENIENCE|INGREDIENTS_INCOMPLETE|","|UNKNOWN|","","KOREAN","식품영양성분 데이터베이스 (K-FIND) 2026-08-28","1787842800000","1787842800000"
"kfind-catalog-d305-240000000-0001","연포탕","|BREAKFAST|LUNCH|DINNER|","25","LOW","|COOK|INGREDIENTS_INCOMPLETE|","|UNKNOWN|","","KOREAN","식품영양성분 데이터베이스 (K-FIND) 2026-08-28","1787842800000","1787842800000"
"kfind-catalog-d305-241000000-0001","오이냉국","|BREAKFAST|LUNCH|DINNER|","5","LOW","|CONVENIENCE|INGREDIENTS_INCOMPLETE|","|UNKNOWN|","","KOREAN","식품영양성분 데이터베이스 (K-FIND) 2026-08-28","1787842800000","1787842800000"
"kfind-catalog-d106-259000000-0001","갈치찌개","|LUNCH|DINNER|","5","HIGH","|CONVENIENCE|INGREDIENTS_INCOMPLETE|","|UNKNOWN|","","KOREAN","식품영양성분 데이터베이스 (K-FIND) 2026-08-28","1787842800000","1787842800000"
"kfind-catalog-d106-260000000-0001","감자탕","|LUNCH|DINNER|","10","HIGH","|DINING_OUT|INGREDIENTS_INCOMPLETE|","|UNKNOWN|","","KOREAN","식품영양성분 데이터베이스 (K-FIND) 2026-08-28","1787842800000","1787842800000"
"kfind-catalog-d106-265000000-0001","김치전골","|LUNCH|DINNER|","10","HIGH","|DINING_OUT|INGREDIENTS_INCOMPLETE|","|UNKNOWN|","","KOREAN","식품영양성분 데이터베이스 (K-FIND) 2026-08-28","1787842800000","1787842800000"
"kfind-catalog-d306-266000000-0001","김치찌개","|LUNCH|DINNER|","5","HIGH","|CONVENIENCE|INGREDIENTS_INCOMPLETE|","|UNKNOWN|","","KOREAN","식품영양성분 데이터베이스 (K-FIND) 2026-08-28","1787842800000","1787842800000"
"kfind-catalog-d306-267000000-0001","꽁치찌개","|LUNCH|DINNER|","10","HIGH","|DINING_OUT|INGREDIENTS_INCOMPLETE|","|UNKNOWN|","","KOREAN","식품영양성분 데이터베이스 (K-FIND) 2026-08-28","1787842800000","1787842800000"
"kfind-catalog-d106-268000000-0001","꽃게탕","|LUNCH|DINNER|","25","HIGH","|COOK|INGREDIENTS_INCOMPLETE|","|UNKNOWN|","","KOREAN","식품영양성분 데이터베이스 (K-FIND) 2026-08-28","1787842800000","1787842800000"
"kfind-catalog-d106-270000000-0001","낙지전골","|LUNCH|DINNER|","10","HIGH","|DINING_OUT|INGREDIENTS_INCOMPLETE|","|UNKNOWN|","","KOREAN","식품영양성분 데이터베이스 (K-FIND) 2026-08-28","1787842800000","1787842800000"
"kfind-catalog-d106-273000000-0001","동태찌개","|LUNCH|DINNER|","10","HIGH","|DINING_OUT|INGREDIENTS_INCOMPLETE|","|UNKNOWN|","","KOREAN","식품영양성분 데이터베이스 (K-FIND) 2026-08-28","1787842800000","1787842800000"
"kfind-catalog-d106-274000000-0001","돼지고기찌개","|LUNCH|DINNER|","5","HIGH","|CONVENIENCE|INGREDIENTS_INCOMPLETE|","|UNKNOWN|","","KOREAN","식품영양성분 데이터베이스 (K-FIND) 2026-08-28","1787842800000","1787842800000"
"kfind-catalog-d106-275000000-0001","된장찌개","|LUNCH|DINNER|","10","HIGH","|DINING_OUT|INGREDIENTS_INCOMPLETE|","|UNKNOWN|","","KOREAN","식품영양성분 데이터베이스 (K-FIND) 2026-08-28","1787842800000","1787842800000"
"kfind-catalog-d306-276000000-0001","두부전골","|LUNCH|DINNER|","25","HIGH","|COOK|INGREDIENTS_INCOMPLETE|","|UNKNOWN|","","KOREAN","식품영양성분 데이터베이스 (K-FIND) 2026-08-28","1787842800000","1787842800000"
"kfind-catalog-d306-278000000-0002","마라탕","|LUNCH|DINNER|","25","HIGH","|COOK|INGREDIENTS_INCOMPLETE|","|UNKNOWN|","","KOREAN","식품영양성분 데이터베이스 (K-FIND) 2026-08-28","1787842800000","1787842800000"
"kfind-catalog-d306-279000000-0002","만두전골","|LUNCH|DINNER|","25","HIGH","|COOK|INGREDIENTS_INCOMPLETE|","|UNKNOWN|","","KOREAN","식품영양성분 데이터베이스 (K-FIND) 2026-08-28","1787842800000","1787842800000"
"kfind-catalog-d106-282000000-0001","버섯전골","|LUNCH|DINNER|","25","HIGH","|COOK|INGREDIENTS_INCOMPLETE|","|UNKNOWN|","","KOREAN","식품영양성분 데이터베이스 (K-FIND) 2026-08-28","1787842800000","1787842800000"
"kfind-catalog-d306-283000000-0001","버섯찌개","|LUNCH|DINNER|","10","HIGH","|DINING_OUT|INGREDIENTS_INCOMPLETE|","|UNKNOWN|","","KOREAN","식품영양성분 데이터베이스 (K-FIND) 2026-08-28","1787842800000","1787842800000"
"kfind-catalog-d106-284000000-0001","부대찌개","|LUNCH|DINNER|","5","HIGH","|CONVENIENCE|INGREDIENTS_INCOMPLETE|","|UNKNOWN|","","KOREAN","식품영양성분 데이터베이스 (K-FIND) 2026-08-28","1787842800000","1787842800000"
"kfind-catalog-d106-289000000-0001","소고기전골","|LUNCH|DINNER|","5","HIGH","|CONVENIENCE|INGREDIENTS_INCOMPLETE|","|UNKNOWN|","","KOREAN","식품영양성분 데이터베이스 (K-FIND) 2026-08-28","1787842800000","1787842800000"
"kfind-catalog-d106-293000000-0001","알탕","|LUNCH|DINNER|","5","HIGH","|CONVENIENCE|INGREDIENTS_INCOMPLETE|","|UNKNOWN|","","KOREAN","식품영양성분 데이터베이스 (K-FIND) 2026-08-28","1787842800000","1787842800000"
"kfind-catalog-d106-294000000-0001","오리백숙","|LUNCH|DINNER|","10","HIGH","|DINING_OUT|INGREDIENTS_INCOMPLETE|","|UNKNOWN|","","KOREAN","식품영양성분 데이터베이스 (K-FIND) 2026-08-28","1787842800000","1787842800000"
"kfind-catalog-d106-295000000-0001","오리탕","|LUNCH|DINNER|","10","HIGH","|DINING_OUT|INGREDIENTS_INCOMPLETE|","|UNKNOWN|","","KOREAN","식품영양성분 데이터베이스 (K-FIND) 2026-08-28","1787842800000","1787842800000"
"kfind-catalog-d106-296000000-0001","오징어찌개","|LUNCH|DINNER|","25","HIGH","|COOK|INGREDIENTS_INCOMPLETE|","|UNKNOWN|","","KOREAN","식품영양성분 데이터베이스 (K-FIND) 2026-08-28","1787842800000","1787842800000"
"kfind-catalog-d106-297000000-0001","청국장찌개","|LUNCH|DINNER|","25","HIGH","|COOK|INGREDIENTS_INCOMPLETE|","|UNKNOWN|","","KOREAN","식품영양성분 데이터베이스 (K-FIND) 2026-08-28","1787842800000","1787842800000"
"kfind-catalog-d108-352000000-0001","가자미구이","|LUNCH|DINNER|","5","HIGH","|CONVENIENCE|INGREDIENTS_INCOMPLETE|","|UNKNOWN|","","KOREAN","식품영양성분 데이터베이스 (K-FIND) 2026-08-28","1787842800000","1787842800000"
"kfind-catalog-d308-364000000-0001","꿩불고기","|LUNCH|DINNER|","10","HIGH","|DINING_OUT|INGREDIENTS_INCOMPLETE|","|UNKNOWN|","","KOREAN","식품영양성분 데이터베이스 (K-FIND) 2026-08-28","1787842800000","1787842800000"
"kfind-catalog-d108-365000000-0001","닭구이","|LUNCH|DINNER|","5","HIGH","|CONVENIENCE|INGREDIENTS_INCOMPLETE|","|UNKNOWN|","","KOREAN","식품영양성분 데이터베이스 (K-FIND) 2026-08-28","1787842800000","1787842800000"
"kfind-catalog-d108-368000000-0001","닭발구이","|LUNCH|DINNER|","10","HIGH","|DINING_OUT|INGREDIENTS_INCOMPLETE|","|UNKNOWN|","","KOREAN","식품영양성분 데이터베이스 (K-FIND) 2026-08-28","1787842800000","1787842800000"
"kfind-catalog-d308-371000000-0001","더덕구이","|LUNCH|DINNER|","25","HIGH","|COOK|INGREDIENTS_INCOMPLETE|","|UNKNOWN|","","KOREAN","식품영양성분 데이터베이스 (K-FIND) 2026-08-28","1787842800000","1787842800000"
"kfind-catalog-d308-374000000-0001","돼지껍데기구이","|LUNCH|DINNER|","10","HIGH","|DINING_OUT|INGREDIENTS_INCOMPLETE|","|UNKNOWN|","","KOREAN","식품영양성분 데이터베이스 (K-FIND) 2026-08-28","1787842800000","1787842800000"
"kfind-catalog-d108-376000000-0001","떡갈비","|BREAKFAST|SNACK|","5","HIGH","|CONVENIENCE|INGREDIENTS_INCOMPLETE|","|UNKNOWN|","","KOREAN","식품영양성분 데이터베이스 (K-FIND) 2026-08-28","1787842800000","1787842800000"
"kfind-catalog-d108-377000000-0001","런천미트구이","|LUNCH|DINNER|","10","HIGH","|DINING_OUT|INGREDIENTS_INCOMPLETE|","|UNKNOWN|","","KOREAN","식품영양성분 데이터베이스 (K-FIND) 2026-08-28","1787842800000","1787842800000"
"kfind-catalog-d108-379000000-0001","뱅어포구이","|LUNCH|DINNER|","25","HIGH","|COOK|INGREDIENTS_INCOMPLETE|","|UNKNOWN|","","KOREAN","식품영양성분 데이터베이스 (K-FIND) 2026-08-28","1787842800000","1787842800000"
"kfind-catalog-d108-380000000-0001","버섯구이","|LUNCH|DINNER|","25","HIGH","|COOK|INGREDIENTS_INCOMPLETE|","|UNKNOWN|","","KOREAN","식품영양성분 데이터베이스 (K-FIND) 2026-08-28","1787842800000","1787842800000"
"kfind-catalog-d108-381000000-0001","버섯구이표고버섯","|LUNCH|DINNER|","10","HIGH","|DINING_OUT|INGREDIENTS_INCOMPLETE|","|UNKNOWN|","","KOREAN","식품영양성분 데이터베이스 (K-FIND) 2026-08-28","1787842800000","1787842800000"
"kfind-catalog-d108-382000000-0001","삼겹살구이","|LUNCH|DINNER|","10","HIGH","|DINING_OUT|INGREDIENTS_INCOMPLETE|","|UNKNOWN|","","KOREAN","식품영양성분 데이터베이스 (K-FIND) 2026-08-28","1787842800000","1787842800000"
"kfind-catalog-d108-383000000-0001","삼치구이","|LUNCH|DINNER|","25","HIGH","|COOK|INGREDIENTS_INCOMPLETE|","|UNKNOWN|","","KOREAN","식품영양성분 데이터베이스 (K-FIND) 2026-08-28","1787842800000","1787842800000"
"kfind-catalog-d108-384000000-0001","새우구이","|LUNCH|DINNER|","10","HIGH","|DINING_OUT|INGREDIENTS_INCOMPLETE|","|UNKNOWN|","","KOREAN","식품영양성분 데이터베이스 (K-FIND) 2026-08-28","1787842800000","1787842800000"
"kfind-catalog-d108-386000000-0001","소불고기","|LUNCH|DINNER|","5","HIGH","|CONVENIENCE|INGREDIENTS_INCOMPLETE|","|UNKNOWN|","","KOREAN","식품영양성분 데이터베이스 (K-FIND) 2026-08-28","1787842800000","1787842800000"
"kfind-catalog-d308-388000000-0001","연어구이","|LUNCH|DINNER|","5","HIGH","|CONVENIENCE|INGREDIENTS_INCOMPLETE|","|UNKNOWN|","","KOREAN","식품영양성분 데이터베이스 (K-FIND) 2026-08-28","1787842800000","1787842800000"
"kfind-catalog-d108-390000000-0001","오리고기구이","|LUNCH|DINNER|","5","HIGH","|CONVENIENCE|INGREDIENTS_INCOMPLETE|","|UNKNOWN|","","KOREAN","식품영양성분 데이터베이스 (K-FIND) 2026-08-28","1787842800000","1787842800000"
"kfind-catalog-d108-392000000-0001","오리불고기","|LUNCH|DINNER|","10","HIGH","|DINING_OUT|INGREDIENTS_INCOMPLETE|","|UNKNOWN|","","KOREAN","식품영양성분 데이터베이스 (K-FIND) 2026-08-28","1787842800000","1787842800000"
"kfind-catalog-d308-395000000-0001","임연수구이","|LUNCH|DINNER|","5","HIGH","|CONVENIENCE|INGREDIENTS_INCOMPLETE|","|UNKNOWN|","","KOREAN","식품영양성분 데이터베이스 (K-FIND) 2026-08-28","1787842800000","1787842800000"
"kfind-catalog-d108-399000000-0001","조기구이","|LUNCH|DINNER|","10","HIGH","|DINING_OUT|INGREDIENTS_INCOMPLETE|","|UNKNOWN|","","KOREAN","식품영양성분 데이터베이스 (K-FIND) 2026-08-28","1787842800000","1787842800000"
"kfind-catalog-d110-450000000-0001","감자볶음","|LUNCH|DINNER|","25","MEDIUM","|COOK|INGREDIENTS_INCOMPLETE|","|UNKNOWN|","","KOREAN","식품영양성분 데이터베이스 (K-FIND) 2026-08-28","1787842800000","1787842800000"
"kfind-catalog-d110-451000000-0001","건새우볶음","|LUNCH|DINNER|","5","MEDIUM","|CONVENIENCE|INGREDIENTS_INCOMPLETE|","|UNKNOWN|","","KOREAN","식품영양성분 데이터베이스 (K-FIND) 2026-08-28","1787842800000","1787842800000"
"kfind-catalog-d110-456000000-0001","김치볶음","|LUNCH|DINNER|","10","MEDIUM","|DINING_OUT|INGREDIENTS_INCOMPLETE|","|UNKNOWN|","","KOREAN","식품영양성분 데이터베이스 (K-FIND) 2026-08-28","1787842800000","1787842800000"
"kfind-catalog-d110-457000000-0001","낙지볶음","|LUNCH|DINNER|","10","MEDIUM","|DINING_OUT|INGREDIENTS_INCOMPLETE|","|UNKNOWN|","","KOREAN","식품영양성분 데이터베이스 (K-FIND) 2026-08-28","1787842800000","1787842800000"
"kfind-catalog-d310-459000000-0001","느타리버섯볶음","|LUNCH|DINNER|","5","MEDIUM","|CONVENIENCE|INGREDIENTS_INCOMPLETE|","|UNKNOWN|","","KOREAN","식품영양성분 데이터베이스 (K-FIND) 2026-08-28","1787842800000","1787842800000"
"kfind-catalog-d310-460000000-0001","닭모래집볶음","|LUNCH|DINNER|","10","MEDIUM","|DINING_OUT|INGREDIENTS_INCOMPLETE|","|UNKNOWN|","","KOREAN","식품영양성분 데이터베이스 (K-FIND) 2026-08-28","1787842800000","1787842800000"
"kfind-catalog-d110-461000000-0001","닭발볶음","|LUNCH|DINNER|","10","MEDIUM","|DINING_OUT|INGREDIENTS_INCOMPLETE|","|UNKNOWN|","","KOREAN","식품영양성분 데이터베이스 (K-FIND) 2026-08-28","1787842800000","1787842800000"
"kfind-catalog-d110-462000000-0001","닭볶음(닭갈비)","|LUNCH|DINNER|","25","MEDIUM","|COOK|INGREDIENTS_INCOMPLETE|","|UNKNOWN|","","KOREAN","식품영양성분 데이터베이스 (K-FIND) 2026-08-28","1787842800000","1787842800000"
"kfind-catalog-d110-463000000-0001","당근볶음","|LUNCH|DINNER|","10","MEDIUM","|DINING_OUT|INGREDIENTS_INCOMPLETE|","|UNKNOWN|","","KOREAN","식품영양성분 데이터베이스 (K-FIND) 2026-08-28","1787842800000","1787842800000"
"kfind-catalog-d310-464000000-0002","돼지고기볶음","|LUNCH|DINNER|","5","MEDIUM","|CONVENIENCE|INGREDIENTS_INCOMPLETE|","|UNKNOWN|","","KOREAN","식품영양성분 데이터베이스 (K-FIND) 2026-08-28","1787842800000","1787842800000"
"kfind-catalog-d110-465000000-0001","돼지고기볶음(제육볶음)","|LUNCH|DINNER|","10","MEDIUM","|DINING_OUT|INGREDIENTS_INCOMPLETE|","|UNKNOWN|","","KOREAN","식품영양성분 데이터베이스 (K-FIND) 2026-08-28","1787842800000","1787842800000"
"kfind-catalog-d310-466000000-0001","두부김치","|LUNCH|DINNER|","5","MEDIUM","|CONVENIENCE|INGREDIENTS_INCOMPLETE|","|UNKNOWN|","","KOREAN","식품영양성분 데이터베이스 (K-FIND) 2026-08-28","1787842800000","1787842800000"
"kfind-catalog-d110-467000000-0001","떡볶이","|BREAKFAST|SNACK|","25","MEDIUM","|COOK|INGREDIENTS_INCOMPLETE|","|UNKNOWN|","","KOREAN","식품영양성분 데이터베이스 (K-FIND) 2026-08-28","1787842800000","1787842800000"
"kfind-catalog-d110-468000000-0001","라볶이","|LUNCH|DINNER|","25","MEDIUM","|COOK|INGREDIENTS_INCOMPLETE|","|UNKNOWN|","","KOREAN","식품영양성분 데이터베이스 (K-FIND) 2026-08-28","1787842800000","1787842800000"
"kfind-catalog-d110-469000000-0001","마늘쫑볶음","|LUNCH|DINNER|","5","MEDIUM","|CONVENIENCE|INGREDIENTS_INCOMPLETE|","|UNKNOWN|","","KOREAN","식품영양성분 데이터베이스 (K-FIND) 2026-08-28","1787842800000","1787842800000"
"kfind-catalog-d110-470000000-0001","마파두부","|LUNCH|DINNER|","25","MEDIUM","|COOK|INGREDIENTS_INCOMPLETE|","|UNKNOWN|","","KOREAN","식품영양성분 데이터베이스 (K-FIND) 2026-08-28","1787842800000","1787842800000"
"kfind-catalog-d310-471000000-0001","머위나물볶음","|LUNCH|DINNER|","10","MEDIUM","|DINING_OUT|INGREDIENTS_INCOMPLETE|","|UNKNOWN|","","KOREAN","식품영양성분 데이터베이스 (K-FIND) 2026-08-28","1787842800000","1787842800000"
"kfind-catalog-d110-472000000-0001","멸치볶음","|LUNCH|DINNER|","25","MEDIUM","|COOK|INGREDIENTS_INCOMPLETE|","|UNKNOWN|","","KOREAN","식품영양성분 데이터베이스 (K-FIND) 2026-08-28","1787842800000","1787842800000"
"kfind-catalog-d110-475000000-0001","미역줄기볶음","|LUNCH|DINNER|","10","MEDIUM","|DINING_OUT|INGREDIENTS_INCOMPLETE|","|UNKNOWN|","","KOREAN","식품영양성분 데이터베이스 (K-FIND) 2026-08-28","1787842800000","1787842800000"
"kfind-catalog-d110-477000000-0001","브로콜리볶음","|LUNCH|DINNER|","5","MEDIUM","|CONVENIENCE|INGREDIENTS_INCOMPLETE|","|UNKNOWN|","","KOREAN","식품영양성분 데이터베이스 (K-FIND) 2026-08-28","1787842800000","1787842800000"
"kfind-catalog-d110-480000000-0001","새우볶음","|LUNCH|DINNER|","5","MEDIUM","|CONVENIENCE|INGREDIENTS_INCOMPLETE|","|UNKNOWN|","","KOREAN","식품영양성분 데이터베이스 (K-FIND) 2026-08-28","1787842800000","1787842800000"
"kfind-catalog-d110-482000000-0001","소시지볶음","|LUNCH|DINNER|","5","MEDIUM","|CONVENIENCE|INGREDIENTS_INCOMPLETE|","|UNKNOWN|","","KOREAN","식품영양성분 데이터베이스 (K-FIND) 2026-08-28","1787842800000","1787842800000"
"kfind-catalog-d310-483000000-0004","순대볶음","|LUNCH|DINNER|","10","MEDIUM","|DINING_OUT|INGREDIENTS_INCOMPLETE|","|UNKNOWN|","","KOREAN","식품영양성분 데이터베이스 (K-FIND) 2026-08-28","1787842800000","1787842800000"
"kfind-catalog-d110-484000000-0001","애호박볶음","|LUNCH|DINNER|","25","MEDIUM","|COOK|INGREDIENTS_INCOMPLETE|","|UNKNOWN|","","KOREAN","식품영양성분 데이터베이스 (K-FIND) 2026-08-28","1787842800000","1787842800000"
"kfind-catalog-d110-485000000-0001","양파볶음","|LUNCH|DINNER|","25","MEDIUM","|COOK|INGREDIENTS_INCOMPLETE|","|UNKNOWN|","","KOREAN","식품영양성분 데이터베이스 (K-FIND) 2026-08-28","1787842800000","1787842800000"
"kfind-catalog-d311-506000000-0001","가자미조림","|LUNCH|DINNER|","5","MEDIUM","|CONVENIENCE|INGREDIENTS_INCOMPLETE|","|UNKNOWN|","","KOREAN","식품영양성분 데이터베이스 (K-FIND) 2026-08-28","1787842800000","1787842800000"
"kfind-catalog-d111-508000000-0001","감자조림","|LUNCH|DINNER|","5","MEDIUM","|CONVENIENCE|INGREDIENTS_INCOMPLETE|","|UNKNOWN|","","KOREAN","식품영양성분 데이터베이스 (K-FIND) 2026-08-28","1787842800000","1787842800000"
"kfind-catalog-d111-509000000-0001","고등어조림","|LUNCH|DINNER|","25","MEDIUM","|COOK|INGREDIENTS_INCOMPLETE|","|UNKNOWN|","","KOREAN","식품영양성분 데이터베이스 (K-FIND) 2026-08-28","1787842800000","1787842800000"
"kfind-catalog-d311-510000000-0001","고추조림","|LUNCH|DINNER|","10","MEDIUM","|DINING_OUT|INGREDIENTS_INCOMPLETE|","|UNKNOWN|","","KOREAN","식품영양성분 데이터베이스 (K-FIND) 2026-08-28","1787842800000","1787842800000"
"kfind-catalog-d111-511000000-0001","꽁치조림","|LUNCH|DINNER|","10","MEDIUM","|DINING_OUT|INGREDIENTS_INCOMPLETE|","|UNKNOWN|","","KOREAN","식품영양성분 데이터베이스 (K-FIND) 2026-08-28","1787842800000","1787842800000"
"kfind-catalog-d111-514000000-0001","닭볶음탕","|LUNCH|DINNER|","25","MEDIUM","|COOK|INGREDIENTS_INCOMPLETE|","|UNKNOWN|","","KOREAN","식품영양성분 데이터베이스 (K-FIND) 2026-08-28","1787842800000","1787842800000"
"kfind-catalog-d111-515000000-0001","닭조림","|LUNCH|DINNER|","5","MEDIUM","|CONVENIENCE|INGREDIENTS_INCOMPLETE|","|UNKNOWN|","","KOREAN","식품영양성분 데이터베이스 (K-FIND) 2026-08-28","1787842800000","1787842800000"
"kfind-catalog-d311-516000000-0001","동태조림","|LUNCH|DINNER|","10","MEDIUM","|DINING_OUT|INGREDIENTS_INCOMPLETE|","|UNKNOWN|","","KOREAN","식품영양성분 데이터베이스 (K-FIND) 2026-08-28","1787842800000","1787842800000"
"kfind-catalog-d111-517000000-0001","두부조림","|LUNCH|DINNER|","5","MEDIUM","|CONVENIENCE|INGREDIENTS_INCOMPLETE|","|UNKNOWN|","","KOREAN","식품영양성분 데이터베이스 (K-FIND) 2026-08-28","1787842800000","1787842800000"
"kfind-catalog-d111-518000000-0001","땅콩조림","|LUNCH|DINNER|","5","MEDIUM","|CONVENIENCE|INGREDIENTS_INCOMPLETE|","|UNKNOWN|","","KOREAN","식품영양성분 데이터베이스 (K-FIND) 2026-08-28","1787842800000","1787842800000"
"kfind-catalog-d111-519000000-0001","멸치조림","|LUNCH|DINNER|","10","MEDIUM","|DINING_OUT|INGREDIENTS_INCOMPLETE|","|UNKNOWN|","","KOREAN","식품영양성분 데이터베이스 (K-FIND) 2026-08-28","1787842800000","1787842800000"
"kfind-catalog-d111-520000000-0001","무조림","|LUNCH|DINNER|","10","MEDIUM","|DINING_OUT|INGREDIENTS_INCOMPLETE|","|UNKNOWN|","","KOREAN","식품영양성분 데이터베이스 (K-FIND) 2026-08-28","1787842800000","1787842800000"
"kfind-catalog-d111-521000000-0001","미트볼조림","|LUNCH|DINNER|","25","MEDIUM","|COOK|INGREDIENTS_INCOMPLETE|","|UNKNOWN|","","KOREAN","식품영양성분 데이터베이스 (K-FIND) 2026-08-28","1787842800000","1787842800000"
"kfind-catalog-d111-522000000-0001","버섯조림","|LUNCH|DINNER|","10","MEDIUM","|DINING_OUT|INGREDIENTS_INCOMPLETE|","|UNKNOWN|","","KOREAN","식품영양성분 데이터베이스 (K-FIND) 2026-08-28","1787842800000","1787842800000"
"kfind-catalog-d111-523000000-0001","병어조림","|LUNCH|DINNER|","10","MEDIUM","|DINING_OUT|INGREDIENTS_INCOMPLETE|","|UNKNOWN|","","KOREAN","식품영양성분 데이터베이스 (K-FIND) 2026-08-28","1787842800000","1787842800000"
"kfind-catalog-d107-304000000-0001","가오리찜","|LUNCH|DINNER|","5","HIGH","|CONVENIENCE|INGREDIENTS_INCOMPLETE|","|UNKNOWN|","","KOREAN","식품영양성분 데이터베이스 (K-FIND) 2026-08-28","1787842800000","1787842800000"
"kfind-catalog-d107-310000000-0001","깻잎찜","|LUNCH|DINNER|","10","HIGH","|DINING_OUT|INGREDIENTS_INCOMPLETE|","|UNKNOWN|","","KOREAN","식품영양성분 데이터베이스 (K-FIND) 2026-08-28","1787842800000","1787842800000"
"kfind-catalog-d307-311000000-0001","꼬막무침","|LUNCH|DINNER|","5","HIGH","|CONVENIENCE|INGREDIENTS_INCOMPLETE|","|UNKNOWN|","","KOREAN","식품영양성분 데이터베이스 (K-FIND) 2026-08-28","1787842800000","1787842800000"
"kfind-catalog-d107-312000000-0001","꼬막찜","|LUNCH|DINNER|","5","HIGH","|CONVENIENCE|INGREDIENTS_INCOMPLETE|","|UNKNOWN|","","KOREAN","식품영양성분 데이터베이스 (K-FIND) 2026-08-28","1787842800000","1787842800000"
"kfind-catalog-d107-314000000-0001","꽈리고추찜","|LUNCH|DINNER|","25","HIGH","|COOK|INGREDIENTS_INCOMPLETE|","|UNKNOWN|","","KOREAN","식품영양성분 데이터베이스 (K-FIND) 2026-08-28","1787842800000","1787842800000"
"kfind-catalog-d107-318000000-0001","닭찜","|LUNCH|DINNER|","5","HIGH","|CONVENIENCE|INGREDIENTS_INCOMPLETE|","|UNKNOWN|","","KOREAN","식품영양성분 데이터베이스 (K-FIND) 2026-08-28","1787842800000","1787842800000"
"kfind-catalog-d307-320000000-0001","대구찜","|LUNCH|DINNER|","25","HIGH","|COOK|INGREDIENTS_INCOMPLETE|","|UNKNOWN|","","KOREAN","식품영양성분 데이터베이스 (K-FIND) 2026-08-28","1787842800000","1787842800000"
"kfind-catalog-d307-322000000-0001","동태찜","|LUNCH|DINNER|","25","HIGH","|COOK|INGREDIENTS_INCOMPLETE|","|UNKNOWN|","","KOREAN","식품영양성분 데이터베이스 (K-FIND) 2026-08-28","1787842800000","1787842800000"
"kfind-catalog-d307-323000000-0001","동파육","|LUNCH|DINNER|","5","HIGH","|CONVENIENCE|INGREDIENTS_INCOMPLETE|","|UNKNOWN|","","KOREAN","식품영양성분 데이터베이스 (K-FIND) 2026-08-28","1787842800000","1787842800000"
"kfind-catalog-d107-324000000-0001","돼지갈비찜","|LUNCH|DINNER|","5","HIGH","|CONVENIENCE|INGREDIENTS_INCOMPLETE|","|UNKNOWN|","","KOREAN","식품영양성분 데이터베이스 (K-FIND) 2026-08-28","1787842800000","1787842800000"
"kfind-catalog-d307-327000000-0001","돼지등갈비찜","|LUNCH|DINNER|","10","HIGH","|DINING_OUT|INGREDIENTS_INCOMPLETE|","|UNKNOWN|","","KOREAN","식품영양성분 데이터베이스 (K-FIND) 2026-08-28","1787842800000","1787842800000"
"kfind-catalog-d307-330000000-0001","북어찜","|LUNCH|DINNER|","5","HIGH","|CONVENIENCE|INGREDIENTS_INCOMPLETE|","|UNKNOWN|","","KOREAN","식품영양성분 데이터베이스 (K-FIND) 2026-08-28","1787842800000","1787842800000"
"kfind-catalog-d109-407000000-0001","가지전","|LUNCH|DINNER|","25","MEDIUM","|COOK|INGREDIENTS_INCOMPLETE|","|UNKNOWN|","","KOREAN","식품영양성분 데이터베이스 (K-FIND) 2026-08-28","1787842800000","1787842800000"
"kfind-catalog-d109-408000000-0001","감자전","|LUNCH|DINNER|","5","MEDIUM","|CONVENIENCE|INGREDIENTS_INCOMPLETE|","|UNKNOWN|","","KOREAN","식품영양성분 데이터베이스 (K-FIND) 2026-08-28","1787842800000","1787842800000"
"kfind-catalog-d109-409000000-0001","고구마전","|LUNCH|DINNER|","25","MEDIUM","|COOK|INGREDIENTS_INCOMPLETE|","|UNKNOWN|","","KOREAN","식품영양성분 데이터베이스 (K-FIND) 2026-08-28","1787842800000","1787842800000"
"kfind-catalog-d309-410000000-0001","고추전","|LUNCH|DINNER|","10","MEDIUM","|DINING_OUT|INGREDIENTS_INCOMPLETE|","|UNKNOWN|","","KOREAN","식품영양성분 데이터베이스 (K-FIND) 2026-08-28","1787842800000","1787842800000"
"kfind-catalog-d309-411000000-0001","굴전","|LUNCH|DINNER|","25","MEDIUM","|COOK|INGREDIENTS_INCOMPLETE|","|UNKNOWN|","","KOREAN","식품영양성분 데이터베이스 (K-FIND) 2026-08-28","1787842800000","1787842800000"
"kfind-catalog-d109-412000000-0001","김치전","|LUNCH|DINNER|","25","MEDIUM","|COOK|INGREDIENTS_INCOMPLETE|","|UNKNOWN|","","KOREAN","식품영양성분 데이터베이스 (K-FIND) 2026-08-28","1787842800000","1787842800000"
"kfind-catalog-d309-413000000-0001","깻잎전","|LUNCH|DINNER|","25","MEDIUM","|COOK|INGREDIENTS_INCOMPLETE|","|UNKNOWN|","","KOREAN","식품영양성분 데이터베이스 (K-FIND) 2026-08-28","1787842800000","1787842800000"
"kfind-catalog-d309-415000000-0001","녹두빈대떡","|BREAKFAST|SNACK|","5","MEDIUM","|CONVENIENCE|INGREDIENTS_INCOMPLETE|","|UNKNOWN|","","KOREAN","식품영양성분 데이터베이스 (K-FIND) 2026-08-28","1787842800000","1787842800000"
"kfind-catalog-d109-416000000-0001","달걀말이","|LUNCH|DINNER|","25","MEDIUM","|COOK|INGREDIENTS_INCOMPLETE|","|UNKNOWN|","","KOREAN","식품영양성분 데이터베이스 (K-FIND) 2026-08-28","1787842800000","1787842800000"
"kfind-catalog-d109-417000000-0001","달걀부침(달걀후라이)","|LUNCH|DINNER|","10","MEDIUM","|DINING_OUT|INGREDIENTS_INCOMPLETE|","|UNKNOWN|","","KOREAN","식품영양성분 데이터베이스 (K-FIND) 2026-08-28","1787842800000","1787842800000"
"kfind-catalog-d309-418000000-0001","동태전","|LUNCH|DINNER|","25","MEDIUM","|COOK|INGREDIENTS_INCOMPLETE|","|UNKNOWN|","","KOREAN","식품영양성분 데이터베이스 (K-FIND) 2026-08-28","1787842800000","1787842800000"
"kfind-catalog-d109-419000000-0001","두부부침","|LUNCH|DINNER|","25","MEDIUM","|COOK|INGREDIENTS_INCOMPLETE|","|UNKNOWN|","","KOREAN","식품영양성분 데이터베이스 (K-FIND) 2026-08-28","1787842800000","1787842800000"
"kfind-catalog-d309-420000000-0001","두부전","|LUNCH|DINNER|","5","MEDIUM","|CONVENIENCE|INGREDIENTS_INCOMPLETE|","|UNKNOWN|","","KOREAN","식품영양성분 데이터베이스 (K-FIND) 2026-08-28","1787842800000","1787842800000"
"kfind-catalog-d109-421000000-0001","맛살전","|LUNCH|DINNER|","5","MEDIUM","|CONVENIENCE|INGREDIENTS_INCOMPLETE|","|UNKNOWN|","","KOREAN","식품영양성분 데이터베이스 (K-FIND) 2026-08-28","1787842800000","1787842800000"
"kfind-catalog-d109-422000000-0001","메밀전","|LUNCH|DINNER|","5","MEDIUM","|CONVENIENCE|INGREDIENTS_INCOMPLETE|","|UNKNOWN|","","KOREAN","식품영양성분 데이터베이스 (K-FIND) 2026-08-28","1787842800000","1787842800000"
"kfind-catalog-d112-537000000-0001","감자튀김","|LUNCH|DINNER|SNACK|","5","MEDIUM","|CONVENIENCE|INGREDIENTS_INCOMPLETE|","|UNKNOWN|","","KOREAN","식품영양성분 데이터베이스 (K-FIND) 2026-08-28","1787842800000","1787842800000"
"kfind-catalog-d312-538000000-0001","고구마맛탕","|LUNCH|DINNER|SNACK|","25","MEDIUM","|COOK|INGREDIENTS_INCOMPLETE|","|UNKNOWN|","","KOREAN","식품영양성분 데이터베이스 (K-FIND) 2026-08-28","1787842800000","1787842800000"
"kfind-catalog-d312-539000000-0001","고구마튀김","|LUNCH|DINNER|SNACK|","25","MEDIUM","|COOK|INGREDIENTS_INCOMPLETE|","|UNKNOWN|","","KOREAN","식품영양성분 데이터베이스 (K-FIND) 2026-08-28","1787842800000","1787842800000"
"kfind-catalog-d312-540000000-0001","고추튀김","|LUNCH|DINNER|SNACK|","5","MEDIUM","|CONVENIENCE|INGREDIENTS_INCOMPLETE|","|UNKNOWN|","","KOREAN","식품영양성분 데이터베이스 (K-FIND) 2026-08-28","1787842800000","1787842800000"
"kfind-catalog-d312-541000000-0001","김말이튀김","|LUNCH|DINNER|SNACK|","5","MEDIUM","|CONVENIENCE|INGREDIENTS_INCOMPLETE|","|UNKNOWN|","","KOREAN","식품영양성분 데이터베이스 (K-FIND) 2026-08-28","1787842800000","1787842800000"
"kfind-catalog-d112-542000000-0001","김튀김","|LUNCH|DINNER|SNACK|","10","MEDIUM","|DINING_OUT|INGREDIENTS_INCOMPLETE|","|UNKNOWN|","","KOREAN","식품영양성분 데이터베이스 (K-FIND) 2026-08-28","1787842800000","1787842800000"
"kfind-catalog-d312-545000000-0001","깐풍새우","|LUNCH|DINNER|SNACK|","5","MEDIUM","|CONVENIENCE|INGREDIENTS_INCOMPLETE|","|UNKNOWN|","","KOREAN","식품영양성분 데이터베이스 (K-FIND) 2026-08-28","1787842800000","1787842800000"
"kfind-catalog-d312-584000000-0001","난자완스","|LUNCH|DINNER|SNACK|","10","MEDIUM","|DINING_OUT|INGREDIENTS_INCOMPLETE|","|UNKNOWN|","","KOREAN","식품영양성분 데이터베이스 (K-FIND) 2026-08-28","1787842800000","1787842800000"
"kfind-catalog-d302-054000000-0001","개피떡(바람떡)","|BREAKFAST|SNACK|","10","MEDIUM","|DINING_OUT|INGREDIENTS_INCOMPLETE|","|UNKNOWN|","","KOREAN","식품영양성분 데이터베이스 (K-FIND) 2026-08-28","1787842800000","1787842800000"
"kfind-catalog-d302-056000000-0001","기피편","|BREAKFAST|SNACK|","25","MEDIUM","|COOK|INGREDIENTS_INCOMPLETE|","|UNKNOWN|","","KOREAN","식품영양성분 데이터베이스 (K-FIND) 2026-08-28","1787842800000","1787842800000"
"kfind-catalog-d102-057000000-0001","꿀떡","|BREAKFAST|SNACK|","10","MEDIUM","|DINING_OUT|INGREDIENTS_INCOMPLETE|","|UNKNOWN|","","KOREAN","식품영양성분 데이터베이스 (K-FIND) 2026-08-28","1787842800000","1787842800000"
"kfind-catalog-d302-081000000-0001","다쿠아즈","|BREAKFAST|SNACK|","5","MEDIUM","|CONVENIENCE|INGREDIENTS_INCOMPLETE|","|UNKNOWN|","","KOREAN","식품영양성분 데이터베이스 (K-FIND) 2026-08-28","1787842800000","1787842800000"
"kfind-catalog-d102-085000000-0001","마늘빵","|BREAKFAST|SNACK|","25","MEDIUM","|COOK|INGREDIENTS_INCOMPLETE|","|UNKNOWN|","","KOREAN","식품영양성분 데이터베이스 (K-FIND) 2026-08-28","1787842800000","1787842800000"
"kfind-catalog-d302-086000000-0001","마카롱","|BREAKFAST|SNACK|","25","MEDIUM","|COOK|INGREDIENTS_INCOMPLETE|","|UNKNOWN|","","KOREAN","식품영양성분 데이터베이스 (K-FIND) 2026-08-28","1787842800000","1787842800000"
"kfind-catalog-d302-129000000-0001","매작과","|BREAKFAST|SNACK|","5","MEDIUM","|CONVENIENCE|INGREDIENTS_INCOMPLETE|","|UNKNOWN|","","KOREAN","식품영양성분 데이터베이스 (K-FIND) 2026-08-28","1787842800000","1787842800000"
"kfind-catalog-d102-087000000-0001","머핀","|BREAKFAST|SNACK|","25","MEDIUM","|COOK|INGREDIENTS_INCOMPLETE|","|UNKNOWN|","","KOREAN","식품영양성분 데이터베이스 (K-FIND) 2026-08-28","1787842800000","1787842800000"
"kfind-catalog-d114-601000000-0001","가죽나물무침","|LUNCH|DINNER|","25","MEDIUM","|COOK|INGREDIENTS_INCOMPLETE|","|UNKNOWN|","","KOREAN","식품영양성분 데이터베이스 (K-FIND) 2026-08-28","1787842800000","1787842800000"
"kfind-catalog-d314-607000000-0001","골뱅이무침","|LUNCH|DINNER|","10","MEDIUM","|DINING_OUT|INGREDIENTS_INCOMPLETE|","|UNKNOWN|","","KOREAN","식품영양성분 데이터베이스 (K-FIND) 2026-08-28","1787842800000","1787842800000"
"kfind-catalog-d114-609000000-0001","굴무침","|LUNCH|DINNER|","10","MEDIUM","|DINING_OUT|INGREDIENTS_INCOMPLETE|","|UNKNOWN|","","KOREAN","식품영양성분 데이터베이스 (K-FIND) 2026-08-28","1787842800000","1787842800000"
"kfind-catalog-d114-610000000-0001","김무침","|LUNCH|DINNER|","10","MEDIUM","|DINING_OUT|INGREDIENTS_INCOMPLETE|","|UNKNOWN|","","KOREAN","식품영양성분 데이터베이스 (K-FIND) 2026-08-28","1787842800000","1787842800000"
"kfind-catalog-d114-611000000-0001","낙지무침","|LUNCH|DINNER|","10","MEDIUM","|DINING_OUT|INGREDIENTS_INCOMPLETE|","|UNKNOWN|","","KOREAN","식품영양성분 데이터베이스 (K-FIND) 2026-08-28","1787842800000","1787842800000"
"kfind-catalog-d314-613000000-0001","노각무침","|LUNCH|DINNER|","25","MEDIUM","|COOK|INGREDIENTS_INCOMPLETE|","|UNKNOWN|","","KOREAN","식품영양성분 데이터베이스 (K-FIND) 2026-08-28","1787842800000","1787842800000"
"kfind-catalog-d314-640000000-0001","콥샐러드&시저드레싱","|LUNCH|DINNER|","5","MEDIUM","|CONVENIENCE|INGREDIENTS_INCOMPLETE|","|UNKNOWN|","","KOREAN","식품영양성분 데이터베이스 (K-FIND) 2026-08-28","1787842800000","1787842800000"
"kfind-catalog-d114-640020000-0001","감자 샐러드","|LUNCH|DINNER|","10","MEDIUM","|DINING_OUT|INGREDIENTS_INCOMPLETE|","|UNKNOWN|","","KOREAN","식품영양성분 데이터베이스 (K-FIND) 2026-08-28","1787842800000","1787842800000"
"kfind-catalog-d314-640030000-0001","고구마 샐러드","|LUNCH|DINNER|","5","MEDIUM","|CONVENIENCE|INGREDIENTS_INCOMPLETE|","|UNKNOWN|","","KOREAN","식품영양성분 데이터베이스 (K-FIND) 2026-08-28","1787842800000","1787842800000"
"kfind-catalog-d214-640000000-0019","과일리코타 샐러드","|BREAKFAST|SNACK|","10","MEDIUM","|DINING_OUT|INGREDIENTS_INCOMPLETE|","|UNKNOWN|","","KOREAN","식품영양성분 데이터베이스 (K-FIND) 2026-08-28","1787842800000","1787842800000"
"kfind-catalog-d214-640000000-0001","과카몰리치킨 샐러드","|LUNCH|DINNER|","10","MEDIUM","|DINING_OUT|INGREDIENTS_INCOMPLETE|","|UNKNOWN|","","KOREAN","식품영양성분 데이터베이스 (K-FIND) 2026-08-28","1787842800000","1787842800000"
"kfind-catalog-d214-640000000-0002","그릴드 치킨 샐러드","|LUNCH|DINNER|","5","MEDIUM","|CONVENIENCE|INGREDIENTS_INCOMPLETE|","|밀|우유|대두|달걀|토마토|닭고기|","","KOREAN","식품영양성분 데이터베이스 (K-FIND) 2026-08-28; 할리스 공식 제품정보 확인 2026-09-27","1787842800000","1787842800000"
"kfind-catalog-d214-640000000-0003","그릴드치킨 시저 샐러드","|LUNCH|DINNER|","5","MEDIUM","|CONVENIENCE|INGREDIENTS_INCOMPLETE|","|UNKNOWN|","","KOREAN","식품영양성분 데이터베이스 (K-FIND) 2026-08-28","1787842800000","1787842800000"
"kfind-catalog-d214-640000000-0028","그릴치킨오렌지샐러드","|LUNCH|DINNER|","25","MEDIUM","|COOK|INGREDIENTS_INCOMPLETE|","|UNKNOWN|","","KOREAN","식품영양성분 데이터베이스 (K-FIND) 2026-08-28","1787842800000","1787842800000"
"kfind-catalog-d302-096070000-0002","닭고기또띠아샌드위치","|BREAKFAST|SNACK|","10","MEDIUM","|DINING_OUT|INGREDIENTS_INCOMPLETE|","|UNKNOWN|","","KOREAN","식품영양성분 데이터베이스 (K-FIND) 2026-08-28","1787842800000","1787842800000"
"kfind-catalog-d202-096000000-0193","게살듬뿍모닝 샌드위치","|BREAKFAST|SNACK|","5","MEDIUM","|CONVENIENCE|INGREDIENTS_INCOMPLETE|","|UNKNOWN|","","KOREAN","식품영양성분 데이터베이스 (K-FIND) 2026-08-28","1787842800000","1787842800000"
"kfind-catalog-d202-096000000-0009","고르곤졸라 불고기 파니니","|BREAKFAST|SNACK|","10","MEDIUM","|DINING_OUT|INGREDIENTS_INCOMPLETE|","|UNKNOWN|","","KOREAN","식품영양성분 데이터베이스 (K-FIND) 2026-08-28","1787842800000","1787842800000"
"kfind-catalog-d202-096000000-0158","고소한햄에그샌드위치","|BREAKFAST|SNACK|","5","MEDIUM","|CONVENIENCE|INGREDIENTS_INCOMPLETE|","|UNKNOWN|","","KOREAN","식품영양성분 데이터베이스 (K-FIND) 2026-08-28","1787842800000","1787842800000"
"kfind-catalog-d202-096000000-0010","그릭치킨 샌드위치","|BREAKFAST|SNACK|","10","MEDIUM","|DINING_OUT|INGREDIENTS_INCOMPLETE|","|UNKNOWN|","","KOREAN","식품영양성분 데이터베이스 (K-FIND) 2026-08-28","1787842800000","1787842800000"
"kfind-catalog-d202-096000000-0117","그릴치킨 당근라페 샌드위치","|BREAKFAST|SNACK|","5","MEDIUM","|CONVENIENCE|INGREDIENTS_INCOMPLETE|","|UNKNOWN|","","KOREAN","식품영양성분 데이터베이스 (K-FIND) 2026-08-28","1787842800000","1787842800000"
"kfind-catalog-d202-083000000-0020","매콤치킨랩","|BREAKFAST|SNACK|","10","MEDIUM","|DINING_OUT|INGREDIENTS_INCOMPLETE|","|UNKNOWN|","","KOREAN","식품영양성분 데이터베이스 (K-FIND) 2026-08-28","1787842800000","1787842800000"
"kfind-catalog-d202-083000000-0021","베지텐더밸런스랩","|BREAKFAST|SNACK|","25","MEDIUM","|COOK|INGREDIENTS_INCOMPLETE|","|UNKNOWN|","","KOREAN","식품영양성분 데이터베이스 (K-FIND) 2026-08-28","1787842800000","1787842800000"
"kfind-catalog-d202-083000000-0022","싱그러운치킨텐더그린랩","|BREAKFAST|SNACK|","10","MEDIUM","|DINING_OUT|INGREDIENTS_INCOMPLETE|","|UNKNOWN|","","KOREAN","식품영양성분 데이터베이스 (K-FIND) 2026-08-28","1787842800000","1787842800000"
"kfind-catalog-d202-083000000-0023","크리스퍼랩","|BREAKFAST|SNACK|","25","MEDIUM","|COOK|INGREDIENTS_INCOMPLETE|","|UNKNOWN|","","KOREAN","식품영양성분 데이터베이스 (K-FIND) 2026-08-28","1787842800000","1787842800000"
"kfind-catalog-d202-115000000-0001","갈릭스틱토스트","|BREAKFAST|SNACK|","10","MEDIUM","|DINING_OUT|INGREDIENTS_INCOMPLETE|","|UNKNOWN|","","KOREAN","식품영양성분 데이터베이스 (K-FIND) 2026-08-28","1787842800000","1787842800000"
"kfind-catalog-d202-115000000-0002","갈릭치즈토스트","|BREAKFAST|SNACK|","10","MEDIUM","|DINING_OUT|INGREDIENTS_INCOMPLETE|","|UNKNOWN|","","KOREAN","식품영양성분 데이터베이스 (K-FIND) 2026-08-28","1787842800000","1787842800000"
"kfind-catalog-d202-115000000-0003","구운햄치즈 토스트","|BREAKFAST|SNACK|","10","MEDIUM","|DINING_OUT|INGREDIENTS_INCOMPLETE|","|UNKNOWN|","","KOREAN","식품영양성분 데이터베이스 (K-FIND) 2026-08-28","1787842800000","1787842800000"
"kfind-catalog-d202-115000000-0024","누텔라 바나나 토스트","|BREAKFAST|SNACK|","10","MEDIUM","|DINING_OUT|INGREDIENTS_INCOMPLETE|","|UNKNOWN|","","KOREAN","식품영양성분 데이터베이스 (K-FIND) 2026-08-28","1787842800000","1787842800000"
"kfind-catalog-d303-161000000-0002","바질크림 빠네 파스타","|LUNCH|DINNER|","25","MEDIUM","|COOK|INGREDIENTS_INCOMPLETE|","|UNKNOWN|","","KOREAN","식품영양성분 데이터베이스 (K-FIND) 2026-08-28","1787842800000","1787842800000"
"kfind-catalog-d303-161000000-0004","볼로네제라구파스타","|LUNCH|DINNER|","5","MEDIUM","|CONVENIENCE|INGREDIENTS_INCOMPLETE|","|UNKNOWN|","","KOREAN","식품영양성분 데이터베이스 (K-FIND) 2026-08-28","1787842800000","1787842800000"
"kfind-catalog-d303-161000000-0005","쉬림프 로제파스타","|LUNCH|DINNER|","25","MEDIUM","|COOK|INGREDIENTS_INCOMPLETE|","|UNKNOWN|","","KOREAN","식품영양성분 데이터베이스 (K-FIND) 2026-08-28","1787842800000","1787842800000"
"kfind-catalog-d303-161000000-0007","쉬림프 크림파스타","|LUNCH|DINNER|","25","MEDIUM","|COOK|INGREDIENTS_INCOMPLETE|","|UNKNOWN|","","KOREAN","식품영양성분 데이터베이스 (K-FIND) 2026-08-28","1787842800000","1787842800000"
"kfind-catalog-d303-161000000-0008","알리오올리오파스타","|LUNCH|DINNER|","10","MEDIUM","|DINING_OUT|INGREDIENTS_INCOMPLETE|","|UNKNOWN|","","KOREAN","식품영양성분 데이터베이스 (K-FIND) 2026-08-28","1787842800000","1787842800000"
"kfind-catalog-d303-161000000-0009","에그인헬파스타","|LUNCH|DINNER|","25","MEDIUM","|COOK|INGREDIENTS_INCOMPLETE|","|UNKNOWN|","","KOREAN","식품영양성분 데이터베이스 (K-FIND) 2026-08-28","1787842800000","1787842800000"
"kfind-catalog-d220-718000000-0015","마시는 요거트 딸기","|BREAKFAST|SNACK|","25","MEDIUM","|COOK|INGREDIENTS_INCOMPLETE|","|UNKNOWN|","","KOREAN","식품영양성분 데이터베이스 (K-FIND) 2026-08-28","1787842800000","1787842800000"
"kfind-catalog-d220-718000000-0016","마시는 요거트 망고","|BREAKFAST|SNACK|","10","MEDIUM","|DINING_OUT|INGREDIENTS_INCOMPLETE|","|UNKNOWN|","","KOREAN","식품영양성분 데이터베이스 (K-FIND) 2026-08-28","1787842800000","1787842800000"
"kfind-catalog-d220-718000000-0017","마시는 요거트 블루베리","|BREAKFAST|SNACK|","5","MEDIUM","|CONVENIENCE|INGREDIENTS_INCOMPLETE|","|UNKNOWN|","","KOREAN","식품영양성분 데이터베이스 (K-FIND) 2026-08-28","1787842800000","1787842800000"
"kfind-catalog-d220-718000000-0018","마시는 요거트 자몽","|BREAKFAST|SNACK|","10","MEDIUM","|DINING_OUT|INGREDIENTS_INCOMPLETE|","|UNKNOWN|","","KOREAN","식품영양성분 데이터베이스 (K-FIND) 2026-08-28","1787842800000","1787842800000"
"kfind-catalog-d220-716000000-0018","딸기 생과일주스","|BREAKFAST|SNACK|","5","MEDIUM","|CONVENIENCE|INGREDIENTS_INCOMPLETE|","|UNKNOWN|","","KOREAN","식품영양성분 데이터베이스 (K-FIND) 2026-08-28","1787842800000","1787842800000"
"kfind-catalog-d220-716000000-0052","바나나 생과일 주스","|BREAKFAST|SNACK|","10","MEDIUM","|DINING_OUT|INGREDIENTS_INCOMPLETE|","|UNKNOWN|","","KOREAN","식품영양성분 데이터베이스 (K-FIND) 2026-08-28","1787842800000","1787842800000"
"kfind-catalog-d220-716000000-0065","생과일 수박 주스","|BREAKFAST|SNACK|","10","MEDIUM","|DINING_OUT|INGREDIENTS_INCOMPLETE|","|UNKNOWN|","","KOREAN","식품영양성분 데이터베이스 (K-FIND) 2026-08-28","1787842800000","1787842800000"
"kfind-catalog-d220-716000000-0066","생과일 토마토 주스","|BREAKFAST|SNACK|","25","MEDIUM","|COOK|INGREDIENTS_INCOMPLETE|","|UNKNOWN|","","KOREAN","식품영양성분 데이터베이스 (K-FIND) 2026-08-28","1787842800000","1787842800000"
