"id","mealTemplateId","foodItemId","amount","unit","adjustable","minimumAmount","maximumAmount","adjustmentStep"
"","kfind-breakfast-cook-1","kfind-d304-180000000-0001","800","g","true","400","1200","10"
"","kfind-breakfast-cook-2","kfind-d101-044000000-0001","480","g","true","240","720","10"
"","kfind-breakfast-cook-3","kfind-d301-002000000-0001","350","g","true","175","525","10"
"","kfind-breakfast-dining_out-1","kfind-d103-144280000-0001","500","g","true","250","750","10"
"","kfind-breakfast-dining_out-2","kfind-d102-096280000-0001","250","g","true","125","375","10"
"","kfind-breakfast-dining_out-3","kfind-d101-007520000-0001","290","g","true","145","435","10"
"","kfind-breakfast-convenience-1","kfind-d202-096060000-0001","237","g","true","118.5","355.5","10"
"","kfind-breakfast-convenience-2","kfind-d202-115000000-0021","160","g","true","80","240","10"
"","kfind-breakfast-convenience-3","kfind-d202-083000000-0022","270","g","true","135","405","10"
"","kfind-lunch-cook-1","kfind-d301-017550000-0001","400","g","true","200","600","10"
"","kfind-lunch-cook-2","kfind-d101-028000000-0001","400","g","true","200","600","10"
"","kfind-lunch-cook-3","kfind-d301-017250000-0001","400","g","true","200","600","10"
"","kfind-lunch-dining_out-1","kfind-d103-173000000-0001","550","g","true","275","825","10"
"","kfind-lunch-dining_out-2","kfind-d305-256210000-0001","1000","g","true","500","1500","10"
"","kfind-lunch-dining_out-3","kfind-d303-164310000-0001","1000","g","true","500","1500","10"
"","kfind-lunch-convenience-1","kfind-d306-286000000-0001","1114","g","true","557","1671","10"
"","kfind-lunch-convenience-2","kfind-d306-281000000-0001","1269","g","true","634.5","1903.5","10"
"","kfind-lunch-convenience-3","kfind-d201-059200000-0002","356","g","true","178","534","10"
"","kfind-dinner-cook-1","kfind-d306-262000000-0001","600","g","true","300","900","10"
"","kfind-dinner-cook-2","kfind-d101-017030000-0001","260","g","true","130","390","10"
"","kfind-dinner-cook-3","kfind-d103-145000000-0001","700","g","true","350","1050","10"
"","kfind-dinner-dining_out-1","kfind-d101-051200000-0001","410","g","true","205","615","10"
"","kfind-dinner-dining_out-2","kfind-d101-042200000-0001","380","g","true","190","570","10"
"","kfind-dinner-dining_out-3","kfind-d103-151300000-0001","700","g","true","350","1050","10"
"","kfind-dinner-convenience-1","kfind-d202-096000000-0183","242","g","true","121","363","10"
"","kfind-dinner-convenience-2","kfind-d203-194000000-0004","420","g","true","210","630","10"
"","kfind-dinner-convenience-3","kfind-d210-467000000-0008","415","g","true","207.5","622.5","10"
"","kfind-snack-cook-1","kfind-d104-197000000-0001","400","g","true","200","600","10"
"","kfind-snack-cook-2","kfind-d120-730000000-0001","300","g","true","150","450","10"
"","kfind-snack-cook-3","kfind-d102-053000000-0001","100","g","true","50","150","10"
"","kfind-snack-dining_out-1","kfind-d102-072000000-0001","100","g","true","50","150","10"
"","kfind-snack-dining_out-2","kfind-d102-082290000-0001","70","g","true","35","105","5"
"","kfind-snack-dining_out-3","kfind-d319-711030000-0001","100","g","true","50","150","10"
"","kfind-snack-convenience-1","kfind-d220-748000000-0209","625","g","true","312.5","937.5","10"
"","kfind-snack-convenience-2","kfind-d220-716000000-0249","290","g","true","145","435","10"
"","kfind-snack-convenience-3","kfind-d202-110000000-0545","75","g","true","37.5","112.5","5"
"","kfind-catalog-d301-001000000-0001","kfind-d301-001000000-0001","300","g","true","150","450","10"
"","kfind-catalog-d301-004000000-0001","kfind-d301-004000000-0001","300","g","true","150","450","10"
"","kfind-catalog-d301-005000000-0001","kfind-d301-005000000-0001","300","g","true","150","450","10"
"","kfind-catalog-d101-006000000-0001","kfind-d101-006000000-0001","300","g","true","150","450","10"
"","kfind-catalog-d101-007000000-0001","kfind-d101-007000000-0001","300","g","true","150","450","10"
"","kfind-catalog-d301-015000000-0001","kfind-d301-015000000-0001","300","g","true","150","450","10"
"","kfind-catalog-d101-016000000-0001","kfind-d101-016000000-0001","300","g","true","150","450","10"
"","kfind-catalog-d101-017000000-0001","kfind-d101-017000000-0001","300","g","true","150","450","10"
"","kfind-catalog-d101-018000000-0001","kfind-d101-018000000-0001","300","g","true","150","450","10"
"","kfind-catalog-d301-020000000-0001","kfind-d301-020000000-0001","300","g","true","150","450","10"
"","kfind-catalog-d101-021000000-0001","kfind-d101-021000000-0001","300","g","true","150","450","10"
"","kfind-catalog-d301-022000000-0001","kfind-d301-022000000-0001","300","g","true","150","450","10"
"","kfind-catalog-d101-023000000-0001","kfind-d101-023000000-0001","300","g","true","150","450","10"
"","kfind-catalog-d301-024000000-0001","kfind-d301-024000000-0001","300","g","true","150","450","10"
"","kfind-catalog-d301-025000000-0001","kfind-d301-025000000-0001","300","g","true","150","450","10"
"","kfind-catalog-d101-026000000-0001","kfind-d101-026000000-0001","300","g","true","150","450","10"
"","kfind-catalog-d301-027000000-0001","kfind-d301-027000000-0001","300","g","true","150","450","10"
"","kfind-catalog-d101-031000000-0001","kfind-d101-031000000-0001","300","g","true","150","450","10"
"","kfind-catalog-d101-032000000-0001","kfind-d101-032000000-0001","300","g","true","150","450","10"
"","kfind-catalog-d101-033000000-0001","kfind-d101-033000000-0001","300","g","true","150","450","10"
"","kfind-catalog-d301-034000000-0001","kfind-d301-034000000-0001","300","g","true","150","450","10"
"","kfind-catalog-d101-037000000-0001","kfind-d101-037000000-0001","300","g","true","150","450","10"
"","kfind-catalog-d101-038000000-0001","kfind-d101-038000000-0001","300","g","true","150","450","10"
"","kfind-catalog-d101-039000000-0001","kfind-d101-039000000-0001","300","g","true","150","450","10"
"","kfind-catalog-d301-043000000-0001","kfind-d301-043000000-0001","300","g","true","150","450","10"
"","kfind-catalog-d301-045000000-0001","kfind-d301-045000000-0001","300","g","true","150","450","10"
"","kfind-catalog-d101-047000000-0001","kfind-d101-047000000-0001","300","g","true","150","450","10"
"","kfind-catalog-d101-049000000-0001","kfind-d101-049000000-0001","300","g","true","150","450","10"
"","kfind-catalog-d304-179000000-0001","kfind-d304-179000000-0001","400","g","true","200","600","10"
"","kfind-catalog-d104-181000000-0001","kfind-d104-181000000-0001","400","g","true","200","600","10"
"","kfind-catalog-d304-182000000-0001","kfind-d304-182000000-0001","400","g","true","200","600","10"
"","kfind-catalog-d304-183000000-0001","kfind-d304-183000000-0001","400","g","true","200","600","10"
"","kfind-catalog-d304-184000000-0001","kfind-d304-184000000-0001","400","g","true","200","600","10"
"","kfind-catalog-d304-186000000-0001","kfind-d304-186000000-0001","400","g","true","200","600","10"
"","kfind-catalog-d304-187000000-0001","kfind-d304-187000000-0001","400","g","true","200","600","10"
"","kfind-catalog-d104-188000000-0001","kfind-d104-188000000-0001","400","g","true","200","600","10"
"","kfind-catalog-d304-189000000-0001","kfind-d304-189000000-0001","400","g","true","200","600","10"
"","kfind-catalog-d304-190000000-0001","kfind-d304-190000000-0001","400","g","true","200","600","10"
"","kfind-catalog-d104-191000000-0001","kfind-d104-191000000-0001","400","g","true","200","600","10"
"","kfind-catalog-d304-192000000-0001","kfind-d304-192000000-0001","400","g","true","200","600","10"
"","kfind-catalog-d304-193000000-0001","kfind-d304-193000000-0001","400","g","true","200","600","10"
"","kfind-catalog-d104-194000000-0001","kfind-d104-194000000-0001","400","g","true","200","600","10"
"","kfind-catalog-d104-195000000-0001","kfind-d104-195000000-0001","400","g","true","200","600","10"
"","kfind-catalog-d103-141000000-0001","kfind-d103-141000000-0001","450","g","true","225","675","10"
"","kfind-catalog-d303-143000000-0001","kfind-d303-143000000-0001","450","g","true","225","675","10"
"","kfind-catalog-d103-146000000-0001","kfind-d103-146000000-0001","450","g","true","225","675","10"
"","kfind-catalog-d103-148000000-0001","kfind-d103-148000000-0001","450","g","true","225","675","10"
"","kfind-catalog-d303-151000000-0001","kfind-d303-151000000-0001","450","g","true","225","675","10"
"","kfind-catalog-d303-156000000-0001","kfind-d303-156000000-0001","450","g","true","225","675","10"
"","kfind-catalog-d303-157000000-0001","kfind-d303-157000000-0001","450","g","true","225","675","10"
"","kfind-catalog-d103-160000000-0001","kfind-d103-160000000-0001","450","g","true","225","675","10"
"","kfind-catalog-d303-162000000-0001","kfind-d303-162000000-0001","450","g","true","225","675","10"
"","kfind-catalog-d303-163000000-0001","kfind-d303-163000000-0001","450","g","true","225","675","10"
"","kfind-catalog-d103-165000000-0001","kfind-d103-165000000-0001","450","g","true","225","675","10"
"","kfind-catalog-d303-166000000-0001","kfind-d303-166000000-0001","450","g","true","225","675","10"
"","kfind-catalog-d103-167000000-0001","kfind-d103-167000000-0001","450","g","true","225","675","10"
"","kfind-catalog-d103-168000000-0001","kfind-d103-168000000-0001","450","g","true","225","675","10"
"","kfind-catalog-d103-172000000-0001","kfind-d103-172000000-0001","450","g","true","225","675","10"
"","kfind-catalog-d103-174000000-0001","kfind-d103-174000000-0001","450","g","true","225","675","10"
"","kfind-catalog-d103-175000000-0001","kfind-d103-175000000-0001","450","g","true","225","675","10"
"","kfind-catalog-d303-177000000-0002","kfind-d303-177000000-0002","450","g","true","225","675","10"
"","kfind-catalog-d105-199000000-0001","kfind-d105-199000000-0001","400","g","true","200","600","10"
"","kfind-catalog-d105-200000000-0001","kfind-d105-200000000-0001","400","g","true","200","600","10"
"","kfind-catalog-d305-201000000-0001","kfind-d305-201000000-0001","400","g","true","200","600","10"
"","kfind-catalog-d305-202000000-0001","kfind-d305-202000000-0001","400","g","true","200","600","10"
"","kfind-catalog-d105-203000000-0001","kfind-d105-203000000-0001","400","g","true","200","600","10"
"","kfind-catalog-d105-205000000-0001","kfind-d105-205000000-0001","400","g","true","200","600","10"
"","kfind-catalog-d305-207000000-0001","kfind-d305-207000000-0001","400","g","true","200","600","10"
"","kfind-catalog-d105-208000000-0001","kfind-d105-208000000-0001","400","g","true","200","600","10"
"","kfind-catalog-d105-210000000-0001","kfind-d105-210000000-0001","400","g","true","200","600","10"
"","kfind-catalog-d105-213000000-0001","kfind-d105-213000000-0001","400","g","true","200","600","10"
"","kfind-catalog-d105-215000000-0001","kfind-d105-215000000-0001","400","g","true","200","600","10"
"","kfind-catalog-d105-272000000-0001","kfind-d105-272000000-0001","400","g","true","200","600","10"
"","kfind-catalog-d305-218000000-0001","kfind-d305-218000000-0001","400","g","true","200","600","10"
"","kfind-catalog-d305-259000000-0001","kfind-d305-259000000-0001","400","g","true","200","600","10"
"","kfind-catalog-d305-222000000-0001","kfind-d305-222000000-0001","400","g","true","200","600","10"
"","kfind-catalog-d105-223000000-0001","kfind-d105-223000000-0001","400","g","true","200","600","10"
"","kfind-catalog-d105-226000000-0001","kfind-d105-226000000-0001","400","g","true","200","600","10"
"","kfind-catalog-d105-227000000-0001","kfind-d105-227000000-0001","400","g","true","200","600","10"
"","kfind-catalog-d105-228000000-0001","kfind-d105-228000000-0001","400","g","true","200","600","10"
"","kfind-catalog-d105-229000000-0001","kfind-d105-229000000-0001","400","g","true","200","600","10"
"","kfind-catalog-d105-231000000-0001","kfind-d105-231000000-0001","400","g","true","200","600","10"
"","kfind-catalog-d305-233000000-0001","kfind-d305-233000000-0001","400","g","true","200","600","10"
"","kfind-catalog-d105-234000000-0001","kfind-d105-234000000-0001","400","g","true","200","600","10"
"","kfind-catalog-d305-235000000-0001","kfind-d305-235000000-0001","400","g","true","200","600","10"
"","kfind-catalog-d105-237000000-0001","kfind-d105-237000000-0001","400","g","true","200","600","10"
"","kfind-catalog-d305-239000000-0001","kfind-d305-239000000-0001","400","g","true","200","600","10"
"","kfind-catalog-d305-240000000-0001","kfind-d305-240000000-0001","400","g","true","200","600","10"
"","kfind-catalog-d305-241000000-0001","kfind-d305-241000000-0001","400","g","true","200","600","10"
"","kfind-catalog-d106-259000000-0001","kfind-d106-259000000-0001","400","g","true","200","600","10"
"","kfind-catalog-d106-260000000-0001","kfind-d106-260000000-0001","400","g","true","200","600","10"
"","kfind-catalog-d106-265000000-0001","kfind-d106-265000000-0001","400","g","true","200","600","10"
"","kfind-catalog-d306-266000000-0001","kfind-d306-266000000-0001","400","g","true","200","600","10"
"","kfind-catalog-d306-267000000-0001","kfind-d306-267000000-0001","400","g","true","200","600","10"
"","kfind-catalog-d106-268000000-0001","kfind-d106-268000000-0001","400","g","true","200","600","10"
"","kfind-catalog-d106-270000000-0001","kfind-d106-270000000-0001","400","g","true","200","600","10"
"","kfind-catalog-d106-273000000-0001","kfind-d106-273000000-0001","400","g","true","200","600","10"
"","kfind-catalog-d106-274000000-0001","kfind-d106-274000000-0001","400","g","true","200","600","10"
"","kfind-catalog-d106-275000000-0001","kfind-d106-275000000-0001","400","g","true","200","600","10"
"","kfind-catalog-d306-276000000-0001","kfind-d306-276000000-0001","400","g","true","200","600","10"
"","kfind-catalog-d306-278000000-0002","kfind-d306-278000000-0002","400","g","true","200","600","10"
"","kfind-catalog-d306-279000000-0002","kfind-d306-279000000-0002","400","g","true","200","600","10"
"","kfind-catalog-d106-282000000-0001","kfind-d106-282000000-0001","400","g","true","200","600","10"
"","kfind-catalog-d306-283000000-0001","kfind-d306-283000000-0001","400","g","true","200","600","10"
"","kfind-catalog-d106-284000000-0001","kfind-d106-284000000-0001","400","g","true","200","600","10"
"","kfind-catalog-d106-289000000-0001","kfind-d106-289000000-0001","400","g","true","200","600","10"
"","kfind-catalog-d106-293000000-0001","kfind-d106-293000000-0001","400","g","true","200","600","10"
"","kfind-catalog-d106-294000000-0001","kfind-d106-294000000-0001","400","g","true","200","600","10"
"","kfind-catalog-d106-295000000-0001","kfind-d106-295000000-0001","400","g","true","200","600","10"
"","kfind-catalog-d106-296000000-0001","kfind-d106-296000000-0001","400","g","true","200","600","10"
"","kfind-catalog-d106-297000000-0001","kfind-d106-297000000-0001","400","g","true","200","600","10"
"","kfind-catalog-d108-352000000-0001","kfind-d108-352000000-0001","250","g","true","125","375","10"
"","kfind-catalog-d308-364000000-0001","kfind-d308-364000000-0001","250","g","true","125","375","10"
"","kfind-catalog-d108-365000000-0001","kfind-d108-365000000-0001","250","g","true","125","375","10"
"","kfind-catalog-d108-368000000-0001","kfind-d108-368000000-0001","250","g","true","125","375","10"
"","kfind-catalog-d308-371000000-0001","kfind-d308-371000000-0001","250","g","true","125","375","10"
"","kfind-catalog-d308-374000000-0001","kfind-d308-374000000-0001","250","g","true","125","375","10"
"","kfind-catalog-d108-376000000-0001","kfind-d108-376000000-0001","250","g","true","125","375","10"
"","kfind-catalog-d108-377000000-0001","kfind-d108-377000000-0001","250","g","true","125","375","10"
"","kfind-catalog-d108-379000000-0001","kfind-d108-379000000-0001","250","g","true","125","375","10"
"","kfind-catalog-d108-380000000-0001","kfind-d108-380000000-0001","250","g","true","125","375","10"
"","kfind-catalog-d108-381000000-0001","kfind-d108-381000000-0001","250","g","true","125","375","10"
"","kfind-catalog-d108-382000000-0001","kfind-d108-382000000-0001","250","g","true","125","375","10"
"","kfind-catalog-d108-383000000-0001","kfind-d108-383000000-0001","250","g","true","125","375","10"
"","kfind-catalog-d108-384000000-0001","kfind-d108-384000000-0001","250","g","true","125","375","10"
"","kfind-catalog-d108-386000000-0001","kfind-d108-386000000-0001","250","g","true","125","375","10"
"","kfind-catalog-d308-388000000-0001","kfind-d308-388000000-0001","250","g","true","125","375","10"
"","kfind-catalog-d108-390000000-0001","kfind-d108-390000000-0001","250","g","true","125","375","10"
"","kfind-catalog-d108-392000000-0001","kfind-d108-392000000-0001","250","g","true","125","375","10"
"","kfind-catalog-d308-395000000-0001","kfind-d308-395000000-0001","250","g","true","125","375","10"
"","kfind-catalog-d108-399000000-0001","kfind-d108-399000000-0001","250","g","true","125","375","10"
"","kfind-catalog-d110-450000000-0001","kfind-d110-450000000-0001","250","g","true","125","375","10"
"","kfind-catalog-d110-451000000-0001","kfind-d110-451000000-0001","250","g","true","125","375","10"
"","kfind-catalog-d110-456000000-0001","kfind-d110-456000000-0001","250","g","true","125","375","10"
"","kfind-catalog-d110-457000000-0001","kfind-d110-457000000-0001","250","g","true","125","375","10"
"","kfind-catalog-d310-459000000-0001","kfind-d310-459000000-0001","250","g","true","125","375","10"
"","kfind-catalog-d310-460000000-0001","kfind-d310-460000000-0001","250","g","true","125","375","10"
"","kfind-catalog-d110-461000000-0001","kfind-d110-461000000-0001","250","g","true","125","375","10"
"","kfind-catalog-d110-462000000-0001","kfind-d110-462000000-0001","250","g","true","125","375","10"
"","kfind-catalog-d110-463000000-0001","kfind-d110-463000000-0001","250","g","true","125","375","10"
"","kfind-catalog-d310-464000000-0002","kfind-d310-464000000-0002","250","g","true","125","375","10"
"","kfind-catalog-d110-465000000-0001","kfind-d110-465000000-0001","250","g","true","125","375","10"
"","kfind-catalog-d310-466000000-0001","kfind-d310-466000000-0001","250","g","true","125","375","10"
"","kfind-catalog-d110-467000000-0001","kfind-d110-467000000-0001","250","g","true","125","375","10"
"","kfind-catalog-d110-468000000-0001","kfind-d110-468000000-0001","250","g","true","125","375","10"
"","kfind-catalog-d110-469000000-0001","kfind-d110-469000000-0001","250","g","true","125","375","10"
"","kfind-catalog-d110-470000000-0001","kfind-d110-470000000-0001","250","g","true","125","375","10"
"","kfind-catalog-d310-471000000-0001","kfind-d310-471000000-0001","250","g","true","125","375","10"
"","kfind-catalog-d110-472000000-0001","kfind-d110-472000000-0001","250","g","true","125","375","10"
"","kfind-catalog-d110-475000000-0001","kfind-d110-475000000-0001","250","g","true","125","375","10"
"","kfind-catalog-d110-477000000-0001","kfind-d110-477000000-0001","250","g","true","125","375","10"
"","kfind-catalog-d110-480000000-0001","kfind-d110-480000000-0001","250","g","true","125","375","10"
"","kfind-catalog-d110-482000000-0001","kfind-d110-482000000-0001","250","g","true","125","375","10"
"","kfind-catalog-d310-483000000-0004","kfind-d310-483000000-0004","250","g","true","125","375","10"
"","kfind-catalog-d110-484000000-0001","kfind-d110-484000000-0001","250","g","true","125","375","10"
"","kfind-catalog-d110-485000000-0001","kfind-d110-485000000-0001","250","g","true","125","375","10"
"","kfind-catalog-d311-506000000-0001","kfind-d311-506000000-0001","250","g","true","125","375","10"
"","kfind-catalog-d111-508000000-0001","kfind-d111-508000000-0001","250","g","true","125","375","10"
"","kfind-catalog-d111-509000000-0001","kfind-d111-509000000-0001","250","g","true","125","375","10"
"","kfind-catalog-d311-510000000-0001","kfind-d311-510000000-0001","250","g","true","125","375","10"
"","kfind-catalog-d111-511000000-0001","kfind-d111-511000000-0001","250","g","true","125","375","10"
"","kfind-catalog-d111-514000000-0001","kfind-d111-514000000-0001","250","g","true","125","375","10"
"","kfind-catalog-d111-515000000-0001","kfind-d111-515000000-0001","250","g","true","125","375","10"
"","kfind-catalog-d311-516000000-0001","kfind-d311-516000000-0001","250","g","true","125","375","10"
"","kfind-catalog-d111-517000000-0001","kfind-d111-517000000-0001","250","g","true","125","375","10"
"","kfind-catalog-d111-518000000-0001","kfind-d111-518000000-0001","250","g","true","125","375","10"
"","kfind-catalog-d111-519000000-0001","kfind-d111-519000000-0001","250","g","true","125","375","10"
"","kfind-catalog-d111-520000000-0001","kfind-d111-520000000-0001","250","g","true","125","375","10"
"","kfind-catalog-d111-521000000-0001","kfind-d111-521000000-0001","250","g","true","125","375","10"
"","kfind-catalog-d111-522000000-0001","kfind-d111-522000000-0001","250","g","true","125","375","10"
"","kfind-catalog-d111-523000000-0001","kfind-d111-523000000-0001","250","g","true","125","375","10"
"","kfind-catalog-d107-304000000-0001","kfind-d107-304000000-0001","250","g","true","125","375","10"
"","kfind-catalog-d107-310000000-0001","kfind-d107-310000000-0001","250","g","true","125","375","10"
"","kfind-catalog-d307-311000000-0001","kfind-d307-311000000-0001","250","g","true","125","375","10"
"","kfind-catalog-d107-312000000-0001","kfind-d107-312000000-0001","250","g","true","125","375","10"
"","kfind-catalog-d107-314000000-0001","kfind-d107-314000000-0001","250","g","true","125","375","10"
"","kfind-catalog-d107-318000000-0001","kfind-d107-318000000-0001","250","g","true","125","375","10"
"","kfind-catalog-d307-320000000-0001","kfind-d307-320000000-0001","250","g","true","125","375","10"
"","kfind-catalog-d307-322000000-0001","kfind-d307-322000000-0001","250","g","true","125","375","10"
"","kfind-catalog-d307-323000000-0001","kfind-d307-323000000-0001","250","g","true","125","375","10"
"","kfind-catalog-d107-324000000-0001","kfind-d107-324000000-0001","250","g","true","125","375","10"
"","kfind-catalog-d307-327000000-0001","kfind-d307-327000000-0001","250","g","true","125","375","10"
"","kfind-catalog-d307-330000000-0001","kfind-d307-330000000-0001","250","g","true","125","375","10"
"","kfind-catalog-d109-407000000-0001","kfind-d109-407000000-0001","250","g","true","125","375","10"
"","kfind-catalog-d109-408000000-0001","kfind-d109-408000000-0001","250","g","true","125","375","10"
"","kfind-catalog-d109-409000000-0001","kfind-d109-409000000-0001","250","g","true","125","375","10"
"","kfind-catalog-d309-410000000-0001","kfind-d309-410000000-0001","250","g","true","125","375","10"
"","kfind-catalog-d309-411000000-0001","kfind-d309-411000000-0001","250","g","true","125","375","10"
"","kfind-catalog-d109-412000000-0001","kfind-d109-412000000-0001","250","g","true","125","375","10"
"","kfind-catalog-d309-413000000-0001","kfind-d309-413000000-0001","250","g","true","125","375","10"
"","kfind-catalog-d309-415000000-0001","kfind-d309-415000000-0001","250","g","true","125","375","10"
"","kfind-catalog-d109-416000000-0001","kfind-d109-416000000-0001","250","g","true","125","375","10"
"","kfind-catalog-d109-417000000-0001","kfind-d109-417000000-0001","250","g","true","125","375","10"
"","kfind-catalog-d309-418000000-0001","kfind-d309-418000000-0001","250","g","true","125","375","10"
"","kfind-catalog-d109-419000000-0001","kfind-d109-419000000-0001","250","g","true","125","375","10"
"","kfind-catalog-d309-420000000-0001","kfind-d309-420000000-0001","250","g","true","125","375","10"
"","kfind-catalog-d109-421000000-0001","kfind-d109-421000000-0001","250","g","true","125","375","10"
"","kfind-catalog-d109-422000000-0001","kfind-d109-422000000-0001","250","g","true","125","375","10"
"","kfind-catalog-d112-537000000-0001","kfind-d112-537000000-0001","250","g","true","125","375","10"
"","kfind-catalog-d312-538000000-0001","kfind-d312-538000000-0001","250","g","true","125","375","10"
"","kfind-catalog-d312-539000000-0001","kfind-d312-539000000-0001","250","g","true","125","375","10"
"","kfind-catalog-d312-540000000-0001","kfind-d312-540000000-0001","250","g","true","125","375","10"
"","kfind-catalog-d312-541000000-0001","kfind-d312-541000000-0001","250","g","true","125","375","10"
"","kfind-catalog-d112-542000000-0001","kfind-d112-542000000-0001","250","g","true","125","375","10"
"","kfind-catalog-d312-545000000-0001","kfind-d312-545000000-0001","250","g","true","125","375","10"
"","kfind-catalog-d312-584000000-0001","kfind-d312-584000000-0001","250","g","true","125","375","10"
"","kfind-catalog-d302-054000000-0001","kfind-d302-054000000-0001","150","g","true","75","225","10"
"","kfind-catalog-d302-056000000-0001","kfind-d302-056000000-0001","150","g","true","75","225","10"
"","kfind-catalog-d102-057000000-0001","kfind-d102-057000000-0001","150","g","true","75","225","10"
"","kfind-catalog-d302-081000000-0001","kfind-d302-081000000-0001","150","g","true","75","225","10"
"","kfind-catalog-d102-085000000-0001","kfind-d102-085000000-0001","150","g","true","75","225","10"
"","kfind-catalog-d302-086000000-0001","kfind-d302-086000000-0001","150","g","true","75","225","10"
"","kfind-catalog-d302-129000000-0001","kfind-d302-129000000-0001","150","g","true","75","225","10"
"","kfind-catalog-d102-087000000-0001","kfind-d102-087000000-0001","150","g","true","75","225","10"
"","kfind-catalog-d114-601000000-0001","kfind-d114-601000000-0001","250","g","true","125","375","10"
"","kfind-catalog-d314-607000000-0001","kfind-d314-607000000-0001","250","g","true","125","375","10"
"","kfind-catalog-d114-609000000-0001","kfind-d114-609000000-0001","250","g","true","125","375","10"
"","kfind-catalog-d114-610000000-0001","kfind-d114-610000000-0001","250","g","true","125","375","10"
"","kfind-catalog-d114-611000000-0001","kfind-d114-611000000-0001","250","g","true","125","375","10"
"","kfind-catalog-d314-613000000-0001","kfind-d314-613000000-0001","250","g","true","125","375","10"
"","kfind-catalog-d314-640000000-0001","kfind-d314-640000000-0001","250","g","true","125","375","10"
"","kfind-catalog-d114-640020000-0001","kfind-d114-640020000-0001","250","g","true","125","375","10"
"","kfind-catalog-d314-640030000-0001","kfind-d314-640030000-0001","250","g","true","125","375","10"
"","kfind-catalog-d214-640000000-0019","kfind-d214-640000000-0019","250","g","true","125","375","10"
"","kfind-catalog-d214-640000000-0001","kfind-d214-640000000-0001","250","g","true","125","375","10"
"","kfind-catalog-d214-640000000-0002","kfind-d214-640000000-0002","250","g","true","125","375","10"
"","kfind-catalog-d214-640000000-0003","kfind-d214-640000000-0003","250","g","true","125","375","10"
"","kfind-catalog-d214-640000000-0028","kfind-d214-640000000-0028","250","g","true","125","375","10"
"","kfind-catalog-d302-096070000-0002","kfind-d302-096070000-0002","150","g","true","75","225","10"
"","kfind-catalog-d202-096000000-0193","kfind-d202-096000000-0193","150","g","true","75","225","10"
"","kfind-catalog-d202-096000000-0009","kfind-d202-096000000-0009","150","g","true","75","225","10"
"","kfind-catalog-d202-096000000-0158","kfind-d202-096000000-0158","150","g","true","75","225","10"
"","kfind-catalog-d202-096000000-0010","kfind-d202-096000000-0010","150","g","true","75","225","10"
"","kfind-catalog-d202-096000000-0117","kfind-d202-096000000-0117","150","g","true","75","225","10"
"","kfind-catalog-d202-083000000-0020","kfind-d202-083000000-0020","150","g","true","75","225","10"
"","kfind-catalog-d202-083000000-0021","kfind-d202-083000000-0021","150","g","true","75","225","10"
"","kfind-catalog-d202-083000000-0022","kfind-d202-083000000-0022","150","g","true","75","225","10"
"","kfind-catalog-d202-083000000-0023","kfind-d202-083000000-0023","150","g","true","75","225","10"
"","kfind-catalog-d202-115000000-0001","kfind-d202-115000000-0001","150","g","true","75","225","10"
"","kfind-catalog-d202-115000000-0002","kfind-d202-115000000-0002","150","g","true","75","225","10"
"","kfind-catalog-d202-115000000-0003","kfind-d202-115000000-0003","150","g","true","75","225","10"
"","kfind-catalog-d202-115000000-0024","kfind-d202-115000000-0024","150","g","true","75","225","10"
"","kfind-catalog-d303-161000000-0002","kfind-d303-161000000-0002","450","g","true","225","675","10"
"","kfind-catalog-d303-161000000-0004","kfind-d303-161000000-0004","450","g","true","225","675","10"
"","kfind-catalog-d303-161000000-0005","kfind-d303-161000000-0005","450","g","true","225","675","10"
"","kfind-catalog-d303-161000000-0007","kfind-d303-161000000-0007","450","g","true","225","675","10"
"","kfind-catalog-d303-161000000-0008","kfind-d303-161000000-0008","450","g","true","225","675","10"
"","kfind-catalog-d303-161000000-0009","kfind-d303-161000000-0009","450","g","true","225","675","10"
"","kfind-catalog-d220-718000000-0015","kfind-d220-718000000-0015","250","g","true","125","375","10"
"","kfind-catalog-d220-718000000-0016","kfind-d220-718000000-0016","250","g","true","125","375","10"
"","kfind-catalog-d220-718000000-0017","kfind-d220-718000000-0017","250","g","true","125","375","10"
"","kfind-catalog-d220-718000000-0018","kfind-d220-718000000-0018","250","g","true","125","375","10"
"","kfind-catalog-d220-716000000-0018","kfind-d220-716000000-0018","250","g","true","125","375","10"
"","kfind-catalog-d220-716000000-0052","kfind-d220-716000000-0052","250","g","true","125","375","10"
"","kfind-catalog-d220-716000000-0065","kfind-d220-716000000-0065","250","g","true","125","375","10"
"","kfind-catalog-d220-716000000-0066","kfind-d220-716000000-0066","250","g","true","125","375","10"
