id,brand,name,sourceUrl,verifiedAt,sourceDate,saleState,energyKcal,servingAmount,servingUnit,menuCategory,scope,sourceSha256,description,optionVariants
official-menu-nolboo-order-gp007840,놀부부대찌개,쭈곱새,https://order.kakao.com/wapi/order/v1/menu_group?orderType=DELIVERY&brandCode=NOLBOO&menuGroupCode=GP007840,2026-10-05,2022-12-29,OFFICIAL_ORDER_BRAND_SALES_UNVERIFIED,,,,,brand-wide,068863420d99de595fadc78c5d87851aa4bb8ca1f5db0e2c6bb73d7578bb31f8,쭈곱새 2인 (쭈꾸미+곱창+새우),"[{""code"": ""2100233"", ""name"": ""쭈곱새 2인"", ""lastUpdatedAt"": ""2022-12-29T02:10:07""}, {""code"": ""2100237"", ""name"": ""쭈곱새 4인"", ""lastUpdatedAt"": ""2022-12-29T02:10:07""}, {""code"": ""2100235"", ""name"": ""쭈곱새 3인"", ""lastUpdatedAt"": ""2022-12-29T02:10:07""}]"
official-menu-nolboo-order-gp007839,놀부부대찌개,우곱새,https://order.kakao.com/wapi/order/v1/menu_group?orderType=DELIVERY&brandCode=NOLBOO&menuGroupCode=GP007839,2026-10-05,2022-12-29,OFFICIAL_ORDER_BRAND_SALES_UNVERIFIED,,,,,brand-wide,f138f005e6d2487fd8cef71ac7ccb85cc49d69d620e1b161a768e032bbfe1b4c,우곱새 2인 (우삼겹+곱창+새우),"[{""code"": ""2100234"", ""name"": ""우곱새 2인"", ""lastUpdatedAt"": ""2022-12-29T02:10:07""}, {""code"": ""2100236"", ""name"": ""우곱새 3인"", ""lastUpdatedAt"": ""2022-12-29T02:10:07""}, {""code"": ""2100238"", ""name"": ""우곱새 4인"", ""lastUpdatedAt"": ""2022-12-29T02:10:07""}]"
official-menu-nolboo-order-gp003101,놀부부대찌개,놀부통핑세트,https://order.kakao.com/wapi/order/v1/menu_group?orderType=DELIVERY&brandCode=NOLBOO&menuGroupCode=GP003101,2026-10-05,2023-11-21,OFFICIAL_ORDER_BRAND_SALES_UNVERIFIED,,,,부대찌개,brand-wide,aeea6786f1b4657a8ee8d567c8c9a4ec2225b8b985643be4ebe40caa38d6e446,놀부부대찌개(2인)+돈카츠통핑(통등심돈카츠+브로니햄+생라면)+탄산,"[{""code"": ""2700571"", ""name"": ""통핑세트 2인_놀부"", ""lastUpdatedAt"": ""2023-11-21T00:32:19""}, {""code"": ""2700572"", ""name"": ""통핑세트 3인_놀부"", ""lastUpdatedAt"": ""2023-11-21T00:32:19""}, {""code"": ""2700573"", ""name"": ""통핑세트 4인_놀부"", ""lastUpdatedAt"": ""2023-11-21T00:32:19""}]"
official-menu-nolboo-order-gp003098,놀부부대찌개,놀부세트,https://order.kakao.com/wapi/order/v1/menu_group?orderType=DELIVERY&brandCode=NOLBOO&menuGroupCode=GP003098,2026-10-05,2023-11-21,OFFICIAL_ORDER_BRAND_SALES_UNVERIFIED,,,,부대찌개,brand-wide,673e710e1bfcd320db5b66f633f67033983a796afedad0f787e249d4b4ccaedb,놀부부대찌개(2인)+놀부사리(놀부햄+프랑크소시지+사라미햄+브로니햄+감자만두+조랭이떡+감자수제비+생라면)+탄산,"[{""code"": ""2700574"", ""name"": ""놀부세트 2인_놀부"", ""lastUpdatedAt"": ""2023-11-21T00:32:19""}, {""code"": ""2700575"", ""name"": ""놀부세트 3인_놀부"", ""lastUpdatedAt"": ""2023-11-21T00:32:19""}, {""code"": ""2700576"", ""name"": ""놀부세트 4인_놀부"", ""lastUpdatedAt"": ""2023-11-21T00:32:19""}]"
official-menu-nolboo-order-gp003100,놀부부대찌개,치즈놀부세트,https://order.kakao.com/wapi/order/v1/menu_group?orderType=DELIVERY&brandCode=NOLBOO&menuGroupCode=GP003100,2026-10-05,2023-11-21,OFFICIAL_ORDER_BRAND_SALES_UNVERIFIED,,,,부대찌개,brand-wide,6455d57a8747599962a15c558a3dc12a04357bb3411583cf365fed378a4653be,치즈부대찌개(2인)+놀부사리(놀부햄+프랑크소시지+사라미햄+브로니햄+감자만두+조랭이떡+감자수제비+생라면)+탄산,"[{""code"": ""2700595"", ""name"": ""놀부세트 2인_치즈"", ""lastUpdatedAt"": ""2023-11-21T00:32:19""}, {""code"": ""2700596"", ""name"": ""놀부세트 3인_치즈"", ""lastUpdatedAt"": ""2023-11-21T00:32:19""}, {""code"": ""2700597"", ""name"": ""놀부세트 4인_치즈"", ""lastUpdatedAt"": ""2023-11-21T00:32:19""}]"
official-menu-nolboo-order-gp003099,놀부부대찌개,우삼겹놀부세트,https://order.kakao.com/wapi/order/v1/menu_group?orderType=DELIVERY&brandCode=NOLBOO&menuGroupCode=GP003099,2026-10-05,2023-11-21,OFFICIAL_ORDER_BRAND_SALES_UNVERIFIED,,,,부대찌개,brand-wide,e10e7f38f4615a8bcafcd338544f7959a9b407feee1e74fae30366e7064c689b,우삼겹부대찌개(2인)+놀부사리(놀부햄+프랑크소시지+사라미햄+브로니햄+감자만두+조랭이떡+감자수제비+생라면)+탄산,"[{""code"": ""2700592"", ""name"": ""놀부세트 2인_우삼겹"", ""lastUpdatedAt"": ""2023-11-21T00:32:19""}, {""code"": ""2700593"", ""name"": ""놀부세트 3인_우삼겹"", ""lastUpdatedAt"": ""2023-11-21T00:32:19""}, {""code"": ""2700594"", ""name"": ""놀부세트 4인_우삼겹"", ""lastUpdatedAt"": ""2023-11-21T00:32:19""}]"
official-menu-nolboo-order-gp003097,놀부부대찌개,김치놀부세트,https://order.kakao.com/wapi/order/v1/menu_group?orderType=DELIVERY&brandCode=NOLBOO&menuGroupCode=GP003097,2026-10-05,2023-11-21,OFFICIAL_ORDER_BRAND_SALES_UNVERIFIED,,,,부대찌개,brand-wide,b87476e17de8546c61db40817c883a97439490140dd20bb59aae7a9221b99a01,김치부대찌개(2인)+놀부사리(놀부햄+프랑크소시지+사라미햄+브로니햄+감자만두+조랭이떡+감자수제비+생라면)+탄산,"[{""code"": ""2700598"", ""name"": ""놀부세트 2인_김치"", ""lastUpdatedAt"": ""2023-11-21T00:32:19""}, {""code"": ""2700599"", ""name"": ""놀부세트 3인_김치"", ""lastUpdatedAt"": ""2023-11-21T00:32:19""}, {""code"": ""2700600"", ""name"": ""놀부세트 4인_김치"", ""lastUpdatedAt"": ""2023-11-21T00:32:19""}]"
official-menu-nolboo-order-gp027407,놀부부대찌개,옛맛놀부세트,https://order.kakao.com/wapi/order/v1/menu_group?orderType=DELIVERY&brandCode=NOLBOO&menuGroupCode=GP027407,2026-10-05,2022-12-29,OFFICIAL_ORDER_BRAND_SALES_UNVERIFIED,,,,부대찌개,brand-wide,884ed5d5c120f6f8661c146d78b23a1bf6273503a40c4caa40710f10a873a407,옛맛부대찌개+놀부사리(놀부햄+프랑크소시지+사라미햄+브로니햄+감자만두+조랭이떡+감자수제비+생라면)+탄산 미조리상태로 제공,"[{""code"": ""2700607"", ""name"": ""옛맛놀부세트 2인"", ""lastUpdatedAt"": ""2022-12-29T02:10:07""}, {""code"": ""2700608"", ""name"": ""옛맛놀부세트 3인"", ""lastUpdatedAt"": ""2022-12-29T02:10:07""}, {""code"": ""2700609"", ""name"": ""옛맛놀부세트 4인"", ""lastUpdatedAt"": ""2022-12-29T02:10:07""}]"
official-menu-nolboo-order-gp045445,놀부부대찌개,콩불놀부세트,https://order.kakao.com/wapi/order/v1/menu_group?orderType=DELIVERY&brandCode=NOLBOO&menuGroupCode=GP045445,2026-10-05,2022-12-29,OFFICIAL_ORDER_BRAND_SALES_UNVERIFIED,,,,부대찌개,brand-wide,bdb2378e51a4bdab634f9d97008b58a28ef0da84b33802997ffeabac8fb3ad04,콩불부대찌개+놀부사리(놀부햄+프랑크소시지+사라미햄+브로니햄+감자만두+조랭이떡+감자수제비+생라면)+탄산 미조리상태로 제공,"[{""code"": ""2000304"", ""name"": ""놀부세트 2인_콩불"", ""lastUpdatedAt"": ""2022-12-29T02:10:07""}, {""code"": ""2000305"", ""name"": ""놀부세트 3인_콩불"", ""lastUpdatedAt"": ""2022-12-29T02:10:07""}, {""code"": ""3000306"", ""name"": ""놀부세트 4인_콩불"", ""lastUpdatedAt"": ""2022-12-29T02:10:07""}]"
official-menu-nolboo-order-gp045444,놀부부대찌개,마라놀부세트,https://order.kakao.com/wapi/order/v1/menu_group?orderType=DELIVERY&brandCode=NOLBOO&menuGroupCode=GP045444,2026-10-05,2022-12-29,OFFICIAL_ORDER_BRAND_SALES_UNVERIFIED,,,,부대찌개,brand-wide,d8a459e1cd7eb16563381b5a8202a3cab08efd9b65a495d3647de5f285056985,마라부대찌개+놀부사리(놀부햄+프랑크소시지+사라미햄+브로니햄+감자만두+조랭이떡+감자수제비+생라면)+탄산 미조리상태로 제공,"[{""code"": ""2999085"", ""name"": ""놀부세트 2인_마라"", ""lastUpdatedAt"": ""2022-12-29T02:10:07""}, {""code"": ""2999086"", ""name"": ""놀부세트 3인_마라"", ""lastUpdatedAt"": ""2022-12-29T02:10:07""}, {""code"": ""2999087"", ""name"": ""놀부세트 4인_마라"", ""lastUpdatedAt"": ""2022-12-29T02:10:07""}]"
official-menu-nolboo-order-gp003102,놀부부대찌개,치즈통핑세트,https://order.kakao.com/wapi/order/v1/menu_group?orderType=DELIVERY&brandCode=NOLBOO&menuGroupCode=GP003102,2026-10-05,2023-11-21,OFFICIAL_ORDER_BRAND_SALES_UNVERIFIED,,,,부대찌개,brand-wide,6afd0718fd741737c78f00fdd058e0815e0813486587db283304404c0caa242f,치즈부대찌개(2인)+돈카츠통핑(통등심돈카츠+브로니햄+생라면)+탄산,"[{""code"": ""2700589"", ""name"": ""통핑세트 2인_치즈"", ""lastUpdatedAt"": ""2023-11-21T00:32:19""}, {""code"": ""2700590"", ""name"": ""통핑세트 3인_치즈"", ""lastUpdatedAt"": ""2023-11-21T00:32:19""}, {""code"": ""2700591"", ""name"": ""통핑세트 4인_치즈"", ""lastUpdatedAt"": ""2023-11-21T00:32:19""}]"
official-menu-nolboo-order-gp025490,놀부부대찌개,통오징어통핑세트,https://order.kakao.com/wapi/order/v1/menu_group?orderType=DELIVERY&brandCode=NOLBOO&menuGroupCode=GP025490,2026-10-05,2022-12-29,OFFICIAL_ORDER_BRAND_SALES_UNVERIFIED,,,,부대찌개,brand-wide,a24b1a5083c3e8409c386b28e77b09010339dbb8e31b2a631a1707ef976c32ef,놀부부대찌개(2인)+통오징어통핑(통오징어튀김+생라면+브로니햄)+탄산 / 미조리 상태로 제공,"[{""code"": ""2000310"", ""name"": ""통오징어통핑놀부세트2인"", ""lastUpdatedAt"": ""2022-12-29T02:10:07""}, {""code"": ""2000311"", ""name"": ""통오징어통핑놀부세트3인"", ""lastUpdatedAt"": ""2022-12-29T02:10:07""}, {""code"": ""2000312"", ""name"": ""통오징어통핑놀부세트4인"", ""lastUpdatedAt"": ""2022-12-29T02:10:07""}]"
official-menu-nolboo-order-gp025489,놀부부대찌개,통오징어치즈통핑세트,https://order.kakao.com/wapi/order/v1/menu_group?orderType=DELIVERY&brandCode=NOLBOO&menuGroupCode=GP025489,2026-10-05,2022-12-29,OFFICIAL_ORDER_BRAND_SALES_UNVERIFIED,,,,부대찌개,brand-wide,58f5e3fe2452b97cc30b62d9b8f8228c16b9c55c22154113f5de6fed9b66e2f7,치즈부대찌개(2인)+통오징어통핑(통오징어튀김+생라면+브로니햄)+탄산 / 미조리 상태로 제공,"[{""code"": ""2000313"", ""name"": ""통오징어통핑치즈세트2인"", ""lastUpdatedAt"": ""2022-12-29T02:10:07""}, {""code"": ""2000314"", ""name"": ""통오징어통핑치즈세트3인"", ""lastUpdatedAt"": ""2022-12-29T02:10:07""}, {""code"": ""2000315"", ""name"": ""통오징어통핑치즈세트4인"", ""lastUpdatedAt"": ""2022-12-29T02:10:07""}]"
official-menu-nolboo-order-2999089,놀부부대찌개,돈곱새 1인,https://order.kakao.com/wapi/order/v1/menu_group?orderType=DELIVERY&brandCode=NOLBOO&menuGroupCode=2999089,2026-10-05,2022-12-29,OFFICIAL_ORDER_BRAND_SALES_UNVERIFIED,,,,,brand-wide,0655003dcec0787774e841f87808a158f25681598267252d9863d61c4bbd5da6,,"[{""code"": ""2999089"", ""name"": ""돈곱새 1인"", ""lastUpdatedAt"": ""2022-12-29T02:10:07""}]"
official-menu-nolboo-order-2999088,놀부부대찌개,햄곱새 1인,https://order.kakao.com/wapi/order/v1/menu_group?orderType=DELIVERY&brandCode=NOLBOO&menuGroupCode=2999088,2026-10-05,2022-12-29,OFFICIAL_ORDER_BRAND_SALES_UNVERIFIED,,,,,brand-wide,410a0d29e3b859f22b3006c53939c86f97c9566d0c539501d7f84703cf98849a,,"[{""code"": ""2999088"", ""name"": ""햄곱새 1인"", ""lastUpdatedAt"": ""2022-12-29T02:10:07""}]"
official-menu-nolboo-order-gp013922,놀부부대찌개,[완조리] 알찬부대세트,https://order.kakao.com/wapi/order/v1/menu_group?orderType=DELIVERY&brandCode=NOLBOO&menuGroupCode=GP013922,2026-10-05,2022-12-29,OFFICIAL_ORDER_BRAND_SALES_UNVERIFIED,,,,부대찌개,brand-wide,e15b82eb422b8d530032207d3138e95b1ebaacf698fc4c8b91cbcae242755a46,알찬 놀부부대찌개 (완조리),"[{""code"": ""2000233"", ""name"": ""알찬 놀부부대찌개 (완조리) 2인"", ""lastUpdatedAt"": ""2022-12-29T02:10:07""}, {""code"": ""2000234"", ""name"": ""알찬 치즈부대찌개 (완조리) 2인"", ""lastUpdatedAt"": ""2022-12-29T02:10:07""}, {""code"": ""2000235"", ""name"": ""알찬 김치부대찌개 (완조리) 2인"", ""lastUpdatedAt"": ""2022-12-29T02:10:07""}]"
official-menu-nolboo-order-gp045446,놀부부대찌개,제육놀부세트,https://order.kakao.com/wapi/order/v1/menu_group?orderType=DELIVERY&brandCode=NOLBOO&menuGroupCode=GP045446,2026-10-05,2022-12-29,OFFICIAL_ORDER_BRAND_SALES_UNVERIFIED,,,,,brand-wide,5563751e65bf34806e3e4a12bfe3d57066e8ad7e459108d3b310dc1710bb5a81,,"[{""code"": ""2000229"", ""name"": ""제육&놀부부대2인"", ""lastUpdatedAt"": ""2022-12-29T02:10:07""}, {""code"": ""2000230"", ""name"": ""제육&놀부부대3인"", ""lastUpdatedAt"": ""2022-12-29T02:10:07""}, {""code"": ""2000231"", ""name"": ""제육&놀부부대4인"", ""lastUpdatedAt"": ""2022-12-29T02:10:07""}]"
