foodItemId,sourceType,sourceFoodCode,name,normalizedName,brand,rawClassification,manufacturer,productReportNumber,packageSize,intakeReference,ingredients,ingredientText,ingredientStatus,allergens,allergenStatus,mayContainAllergens,foodGroups,foodGroupEvidenceScope,sourceReference,sourceName,checkedAt,sourceDate,parserVersion,identityEvidence,staleCandidate,allergenText,crossContactText,completeIngredientText,householdUnit,basisAmountPerUnit,basisUnit,servingSourceReference,servingEvidenceKind,servingSourceSize,recommendationReferenceAmount,recommendationReferenceUnit,recommendationSourceReference,menuCategory,sourceStatus,availabilityStatus,sourceVersion,sourceHash
official-menu-nolboo-order-gp007840,OFFICIAL-BRAND-MENU,GP007840,쭈곱새,,놀부부대찌개,,,,,,,쭈곱새 2인 (쭈꾸미+곱창+새우),PARTIAL_DESCRIPTION,,UNKNOWN,,,,https://order.kakao.com/wapi/order/v1/menu_group?orderType=DELIVERY&brandCode=NOLBOO&menuGroupCode=GP007840,놀부 공식 채널 연결 브랜드 주문 서비스,2026-10-05,2022-12-29,nolboo-official-order-v1,EXACT_BRAND_CODE_AND_MENU_GROUP|BRAND_WIDE_ORDER_CATALOG,true,,,,,,,,,,,,,,DATED_OFFICIAL_ORDER_CATALOG,CURRENT_SALES_UNVERIFIED,,068863420d99de595fadc78c5d87851aa4bb8ca1f5db0e2c6bb73d7578bb31f8
official-menu-nolboo-order-gp007839,OFFICIAL-BRAND-MENU,GP007839,우곱새,,놀부부대찌개,,,,,,,우곱새 2인 (우삼겹+곱창+새우),PARTIAL_DESCRIPTION,,UNKNOWN,,,,https://order.kakao.com/wapi/order/v1/menu_group?orderType=DELIVERY&brandCode=NOLBOO&menuGroupCode=GP007839,놀부 공식 채널 연결 브랜드 주문 서비스,2026-10-05,2022-12-29,nolboo-official-order-v1,EXACT_BRAND_CODE_AND_MENU_GROUP|BRAND_WIDE_ORDER_CATALOG,true,,,,,,,,,,,,,,DATED_OFFICIAL_ORDER_CATALOG,CURRENT_SALES_UNVERIFIED,,f138f005e6d2487fd8cef71ac7ccb85cc49d69d620e1b161a768e032bbfe1b4c
official-menu-nolboo-order-gp003101,OFFICIAL-BRAND-MENU,GP003101,놀부통핑세트,,놀부부대찌개,,,,,,,놀부부대찌개(2인)+돈카츠통핑(통등심돈카츠+브로니햄+생라면)+탄산,PARTIAL_DESCRIPTION,,UNKNOWN,,,,https://order.kakao.com/wapi/order/v1/menu_group?orderType=DELIVERY&brandCode=NOLBOO&menuGroupCode=GP003101,놀부 공식 채널 연결 브랜드 주문 서비스,2026-10-05,2023-11-21,nolboo-official-order-v1,EXACT_BRAND_CODE_AND_MENU_GROUP|BRAND_WIDE_ORDER_CATALOG,true,,,,,,,,,,,,,부대찌개,DATED_OFFICIAL_ORDER_CATALOG,CURRENT_SALES_UNVERIFIED,,aeea6786f1b4657a8ee8d567c8c9a4ec2225b8b985643be4ebe40caa38d6e446
official-menu-nolboo-order-gp003098,OFFICIAL-BRAND-MENU,GP003098,놀부세트,,놀부부대찌개,,,,,,,놀부부대찌개(2인)+놀부사리(놀부햄+프랑크소시지+사라미햄+브로니햄+감자만두+조랭이떡+감자수제비+생라면)+탄산,PARTIAL_DESCRIPTION,,UNKNOWN,,,,https://order.kakao.com/wapi/order/v1/menu_group?orderType=DELIVERY&brandCode=NOLBOO&menuGroupCode=GP003098,놀부 공식 채널 연결 브랜드 주문 서비스,2026-10-05,2023-11-21,nolboo-official-order-v1,EXACT_BRAND_CODE_AND_MENU_GROUP|BRAND_WIDE_ORDER_CATALOG,true,,,,,,,,,,,,,부대찌개,DATED_OFFICIAL_ORDER_CATALOG,CURRENT_SALES_UNVERIFIED,,673e710e1bfcd320db5b66f633f67033983a796afedad0f787e249d4b4ccaedb
official-menu-nolboo-order-gp003100,OFFICIAL-BRAND-MENU,GP003100,치즈놀부세트,,놀부부대찌개,,,,,,,치즈부대찌개(2인)+놀부사리(놀부햄+프랑크소시지+사라미햄+브로니햄+감자만두+조랭이떡+감자수제비+생라면)+탄산,PARTIAL_DESCRIPTION,,UNKNOWN,,,,https://order.kakao.com/wapi/order/v1/menu_group?orderType=DELIVERY&brandCode=NOLBOO&menuGroupCode=GP003100,놀부 공식 채널 연결 브랜드 주문 서비스,2026-10-05,2023-11-21,nolboo-official-order-v1,EXACT_BRAND_CODE_AND_MENU_GROUP|BRAND_WIDE_ORDER_CATALOG,true,,,,,,,,,,,,,부대찌개,DATED_OFFICIAL_ORDER_CATALOG,CURRENT_SALES_UNVERIFIED,,6455d57a8747599962a15c558a3dc12a04357bb3411583cf365fed378a4653be
official-menu-nolboo-order-gp003099,OFFICIAL-BRAND-MENU,GP003099,우삼겹놀부세트,,놀부부대찌개,,,,,,,우삼겹부대찌개(2인)+놀부사리(놀부햄+프랑크소시지+사라미햄+브로니햄+감자만두+조랭이떡+감자수제비+생라면)+탄산,PARTIAL_DESCRIPTION,,UNKNOWN,,,,https://order.kakao.com/wapi/order/v1/menu_group?orderType=DELIVERY&brandCode=NOLBOO&menuGroupCode=GP003099,놀부 공식 채널 연결 브랜드 주문 서비스,2026-10-05,2023-11-21,nolboo-official-order-v1,EXACT_BRAND_CODE_AND_MENU_GROUP|BRAND_WIDE_ORDER_CATALOG,true,,,,,,,,,,,,,부대찌개,DATED_OFFICIAL_ORDER_CATALOG,CURRENT_SALES_UNVERIFIED,,e10e7f38f4615a8bcafcd338544f7959a9b407feee1e74fae30366e7064c689b
official-menu-nolboo-order-gp003097,OFFICIAL-BRAND-MENU,GP003097,김치놀부세트,,놀부부대찌개,,,,,,,김치부대찌개(2인)+놀부사리(놀부햄+프랑크소시지+사라미햄+브로니햄+감자만두+조랭이떡+감자수제비+생라면)+탄산,PARTIAL_DESCRIPTION,,UNKNOWN,,,,https://order.kakao.com/wapi/order/v1/menu_group?orderType=DELIVERY&brandCode=NOLBOO&menuGroupCode=GP003097,놀부 공식 채널 연결 브랜드 주문 서비스,2026-10-05,2023-11-21,nolboo-official-order-v1,EXACT_BRAND_CODE_AND_MENU_GROUP|BRAND_WIDE_ORDER_CATALOG,true,,,,,,,,,,,,,부대찌개,DATED_OFFICIAL_ORDER_CATALOG,CURRENT_SALES_UNVERIFIED,,b87476e17de8546c61db40817c883a97439490140dd20bb59aae7a9221b99a01
official-menu-nolboo-order-gp027407,OFFICIAL-BRAND-MENU,GP027407,옛맛놀부세트,,놀부부대찌개,,,,,,,옛맛부대찌개+놀부사리(놀부햄+프랑크소시지+사라미햄+브로니햄+감자만두+조랭이떡+감자수제비+생라면)+탄산 미조리상태로 제공,PARTIAL_DESCRIPTION,,UNKNOWN,,,,https://order.kakao.com/wapi/order/v1/menu_group?orderType=DELIVERY&brandCode=NOLBOO&menuGroupCode=GP027407,놀부 공식 채널 연결 브랜드 주문 서비스,2026-10-05,2022-12-29,nolboo-official-order-v1,EXACT_BRAND_CODE_AND_MENU_GROUP|BRAND_WIDE_ORDER_CATALOG,true,,,,,,,,,,,,,부대찌개,DATED_OFFICIAL_ORDER_CATALOG,CURRENT_SALES_UNVERIFIED,,884ed5d5c120f6f8661c146d78b23a1bf6273503a40c4caa40710f10a873a407
official-menu-nolboo-order-gp045445,OFFICIAL-BRAND-MENU,GP045445,콩불놀부세트,,놀부부대찌개,,,,,,,콩불부대찌개+놀부사리(놀부햄+프랑크소시지+사라미햄+브로니햄+감자만두+조랭이떡+감자수제비+생라면)+탄산 미조리상태로 제공,PARTIAL_DESCRIPTION,,UNKNOWN,,,,https://order.kakao.com/wapi/order/v1/menu_group?orderType=DELIVERY&brandCode=NOLBOO&menuGroupCode=GP045445,놀부 공식 채널 연결 브랜드 주문 서비스,2026-10-05,2022-12-29,nolboo-official-order-v1,EXACT_BRAND_CODE_AND_MENU_GROUP|BRAND_WIDE_ORDER_CATALOG,true,,,,,,,,,,,,,부대찌개,DATED_OFFICIAL_ORDER_CATALOG,CURRENT_SALES_UNVERIFIED,,bdb2378e51a4bdab634f9d97008b58a28ef0da84b33802997ffeabac8fb3ad04
official-menu-nolboo-order-gp045444,OFFICIAL-BRAND-MENU,GP045444,마라놀부세트,,놀부부대찌개,,,,,,,마라부대찌개+놀부사리(놀부햄+프랑크소시지+사라미햄+브로니햄+감자만두+조랭이떡+감자수제비+생라면)+탄산 미조리상태로 제공,PARTIAL_DESCRIPTION,,UNKNOWN,,,,https://order.kakao.com/wapi/order/v1/menu_group?orderType=DELIVERY&brandCode=NOLBOO&menuGroupCode=GP045444,놀부 공식 채널 연결 브랜드 주문 서비스,2026-10-05,2022-12-29,nolboo-official-order-v1,EXACT_BRAND_CODE_AND_MENU_GROUP|BRAND_WIDE_ORDER_CATALOG,true,,,,,,,,,,,,,부대찌개,DATED_OFFICIAL_ORDER_CATALOG,CURRENT_SALES_UNVERIFIED,,d8a459e1cd7eb16563381b5a8202a3cab08efd9b65a495d3647de5f285056985
official-menu-nolboo-order-gp003102,OFFICIAL-BRAND-MENU,GP003102,치즈통핑세트,,놀부부대찌개,,,,,,,치즈부대찌개(2인)+돈카츠통핑(통등심돈카츠+브로니햄+생라면)+탄산,PARTIAL_DESCRIPTION,,UNKNOWN,,,,https://order.kakao.com/wapi/order/v1/menu_group?orderType=DELIVERY&brandCode=NOLBOO&menuGroupCode=GP003102,놀부 공식 채널 연결 브랜드 주문 서비스,2026-10-05,2023-11-21,nolboo-official-order-v1,EXACT_BRAND_CODE_AND_MENU_GROUP|BRAND_WIDE_ORDER_CATALOG,true,,,,,,,,,,,,,부대찌개,DATED_OFFICIAL_ORDER_CATALOG,CURRENT_SALES_UNVERIFIED,,6afd0718fd741737c78f00fdd058e0815e0813486587db283304404c0caa242f
official-menu-nolboo-order-gp025490,OFFICIAL-BRAND-MENU,GP025490,통오징어통핑세트,,놀부부대찌개,,,,,,,놀부부대찌개(2인)+통오징어통핑(통오징어튀김+생라면+브로니햄)+탄산 / 미조리 상태로 제공,PARTIAL_DESCRIPTION,,UNKNOWN,,,,https://order.kakao.com/wapi/order/v1/menu_group?orderType=DELIVERY&brandCode=NOLBOO&menuGroupCode=GP025490,놀부 공식 채널 연결 브랜드 주문 서비스,2026-10-05,2022-12-29,nolboo-official-order-v1,EXACT_BRAND_CODE_AND_MENU_GROUP|BRAND_WIDE_ORDER_CATALOG,true,,,,,,,,,,,,,부대찌개,DATED_OFFICIAL_ORDER_CATALOG,CURRENT_SALES_UNVERIFIED,,a24b1a5083c3e8409c386b28e77b09010339dbb8e31b2a631a1707ef976c32ef
official-menu-nolboo-order-gp025489,OFFICIAL-BRAND-MENU,GP025489,통오징어치즈통핑세트,,놀부부대찌개,,,,,,,치즈부대찌개(2인)+통오징어통핑(통오징어튀김+생라면+브로니햄)+탄산 / 미조리 상태로 제공,PARTIAL_DESCRIPTION,,UNKNOWN,,,,https://order.kakao.com/wapi/order/v1/menu_group?orderType=DELIVERY&brandCode=NOLBOO&menuGroupCode=GP025489,놀부 공식 채널 연결 브랜드 주문 서비스,2026-10-05,2022-12-29,nolboo-official-order-v1,EXACT_BRAND_CODE_AND_MENU_GROUP|BRAND_WIDE_ORDER_CATALOG,true,,,,,,,,,,,,,부대찌개,DATED_OFFICIAL_ORDER_CATALOG,CURRENT_SALES_UNVERIFIED,,58f5e3fe2452b97cc30b62d9b8f8228c16b9c55c22154113f5de6fed9b66e2f7
official-menu-nolboo-order-2999089,OFFICIAL-BRAND-MENU,2999089,돈곱새 1인,,놀부부대찌개,,,,,,,,UNKNOWN,,UNKNOWN,,,,https://order.kakao.com/wapi/order/v1/menu_group?orderType=DELIVERY&brandCode=NOLBOO&menuGroupCode=2999089,놀부 공식 채널 연결 브랜드 주문 서비스,2026-10-05,2022-12-29,nolboo-official-order-v1,EXACT_BRAND_CODE_AND_MENU_GROUP|BRAND_WIDE_ORDER_CATALOG,true,,,,,,,,,,,,,,DATED_OFFICIAL_ORDER_CATALOG,CURRENT_SALES_UNVERIFIED,,0655003dcec0787774e841f87808a158f25681598267252d9863d61c4bbd5da6
official-menu-nolboo-order-2999088,OFFICIAL-BRAND-MENU,2999088,햄곱새 1인,,놀부부대찌개,,,,,,,,UNKNOWN,,UNKNOWN,,,,https://order.kakao.com/wapi/order/v1/menu_group?orderType=DELIVERY&brandCode=NOLBOO&menuGroupCode=2999088,놀부 공식 채널 연결 브랜드 주문 서비스,2026-10-05,2022-12-29,nolboo-official-order-v1,EXACT_BRAND_CODE_AND_MENU_GROUP|BRAND_WIDE_ORDER_CATALOG,true,,,,,,,,,,,,,,DATED_OFFICIAL_ORDER_CATALOG,CURRENT_SALES_UNVERIFIED,,410a0d29e3b859f22b3006c53939c86f97c9566d0c539501d7f84703cf98849a
official-menu-nolboo-order-gp013922,OFFICIAL-BRAND-MENU,GP013922,[완조리] 알찬부대세트,,놀부부대찌개,,,,,,,알찬 놀부부대찌개 (완조리),PARTIAL_DESCRIPTION,,UNKNOWN,,,,https://order.kakao.com/wapi/order/v1/menu_group?orderType=DELIVERY&brandCode=NOLBOO&menuGroupCode=GP013922,놀부 공식 채널 연결 브랜드 주문 서비스,2026-10-05,2022-12-29,nolboo-official-order-v1,EXACT_BRAND_CODE_AND_MENU_GROUP|BRAND_WIDE_ORDER_CATALOG,true,,,,,,,,,,,,,부대찌개,DATED_OFFICIAL_ORDER_CATALOG,CURRENT_SALES_UNVERIFIED,,e15b82eb422b8d530032207d3138e95b1ebaacf698fc4c8b91cbcae242755a46
official-menu-nolboo-order-gp045446,OFFICIAL-BRAND-MENU,GP045446,제육놀부세트,,놀부부대찌개,,,,,,,,UNKNOWN,,UNKNOWN,,,,https://order.kakao.com/wapi/order/v1/menu_group?orderType=DELIVERY&brandCode=NOLBOO&menuGroupCode=GP045446,놀부 공식 채널 연결 브랜드 주문 서비스,2026-10-05,2022-12-29,nolboo-official-order-v1,EXACT_BRAND_CODE_AND_MENU_GROUP|BRAND_WIDE_ORDER_CATALOG,true,,,,,,,,,,,,,,DATED_OFFICIAL_ORDER_CATALOG,CURRENT_SALES_UNVERIFIED,,5563751e65bf34806e3e4a12bfe3d57066e8ad7e459108d3b310dc1710bb5a81
