recipeId,name,referenceId,referenceName,compositionKind,sourceInstitution,sourceUrl
RDA-DIET-89238-1,김치찌개,MENUZEN-D065004,"김치찌개(돼지고기, 된장)",REFERENCE_RECIPE,농촌진흥청 국립식량과학원 메뉴젠,https://www.nics.go.kr/food/kfi/mgnNewmenumkFoodSelectNew/selectFoodDetail.json?fdCode=D065004
RDA-DIET-89243-1,청국장찌개,MENUZEN-D063026,청국장찌개,REFERENCE_RECIPE,농촌진흥청 국립식량과학원 메뉴젠,https://www.nics.go.kr/food/kfi/mgnNewmenumkFoodSelectNew/selectFoodDetail.json?fdCode=D063026
RDA-DIET-89243-2,멸치볶음,MENUZEN-D101007,멸치볶음,REFERENCE_RECIPE,농촌진흥청 국립식량과학원 메뉴젠,https://www.nics.go.kr/food/kfi/mgnNewmenumkFoodSelectNew/selectFoodDetail.json?fdCode=D101007
RDA-DIET-89252-1,오이냉국,MENUZEN-D054003,오이냉국,REFERENCE_RECIPE,농촌진흥청 국립식량과학원 메뉴젠,https://www.nics.go.kr/food/kfi/mgnNewmenumkFoodSelectNew/selectFoodDetail.json?fdCode=D054003
RDA-DIET-89255-1,미역국,MENUZEN-D051047,미역국(멸치),REFERENCE_RECIPE,농촌진흥청 국립식량과학원 메뉴젠,https://www.nics.go.kr/food/kfi/mgnNewmenumkFoodSelectNew/selectFoodDetail.json?fdCode=D051047
RDA-DIET-89261-1,멸치볶음,MENUZEN-D101007,멸치볶음,REFERENCE_RECIPE,농촌진흥청 국립식량과학원 메뉴젠,https://www.nics.go.kr/food/kfi/mgnNewmenumkFoodSelectNew/selectFoodDetail.json?fdCode=D101007
RDA-DIET-89269-1,미역줄기볶음,MENUZEN-D103030,미역줄기볶음,REFERENCE_RECIPE,농촌진흥청 국립식량과학원 메뉴젠,https://www.nics.go.kr/food/kfi/mgnNewmenumkFoodSelectNew/selectFoodDetail.json?fdCode=D103030
RDA-DIET-89270-0,콩국수,MENUZEN-D031021,콩국수,REFERENCE_RECIPE,농촌진흥청 국립식량과학원 메뉴젠,https://www.nics.go.kr/food/kfi/mgnNewmenumkFoodSelectNew/selectFoodDetail.json?fdCode=D031021
RDA-DIET-89275-0,두부조림,MENUZEN-D114013,두부조림,REFERENCE_RECIPE,농촌진흥청 국립식량과학원 메뉴젠,https://www.nics.go.kr/food/kfi/mgnNewmenumkFoodSelectNew/selectFoodDetail.json?fdCode=D114013
RDA-DIET-89287-2,가자미조림,MENUZEN-D111052,가자미조림,REFERENCE_RECIPE,농촌진흥청 국립식량과학원 메뉴젠,https://www.nics.go.kr/food/kfi/mgnNewmenumkFoodSelectNew/selectFoodDetail.json?fdCode=D111052
RDA-DIET-89289-0,김밥,MENUZEN-D016004,김밥(햄),REFERENCE_RECIPE,농촌진흥청 국립식량과학원 메뉴젠,https://www.nics.go.kr/food/kfi/mgnNewmenumkFoodSelectNew/selectFoodDetail.json?fdCode=D016004
RDA-DIET-89305-0,전복죽,MENUZEN-D040011,전복죽,REFERENCE_RECIPE,농촌진흥청 국립식량과학원 메뉴젠,https://www.nics.go.kr/food/kfi/mgnNewmenumkFoodSelectNew/selectFoodDetail.json?fdCode=D040011
RDA-DIET-89306-3,마파두부,MENUZEN-D104007,마파두부,REFERENCE_RECIPE,농촌진흥청 국립식량과학원 메뉴젠,https://www.nics.go.kr/food/kfi/mgnNewmenumkFoodSelectNew/selectFoodDetail.json?fdCode=D104007
RDA-DIET-89309-1,보리밥,MENUZEN-D012006,보리밥,REFERENCE_RECIPE,농촌진흥청 국립식량과학원 메뉴젠,https://www.nics.go.kr/food/kfi/mgnNewmenumkFoodSelectNew/selectFoodDetail.json?fdCode=D012006
RDA-DIET-89313-0,돼지갈비찜,MENUZEN-D072003,돼지갈비찜(고추장),REFERENCE_RECIPE,농촌진흥청 국립식량과학원 메뉴젠,https://www.nics.go.kr/food/kfi/mgnNewmenumkFoodSelectNew/selectFoodDetail.json?fdCode=D072003
RDA-DIET-89315-3,땅콩조림,MENUZEN-D114005,땅콩조림,REFERENCE_RECIPE,농촌진흥청 국립식량과학원 메뉴젠,https://www.nics.go.kr/food/kfi/mgnNewmenumkFoodSelectNew/selectFoodDetail.json?fdCode=D114005
RDA-DIET-89319-5,땅콩조림,MENUZEN-D114005,땅콩조림,REFERENCE_RECIPE,농촌진흥청 국립식량과학원 메뉴젠,https://www.nics.go.kr/food/kfi/mgnNewmenumkFoodSelectNew/selectFoodDetail.json?fdCode=D114005
RDA-DIET-89322-0,보리밥,MENUZEN-D012006,보리밥,REFERENCE_RECIPE,농촌진흥청 국립식량과학원 메뉴젠,https://www.nics.go.kr/food/kfi/mgnNewmenumkFoodSelectNew/selectFoodDetail.json?fdCode=D012006
RDA-DIET-89322-5,미역줄기볶음,MENUZEN-D103030,미역줄기볶음,REFERENCE_RECIPE,농촌진흥청 국립식량과학원 메뉴젠,https://www.nics.go.kr/food/kfi/mgnNewmenumkFoodSelectNew/selectFoodDetail.json?fdCode=D103030
RDA-DIET-89323-1,북어국,MENUZEN-D051148,북어국,REFERENCE_RECIPE,농촌진흥청 국립식량과학원 메뉴젠,https://www.nics.go.kr/food/kfi/mgnNewmenumkFoodSelectNew/selectFoodDetail.json?fdCode=D051148
RDA-DIET-89324-3,삼치구이,MENUZEN-D081024,삼치구이,REFERENCE_RECIPE,농촌진흥청 국립식량과학원 메뉴젠,https://www.nics.go.kr/food/kfi/mgnNewmenumkFoodSelectNew/selectFoodDetail.json?fdCode=D081024
RDA-DIET-89324-4,굴전,MENUZEN-D091004,굴전,REFERENCE_RECIPE,농촌진흥청 국립식량과학원 메뉴젠,https://www.nics.go.kr/food/kfi/mgnNewmenumkFoodSelectNew/selectFoodDetail.json?fdCode=D091004
RDA-DIET-89326-3,차조밥,MENUZEN-D012022,차조밥,REFERENCE_RECIPE,농촌진흥청 국립식량과학원 메뉴젠,https://www.nics.go.kr/food/kfi/mgnNewmenumkFoodSelectNew/selectFoodDetail.json?fdCode=D012022
RDA-DIET-89326-5,감자조림,MENUZEN-D113002,감자조림,REFERENCE_RECIPE,농촌진흥청 국립식량과학원 메뉴젠,https://www.nics.go.kr/food/kfi/mgnNewmenumkFoodSelectNew/selectFoodDetail.json?fdCode=D113002
RDA-DIET-89341-1,청국장찌개,MENUZEN-D063026,청국장찌개,REFERENCE_RECIPE,농촌진흥청 국립식량과학원 메뉴젠,https://www.nics.go.kr/food/kfi/mgnNewmenumkFoodSelectNew/selectFoodDetail.json?fdCode=D063026
RDA-DIET-89341-2,멸치볶음,MENUZEN-D101007,멸치볶음,REFERENCE_RECIPE,농촌진흥청 국립식량과학원 메뉴젠,https://www.nics.go.kr/food/kfi/mgnNewmenumkFoodSelectNew/selectFoodDetail.json?fdCode=D101007
RDA-DIET-89348-1,오이냉국,MENUZEN-D054003,오이냉국,REFERENCE_RECIPE,농촌진흥청 국립식량과학원 메뉴젠,https://www.nics.go.kr/food/kfi/mgnNewmenumkFoodSelectNew/selectFoodDetail.json?fdCode=D054003
RDA-DIET-89358-3,멸치볶음,MENUZEN-D101007,멸치볶음,REFERENCE_RECIPE,농촌진흥청 국립식량과학원 메뉴젠,https://www.nics.go.kr/food/kfi/mgnNewmenumkFoodSelectNew/selectFoodDetail.json?fdCode=D101007
RDA-DIET-89367-3,미역줄기볶음,MENUZEN-D103030,미역줄기볶음,REFERENCE_RECIPE,농촌진흥청 국립식량과학원 메뉴젠,https://www.nics.go.kr/food/kfi/mgnNewmenumkFoodSelectNew/selectFoodDetail.json?fdCode=D103030
RDA-DIET-89386-0,가자미구이,MENUZEN-D081002,가자미구이,REFERENCE_RECIPE,농촌진흥청 국립식량과학원 메뉴젠,https://www.nics.go.kr/food/kfi/mgnNewmenumkFoodSelectNew/selectFoodDetail.json?fdCode=D081002
RDA-DIET-89387-1,꽃게탕,MENUZEN-D053006,꽃게탕,REFERENCE_RECIPE,농촌진흥청 국립식량과학원 메뉴젠,https://www.nics.go.kr/food/kfi/mgnNewmenumkFoodSelectNew/selectFoodDetail.json?fdCode=D053006
RDA-DIET-89396-2,깻잎찜,MENUZEN-D073002,깻잎찜,REFERENCE_RECIPE,농촌진흥청 국립식량과학원 메뉴젠,https://www.nics.go.kr/food/kfi/mgnNewmenumkFoodSelectNew/selectFoodDetail.json?fdCode=D073002
RDA-DIET-89404-2,뱅어포구이,MENUZEN-D081018,뱅어포구이(고추장),REFERENCE_RECIPE,농촌진흥청 국립식량과학원 메뉴젠,https://www.nics.go.kr/food/kfi/mgnNewmenumkFoodSelectNew/selectFoodDetail.json?fdCode=D081018
RDA-DIET-89408-0,더덕구이,KDCA-281-2535,더덕구이,SURVEY_AVERAGE,질병관리청 국민건강영양조사,https://knhanes.kdca.go.kr/knhanes/archive/wsiEtcPblcnDtl.do
RDA-DIET-89414-4,보리밥,MENUZEN-D012006,보리밥,REFERENCE_RECIPE,농촌진흥청 국립식량과학원 메뉴젠,https://www.nics.go.kr/food/kfi/mgnNewmenumkFoodSelectNew/selectFoodDetail.json?fdCode=D012006
RDA-DIET-89415-2,북어국,MENUZEN-D051148,북어국,REFERENCE_RECIPE,농촌진흥청 국립식량과학원 메뉴젠,https://www.nics.go.kr/food/kfi/mgnNewmenumkFoodSelectNew/selectFoodDetail.json?fdCode=D051148
RDA-DIET-89423-3,보리밥,MENUZEN-D012006,보리밥,REFERENCE_RECIPE,농촌진흥청 국립식량과학원 메뉴젠,https://www.nics.go.kr/food/kfi/mgnNewmenumkFoodSelectNew/selectFoodDetail.json?fdCode=D012006
RDA-DIET-89427-1,수수밥,MENUZEN-D012010,수수밥,REFERENCE_RECIPE,농촌진흥청 국립식량과학원 메뉴젠,https://www.nics.go.kr/food/kfi/mgnNewmenumkFoodSelectNew/selectFoodDetail.json?fdCode=D012010
RDA-DIET-89427-4,굴무침,MENUZEN-D133003,굴무침,REFERENCE_RECIPE,농촌진흥청 국립식량과학원 메뉴젠,https://www.nics.go.kr/food/kfi/mgnNewmenumkFoodSelectNew/selectFoodDetail.json?fdCode=D133003
RDA-DIET-89428-0,삼치구이,MENUZEN-D081024,삼치구이,REFERENCE_RECIPE,농촌진흥청 국립식량과학원 메뉴젠,https://www.nics.go.kr/food/kfi/mgnNewmenumkFoodSelectNew/selectFoodDetail.json?fdCode=D081024
RDA-DIET-89428-2,보리밥,MENUZEN-D012006,보리밥,REFERENCE_RECIPE,농촌진흥청 국립식량과학원 메뉴젠,https://www.nics.go.kr/food/kfi/mgnNewmenumkFoodSelectNew/selectFoodDetail.json?fdCode=D012006
RDA-DIET-89429-3,닭죽,MENUZEN-D040061,닭죽,REFERENCE_RECIPE,농촌진흥청 국립식량과학원 메뉴젠,https://www.nics.go.kr/food/kfi/mgnNewmenumkFoodSelectNew/selectFoodDetail.json?fdCode=D040061
RDA-DIET-89431-1,미역국,MENUZEN-D051047,미역국(멸치),REFERENCE_RECIPE,농촌진흥청 국립식량과학원 메뉴젠,https://www.nics.go.kr/food/kfi/mgnNewmenumkFoodSelectNew/selectFoodDetail.json?fdCode=D051047
RDA-DIET-89431-4,오곡밥,MENUZEN-D012013,오곡밥,REFERENCE_RECIPE,농촌진흥청 국립식량과학원 메뉴젠,https://www.nics.go.kr/food/kfi/mgnNewmenumkFoodSelectNew/selectFoodDetail.json?fdCode=D012013
RDA-DIET-89432-0,두부부침,MENUZEN-D095006,두부부침,REFERENCE_RECIPE,농촌진흥청 국립식량과학원 메뉴젠,https://www.nics.go.kr/food/kfi/mgnNewmenumkFoodSelectNew/selectFoodDetail.json?fdCode=D095006
RDA-DIET-89433-3,보리밥,MENUZEN-D012006,보리밥,REFERENCE_RECIPE,농촌진흥청 국립식량과학원 메뉴젠,https://www.nics.go.kr/food/kfi/mgnNewmenumkFoodSelectNew/selectFoodDetail.json?fdCode=D012006
RDA-DIET-89435-1,수수밥,MENUZEN-D012010,수수밥,REFERENCE_RECIPE,농촌진흥청 국립식량과학원 메뉴젠,https://www.nics.go.kr/food/kfi/mgnNewmenumkFoodSelectNew/selectFoodDetail.json?fdCode=D012010
RDA-DIET-89436-5,꼬막찜,MENUZEN-D071006,꼬막찜,REFERENCE_RECIPE,농촌진흥청 국립식량과학원 메뉴젠,https://www.nics.go.kr/food/kfi/mgnNewmenumkFoodSelectNew/selectFoodDetail.json?fdCode=D071006
RDA-DIET-89437-4,닭볶음탕,MENUZEN-D112006,닭볶음탕(고추장),REFERENCE_RECIPE,농촌진흥청 국립식량과학원 메뉴젠,https://www.nics.go.kr/food/kfi/mgnNewmenumkFoodSelectNew/selectFoodDetail.json?fdCode=D112006
RDA-DIET-89438-1,보리밥,MENUZEN-D012006,보리밥,REFERENCE_RECIPE,농촌진흥청 국립식량과학원 메뉴젠,https://www.nics.go.kr/food/kfi/mgnNewmenumkFoodSelectNew/selectFoodDetail.json?fdCode=D012006
RDA-DIET-89439-0,마늘쫑볶음,MENUZEN-D103025,마늘종볶음,REFERENCE_RECIPE,농촌진흥청 국립식량과학원 메뉴젠,https://www.nics.go.kr/food/kfi/mgnNewmenumkFoodSelectNew/selectFoodDetail.json?fdCode=D103025
RDA-DIET-89439-2,수수밥,MENUZEN-D012010,수수밥,REFERENCE_RECIPE,농촌진흥청 국립식량과학원 메뉴젠,https://www.nics.go.kr/food/kfi/mgnNewmenumkFoodSelectNew/selectFoodDetail.json?fdCode=D012010
RDA-DIET-89440-2,보리밥,MENUZEN-D012006,보리밥,REFERENCE_RECIPE,농촌진흥청 국립식량과학원 메뉴젠,https://www.nics.go.kr/food/kfi/mgnNewmenumkFoodSelectNew/selectFoodDetail.json?fdCode=D012006
RDA-DIET-89442-2,보리밥,MENUZEN-D012006,보리밥,REFERENCE_RECIPE,농촌진흥청 국립식량과학원 메뉴젠,https://www.nics.go.kr/food/kfi/mgnNewmenumkFoodSelectNew/selectFoodDetail.json?fdCode=D012006
RDA-DIET-89442-3,골뱅이무침,MENUZEN-D133002,골뱅이무침(초고추장),REFERENCE_RECIPE,농촌진흥청 국립식량과학원 메뉴젠,https://www.nics.go.kr/food/kfi/mgnNewmenumkFoodSelectNew/selectFoodDetail.json?fdCode=D133002
RDA-DIET-89443-0,마파두부,MENUZEN-D104007,마파두부,REFERENCE_RECIPE,농촌진흥청 국립식량과학원 메뉴젠,https://www.nics.go.kr/food/kfi/mgnNewmenumkFoodSelectNew/selectFoodDetail.json?fdCode=D104007
RDA-DIET-89443-4,오곡밥,MENUZEN-D012013,오곡밥,REFERENCE_RECIPE,농촌진흥청 국립식량과학원 메뉴젠,https://www.nics.go.kr/food/kfi/mgnNewmenumkFoodSelectNew/selectFoodDetail.json?fdCode=D012013
RDA-DIET-89443-5,오징어찌개,MENUZEN-D061043,오징어찌개(고추장),REFERENCE_RECIPE,농촌진흥청 국립식량과학원 메뉴젠,https://www.nics.go.kr/food/kfi/mgnNewmenumkFoodSelectNew/selectFoodDetail.json?fdCode=D061043
RDA-DIET-89446-2,비빔밥,MENUZEN-D014045,비빔밥,REFERENCE_RECIPE,농촌진흥청 국립식량과학원 메뉴젠,https://www.nics.go.kr/food/kfi/mgnNewmenumkFoodSelectNew/selectFoodDetail.json?fdCode=D014045
RDA-DIET-89447-1,보리밥,MENUZEN-D012006,보리밥,REFERENCE_RECIPE,농촌진흥청 국립식량과학원 메뉴젠,https://www.nics.go.kr/food/kfi/mgnNewmenumkFoodSelectNew/selectFoodDetail.json?fdCode=D012006
RDA-DIET-89448-4,꽃게탕,MENUZEN-D053006,꽃게탕,REFERENCE_RECIPE,농촌진흥청 국립식량과학원 메뉴젠,https://www.nics.go.kr/food/kfi/mgnNewmenumkFoodSelectNew/selectFoodDetail.json?fdCode=D053006
RDA-DIET-89448-5,느타리버섯볶음,MENUZEN-D103032,버섯볶음(느타리버섯),REFERENCE_RECIPE,농촌진흥청 국립식량과학원 메뉴젠,https://www.nics.go.kr/food/kfi/mgnNewmenumkFoodSelectNew/selectFoodDetail.json?fdCode=D103032
RDA-DIET-89449-0,수수밥,MENUZEN-D012010,수수밥,REFERENCE_RECIPE,농촌진흥청 국립식량과학원 메뉴젠,https://www.nics.go.kr/food/kfi/mgnNewmenumkFoodSelectNew/selectFoodDetail.json?fdCode=D012010
RDA-DIET-89450-4,낙지볶음,MENUZEN-D101006,낙지볶음(고추장),REFERENCE_RECIPE,농촌진흥청 국립식량과학원 메뉴젠,https://www.nics.go.kr/food/kfi/mgnNewmenumkFoodSelectNew/selectFoodDetail.json?fdCode=D101006
RDA-DIET-89451-3,보리밥,MENUZEN-D012006,보리밥,REFERENCE_RECIPE,농촌진흥청 국립식량과학원 메뉴젠,https://www.nics.go.kr/food/kfi/mgnNewmenumkFoodSelectNew/selectFoodDetail.json?fdCode=D012006
RDA-DIET-89452-2,찰밥,MENUZEN-D011003,찰밥,REFERENCE_RECIPE,농촌진흥청 국립식량과학원 메뉴젠,https://www.nics.go.kr/food/kfi/mgnNewmenumkFoodSelectNew/selectFoodDetail.json?fdCode=D011003
RDA-DIET-89452-3,고등어조림,MENUZEN-D111005,고등어조림(고추장),REFERENCE_RECIPE,농촌진흥청 국립식량과학원 메뉴젠,https://www.nics.go.kr/food/kfi/mgnNewmenumkFoodSelectNew/selectFoodDetail.json?fdCode=D111005
RDA-DIET-89452-5,깻잎찜,MENUZEN-D073002,깻잎찜,REFERENCE_RECIPE,농촌진흥청 국립식량과학원 메뉴젠,https://www.nics.go.kr/food/kfi/mgnNewmenumkFoodSelectNew/selectFoodDetail.json?fdCode=D073002
RDA-DIET-89456-1,수수밥,MENUZEN-D012010,수수밥,REFERENCE_RECIPE,농촌진흥청 국립식량과학원 메뉴젠,https://www.nics.go.kr/food/kfi/mgnNewmenumkFoodSelectNew/selectFoodDetail.json?fdCode=D012010
RDA-DIET-89457-0,두부조림,MENUZEN-D114013,두부조림,REFERENCE_RECIPE,농촌진흥청 국립식량과학원 메뉴젠,https://www.nics.go.kr/food/kfi/mgnNewmenumkFoodSelectNew/selectFoodDetail.json?fdCode=D114013
RDA-DIET-89457-4,임연수구이,MENUZEN-D081031,임연수어구이,REFERENCE_RECIPE,농촌진흥청 국립식량과학원 메뉴젠,https://www.nics.go.kr/food/kfi/mgnNewmenumkFoodSelectNew/selectFoodDetail.json?fdCode=D081031
RDA-DIET-89458-0,보리밥,MENUZEN-D012006,보리밥,REFERENCE_RECIPE,농촌진흥청 국립식량과학원 메뉴젠,https://www.nics.go.kr/food/kfi/mgnNewmenumkFoodSelectNew/selectFoodDetail.json?fdCode=D012006
RDA-DIET-89458-4,김치찌개,MENUZEN-D065004,"김치찌개(돼지고기, 된장)",REFERENCE_RECIPE,농촌진흥청 국립식량과학원 메뉴젠,https://www.nics.go.kr/food/kfi/mgnNewmenumkFoodSelectNew/selectFoodDetail.json?fdCode=D065004
MFDS-124,열무김치,MENUZEN-D140083,열무김치,REFERENCE_RECIPE,농촌진흥청 국립식량과학원 메뉴젠,https://www.nics.go.kr/food/kfi/mgnNewmenumkFoodSelectNew/selectFoodDetail.json?fdCode=D140083
MFDS-132,율무밥,MENUZEN-D012016,율무밥,REFERENCE_RECIPE,농촌진흥청 국립식량과학원 메뉴젠,https://www.nics.go.kr/food/kfi/mgnNewmenumkFoodSelectNew/selectFoodDetail.json?fdCode=D012016
MFDS-134,근대된장국,MENUZEN-D052005,근대된장국,REFERENCE_RECIPE,농촌진흥청 국립식량과학원 메뉴젠,https://www.nics.go.kr/food/kfi/mgnNewmenumkFoodSelectNew/selectFoodDetail.json?fdCode=D052005
MFDS-145,오이소박이,MENUZEN-D140084,오이소박이,REFERENCE_RECIPE,농촌진흥청 국립식량과학원 메뉴젠,https://www.nics.go.kr/food/kfi/mgnNewmenumkFoodSelectNew/selectFoodDetail.json?fdCode=D140084
MFDS-157,수수밥,MENUZEN-D012010,수수밥,REFERENCE_RECIPE,농촌진흥청 국립식량과학원 메뉴젠,https://www.nics.go.kr/food/kfi/mgnNewmenumkFoodSelectNew/selectFoodDetail.json?fdCode=D012010
MFDS-163,배추김치,MENUZEN-D140007,배추김치,REFERENCE_RECIPE,농촌진흥청 국립식량과학원 메뉴젠,https://www.nics.go.kr/food/kfi/mgnNewmenumkFoodSelectNew/selectFoodDetail.json?fdCode=D140007
MFDS-164,조기구이,MENUZEN-D081035,조기구이,REFERENCE_RECIPE,농촌진흥청 국립식량과학원 메뉴젠,https://www.nics.go.kr/food/kfi/mgnNewmenumkFoodSelectNew/selectFoodDetail.json?fdCode=D081035
MFDS-174,오이생채,MENUZEN-D132104,오이생채,REFERENCE_RECIPE,농촌진흥청 국립식량과학원 메뉴젠,https://www.nics.go.kr/food/kfi/mgnNewmenumkFoodSelectNew/selectFoodDetail.json?fdCode=D132104
MFDS-177,깍두기,MENUZEN-D140003,깍두기,REFERENCE_RECIPE,농촌진흥청 국립식량과학원 메뉴젠,https://www.nics.go.kr/food/kfi/mgnNewmenumkFoodSelectNew/selectFoodDetail.json?fdCode=D140003
MFDS-185,흑미밥,MENUZEN-D011008,흑미밥,REFERENCE_RECIPE,농촌진흥청 국립식량과학원 메뉴젠,https://www.nics.go.kr/food/kfi/mgnNewmenumkFoodSelectNew/selectFoodDetail.json?fdCode=D011008
MFDS-189,돼지고기장조림,MENUZEN-D112008,돼지고기장조림(메추리알),REFERENCE_RECIPE,농촌진흥청 국립식량과학원 메뉴젠,https://www.nics.go.kr/food/kfi/mgnNewmenumkFoodSelectNew/selectFoodDetail.json?fdCode=D112008
MFDS-196,수제비,MENUZEN-D031009,수제비,REFERENCE_RECIPE,농촌진흥청 국립식량과학원 메뉴젠,https://www.nics.go.kr/food/kfi/mgnNewmenumkFoodSelectNew/selectFoodDetail.json?fdCode=D031009
MFDS-198,호박잎된장국,MENUZEN-D052121,호박잎된장국,REFERENCE_RECIPE,농촌진흥청 국립식량과학원 메뉴젠,https://www.nics.go.kr/food/kfi/mgnNewmenumkFoodSelectNew/selectFoodDetail.json?fdCode=D052121
MFDS-199,탕평채,MENUZEN-D132066,탕평채,REFERENCE_RECIPE,농촌진흥청 국립식량과학원 메뉴젠,https://www.nics.go.kr/food/kfi/mgnNewmenumkFoodSelectNew/selectFoodDetail.json?fdCode=D132066
MFDS-202,콩나물국,MENUZEN-D051072,콩나물국,REFERENCE_RECIPE,농촌진흥청 국립식량과학원 메뉴젠,https://www.nics.go.kr/food/kfi/mgnNewmenumkFoodSelectNew/selectFoodDetail.json?fdCode=D051072
MFDS-208,나박김치,MENUZEN-D140005,나박김치,REFERENCE_RECIPE,농촌진흥청 국립식량과학원 메뉴젠,https://www.nics.go.kr/food/kfi/mgnNewmenumkFoodSelectNew/selectFoodDetail.json?fdCode=D140005
MFDS-215,상추겉절이,MENUZEN-D132103,상추겉절이,REFERENCE_RECIPE,농촌진흥청 국립식량과학원 메뉴젠,https://www.nics.go.kr/food/kfi/mgnNewmenumkFoodSelectNew/selectFoodDetail.json?fdCode=D132103
MFDS-222,콩나물무침,MENUZEN-D132036,콩나물무침,REFERENCE_RECIPE,농촌진흥청 국립식량과학원 메뉴젠,https://www.nics.go.kr/food/kfi/mgnNewmenumkFoodSelectNew/selectFoodDetail.json?fdCode=D132036
MFDS-233,가지찜,MENUZEN-D073001,가지찜,REFERENCE_RECIPE,농촌진흥청 국립식량과학원 메뉴젠,https://www.nics.go.kr/food/kfi/mgnNewmenumkFoodSelectNew/selectFoodDetail.json?fdCode=D073001
MFDS-236,떡볶이,MENUZEN-D104016,떡볶이,REFERENCE_RECIPE,농촌진흥청 국립식량과학원 메뉴젠,https://www.nics.go.kr/food/kfi/mgnNewmenumkFoodSelectNew/selectFoodDetail.json?fdCode=D104016
MFDS-242,옥수수밥,MENUZEN-D012014,옥수수밥,REFERENCE_RECIPE,농촌진흥청 국립식량과학원 메뉴젠,https://www.nics.go.kr/food/kfi/mgnNewmenumkFoodSelectNew/selectFoodDetail.json?fdCode=D012014
MFDS-251,총각김치,MENUZEN-D140014,총각김치,REFERENCE_RECIPE,농촌진흥청 국립식량과학원 메뉴젠,https://www.nics.go.kr/food/kfi/mgnNewmenumkFoodSelectNew/selectFoodDetail.json?fdCode=D140014
MFDS-264,감자전,MENUZEN-D093002,감자전,REFERENCE_RECIPE,농촌진흥청 국립식량과학원 메뉴젠,https://www.nics.go.kr/food/kfi/mgnNewmenumkFoodSelectNew/selectFoodDetail.json?fdCode=D093002
MFDS-266,두부조림,MENUZEN-D114013,두부조림,REFERENCE_RECIPE,농촌진흥청 국립식량과학원 메뉴젠,https://www.nics.go.kr/food/kfi/mgnNewmenumkFoodSelectNew/selectFoodDetail.json?fdCode=D114013
MFDS-270,풋고추찜,MENUZEN-D073007,풋고추찜,REFERENCE_RECIPE,농촌진흥청 국립식량과학원 메뉴젠,https://www.nics.go.kr/food/kfi/mgnNewmenumkFoodSelectNew/selectFoodDetail.json?fdCode=D073007
MFDS-272,버섯전골,MENUZEN-D064006,버섯전골,REFERENCE_RECIPE,농촌진흥청 국립식량과학원 메뉴젠,https://www.nics.go.kr/food/kfi/mgnNewmenumkFoodSelectNew/selectFoodDetail.json?fdCode=D064006
MFDS-276,감자조림,MENUZEN-D113002,감자조림,REFERENCE_RECIPE,농촌진흥청 국립식량과학원 메뉴젠,https://www.nics.go.kr/food/kfi/mgnNewmenumkFoodSelectNew/selectFoodDetail.json?fdCode=D113002
MFDS-283,기장밥,MENUZEN-D012002,기장밥,REFERENCE_RECIPE,농촌진흥청 국립식량과학원 메뉴젠,https://www.nics.go.kr/food/kfi/mgnNewmenumkFoodSelectNew/selectFoodDetail.json?fdCode=D012002
MFDS-287,깻잎찜,MENUZEN-D073002,깻잎찜,REFERENCE_RECIPE,농촌진흥청 국립식량과학원 메뉴젠,https://www.nics.go.kr/food/kfi/mgnNewmenumkFoodSelectNew/selectFoodDetail.json?fdCode=D073002
MFDS-289,북어국,MENUZEN-D051148,북어국,REFERENCE_RECIPE,농촌진흥청 국립식량과학원 메뉴젠,https://www.nics.go.kr/food/kfi/mgnNewmenumkFoodSelectNew/selectFoodDetail.json?fdCode=D051148
MFDS-292,팥밥,MENUZEN-D012026,팥밥,REFERENCE_RECIPE,농촌진흥청 국립식량과학원 메뉴젠,https://www.nics.go.kr/food/kfi/mgnNewmenumkFoodSelectNew/selectFoodDetail.json?fdCode=D012026
MFDS-300,대구탕,MENUZEN-D053087,대구탕,REFERENCE_RECIPE,농촌진흥청 국립식량과학원 메뉴젠,https://www.nics.go.kr/food/kfi/mgnNewmenumkFoodSelectNew/selectFoodDetail.json?fdCode=D053087
MFDS-311,연근조림,MENUZEN-D113011,연근조림,REFERENCE_RECIPE,농촌진흥청 국립식량과학원 메뉴젠,https://www.nics.go.kr/food/kfi/mgnNewmenumkFoodSelectNew/selectFoodDetail.json?fdCode=D113011
MFDS-332,시금치나물,MENUZEN-D132023,시금치나물,REFERENCE_RECIPE,농촌진흥청 국립식량과학원 메뉴젠,https://www.nics.go.kr/food/kfi/mgnNewmenumkFoodSelectNew/selectFoodDetail.json?fdCode=D132023
MFDS-335,고들빼기김치,MENUZEN-D140002,고들빼기김치,REFERENCE_RECIPE,농촌진흥청 국립식량과학원 메뉴젠,https://www.nics.go.kr/food/kfi/mgnNewmenumkFoodSelectNew/selectFoodDetail.json?fdCode=D140002
MFDS-338,새우튀김,MENUZEN-D121026,새우튀김,REFERENCE_RECIPE,농촌진흥청 국립식량과학원 메뉴젠,https://www.nics.go.kr/food/kfi/mgnNewmenumkFoodSelectNew/selectFoodDetail.json?fdCode=D121026
MFDS-341,도미찜,MENUZEN-D071010,도미찜,REFERENCE_RECIPE,농촌진흥청 국립식량과학원 메뉴젠,https://www.nics.go.kr/food/kfi/mgnNewmenumkFoodSelectNew/selectFoodDetail.json?fdCode=D071010
MFDS-343,양미리조림,MENUZEN-D111025,양미리조림,REFERENCE_RECIPE,농촌진흥청 국립식량과학원 메뉴젠,https://www.nics.go.kr/food/kfi/mgnNewmenumkFoodSelectNew/selectFoodDetail.json?fdCode=D111025
MFDS-347,가자미조림,MENUZEN-D111052,가자미조림,REFERENCE_RECIPE,농촌진흥청 국립식량과학원 메뉴젠,https://www.nics.go.kr/food/kfi/mgnNewmenumkFoodSelectNew/selectFoodDetail.json?fdCode=D111052
MFDS-350,유채나물,MENUZEN-D132032,유채나물,REFERENCE_RECIPE,농촌진흥청 국립식량과학원 메뉴젠,https://www.nics.go.kr/food/kfi/mgnNewmenumkFoodSelectNew/selectFoodDetail.json?fdCode=D132032
MFDS-95,완두콩밥,MENUZEN-D012015,완두콩밥,REFERENCE_RECIPE,농촌진흥청 국립식량과학원 메뉴젠,https://www.nics.go.kr/food/kfi/mgnNewmenumkFoodSelectNew/selectFoodDetail.json?fdCode=D012015
RDA-89497,보리밥,MENUZEN-D012006,보리밥,REFERENCE_RECIPE,농촌진흥청 국립식량과학원 메뉴젠,https://www.nics.go.kr/food/kfi/mgnNewmenumkFoodSelectNew/selectFoodDetail.json?fdCode=D012006
RDA-89555,청국장찌개,MENUZEN-D063026,청국장찌개,REFERENCE_RECIPE,농촌진흥청 국립식량과학원 메뉴젠,https://www.nics.go.kr/food/kfi/mgnNewmenumkFoodSelectNew/selectFoodDetail.json?fdCode=D063026
RDA-89579,더덕구이,KDCA-281-2535,더덕구이,SURVEY_AVERAGE,질병관리청 국민건강영양조사,https://knhanes.kdca.go.kr/knhanes/archive/wsiEtcPblcnDtl.do
RDA-89705,호박죽,MENUZEN-D040075,호박죽,REFERENCE_RECIPE,농촌진흥청 국립식량과학원 메뉴젠,https://www.nics.go.kr/food/kfi/mgnNewmenumkFoodSelectNew/selectFoodDetail.json?fdCode=D040075
RDA-89785,더덕구이,KDCA-281-2535,더덕구이,SURVEY_AVERAGE,질병관리청 국민건강영양조사,https://knhanes.kdca.go.kr/knhanes/archive/wsiEtcPblcnDtl.do
RDA-89918,오곡밥,MENUZEN-D012013,오곡밥,REFERENCE_RECIPE,농촌진흥청 국립식량과학원 메뉴젠,https://www.nics.go.kr/food/kfi/mgnNewmenumkFoodSelectNew/selectFoodDetail.json?fdCode=D012013
RDA-89919,잡곡밥,MENUZEN-D012049,잡곡밥,REFERENCE_RECIPE,농촌진흥청 국립식량과학원 메뉴젠,https://www.nics.go.kr/food/kfi/mgnNewmenumkFoodSelectNew/selectFoodDetail.json?fdCode=D012049
RDA-89925,닭죽,MENUZEN-D040061,닭죽,REFERENCE_RECIPE,농촌진흥청 국립식량과학원 메뉴젠,https://www.nics.go.kr/food/kfi/mgnNewmenumkFoodSelectNew/selectFoodDetail.json?fdCode=D040061
RDA-89933,전복죽,MENUZEN-D040011,전복죽,REFERENCE_RECIPE,농촌진흥청 국립식량과학원 메뉴젠,https://www.nics.go.kr/food/kfi/mgnNewmenumkFoodSelectNew/selectFoodDetail.json?fdCode=D040011
RDA-90144,오곡밥,MENUZEN-D012013,오곡밥,REFERENCE_RECIPE,농촌진흥청 국립식량과학원 메뉴젠,https://www.nics.go.kr/food/kfi/mgnNewmenumkFoodSelectNew/selectFoodDetail.json?fdCode=D012013
RDA-90146,찰밥,MENUZEN-D011003,찰밥,REFERENCE_RECIPE,농촌진흥청 국립식량과학원 메뉴젠,https://www.nics.go.kr/food/kfi/mgnNewmenumkFoodSelectNew/selectFoodDetail.json?fdCode=D011003
RDA-90147,닭죽,MENUZEN-D040061,닭죽,REFERENCE_RECIPE,농촌진흥청 국립식량과학원 메뉴젠,https://www.nics.go.kr/food/kfi/mgnNewmenumkFoodSelectNew/selectFoodDetail.json?fdCode=D040061
RDA-90158,호박죽,MENUZEN-D040075,호박죽,REFERENCE_RECIPE,농촌진흥청 국립식량과학원 메뉴젠,https://www.nics.go.kr/food/kfi/mgnNewmenumkFoodSelectNew/selectFoodDetail.json?fdCode=D040075
RDA-90167,콩국수,MENUZEN-D031021,콩국수,REFERENCE_RECIPE,농촌진흥청 국립식량과학원 메뉴젠,https://www.nics.go.kr/food/kfi/mgnNewmenumkFoodSelectNew/selectFoodDetail.json?fdCode=D031021
RDA-90170,감자탕,MENUZEN-D053002,감자탕,REFERENCE_RECIPE,농촌진흥청 국립식량과학원 메뉴젠,https://www.nics.go.kr/food/kfi/mgnNewmenumkFoodSelectNew/selectFoodDetail.json?fdCode=D053002
RDA-90171,꽃게탕,MENUZEN-D053006,꽃게탕,REFERENCE_RECIPE,농촌진흥청 국립식량과학원 메뉴젠,https://www.nics.go.kr/food/kfi/mgnNewmenumkFoodSelectNew/selectFoodDetail.json?fdCode=D053006
RDA-90193,청국장찌개,MENUZEN-D063026,청국장찌개,REFERENCE_RECIPE,농촌진흥청 국립식량과학원 메뉴젠,https://www.nics.go.kr/food/kfi/mgnNewmenumkFoodSelectNew/selectFoodDetail.json?fdCode=D063026
RDA-90231,고구마전,MENUZEN-D093003,고구마전,REFERENCE_RECIPE,농촌진흥청 국립식량과학원 메뉴젠,https://www.nics.go.kr/food/kfi/mgnNewmenumkFoodSelectNew/selectFoodDetail.json?fdCode=D093003
RDA-90233,고추전,MENUZEN-D093004,고추전,REFERENCE_RECIPE,농촌진흥청 국립식량과학원 메뉴젠,https://www.nics.go.kr/food/kfi/mgnNewmenumkFoodSelectNew/selectFoodDetail.json?fdCode=D093004
RDA-90234,김치전,MENUZEN-D093005,김치전,REFERENCE_RECIPE,농촌진흥청 국립식량과학원 메뉴젠,https://www.nics.go.kr/food/kfi/mgnNewmenumkFoodSelectNew/selectFoodDetail.json?fdCode=D093005
RDA-90306,증편,MENUZEN-D230050,증편,REFERENCE_RECIPE,농촌진흥청 국립식량과학원 메뉴젠,https://www.nics.go.kr/food/kfi/mgnNewmenumkFoodSelectNew/selectFoodDetail.json?fdCode=D230050
RDA-90419,설렁탕,MENUZEN-D053020,설렁탕,REFERENCE_RECIPE,농촌진흥청 국립식량과학원 메뉴젠,https://www.nics.go.kr/food/kfi/mgnNewmenumkFoodSelectNew/selectFoodDetail.json?fdCode=D053020
RDA-90430,오리탕,MENUZEN-D053090,오리탕,REFERENCE_RECIPE,농촌진흥청 국립식량과학원 메뉴젠,https://www.nics.go.kr/food/kfi/mgnNewmenumkFoodSelectNew/selectFoodDetail.json?fdCode=D053090
RDA-90448,두부전골,MENUZEN-D064017,두부전골,REFERENCE_RECIPE,농촌진흥청 국립식량과학원 메뉴젠,https://www.nics.go.kr/food/kfi/mgnNewmenumkFoodSelectNew/selectFoodDetail.json?fdCode=D064017
RDA-90450,버섯전골,MENUZEN-D064006,버섯전골,REFERENCE_RECIPE,농촌진흥청 국립식량과학원 메뉴젠,https://www.nics.go.kr/food/kfi/mgnNewmenumkFoodSelectNew/selectFoodDetail.json?fdCode=D064006
RDA-90501,더덕구이,KDCA-281-2535,더덕구이,SURVEY_AVERAGE,질병관리청 국민건강영양조사,https://knhanes.kdca.go.kr/knhanes/archive/wsiEtcPblcnDtl.do
RDA-90511,병어조림,MENUZEN-D111019,병어조림,REFERENCE_RECIPE,농촌진흥청 국립식량과학원 메뉴젠,https://www.nics.go.kr/food/kfi/mgnNewmenumkFoodSelectNew/selectFoodDetail.json?fdCode=D111019
RDA-90516,떡볶이,MENUZEN-D104016,떡볶이,REFERENCE_RECIPE,농촌진흥청 국립식량과학원 메뉴젠,https://www.nics.go.kr/food/kfi/mgnNewmenumkFoodSelectNew/selectFoodDetail.json?fdCode=D104016
RDA-90522,가지전,MENUZEN-D093001,가지전,REFERENCE_RECIPE,농촌진흥청 국립식량과학원 메뉴젠,https://www.nics.go.kr/food/kfi/mgnNewmenumkFoodSelectNew/selectFoodDetail.json?fdCode=D093001
RDA-90668,매작과,MENUZEN-D022088,매작과,REFERENCE_RECIPE,농촌진흥청 국립식량과학원 메뉴젠,https://www.nics.go.kr/food/kfi/mgnNewmenumkFoodSelectNew/selectFoodDetail.json?fdCode=D022088
RDA-90725,오곡밥,MENUZEN-D012013,오곡밥,REFERENCE_RECIPE,농촌진흥청 국립식량과학원 메뉴젠,https://www.nics.go.kr/food/kfi/mgnNewmenumkFoodSelectNew/selectFoodDetail.json?fdCode=D012013
RDA-90727,콩나물밥,MENUZEN-D013005,콩나물밥,REFERENCE_RECIPE,농촌진흥청 국립식량과학원 메뉴젠,https://www.nics.go.kr/food/kfi/mgnNewmenumkFoodSelectNew/selectFoodDetail.json?fdCode=D013005
RDA-90730,깨죽,MENUZEN-D040002,깨죽,REFERENCE_RECIPE,농촌진흥청 국립식량과학원 메뉴젠,https://www.nics.go.kr/food/kfi/mgnNewmenumkFoodSelectNew/selectFoodDetail.json?fdCode=D040002
RDA-90732,닭죽,MENUZEN-D040061,닭죽,REFERENCE_RECIPE,농촌진흥청 국립식량과학원 메뉴젠,https://www.nics.go.kr/food/kfi/mgnNewmenumkFoodSelectNew/selectFoodDetail.json?fdCode=D040061
RDA-90733,잣죽,MENUZEN-D040010,잣죽,REFERENCE_RECIPE,농촌진흥청 국립식량과학원 메뉴젠,https://www.nics.go.kr/food/kfi/mgnNewmenumkFoodSelectNew/selectFoodDetail.json?fdCode=D040010
RDA-90734,전복죽,MENUZEN-D040011,전복죽,REFERENCE_RECIPE,농촌진흥청 국립식량과학원 메뉴젠,https://www.nics.go.kr/food/kfi/mgnNewmenumkFoodSelectNew/selectFoodDetail.json?fdCode=D040011
RDA-90735,흰죽,MENUZEN-D040015,흰죽,REFERENCE_RECIPE,농촌진흥청 국립식량과학원 메뉴젠,https://www.nics.go.kr/food/kfi/mgnNewmenumkFoodSelectNew/selectFoodDetail.json?fdCode=D040015
RDA-90738,비빔냉면,MENUZEN-D031007,비빔냉면,REFERENCE_RECIPE,농촌진흥청 국립식량과학원 메뉴젠,https://www.nics.go.kr/food/kfi/mgnNewmenumkFoodSelectNew/selectFoodDetail.json?fdCode=D031007
RDA-90739,수제비,MENUZEN-D031009,수제비,REFERENCE_RECIPE,농촌진흥청 국립식량과학원 메뉴젠,https://www.nics.go.kr/food/kfi/mgnNewmenumkFoodSelectNew/selectFoodDetail.json?fdCode=D031009
RDA-90740,칼국수,MENUZEN-D031020,칼국수(소고기),REFERENCE_RECIPE,농촌진흥청 국립식량과학원 메뉴젠,https://www.nics.go.kr/food/kfi/mgnNewmenumkFoodSelectNew/selectFoodDetail.json?fdCode=D031020
RDA-90743,갈비탕,MENUZEN-D053001,갈비탕,REFERENCE_RECIPE,농촌진흥청 국립식량과학원 메뉴젠,https://www.nics.go.kr/food/kfi/mgnNewmenumkFoodSelectNew/selectFoodDetail.json?fdCode=D053001
RDA-90752,동태국,MENUZEN-D051130,동태국,REFERENCE_RECIPE,농촌진흥청 국립식량과학원 메뉴젠,https://www.nics.go.kr/food/kfi/mgnNewmenumkFoodSelectNew/selectFoodDetail.json?fdCode=D051130
RDA-90757,삼계탕,MENUZEN-D053018,삼계탕,REFERENCE_RECIPE,농촌진흥청 국립식량과학원 메뉴젠,https://www.nics.go.kr/food/kfi/mgnNewmenumkFoodSelectNew/selectFoodDetail.json?fdCode=D053018
RDA-90759,설렁탕,MENUZEN-D053020,설렁탕,REFERENCE_RECIPE,농촌진흥청 국립식량과학원 메뉴젠,https://www.nics.go.kr/food/kfi/mgnNewmenumkFoodSelectNew/selectFoodDetail.json?fdCode=D053020
RDA-90772,김치찌개,MENUZEN-D065004,"김치찌개(돼지고기, 된장)",REFERENCE_RECIPE,농촌진흥청 국립식량과학원 메뉴젠,https://www.nics.go.kr/food/kfi/mgnNewmenumkFoodSelectNew/selectFoodDetail.json?fdCode=D065004
RDA-90776,버섯전골,MENUZEN-D064006,버섯전골,REFERENCE_RECIPE,농촌진흥청 국립식량과학원 메뉴젠,https://www.nics.go.kr/food/kfi/mgnNewmenumkFoodSelectNew/selectFoodDetail.json?fdCode=D064006
RDA-90781,청국장찌개,MENUZEN-D063026,청국장찌개,REFERENCE_RECIPE,농촌진흥청 국립식량과학원 메뉴젠,https://www.nics.go.kr/food/kfi/mgnNewmenumkFoodSelectNew/selectFoodDetail.json?fdCode=D063026
RDA-90833,삼치구이,MENUZEN-D081024,삼치구이,REFERENCE_RECIPE,농촌진흥청 국립식량과학원 메뉴젠,https://www.nics.go.kr/food/kfi/mgnNewmenumkFoodSelectNew/selectFoodDetail.json?fdCode=D081024
RDA-90839,가자미조림,MENUZEN-D111052,가자미조림,REFERENCE_RECIPE,농촌진흥청 국립식량과학원 메뉴젠,https://www.nics.go.kr/food/kfi/mgnNewmenumkFoodSelectNew/selectFoodDetail.json?fdCode=D111052
RDA-90841,감자조림,MENUZEN-D113002,감자조림,REFERENCE_RECIPE,농촌진흥청 국립식량과학원 메뉴젠,https://www.nics.go.kr/food/kfi/mgnNewmenumkFoodSelectNew/selectFoodDetail.json?fdCode=D113002
RDA-90842,꽁치조림,MENUZEN-D111008,꽁치조림,REFERENCE_RECIPE,농촌진흥청 국립식량과학원 메뉴젠,https://www.nics.go.kr/food/kfi/mgnNewmenumkFoodSelectNew/selectFoodDetail.json?fdCode=D111008
RDA-90845,동태조림,MENUZEN-D111013,동태조림,REFERENCE_RECIPE,농촌진흥청 국립식량과학원 메뉴젠,https://www.nics.go.kr/food/kfi/mgnNewmenumkFoodSelectNew/selectFoodDetail.json?fdCode=D111013
RDA-90847,땅콩조림,MENUZEN-D114005,땅콩조림,REFERENCE_RECIPE,농촌진흥청 국립식량과학원 메뉴젠,https://www.nics.go.kr/food/kfi/mgnNewmenumkFoodSelectNew/selectFoodDetail.json?fdCode=D114005
RDA-90854,감자볶음,MENUZEN-D103003,감자볶음,REFERENCE_RECIPE,농촌진흥청 국립식량과학원 메뉴젠,https://www.nics.go.kr/food/kfi/mgnNewmenumkFoodSelectNew/selectFoodDetail.json?fdCode=D103003
RDA-90855,김치볶음,MENUZEN-D103016,김치볶음,REFERENCE_RECIPE,농촌진흥청 국립식량과학원 메뉴젠,https://www.nics.go.kr/food/kfi/mgnNewmenumkFoodSelectNew/selectFoodDetail.json?fdCode=D103016
RDA-90857,낙지볶음,MENUZEN-D101006,낙지볶음(고추장),REFERENCE_RECIPE,농촌진흥청 국립식량과학원 메뉴젠,https://www.nics.go.kr/food/kfi/mgnNewmenumkFoodSelectNew/selectFoodDetail.json?fdCode=D101006
RDA-90859,돼지고기볶음,MENUZEN-D102005,돼지고기볶음,REFERENCE_RECIPE,농촌진흥청 국립식량과학원 메뉴젠,https://www.nics.go.kr/food/kfi/mgnNewmenumkFoodSelectNew/selectFoodDetail.json?fdCode=D102005
RDA-90860,떡볶이,MENUZEN-D104016,떡볶이,REFERENCE_RECIPE,농촌진흥청 국립식량과학원 메뉴젠,https://www.nics.go.kr/food/kfi/mgnNewmenumkFoodSelectNew/selectFoodDetail.json?fdCode=D104016
RDA-90862,멸치볶음,MENUZEN-D101007,멸치볶음,REFERENCE_RECIPE,농촌진흥청 국립식량과학원 메뉴젠,https://www.nics.go.kr/food/kfi/mgnNewmenumkFoodSelectNew/selectFoodDetail.json?fdCode=D101007
RDA-90863,미역줄기볶음,MENUZEN-D103030,미역줄기볶음,REFERENCE_RECIPE,농촌진흥청 국립식량과학원 메뉴젠,https://www.nics.go.kr/food/kfi/mgnNewmenumkFoodSelectNew/selectFoodDetail.json?fdCode=D103030
RDA-90868,감자전,MENUZEN-D093002,감자전,REFERENCE_RECIPE,농촌진흥청 국립식량과학원 메뉴젠,https://www.nics.go.kr/food/kfi/mgnNewmenumkFoodSelectNew/selectFoodDetail.json?fdCode=D093002
RDA-90869,굴전,MENUZEN-D091004,굴전,REFERENCE_RECIPE,농촌진흥청 국립식량과학원 메뉴젠,https://www.nics.go.kr/food/kfi/mgnNewmenumkFoodSelectNew/selectFoodDetail.json?fdCode=D091004
RDA-90871,김치전,MENUZEN-D093005,김치전,REFERENCE_RECIPE,농촌진흥청 국립식량과학원 메뉴젠,https://www.nics.go.kr/food/kfi/mgnNewmenumkFoodSelectNew/selectFoodDetail.json?fdCode=D093005
RDA-90872,동태전,MENUZEN-D091006,동태전,REFERENCE_RECIPE,농촌진흥청 국립식량과학원 메뉴젠,https://www.nics.go.kr/food/kfi/mgnNewmenumkFoodSelectNew/selectFoodDetail.json?fdCode=D091006
RDA-90880,깻잎찜,MENUZEN-D073002,깻잎찜,REFERENCE_RECIPE,농촌진흥청 국립식량과학원 메뉴젠,https://www.nics.go.kr/food/kfi/mgnNewmenumkFoodSelectNew/selectFoodDetail.json?fdCode=D073002
RDA-90887,북어찜,MENUZEN-D071015,북어찜,REFERENCE_RECIPE,농촌진흥청 국립식량과학원 메뉴젠,https://www.nics.go.kr/food/kfi/mgnNewmenumkFoodSelectNew/selectFoodDetail.json?fdCode=D071015
RDA-90894,꼬막무침,MENUZEN-D133028,꼬막무침,REFERENCE_RECIPE,농촌진흥청 국립식량과학원 메뉴젠,https://www.nics.go.kr/food/kfi/mgnNewmenumkFoodSelectNew/selectFoodDetail.json?fdCode=D133028
RDA-90964,콩나물밥,MENUZEN-D013005,콩나물밥,REFERENCE_RECIPE,농촌진흥청 국립식량과학원 메뉴젠,https://www.nics.go.kr/food/kfi/mgnNewmenumkFoodSelectNew/selectFoodDetail.json?fdCode=D013005
RDA-90971,닭죽,MENUZEN-D040061,닭죽,REFERENCE_RECIPE,농촌진흥청 국립식량과학원 메뉴젠,https://www.nics.go.kr/food/kfi/mgnNewmenumkFoodSelectNew/selectFoodDetail.json?fdCode=D040061
RDA-90987,호박죽,MENUZEN-D040075,호박죽,REFERENCE_RECIPE,농촌진흥청 국립식량과학원 메뉴젠,https://www.nics.go.kr/food/kfi/mgnNewmenumkFoodSelectNew/selectFoodDetail.json?fdCode=D040075
RDA-91000,비빔국수,MENUZEN-D031045,비빔국수,REFERENCE_RECIPE,농촌진흥청 국립식량과학원 메뉴젠,https://www.nics.go.kr/food/kfi/mgnNewmenumkFoodSelectNew/selectFoodDetail.json?fdCode=D031045
RDA-91058,고등어찌개,MENUZEN-D061004,"고등어찌개(고추장, 된장)",REFERENCE_RECIPE,농촌진흥청 국립식량과학원 메뉴젠,https://www.nics.go.kr/food/kfi/mgnNewmenumkFoodSelectNew/selectFoodDetail.json?fdCode=D061004
RDA-91062,청국장찌개,MENUZEN-D063026,청국장찌개,REFERENCE_RECIPE,농촌진흥청 국립식량과학원 메뉴젠,https://www.nics.go.kr/food/kfi/mgnNewmenumkFoodSelectNew/selectFoodDetail.json?fdCode=D063026
RDA-91102,더덕구이,KDCA-281-2535,더덕구이,SURVEY_AVERAGE,질병관리청 국민건강영양조사,https://knhanes.kdca.go.kr/knhanes/archive/wsiEtcPblcnDtl.do
RDA-91148,가오리찜,MENUZEN-D071001,가오리찜,REFERENCE_RECIPE,농촌진흥청 국립식량과학원 메뉴젠,https://www.nics.go.kr/food/kfi/mgnNewmenumkFoodSelectNew/selectFoodDetail.json?fdCode=D071001
RDA-91344,콩나물밥,MENUZEN-D013005,콩나물밥,REFERENCE_RECIPE,농촌진흥청 국립식량과학원 메뉴젠,https://www.nics.go.kr/food/kfi/mgnNewmenumkFoodSelectNew/selectFoodDetail.json?fdCode=D013005
RDA-91361,전복죽,MENUZEN-D040011,전복죽,REFERENCE_RECIPE,농촌진흥청 국립식량과학원 메뉴젠,https://www.nics.go.kr/food/kfi/mgnNewmenumkFoodSelectNew/selectFoodDetail.json?fdCode=D040011
RDA-91531,땅콩조림,MENUZEN-D114005,땅콩조림,REFERENCE_RECIPE,농촌진흥청 국립식량과학원 메뉴젠,https://www.nics.go.kr/food/kfi/mgnNewmenumkFoodSelectNew/selectFoodDetail.json?fdCode=D114005
RDA-91547,고구마전,MENUZEN-D093003,고구마전,REFERENCE_RECIPE,농촌진흥청 국립식량과학원 메뉴젠,https://www.nics.go.kr/food/kfi/mgnNewmenumkFoodSelectNew/selectFoodDetail.json?fdCode=D093003
RDA-91580,가오리찜,MENUZEN-D071001,가오리찜,REFERENCE_RECIPE,농촌진흥청 국립식량과학원 메뉴젠,https://www.nics.go.kr/food/kfi/mgnNewmenumkFoodSelectNew/selectFoodDetail.json?fdCode=D071001
RDA-91841,알탕,MENUZEN-D061041,알탕(대구),REFERENCE_RECIPE,농촌진흥청 국립식량과학원 메뉴젠,https://www.nics.go.kr/food/kfi/mgnNewmenumkFoodSelectNew/selectFoodDetail.json?fdCode=D061041
RDA-91851,버섯전골,MENUZEN-D064006,버섯전골,REFERENCE_RECIPE,농촌진흥청 국립식량과학원 메뉴젠,https://www.nics.go.kr/food/kfi/mgnNewmenumkFoodSelectNew/selectFoodDetail.json?fdCode=D064006
RDA-92064,찰밥,MENUZEN-D011003,찰밥,REFERENCE_RECIPE,농촌진흥청 국립식량과학원 메뉴젠,https://www.nics.go.kr/food/kfi/mgnNewmenumkFoodSelectNew/selectFoodDetail.json?fdCode=D011003
RDA-92090,콩국수,MENUZEN-D031021,콩국수,REFERENCE_RECIPE,농촌진흥청 국립식량과학원 메뉴젠,https://www.nics.go.kr/food/kfi/mgnNewmenumkFoodSelectNew/selectFoodDetail.json?fdCode=D031021
RDA-92108,미역국,MENUZEN-D051047,미역국(멸치),REFERENCE_RECIPE,농촌진흥청 국립식량과학원 메뉴젠,https://www.nics.go.kr/food/kfi/mgnNewmenumkFoodSelectNew/selectFoodDetail.json?fdCode=D051047
RDA-92184,깻잎전,MENUZEN-D093006,깻잎전,REFERENCE_RECIPE,농촌진흥청 국립식량과학원 메뉴젠,https://www.nics.go.kr/food/kfi/mgnNewmenumkFoodSelectNew/selectFoodDetail.json?fdCode=D093006
RDA-92201,굴무침,MENUZEN-D133003,굴무침,REFERENCE_RECIPE,농촌진흥청 국립식량과학원 메뉴젠,https://www.nics.go.kr/food/kfi/mgnNewmenumkFoodSelectNew/selectFoodDetail.json?fdCode=D133003
RDA-92338,보리밥,MENUZEN-D012006,보리밥,REFERENCE_RECIPE,농촌진흥청 국립식량과학원 메뉴젠,https://www.nics.go.kr/food/kfi/mgnNewmenumkFoodSelectNew/selectFoodDetail.json?fdCode=D012006
RDA-92340,콩나물밥,MENUZEN-D013005,콩나물밥,REFERENCE_RECIPE,농촌진흥청 국립식량과학원 메뉴젠,https://www.nics.go.kr/food/kfi/mgnNewmenumkFoodSelectNew/selectFoodDetail.json?fdCode=D013005
RDA-92341,팥죽,MENUZEN-D040049,팥죽,REFERENCE_RECIPE,농촌진흥청 국립식량과학원 메뉴젠,https://www.nics.go.kr/food/kfi/mgnNewmenumkFoodSelectNew/selectFoodDetail.json?fdCode=D040049
RDA-92342,호박죽,MENUZEN-D040075,호박죽,REFERENCE_RECIPE,농촌진흥청 국립식량과학원 메뉴젠,https://www.nics.go.kr/food/kfi/mgnNewmenumkFoodSelectNew/selectFoodDetail.json?fdCode=D040075
RDA-92343,비빔국수,MENUZEN-D031045,비빔국수,REFERENCE_RECIPE,농촌진흥청 국립식량과학원 메뉴젠,https://www.nics.go.kr/food/kfi/mgnNewmenumkFoodSelectNew/selectFoodDetail.json?fdCode=D031045
RDA-92344,콩국수,MENUZEN-D031021,콩국수,REFERENCE_RECIPE,농촌진흥청 국립식량과학원 메뉴젠,https://www.nics.go.kr/food/kfi/mgnNewmenumkFoodSelectNew/selectFoodDetail.json?fdCode=D031021
RDA-92345,떡국,MENUZEN-D051035,떡국,REFERENCE_RECIPE,농촌진흥청 국립식량과학원 메뉴젠,https://www.nics.go.kr/food/kfi/mgnNewmenumkFoodSelectNew/selectFoodDetail.json?fdCode=D051035
RDA-92346,갈비탕,MENUZEN-D053001,갈비탕,REFERENCE_RECIPE,농촌진흥청 국립식량과학원 메뉴젠,https://www.nics.go.kr/food/kfi/mgnNewmenumkFoodSelectNew/selectFoodDetail.json?fdCode=D053001
RDA-92361,더덕구이,KDCA-281-2535,더덕구이,SURVEY_AVERAGE,질병관리청 국민건강영양조사,https://knhanes.kdca.go.kr/knhanes/archive/wsiEtcPblcnDtl.do
RDA-92363,조기구이,MENUZEN-D081035,조기구이,REFERENCE_RECIPE,농촌진흥청 국립식량과학원 메뉴젠,https://www.nics.go.kr/food/kfi/mgnNewmenumkFoodSelectNew/selectFoodDetail.json?fdCode=D081035
RDA-92364,고등어조림,MENUZEN-D111005,고등어조림(고추장),REFERENCE_RECIPE,농촌진흥청 국립식량과학원 메뉴젠,https://www.nics.go.kr/food/kfi/mgnNewmenumkFoodSelectNew/selectFoodDetail.json?fdCode=D111005
RDA-92365,두부조림,MENUZEN-D114013,두부조림,REFERENCE_RECIPE,농촌진흥청 국립식량과학원 메뉴젠,https://www.nics.go.kr/food/kfi/mgnNewmenumkFoodSelectNew/selectFoodDetail.json?fdCode=D114013
RDA-92368,미역줄기볶음,MENUZEN-D103030,미역줄기볶음,REFERENCE_RECIPE,농촌진흥청 국립식량과학원 메뉴젠,https://www.nics.go.kr/food/kfi/mgnNewmenumkFoodSelectNew/selectFoodDetail.json?fdCode=D103030
RDA-92369,감자전,MENUZEN-D093002,감자전,REFERENCE_RECIPE,농촌진흥청 국립식량과학원 메뉴젠,https://www.nics.go.kr/food/kfi/mgnNewmenumkFoodSelectNew/selectFoodDetail.json?fdCode=D093002
RDA-92370,굴전,MENUZEN-D091004,굴전,REFERENCE_RECIPE,농촌진흥청 국립식량과학원 메뉴젠,https://www.nics.go.kr/food/kfi/mgnNewmenumkFoodSelectNew/selectFoodDetail.json?fdCode=D091004
RDA-92373,돼지갈비찜,MENUZEN-D072003,돼지갈비찜(고추장),REFERENCE_RECIPE,농촌진흥청 국립식량과학원 메뉴젠,https://www.nics.go.kr/food/kfi/mgnNewmenumkFoodSelectNew/selectFoodDetail.json?fdCode=D072003
RDA-92384,증편,MENUZEN-D230050,증편,REFERENCE_RECIPE,농촌진흥청 국립식량과학원 메뉴젠,https://www.nics.go.kr/food/kfi/mgnNewmenumkFoodSelectNew/selectFoodDetail.json?fdCode=D230050
RDA-92388,미숫가루,MENUZEN-D201009,미숫가루,REFERENCE_RECIPE,농촌진흥청 국립식량과학원 메뉴젠,https://www.nics.go.kr/food/kfi/mgnNewmenumkFoodSelectNew/selectFoodDetail.json?fdCode=D201009
RDA-92426,팥죽,MENUZEN-D040049,팥죽,REFERENCE_RECIPE,농촌진흥청 국립식량과학원 메뉴젠,https://www.nics.go.kr/food/kfi/mgnNewmenumkFoodSelectNew/selectFoodDetail.json?fdCode=D040049
RDA-92437,전복죽,MENUZEN-D040011,전복죽,REFERENCE_RECIPE,농촌진흥청 국립식량과학원 메뉴젠,https://www.nics.go.kr/food/kfi/mgnNewmenumkFoodSelectNew/selectFoodDetail.json?fdCode=D040011
RDA-92450,호박죽,MENUZEN-D040075,호박죽,REFERENCE_RECIPE,농촌진흥청 국립식량과학원 메뉴젠,https://www.nics.go.kr/food/kfi/mgnNewmenumkFoodSelectNew/selectFoodDetail.json?fdCode=D040075
RDA-92473,가지전,MENUZEN-D093001,가지전,REFERENCE_RECIPE,농촌진흥청 국립식량과학원 메뉴젠,https://www.nics.go.kr/food/kfi/mgnNewmenumkFoodSelectNew/selectFoodDetail.json?fdCode=D093001
RDA-92477,북어찜,MENUZEN-D071015,북어찜,REFERENCE_RECIPE,농촌진흥청 국립식량과학원 메뉴젠,https://www.nics.go.kr/food/kfi/mgnNewmenumkFoodSelectNew/selectFoodDetail.json?fdCode=D071015
RDA-92520,더덕구이,KDCA-281-2535,더덕구이,SURVEY_AVERAGE,질병관리청 국민건강영양조사,https://knhanes.kdca.go.kr/knhanes/archive/wsiEtcPblcnDtl.do
RDA-92524,보리밥,MENUZEN-D012006,보리밥,REFERENCE_RECIPE,농촌진흥청 국립식량과학원 메뉴젠,https://www.nics.go.kr/food/kfi/mgnNewmenumkFoodSelectNew/selectFoodDetail.json?fdCode=D012006
RDA-92544,차조밥,MENUZEN-D012022,차조밥,REFERENCE_RECIPE,농촌진흥청 국립식량과학원 메뉴젠,https://www.nics.go.kr/food/kfi/mgnNewmenumkFoodSelectNew/selectFoodDetail.json?fdCode=D012022
RDA-92579,매작과,MENUZEN-D022088,매작과,REFERENCE_RECIPE,농촌진흥청 국립식량과학원 메뉴젠,https://www.nics.go.kr/food/kfi/mgnNewmenumkFoodSelectNew/selectFoodDetail.json?fdCode=D022088
RDA-92597,깻잎전,MENUZEN-D093006,깻잎전,REFERENCE_RECIPE,농촌진흥청 국립식량과학원 메뉴젠,https://www.nics.go.kr/food/kfi/mgnNewmenumkFoodSelectNew/selectFoodDetail.json?fdCode=D093006
RDA-92606,꼬막찜,MENUZEN-D071006,꼬막찜,REFERENCE_RECIPE,농촌진흥청 국립식량과학원 메뉴젠,https://www.nics.go.kr/food/kfi/mgnNewmenumkFoodSelectNew/selectFoodDetail.json?fdCode=D071006
RDA-92627,낙지전골,MENUZEN-D064005,낙지전골,REFERENCE_RECIPE,농촌진흥청 국립식량과학원 메뉴젠,https://www.nics.go.kr/food/kfi/mgnNewmenumkFoodSelectNew/selectFoodDetail.json?fdCode=D064005
RDA-92629,두부전골,MENUZEN-D064017,두부전골,REFERENCE_RECIPE,농촌진흥청 국립식량과학원 메뉴젠,https://www.nics.go.kr/food/kfi/mgnNewmenumkFoodSelectNew/selectFoodDetail.json?fdCode=D064017
RDA-92676,뱅어포구이,MENUZEN-D081018,뱅어포구이(고추장),REFERENCE_RECIPE,농촌진흥청 국립식량과학원 메뉴젠,https://www.nics.go.kr/food/kfi/mgnNewmenumkFoodSelectNew/selectFoodDetail.json?fdCode=D081018
