foodItemId,sourceType,sourceFoodCode,name,brand,householdUnit,basisAmountPerUnit,basisUnit,servingEvidenceKind,servingSourceReference,servingSourceSize,sourceUrl,sourceFoodName,fullUnitPhrase,checkedAt,sourceDate,parserVersion,identityEvidence,sourceHash
usda-sr-171688,USDA-SR-LEGACY,FDC-171688,사과_껍질 포함_생것,,개,182,g,VERIFIED_CONVERSION,https://fdc.nal.usda.gov/fdc-datasets/FoodData_Central_sr_legacy_food_csv_2018-04.zip,"중간 크기, 지름 3인치, 껍질 포함 · 1 medium (3"" dia) = 182g",https://fdc.nal.usda.gov/fdc-datasets/FoodData_Central_sr_legacy_food_csv_2018-04.zip,"Apples, raw, with skin (Includes foods for USDA's Food Distribution Program)","1 medium (3"" dia) = 182g",2026-10-04,2019-04-01,household-exact-evidence-v1,USDA-SR-LEGACY:FDC-171688; food_portion.id=89193,b80817294b8850530aaedf2e515c02593b1824f763a0ff356e5c2081643e6fd0
usda-sr-173944,USDA-SR-LEGACY,FDC-173944,바나나_생것,,개,118,g,VERIFIED_CONVERSION,https://fdc.nal.usda.gov/fdc-datasets/FoodData_Central_sr_legacy_food_csv_2018-04.zip,"중간 크기, 길이 7~7⅞인치, 껍질 제외 · 1 medium (7"" to 7-7/8"" long) = 118g",https://fdc.nal.usda.gov/fdc-datasets/FoodData_Central_sr_legacy_food_csv_2018-04.zip,"Bananas, raw","1 medium (7"" to 7-7/8"" long) = 118g",2026-10-04,2019-04-01,household-exact-evidence-v1,USDA-SR-LEGACY:FDC-173944; food_portion.id=93515,b80817294b8850530aaedf2e515c02593b1824f763a0ff356e5c2081643e6fd0
usda-sr-167762,USDA-SR-LEGACY,FDC-167762,딸기_생것,,개,12,g,VERIFIED_CONVERSION,https://fdc.nal.usda.gov/fdc-datasets/FoodData_Central_sr_legacy_food_csv_2018-04.zip,"중간 크기, 지름 1¼인치 · 1 medium (1-1/4"" dia) = 12g",https://fdc.nal.usda.gov/fdc-datasets/FoodData_Central_sr_legacy_food_csv_2018-04.zip,"Strawberries, raw","1 medium (1-1/4"" dia) = 12g",2026-10-04,2019-04-01,household-exact-evidence-v1,USDA-SR-LEGACY:FDC-167762; food_portion.id=81925,b80817294b8850530aaedf2e515c02593b1824f763a0ff356e5c2081643e6fd0
usda-sr-174683,USDA-SR-LEGACY,FDC-174683,포도_적색 또는 녹색_생것,,개,4.9,g,VERIFIED_CONVERSION,https://fdc.nal.usda.gov/fdc-datasets/FoodData_Central_sr_legacy_food_csv_2018-04.zip,공식 측정 10알 49g을 1알 단위로 비례 환산 · 10 grapes = 49g,https://fdc.nal.usda.gov/fdc-datasets/FoodData_Central_sr_legacy_food_csv_2018-04.zip,"Grapes, red or green (European type, such as Thompson seedless), raw",10 grapes = 49g,2026-10-04,2019-04-01,household-exact-evidence-v1,USDA-SR-LEGACY:FDC-174683; food_portion.id=94749,b80817294b8850530aaedf2e515c02593b1824f763a0ff356e5c2081643e6fd0
usda-sr-169097,USDA-SR-LEGACY,FDC-169097,오렌지_생것,,개,131,g,VERIFIED_CONVERSION,https://fdc.nal.usda.gov/fdc-datasets/FoodData_Central_sr_legacy_food_csv_2018-04.zip,"지름 2⅝인치, 껍질 제외 · 1 fruit (2-5/8"" dia) = 131g",https://fdc.nal.usda.gov/fdc-datasets/FoodData_Central_sr_legacy_food_csv_2018-04.zip,"Oranges, raw, all commercial varieties","1 fruit (2-5/8"" dia) = 131g",2026-10-04,2019-04-01,household-exact-evidence-v1,USDA-SR-LEGACY:FDC-169097; food_portion.id=84230,b80817294b8850530aaedf2e515c02593b1824f763a0ff356e5c2081643e6fd0
usda-sr-167765,USDA-SR-LEGACY,FDC-167765,수박_생것,,조각,286,g,VERIFIED_CONVERSION,https://fdc.nal.usda.gov/fdc-datasets/FoodData_Central_sr_legacy_food_csv_2018-04.zip,"공식 수박 약 1/16 쐐기 조각, 껍질 제외 · 1 wedge (approx 1/16 of melon) = 286g",https://fdc.nal.usda.gov/fdc-datasets/FoodData_Central_sr_legacy_food_csv_2018-04.zip,"Watermelon, raw",1 wedge (approx 1/16 of melon) = 286g,2026-10-04,2019-04-01,household-exact-evidence-v1,USDA-SR-LEGACY:FDC-167765; food_portion.id=81935,b80817294b8850530aaedf2e515c02593b1824f763a0ff356e5c2081643e6fd0
usda-sr-169928,USDA-SR-LEGACY,FDC-169928,복숭아_황도_생것,,개,150,g,VERIFIED_CONVERSION,https://fdc.nal.usda.gov/fdc-datasets/FoodData_Central_sr_legacy_food_csv_2018-04.zip,"중간 크기, 지름 2⅔인치, 씨 제외 · 1 medium (2-2/3"" dia) = 150g",https://fdc.nal.usda.gov/fdc-datasets/FoodData_Central_sr_legacy_food_csv_2018-04.zip,"Peaches, yellow, raw","1 medium (2-2/3"" dia) = 150g",2026-10-04,2019-04-01,household-exact-evidence-v1,USDA-SR-LEGACY:FDC-169928; food_portion.id=85699,b80817294b8850530aaedf2e515c02593b1824f763a0ff356e5c2081643e6fd0
usda-sr-168177,USDA-SR-LEGACY,FDC-168177,배_동양배_생것,,개,122,g,VERIFIED_CONVERSION,https://fdc.nal.usda.gov/fdc-datasets/FoodData_Central_sr_legacy_food_csv_2018-04.zip,"공식 소형 규격, 높이 2¼인치·지름 2½인치 · 1 fruit 2-1/4"" high x 2-1/2"" dia = 122g",https://fdc.nal.usda.gov/fdc-datasets/FoodData_Central_sr_legacy_food_csv_2018-04.zip,"Pears, asian, raw","1 fruit 2-1/4"" high x 2-1/2"" dia = 122g",2026-10-04,2019-04-01,household-exact-evidence-v1,USDA-SR-LEGACY:FDC-168177; food_portion.id=82613,b80817294b8850530aaedf2e515c02593b1824f763a0ff356e5c2081643e6fd0
usda-sr-169975,USDA-SR-LEGACY,FDC-169975,양배추_생것,,장,23,g,VERIFIED_CONVERSION,https://fdc.nal.usda.gov/fdc-datasets/FoodData_Central_sr_legacy_food_csv_2018-04.zip,"중간 크기 잎 1장 · 1 leaf, medium = 23g",https://fdc.nal.usda.gov/fdc-datasets/FoodData_Central_sr_legacy_food_csv_2018-04.zip,"Cabbage, raw","1 leaf, medium = 23g",2026-10-04,2019-04-01,household-exact-evidence-v1,USDA-SR-LEGACY:FDC-169975; food_portion.id=85796,b80817294b8850530aaedf2e515c02593b1824f763a0ff356e5c2081643e6fd0
usda-sr-169249,USDA-SR-LEGACY,FDC-169249,상추_청상추_생것,,개,360,g,VERIFIED_CONVERSION,https://fdc.nal.usda.gov/fdc-datasets/FoodData_Central_sr_legacy_food_csv_2018-04.zip,청상추 한 포기(head) · 1 head = 360g,https://fdc.nal.usda.gov/fdc-datasets/FoodData_Central_sr_legacy_food_csv_2018-04.zip,"Lettuce, green leaf, raw",1 head = 360g,2026-10-04,2019-04-01,household-exact-evidence-v1,USDA-SR-LEGACY:FDC-169249; food_portion.id=84521,b80817294b8850530aaedf2e515c02593b1824f763a0ff356e5c2081643e6fd0
usda-sr-170457,USDA-SR-LEGACY,FDC-170457,토마토_적색_생것,,개,123,g,VERIFIED_CONVERSION,https://fdc.nal.usda.gov/fdc-datasets/FoodData_Central_sr_legacy_food_csv_2018-04.zip,"중간 크기 통 토마토, 지름 2⅗인치 · 1 medium whole (2-3/5"" dia) = 123g",https://fdc.nal.usda.gov/fdc-datasets/FoodData_Central_sr_legacy_food_csv_2018-04.zip,"Tomatoes, red, ripe, raw, year round average","1 medium whole (2-3/5"" dia) = 123g",2026-10-04,2019-04-01,household-exact-evidence-v1,USDA-SR-LEGACY:FDC-170457; food_portion.id=86686,b80817294b8850530aaedf2e515c02593b1824f763a0ff356e5c2081643e6fd0
usda-sr-168409,USDA-SR-LEGACY,FDC-168409,오이_껍질 포함_생것,,개,301,g,VERIFIED_CONVERSION,https://fdc.nal.usda.gov/fdc-datasets/FoodData_Central_sr_legacy_food_csv_2018-04.zip,"공식 길이 8¼인치 오이, 껍질 포함 · 1 cucumber (8-1/4"") = 301g",https://fdc.nal.usda.gov/fdc-datasets/FoodData_Central_sr_legacy_food_csv_2018-04.zip,"Cucumber, with peel, raw","1 cucumber (8-1/4"") = 301g",2026-10-04,2019-04-01,household-exact-evidence-v1,USDA-SR-LEGACY:FDC-168409; food_portion.id=83050,b80817294b8850530aaedf2e515c02593b1824f763a0ff356e5c2081643e6fd0
usda-sr-173424,USDA-SR-LEGACY,FDC-173424,달걀_삶은 것,,개,50,g,VERIFIED_CONVERSION,https://fdc.nal.usda.gov/fdc-datasets/FoodData_Central_sr_legacy_food_csv_2018-04.zip,"큰 삶은 달걀 1개(large), 껍질 제외 · 1 large = 50g",https://fdc.nal.usda.gov/fdc-datasets/FoodData_Central_sr_legacy_food_csv_2018-04.zip,"Egg, whole, cooked, hard-boiled",1 large = 50g,2026-10-04,2019-04-01,household-exact-evidence-v1,USDA-SR-LEGACY:FDC-173424; food_portion.id=92500,b80817294b8850530aaedf2e515c02593b1824f763a0ff356e5c2081643e6fd0
kfind-product-p109-500050200-0516,K-FIND-PRODUCT,P109-500050200-0516,매일두유 99.9,매일유업(주)광주공장,팩,190,ml,OFFICIAL_SERVING,https://productguide.maeil.com/products/99-9-190ml,공식 개별 멸균팩 190ml,https://productguide.maeil.com/products/99-9-190ml,매일두유 99.9 190mL,190mL는 한 팩을 한 번에 마시는 소용량 멸균팩입니다.,2026-10-04,2026-07-31,household-exact-evidence-v1,EXACT_REPORT_NUMBER:19810227007211; exact name/manufacturer factory/190ml,c91c06157ee4fb9e50a0e19c01b6941231d8fc6d5a18e07a2825298b3815d934
kfind-product-p109-500050200-0515,K-FIND-PRODUCT,P109-500050200-0515,매일두유 99.9,매일유업(주)영동공장,팩,190,ml,OFFICIAL_SERVING,https://productguide.maeil.com/products/99-9-190ml,공식 개별 멸균팩 190ml,https://productguide.maeil.com/products/99-9-190ml,매일두유 99.9 190mL,190mL는 한 팩을 한 번에 마시는 소용량 멸균팩입니다.,2026-10-04,2026-07-31,household-exact-evidence-v1,EXACT_REPORT_NUMBER:20000441043301; exact name/manufacturer factory/190ml,c91c06157ee4fb9e50a0e19c01b6941231d8fc6d5a18e07a2825298b3815d934
