templateId,templateName,foodItemId,sourceFoodCode,originalFoodName,sourceType,originalFoodOrigin,originalNutritionBasis,assetNutritionBasis,originalFoodWeight,originalHouseholdReference,originalProductIntakeReference,ingredientBaseAmount,ingredientBaseUnit,sameBasisUnit,baseToOriginalWeightRatio,baseExceedsOriginalWeight,sourceGeneratedAt,sourceAttribution,sourceUrl,note
kfind-breakfast-cook-1,깨죽,kfind-d304-180000000-0001,D304-180000000-0001,깨죽,K-FIND,외식(분석함량),100g,100g,800g,,,800,g,true,1,false,2012-02-28,식품의약품안전처,https://various.foodsafetykorea.go.kr/nutrient/general/down/list.do,Original 식품중량 is separate from per-100g/ml nutrient basis; no count/serving unit inferred.
kfind-breakfast-cook-2,카레라이스,kfind-d101-044000000-0001,D101-044000000-0001,카레라이스,K-FIND,가정식(분석 함량),100g,100g,480g,,,480,g,true,1,false,2018-12-31,식품의약품안전처,https://various.foodsafetykorea.go.kr/nutrient/general/down/list.do,Original 식품중량 is separate from per-100g/ml nutrient basis; no count/serving unit inferred.
kfind-breakfast-cook-3,곤드레나물밥,kfind-d301-002000000-0001,D301-002000000-0001,곤드레나물밥,K-FIND,외식(분석함량),100g,100g,350g,,,350,g,true,1,false,2016-10-31,식품의약품안전처,https://various.foodsafetykorea.go.kr/nutrient/general/down/list.do,Original 식품중량 is separate from per-100g/ml nutrient basis; no count/serving unit inferred.
kfind-breakfast-dining_out-1,냉면 · 비빔냉면,kfind-d103-144280000-0001,D103-144280000-0001,냉면_비빔냉면,K-FIND,가정식(분석 함량),100g,100g,500g,,,500,g,true,1,false,2018-12-31,식품의약품안전처,https://various.foodsafetykorea.go.kr/nutrient/general/down/list.do,Original 식품중량 is separate from per-100g/ml nutrient basis; no count/serving unit inferred.
kfind-breakfast-dining_out-2,샌드위치 · 참치,kfind-d102-096280000-0001,D102-096280000-0001,샌드위치_참치,K-FIND,가정식(분석 함량),100g,100g,250g,,,250,g,true,1,false,2019-12-31,식품의약품안전처,https://various.foodsafetykorea.go.kr/nutrient/general/down/list.do,Original 식품중량 is separate from per-100g/ml nutrient basis; no count/serving unit inferred.
kfind-breakfast-dining_out-3,김밥 · 풋고추,kfind-d101-007520000-0001,D101-007520000-0001,김밥_풋고추,K-FIND,가정식(분석 함량),100g,100g,290g,,,290,g,true,1,false,2017-12-31,식품의약품안전처,https://various.foodsafetykorea.go.kr/nutrient/general/down/list.do,Original 식품중량 is separate from per-100g/ml nutrient basis; no count/serving unit inferred.
kfind-breakfast-convenience-1,샌드위치 · 닭가슴살 프레시 샌드위치,kfind-d202-096060000-0001,D202-096060000-0001,샌드위치_닭가슴살 프레시 샌드위치,K-FIND,외식(프랜차이즈 등 업체 제공 영양정보),100g,100g,237g,,,237,g,true,1,false,2024-12-10,식품의약품안전처,https://various.foodsafetykorea.go.kr/nutrient/general/down/list.do,Original 식품중량 is separate from per-100g/ml nutrient basis; no count/serving unit inferred.
kfind-breakfast-convenience-2,토스트 · 햄 치즈 프렌치 토스트,kfind-d202-115000000-0021,D202-115000000-0021,토스트_햄 치즈 프렌치 토스트,K-FIND,외식(프랜차이즈 등 업체 제공 영양정보),100g,100g,160g,,,160,g,true,1,false,2022-07-19,식품의약품안전처,https://various.foodsafetykorea.go.kr/nutrient/general/down/list.do,Original 식품중량 is separate from per-100g/ml nutrient basis; no count/serving unit inferred.
kfind-breakfast-convenience-3,또띠아 · 싱그러운치킨텐더그린랩,kfind-d202-083000000-0022,D202-083000000-0022,또띠아_싱그러운치킨텐더그린랩,K-FIND,외식(프랜차이즈 등 업체 제공 영양정보),100g,100g,270g,,,270,g,true,1,false,2025-09-30,식품의약품안전처,https://various.foodsafetykorea.go.kr/nutrient/general/down/list.do,Original 식품중량 is separate from per-100g/ml nutrient basis; no count/serving unit inferred.
kfind-lunch-cook-1,볶음밥 · 해물,kfind-d301-017550000-0001,D301-017550000-0001,볶음밥_해물,K-FIND,외식(분석함량),100g,100g,400g,,,400,g,true,1,false,2013-03-31,식품의약품안전처,https://various.foodsafetykorea.go.kr/nutrient/general/down/list.do,Original 식품중량 is separate from per-100g/ml nutrient basis; no count/serving unit inferred.
kfind-lunch-cook-2,오므라이스,kfind-d101-028000000-0001,D101-028000000-0001,오므라이스,K-FIND,가정식(분석 함량),100g,100g,400g,,,400,g,true,1,false,2018-12-31,식품의약품안전처,https://various.foodsafetykorea.go.kr/nutrient/general/down/list.do,Original 식품중량 is separate from per-100g/ml nutrient basis; no count/serving unit inferred.
kfind-lunch-cook-3,볶음밥 · 삼선,kfind-d301-017250000-0001,D301-017250000-0001,볶음밥_삼선,K-FIND,외식(분석함량),100g,100g,400g,,,400,g,true,1,false,2013-03-31,식품의약품안전처,https://various.foodsafetykorea.go.kr/nutrient/general/down/list.do,Original 식품중량 is separate from per-100g/ml nutrient basis; no count/serving unit inferred.
kfind-lunch-dining_out-1,쫄면,kfind-d103-173000000-0001,D103-173000000-0001,쫄면,K-FIND,가정식(분석 함량),100g,100g,550g,,,550,g,true,1,false,2018-12-31,식품의약품안전처,https://various.foodsafetykorea.go.kr/nutrient/general/down/list.do,Original 식품중량 is separate from per-100g/ml nutrient basis; no count/serving unit inferred.
kfind-lunch-dining_out-2,해장국 · 뼈다귀,kfind-d305-256210000-0001,D305-256210000-0001,해장국_뼈다귀,K-FIND,외식(분석함량),100g,100g,1000g,,,1000,g,true,1,false,2017-12-31,식품의약품안전처,https://various.foodsafetykorea.go.kr/nutrient/general/down/list.do,Original 식품중량 is separate from per-100g/ml nutrient basis; no count/serving unit inferred.
kfind-lunch-dining_out-3,우동 · 삼선,kfind-d303-164310000-0001,D303-164310000-0001,우동_삼선,K-FIND,외식(분석함량),100g,100g,1000g,,,1000,g,true,1,false,2013-03-31,식품의약품안전처,https://various.foodsafetykorea.go.kr/nutrient/general/down/list.do,Original 식품중량 is separate from per-100g/ml nutrient basis; no count/serving unit inferred.
kfind-lunch-convenience-1,불낙전골 · 간편조리세트 · 이게불낙이야,kfind-d306-286000000-0001,D306-286000000-0001,불낙전골_간편조리세트_이게불낙이야,K-FIND,외식(분석함량),100g,100g,1114g,,,1114,g,true,1,false,2022-06-30,식품의약품안전처,https://various.foodsafetykorea.go.kr/nutrient/general/down/list.do,Original 식품중량 is separate from per-100g/ml nutrient basis; no count/serving unit inferred.
kfind-lunch-convenience-2,밀푀유나베 · 간편조리세트 · 매콤 밀푀유나베,kfind-d306-281000000-0001,D306-281000000-0001,밀푀유나베_간편조리세트_매콤 밀푀유나베,K-FIND,외식(분석함량),100g,100g,1269g,,,1269,g,true,1,false,2022-06-30,식품의약품안전처,https://various.foodsafetykorea.go.kr/nutrient/general/down/list.do,Original 식품중량 is separate from per-100g/ml nutrient basis; no count/serving unit inferred.
kfind-lunch-convenience-3,김치 볶음밥 · 치즈오븐김치볶음밥,kfind-d201-059200000-0002,D201-059200000-0002,김치 볶음밥_치즈오븐김치볶음밥,K-FIND,외식(프랜차이즈 등 업체 제공 영양정보),100g,100g,356g,,,356,g,true,1,false,2025-09-30,식품의약품안전처,https://various.foodsafetykorea.go.kr/nutrient/general/down/list.do,Original 식품중량 is separate from per-100g/ml nutrient basis; no count/serving unit inferred.
kfind-dinner-cook-1,고등어찌개,kfind-d306-262000000-0001,D306-262000000-0001,고등어찌개,K-FIND,외식(분석함량),100g,100g,600g,,,600,g,true,1,false,2016-10-31,식품의약품안전처,https://various.foodsafetykorea.go.kr/nutrient/general/down/list.do,Original 식품중량 is separate from per-100g/ml nutrient basis; no count/serving unit inferred.
kfind-dinner-cook-2,볶음밥 · 계란,kfind-d101-017030000-0001,D101-017030000-0001,볶음밥_계란,K-FIND,가정식(분석 함량),100g,100g,260g,,,260,g,true,1,false,2018-12-31,식품의약품안전처,https://various.foodsafetykorea.go.kr/nutrient/general/down/list.do,Original 식품중량 is separate from per-100g/ml nutrient basis; no count/serving unit inferred.
kfind-dinner-cook-3,떡국,kfind-d103-145000000-0001,D103-145000000-0001,떡국,K-FIND,가정식(분석 함량),100g,100g,700g,,,700,g,true,1,false,2018-12-31,식품의약품안전처,https://various.foodsafetykorea.go.kr/nutrient/general/down/list.do,Original 식품중량 is separate from per-100g/ml nutrient basis; no count/serving unit inferred.
kfind-dinner-dining_out-1,회덮밥 · 모듬,kfind-d101-051200000-0001,D101-051200000-0001,회덮밥_모듬,K-FIND,가정식(분석 함량),100g,100g,410g,,,410,g,true,1,false,2018-12-31,식품의약품안전처,https://various.foodsafetykorea.go.kr/nutrient/general/down/list.do,Original 식품중량 is separate from per-100g/ml nutrient basis; no count/serving unit inferred.
kfind-dinner-dining_out-2,초밥 · 모듬,kfind-d101-042200000-0001,D101-042200000-0001,초밥_모듬,K-FIND,가정식(분석 함량),100g,100g,380g,,,380,g,true,1,false,2018-12-31,식품의약품안전처,https://various.foodsafetykorea.go.kr/nutrient/general/down/list.do,Original 식품중량 is separate from per-100g/ml nutrient basis; no count/serving unit inferred.
kfind-dinner-dining_out-3,만두국 · 사골,kfind-d103-151300000-0001,D103-151300000-0001,만두국_사골,K-FIND,가정식(분석 함량),100g,100g,700g,,,700,g,true,1,false,2018-12-31,식품의약품안전처,https://various.foodsafetykorea.go.kr/nutrient/general/down/list.do,Original 식품중량 is separate from per-100g/ml nutrient basis; no count/serving unit inferred.
kfind-dinner-convenience-1,샌드위치 · 통밀크랜베리치킨샌드위치,kfind-d202-096000000-0183,D202-096000000-0183,샌드위치_통밀크랜베리치킨샌드위치,K-FIND,외식(프랜차이즈 등 업체 제공 영양정보),100g,100g,242g,,,242,g,true,1,false,2025-09-30,식품의약품안전처,https://various.foodsafetykorea.go.kr/nutrient/general/down/list.do,Original 식품중량 is separate from per-100g/ml nutrient basis; no count/serving unit inferred.
kfind-dinner-convenience-2,오븐스파게티 · 치즈오븐스파게티,kfind-d203-194000000-0004,D203-194000000-0004,오븐스파게티_치즈오븐스파게티,K-FIND,외식(프랜차이즈 등 업체 제공 영양정보),100g,100g,420g,,,420,g,true,1,false,2025-09-30,식품의약품안전처,https://various.foodsafetykorea.go.kr/nutrient/general/down/list.do,Original 식품중량 is separate from per-100g/ml nutrient basis; no count/serving unit inferred.
kfind-dinner-convenience-3,떡볶이 · 국물떡볶이,kfind-d210-467000000-0008,D210-467000000-0008,떡볶이_국물떡볶이,K-FIND,외식(프랜차이즈 등 업체 제공 영양정보),100g,100g,415g,,,415,g,true,1,false,2025-09-30,식품의약품안전처,https://various.foodsafetykorea.go.kr/nutrient/general/down/list.do,Original 식품중량 is separate from per-100g/ml nutrient basis; no count/serving unit inferred.
kfind-snack-cook-1,호박죽,kfind-d104-197000000-0001,D104-197000000-0001,호박죽,K-FIND,가정식(분석 함량),100g,100g,400g,,,400,g,true,1,false,2018-12-31,식품의약품안전처,https://various.foodsafetykorea.go.kr/nutrient/general/down/list.do,Original 식품중량 is separate from per-100g/ml nutrient basis; no count/serving unit inferred.
kfind-snack-cook-2,미숫가루,kfind-d120-730000000-0001,D120-730000000-0001,미숫가루,K-FIND,가정식(분석 함량),100g,100g,300g,,,300,g,true,1,false,2019-12-31,식품의약품안전처,https://various.foodsafetykorea.go.kr/nutrient/general/down/list.do,Original 식품중량 is separate from per-100g/ml nutrient basis; no count/serving unit inferred.
kfind-snack-cook-3,가래떡,kfind-d102-053000000-0001,D102-053000000-0001,가래떡,K-FIND,가정식(분석 함량),100g,100g,100g,,,100,g,true,1,false,2018-12-31,식품의약품안전처,https://various.foodsafetykorea.go.kr/nutrient/general/down/list.do,Original 식품중량 is separate from per-100g/ml nutrient basis; no count/serving unit inferred.
kfind-snack-dining_out-1,증편,kfind-d102-072000000-0001,D102-072000000-0001,증편,K-FIND,가정식(분석 함량),100g,100g,100g,,,100,g,true,1,false,2018-12-31,식품의약품안전처,https://various.foodsafetykorea.go.kr/nutrient/general/down/list.do,Original 식품중량 is separate from per-100g/ml nutrient basis; no count/serving unit inferred.
kfind-snack-dining_out-2,도넛 · 찹쌀,kfind-d102-082290000-0001,D102-082290000-0001,도넛_찹쌀,K-FIND,가정식(분석 함량),100g,100g,70g,,,70,g,true,1,false,2018-12-31,식품의약품안전처,https://various.foodsafetykorea.go.kr/nutrient/general/down/list.do,Original 식품중량 is separate from per-100g/ml nutrient basis; no count/serving unit inferred.
kfind-snack-dining_out-3,아이스크림 · 썬대,kfind-d319-711030000-0001,D319-711030000-0001,아이스크림_썬대,K-FIND,외식(분석함량),100g,100g,100g,,,100,g,true,1,false,2022-06-30,식품의약품안전처,https://various.foodsafetykorea.go.kr/nutrient/general/down/list.do,Original 식품중량 is separate from per-100g/ml nutrient basis; no count/serving unit inferred.
kfind-snack-convenience-1,커피 · 빽’s 카페 라떼 아이스(ICED),kfind-d220-748000000-0209,D220-748000000-0209,커피_빽’s 카페 라떼 아이스(ICED),K-FIND,외식(프랜차이즈 등 업체 제공 영양정보),100g,100g,625g,,,625,g,true,1,false,2022-06-23,식품의약품안전처,https://various.foodsafetykorea.go.kr/nutrient/general/down/list.do,Original 식품중량 is separate from per-100g/ml nutrient basis; no count/serving unit inferred.
kfind-snack-convenience-2,과ㆍ채주스 · 자몽 주스 핫(HOT),kfind-d220-716000000-0249,D220-716000000-0249,과ㆍ채주스_자몽 주스 핫(HOT),K-FIND,외식(프랜차이즈 등 업체 제공 영양정보),100g,100g,290g,,,290,g,true,1,false,2024-12-17,식품의약품안전처,https://various.foodsafetykorea.go.kr/nutrient/general/down/list.do,Original 식품중량 is separate from per-100g/ml nutrient basis; no count/serving unit inferred.
kfind-snack-convenience-3,케이크 · 플레인 저당 그릭요거트 컵케이크,kfind-d202-110000000-0545,D202-110000000-0545,케이크_플레인 저당 그릭요거트 컵케이크,K-FIND,외식(프랜차이즈 등 업체 제공 영양정보),100g,100g,75g,,,75,g,true,1,false,2025-09-30,식품의약품안전처,https://various.foodsafetykorea.go.kr/nutrient/general/down/list.do,Original 식품중량 is separate from per-100g/ml nutrient basis; no count/serving unit inferred.
kfind-catalog-d301-001000000-0001,계란덮밥,kfind-d301-001000000-0001,D301-001000000-0001,계란덮밥,K-FIND,외식(분석함량),100g,100g,100g,,,300,g,true,3,true,2022-06-30,식품의약품안전처,https://various.foodsafetykorea.go.kr/nutrient/general/down/list.do,Original 식품중량 is separate from per-100g/ml nutrient basis; no count/serving unit inferred.
kfind-catalog-d301-004000000-0001,국밥,kfind-d301-004000000-0001,D301-004000000-0001,국밥,K-FIND,외식(분석함량),100g,100g,800g,,,300,g,true,0.375,false,2016-10-31,식품의약품안전처,https://various.foodsafetykorea.go.kr/nutrient/general/down/list.do,Original 식품중량 is separate from per-100g/ml nutrient basis; no count/serving unit inferred.
kfind-catalog-d301-005000000-0001,귀리밥,kfind-d301-005000000-0001,D301-005000000-0001,귀리밥,K-FIND,외식(분석함량),100g,100g,100g,,,300,g,true,3,true,2022-06-30,식품의약품안전처,https://various.foodsafetykorea.go.kr/nutrient/general/down/list.do,Original 식품중량 is separate from per-100g/ml nutrient basis; no count/serving unit inferred.
kfind-catalog-d101-006000000-0001,기장밥,kfind-d101-006000000-0001,D101-006000000-0001,기장밥,K-FIND,가정식(분석 함량),100g,100g,200g,,,300,g,true,1.5,true,2017-12-31,식품의약품안전처,https://various.foodsafetykorea.go.kr/nutrient/general/down/list.do,Original 식품중량 is separate from per-100g/ml nutrient basis; no count/serving unit inferred.
kfind-catalog-d101-007000000-0001,김밥,kfind-d101-007000000-0001,D101-007000000-0001,김밥,K-FIND,가정식(분석 함량),100g,100g,230g,,,300,g,true,1.30435,true,2018-12-31,식품의약품안전처,https://various.foodsafetykorea.go.kr/nutrient/general/down/list.do,Original 식품중량 is separate from per-100g/ml nutrient basis; no count/serving unit inferred.
kfind-catalog-d301-015000000-0001,묵밥,kfind-d301-015000000-0001,D301-015000000-0001,묵밥,K-FIND,외식(분석함량),100g,100g,950g,,,300,g,true,0.315789,false,2016-10-31,식품의약품안전처,https://various.foodsafetykorea.go.kr/nutrient/general/down/list.do,Original 식품중량 is separate from per-100g/ml nutrient basis; no count/serving unit inferred.
kfind-catalog-d101-016000000-0001,보리밥,kfind-d101-016000000-0001,D101-016000000-0001,보리밥,K-FIND,가정식(분석 함량),100g,100g,200g,,,300,g,true,1.5,true,2017-12-31,식품의약품안전처,https://various.foodsafetykorea.go.kr/nutrient/general/down/list.do,Original 식품중량 is separate from per-100g/ml nutrient basis; no count/serving unit inferred.
kfind-catalog-d101-017000000-0001,볶음밥,kfind-d101-017000000-0001,D101-017000000-0001,볶음밥,K-FIND,가정식(분석 함량),100g,100g,350g,,,300,g,true,0.857143,false,2017-12-31,식품의약품안전처,https://various.foodsafetykorea.go.kr/nutrient/general/down/list.do,Original 식품중량 is separate from per-100g/ml nutrient basis; no count/serving unit inferred.
kfind-catalog-d101-018000000-0001,비빔밥,kfind-d101-018000000-0001,D101-018000000-0001,비빔밥,K-FIND,가정식(분석 함량),100g,100g,450g,,,300,g,true,0.666667,false,2018-12-31,식품의약품안전처,https://various.foodsafetykorea.go.kr/nutrient/general/down/list.do,Original 식품중량 is separate from per-100g/ml nutrient basis; no count/serving unit inferred.
kfind-catalog-d301-020000000-0001,새우튀김롤,kfind-d301-020000000-0001,D301-020000000-0001,새우튀김롤,K-FIND,외식(분석함량),100g,100g,300g,,,300,g,true,1,false,2013-03-31,식품의약품안전처,https://various.foodsafetykorea.go.kr/nutrient/general/down/list.do,Original 식품중량 is separate from per-100g/ml nutrient basis; no count/serving unit inferred.
kfind-catalog-d101-021000000-0001,수수밥,kfind-d101-021000000-0001,D101-021000000-0001,수수밥,K-FIND,가정식(분석 함량),100g,100g,200g,,,300,g,true,1.5,true,2017-12-31,식품의약품안전처,https://various.foodsafetykorea.go.kr/nutrient/general/down/list.do,Original 식품중량 is separate from per-100g/ml nutrient basis; no count/serving unit inferred.
kfind-catalog-d301-022000000-0001,쌀밥,kfind-d301-022000000-0001,D301-022000000-0001,쌀밥,K-FIND,외식(분석함량),100g,100g,100g,,,300,g,true,3,true,2022-06-30,식품의약품안전처,https://various.foodsafetykorea.go.kr/nutrient/general/down/list.do,Original 식품중량 is separate from per-100g/ml nutrient basis; no count/serving unit inferred.
kfind-catalog-d101-023000000-0001,알밥,kfind-d101-023000000-0001,D101-023000000-0001,알밥,K-FIND,가정식(분석 함량),100g,100g,330g,,,300,g,true,0.909091,false,2018-12-31,식품의약품안전처,https://various.foodsafetykorea.go.kr/nutrient/general/down/list.do,Original 식품중량 is separate from per-100g/ml nutrient basis; no count/serving unit inferred.
kfind-catalog-d301-024000000-0001,연어롤,kfind-d301-024000000-0001,D301-024000000-0001,연어롤,K-FIND,외식(분석함량),100g,100g,300g,,,300,g,true,1,false,2013-03-31,식품의약품안전처,https://various.foodsafetykorea.go.kr/nutrient/general/down/list.do,Original 식품중량 is separate from per-100g/ml nutrient basis; no count/serving unit inferred.
kfind-catalog-d301-025000000-0001,연잎밥,kfind-d301-025000000-0001,D301-025000000-0001,연잎밥,K-FIND,외식(분석함량),100g,100g,100g,,,300,g,true,3,true,2009-12-31,농촌진흥청(국가표준식품성분표),https://various.foodsafetykorea.go.kr/nutrient/general/down/list.do,Original 식품중량 is separate from per-100g/ml nutrient basis; no count/serving unit inferred.
kfind-catalog-d101-026000000-0001,영양돌솥밥,kfind-d101-026000000-0001,D101-026000000-0001,영양돌솥밥,K-FIND,가정식(분석 함량),100g,100g,350g,,,300,g,true,0.857143,false,2017-12-31,식품의약품안전처,https://various.foodsafetykorea.go.kr/nutrient/general/down/list.do,Original 식품중량 is separate from per-100g/ml nutrient basis; no count/serving unit inferred.
kfind-catalog-d301-027000000-0001,오곡밥,kfind-d301-027000000-0001,D301-027000000-0001,오곡밥,K-FIND,외식(분석함량),100g,100g,250g,,,300,g,true,1.2,true,2014-09-30,식품의약품안전처,https://various.foodsafetykorea.go.kr/nutrient/general/down/list.do,Original 식품중량 is separate from per-100g/ml nutrient basis; no count/serving unit inferred.
kfind-catalog-d101-031000000-0001,자장밥,kfind-d101-031000000-0001,D101-031000000-0001,자장밥,K-FIND,가정식(분석 함량),100g,100g,470g,,,300,g,true,0.638298,false,2018-12-31,식품의약품안전처,https://various.foodsafetykorea.go.kr/nutrient/general/down/list.do,Original 식품중량 is separate from per-100g/ml nutrient basis; no count/serving unit inferred.
kfind-catalog-d101-032000000-0001,잡곡밥,kfind-d101-032000000-0001,D101-032000000-0001,잡곡밥,K-FIND,가정식(분석 함량),100g,100g,200g,,,300,g,true,1.5,true,2017-12-31,식품의약품안전처,https://various.foodsafetykorea.go.kr/nutrient/general/down/list.do,Original 식품중량 is separate from per-100g/ml nutrient basis; no count/serving unit inferred.
kfind-catalog-d101-033000000-0001,잡채밥,kfind-d101-033000000-0001,D101-033000000-0001,잡채밥,K-FIND,가정식(분석 함량),100g,100g,550g,,,300,g,true,0.545455,false,2018-12-31,식품의약품안전처,https://various.foodsafetykorea.go.kr/nutrient/general/down/list.do,Original 식품중량 is separate from per-100g/ml nutrient basis; no count/serving unit inferred.
kfind-catalog-d301-034000000-0001,잡탕밥,kfind-d301-034000000-0001,D301-034000000-0001,잡탕밥,K-FIND,외식(분석함량),100g,100g,750g,,,300,g,true,0.4,false,2012-02-28,식품의약품안전처,https://various.foodsafetykorea.go.kr/nutrient/general/down/list.do,Original 식품중량 is separate from per-100g/ml nutrient basis; no count/serving unit inferred.
kfind-catalog-d101-037000000-0001,짬뽕밥,kfind-d101-037000000-0001,D101-037000000-0001,짬뽕밥,K-FIND,가정식(분석 함량),100g,100g,900g,,,300,g,true,0.333333,false,2019-12-31,식품의약품안전처,https://various.foodsafetykorea.go.kr/nutrient/general/down/list.do,Original 식품중량 is separate from per-100g/ml nutrient basis; no count/serving unit inferred.
kfind-catalog-d101-038000000-0001,차조밥,kfind-d101-038000000-0001,D101-038000000-0001,차조밥,K-FIND,가정식(분석 함량),100g,100g,200g,,,300,g,true,1.5,true,2017-12-31,식품의약품안전처,https://various.foodsafetykorea.go.kr/nutrient/general/down/list.do,Original 식품중량 is separate from per-100g/ml nutrient basis; no count/serving unit inferred.
kfind-catalog-d101-039000000-0001,찰밥,kfind-d101-039000000-0001,D101-039000000-0001,찰밥,K-FIND,가정식(분석 함량),100g,100g,280g,,,300,g,true,1.07143,true,2017-12-31,식품의약품안전처,https://various.foodsafetykorea.go.kr/nutrient/general/down/list.do,Original 식품중량 is separate from per-100g/ml nutrient basis; no count/serving unit inferred.
kfind-catalog-d301-043000000-0001,충무김밥,kfind-d301-043000000-0001,D301-043000000-0001,충무김밥,K-FIND,외식(분석함량),100g,100g,400g,,,300,g,true,0.75,false,2013-03-31,식품의약품안전처,https://various.foodsafetykorea.go.kr/nutrient/general/down/list.do,Original 식품중량 is separate from per-100g/ml nutrient basis; no count/serving unit inferred.
kfind-catalog-d301-045000000-0001,캘리포니아롤,kfind-d301-045000000-0001,D301-045000000-0001,캘리포니아롤,K-FIND,외식(분석함량),100g,100g,300g,,,300,g,true,1,false,2013-03-31,식품의약품안전처,https://various.foodsafetykorea.go.kr/nutrient/general/down/list.do,Original 식품중량 is separate from per-100g/ml nutrient basis; no count/serving unit inferred.
kfind-catalog-d101-047000000-0001,콩나물밥,kfind-d101-047000000-0001,D101-047000000-0001,콩나물밥,K-FIND,가정식(분석 함량),100g,100g,320g,,,300,g,true,0.9375,false,2017-12-31,식품의약품안전처,https://various.foodsafetykorea.go.kr/nutrient/general/down/list.do,Original 식품중량 is separate from per-100g/ml nutrient basis; no count/serving unit inferred.
kfind-catalog-d101-049000000-0001,하이라이스,kfind-d101-049000000-0001,D101-049000000-0001,하이라이스,K-FIND,가정식(분석 함량),100g,100g,360g,,,300,g,true,0.833333,false,2017-12-31,식품의약품안전처,https://various.foodsafetykorea.go.kr/nutrient/general/down/list.do,Original 식품중량 is separate from per-100g/ml nutrient basis; no count/serving unit inferred.
kfind-catalog-d304-179000000-0001,게살죽,kfind-d304-179000000-0001,D304-179000000-0001,게살죽,K-FIND,외식(분석함량),100g,100g,800g,,,400,g,true,0.5,false,2012-02-28,식품의약품안전처,https://various.foodsafetykorea.go.kr/nutrient/general/down/list.do,Original 식품중량 is separate from per-100g/ml nutrient basis; no count/serving unit inferred.
kfind-catalog-d104-181000000-0001,닭죽,kfind-d104-181000000-0001,D104-181000000-0001,닭죽,K-FIND,가정식(분석 함량),100g,100g,400g,,,400,g,true,1,false,2019-12-31,식품의약품안전처,https://various.foodsafetykorea.go.kr/nutrient/general/down/list.do,Original 식품중량 is separate from per-100g/ml nutrient basis; no count/serving unit inferred.
kfind-catalog-d304-182000000-0001,미음,kfind-d304-182000000-0001,D304-182000000-0001,미음,K-FIND,외식(분석함량),100g,100g,100g,,,400,g,true,4,true,2020-12-31,농촌진흥청(국가표준식품성분표),https://various.foodsafetykorea.go.kr/nutrient/general/down/list.do,Original 식품중량 is separate from per-100g/ml nutrient basis; no count/serving unit inferred.
kfind-catalog-d304-183000000-0001,백합죽,kfind-d304-183000000-0001,D304-183000000-0001,백합죽,K-FIND,외식(분석함량),100g,100g,700g,,,400,g,true,0.571429,false,2016-10-31,식품의약품안전처,https://various.foodsafetykorea.go.kr/nutrient/general/down/list.do,Original 식품중량 is separate from per-100g/ml nutrient basis; no count/serving unit inferred.
kfind-catalog-d304-184000000-0001,소고기버섯죽,kfind-d304-184000000-0001,D304-184000000-0001,소고기버섯죽,K-FIND,외식(분석함량),100g,100g,800g,,,400,g,true,0.5,false,2012-02-28,식품의약품안전처,https://various.foodsafetykorea.go.kr/nutrient/general/down/list.do,Original 식품중량 is separate from per-100g/ml nutrient basis; no count/serving unit inferred.
kfind-catalog-d304-186000000-0001,쌀죽(흰죽),kfind-d304-186000000-0001,D304-186000000-0001,쌀죽(흰죽),K-FIND,외식(분석함량),100g,100g,100g,,,400,g,true,4,true,2020-04-01,농촌진흥청(국가표준식품성분표),https://various.foodsafetykorea.go.kr/nutrient/general/down/list.do,Original 식품중량 is separate from per-100g/ml nutrient basis; no count/serving unit inferred.
kfind-catalog-d304-187000000-0001,어죽,kfind-d304-187000000-0001,D304-187000000-0001,어죽,K-FIND,외식(분석함량),100g,100g,800g,,,400,g,true,0.5,false,2016-10-31,식품의약품안전처,https://various.foodsafetykorea.go.kr/nutrient/general/down/list.do,Original 식품중량 is separate from per-100g/ml nutrient basis; no count/serving unit inferred.
kfind-catalog-d104-188000000-0001,오리죽,kfind-d104-188000000-0001,D104-188000000-0001,오리죽,K-FIND,가정식(분석 함량),100g,100g,400g,,,400,g,true,1,false,2017-12-31,식품의약품안전처,https://various.foodsafetykorea.go.kr/nutrient/general/down/list.do,Original 식품중량 is separate from per-100g/ml nutrient basis; no count/serving unit inferred.
kfind-catalog-d304-189000000-0001,율무죽,kfind-d304-189000000-0001,D304-189000000-0001,율무죽,K-FIND,외식(분석함량),100g,100g,100g,,,400,g,true,4,true,2023-04-27,농촌진흥청(국가표준식품성분표),https://various.foodsafetykorea.go.kr/nutrient/general/down/list.do,Original 식품중량 is separate from per-100g/ml nutrient basis; no count/serving unit inferred.
kfind-catalog-d304-190000000-0001,잣죽,kfind-d304-190000000-0001,D304-190000000-0001,잣죽,K-FIND,외식(분석함량),100g,100g,700g,,,400,g,true,0.571429,false,2013-03-31,식품의약품안전처,https://various.foodsafetykorea.go.kr/nutrient/general/down/list.do,Original 식품중량 is separate from per-100g/ml nutrient basis; no count/serving unit inferred.
kfind-catalog-d104-191000000-0001,전복죽,kfind-d104-191000000-0001,D104-191000000-0001,전복죽,K-FIND,가정식(분석 함량),100g,100g,400g,,,400,g,true,1,false,2018-12-31,식품의약품안전처,https://various.foodsafetykorea.go.kr/nutrient/general/down/list.do,Original 식품중량 is separate from per-100g/ml nutrient basis; no count/serving unit inferred.
kfind-catalog-d304-192000000-0001,참깨죽,kfind-d304-192000000-0001,D304-192000000-0001,참깨죽,K-FIND,외식(분석함량),100g,100g,100g,,,400,g,true,4,true,1980-12-31,농촌진흥청(국가표준식품성분표),https://various.foodsafetykorea.go.kr/nutrient/general/down/list.do,Original 식품중량 is separate from per-100g/ml nutrient basis; no count/serving unit inferred.
kfind-catalog-d304-193000000-0001,참치죽,kfind-d304-193000000-0001,D304-193000000-0001,참치죽,K-FIND,외식(분석함량),100g,100g,800g,,,400,g,true,0.5,false,2013-03-31,식품의약품안전처,https://various.foodsafetykorea.go.kr/nutrient/general/down/list.do,Original 식품중량 is separate from per-100g/ml nutrient basis; no count/serving unit inferred.
kfind-catalog-d104-194000000-0001,채소죽,kfind-d104-194000000-0001,D104-194000000-0001,채소죽,K-FIND,가정식(분석 함량),100g,100g,400g,,,400,g,true,1,false,2019-12-31,식품의약품안전처,https://various.foodsafetykorea.go.kr/nutrient/general/down/list.do,Original 식품중량 is separate from per-100g/ml nutrient basis; no count/serving unit inferred.
kfind-catalog-d104-195000000-0001,팥죽,kfind-d104-195000000-0001,D104-195000000-0001,팥죽,K-FIND,가정식(분석 함량),100g,100g,400g,,,400,g,true,1,false,2018-12-31,식품의약품안전처,https://various.foodsafetykorea.go.kr/nutrient/general/down/list.do,Original 식품중량 is separate from per-100g/ml nutrient basis; no count/serving unit inferred.
kfind-catalog-d103-141000000-0001,간자장,kfind-d103-141000000-0001,D103-141000000-0001,간자장,K-FIND,가정식(분석 함량),100g,100g,500g,,,450,g,true,0.9,false,2018-12-31,식품의약품안전처,https://various.foodsafetykorea.go.kr/nutrient/general/down/list.do,Original 식품중량 is separate from per-100g/ml nutrient basis; no count/serving unit inferred.
kfind-catalog-d303-143000000-0001,기스면,kfind-d303-143000000-0001,D303-143000000-0001,기스면,K-FIND,외식(분석함량),100g,100g,1000g,,,450,g,true,0.45,false,2013-03-31,식품의약품안전처,https://various.foodsafetykorea.go.kr/nutrient/general/down/list.do,Original 식품중량 is separate from per-100g/ml nutrient basis; no count/serving unit inferred.
kfind-catalog-d103-146000000-0001,떡만두국,kfind-d103-146000000-0001,D103-146000000-0001,떡만두국,K-FIND,가정식(분석 함량),100g,100g,600g,,,450,g,true,0.75,false,2018-12-31,식품의약품안전처,https://various.foodsafetykorea.go.kr/nutrient/general/down/list.do,Original 식품중량 is separate from per-100g/ml nutrient basis; no count/serving unit inferred.
kfind-catalog-d103-148000000-0001,라면,kfind-d103-148000000-0001,D103-148000000-0001,라면,K-FIND,가정식(분석 함량),100g,100g,550g,,,450,g,true,0.818182,false,2019-12-31,식품의약품안전처,https://various.foodsafetykorea.go.kr/nutrient/general/down/list.do,Original 식품중량 is separate from per-100g/ml nutrient basis; no count/serving unit inferred.
kfind-catalog-d303-151000000-0001,만두국,kfind-d303-151000000-0001,D303-151000000-0001,만두국,K-FIND,외식(분석함량),100g,100g,700g,,,450,g,true,0.642857,false,2012-02-28,식품의약품안전처,https://various.foodsafetykorea.go.kr/nutrient/general/down/list.do,Original 식품중량 is separate from per-100g/ml nutrient basis; no count/serving unit inferred.
kfind-catalog-d303-156000000-0001,분짜,kfind-d303-156000000-0001,D303-156000000-0001,분짜,K-FIND,외식(분석함량),100g,100g,100g,,,450,g,true,4.5,true,2022-06-30,식품의약품안전처,https://various.foodsafetykorea.go.kr/nutrient/general/down/list.do,Original 식품중량 is separate from per-100g/ml nutrient basis; no count/serving unit inferred.
kfind-catalog-d303-157000000-0001,비빔국수,kfind-d303-157000000-0001,D303-157000000-0001,비빔국수,K-FIND,외식(분석함량),100g,100g,100g,,,450,g,true,4.5,true,2011-12-31,농촌진흥청(국가표준식품성분표),https://various.foodsafetykorea.go.kr/nutrient/general/down/list.do,Original 식품중량 is separate from per-100g/ml nutrient basis; no count/serving unit inferred.
kfind-catalog-d103-160000000-0001,수제비,kfind-d103-160000000-0001,D103-160000000-0001,수제비,K-FIND,가정식(분석 함량),100g,100g,650g,,,450,g,true,0.692308,false,2018-12-31,식품의약품안전처,https://various.foodsafetykorea.go.kr/nutrient/general/down/list.do,Original 식품중량 is separate from per-100g/ml nutrient basis; no count/serving unit inferred.
kfind-catalog-d303-162000000-0001,쌀국수,kfind-d303-162000000-0001,D303-162000000-0001,쌀국수,K-FIND,외식(분석함량),100g,100g,600g,,,450,g,true,0.75,false,2016-10-31,식품의약품안전처,https://various.foodsafetykorea.go.kr/nutrient/general/down/list.do,Original 식품중량 is separate from per-100g/ml nutrient basis; no count/serving unit inferred.
kfind-catalog-d303-163000000-0001,올갱이국수,kfind-d303-163000000-0001,D303-163000000-0001,올갱이국수,K-FIND,외식(분석함량),100g,100g,1500g,,,450,g,true,0.3,false,2016-10-31,식품의약품안전처,https://various.foodsafetykorea.go.kr/nutrient/general/down/list.do,Original 식품중량 is separate from per-100g/ml nutrient basis; no count/serving unit inferred.
kfind-catalog-d103-165000000-0001,우동볶음,kfind-d103-165000000-0001,D103-165000000-0001,우동볶음,K-FIND,가정식(분석 함량),100g,100g,300g,,,450,g,true,1.5,true,2017-12-31,식품의약품안전처,https://various.foodsafetykorea.go.kr/nutrient/general/down/list.do,Original 식품중량 is separate from per-100g/ml nutrient basis; no count/serving unit inferred.
kfind-catalog-d303-166000000-0001,울면,kfind-d303-166000000-0001,D303-166000000-0001,울면,K-FIND,외식(분석함량),100g,100g,1000g,,,450,g,true,0.45,false,2013-03-31,식품의약품안전처,https://various.foodsafetykorea.go.kr/nutrient/general/down/list.do,Original 식품중량 is separate from per-100g/ml nutrient basis; no count/serving unit inferred.
kfind-catalog-d103-167000000-0001,월남쌈,kfind-d103-167000000-0001,D103-167000000-0001,월남쌈,K-FIND,가정식(분석 함량),100g,100g,250g,,,450,g,true,1.8,true,2017-12-31,식품의약품안전처,https://various.foodsafetykorea.go.kr/nutrient/general/down/list.do,Original 식품중량 is separate from per-100g/ml nutrient basis; no count/serving unit inferred.
kfind-catalog-d103-168000000-0001,자장면,kfind-d103-168000000-0001,D103-168000000-0001,자장면,K-FIND,가정식(분석 함량),100g,100g,600g,,,450,g,true,0.75,false,2018-12-31,식품의약품안전처,https://various.foodsafetykorea.go.kr/nutrient/general/down/list.do,Original 식품중량 is separate from per-100g/ml nutrient basis; no count/serving unit inferred.
kfind-catalog-d103-172000000-0001,짬뽕,kfind-d103-172000000-0001,D103-172000000-0001,짬뽕,K-FIND,가정식(분석 함량),100g,100g,800g,,,450,g,true,0.5625,false,2018-12-31,식품의약품안전처,https://various.foodsafetykorea.go.kr/nutrient/general/down/list.do,Original 식품중량 is separate from per-100g/ml nutrient basis; no count/serving unit inferred.
kfind-catalog-d103-174000000-0001,칼국수,kfind-d103-174000000-0001,D103-174000000-0001,칼국수,K-FIND,가정식(분석 함량),100g,100g,700g,,,450,g,true,0.642857,false,2017-12-31,식품의약품안전처,https://various.foodsafetykorea.go.kr/nutrient/general/down/list.do,Original 식품중량 is separate from per-100g/ml nutrient basis; no count/serving unit inferred.
kfind-catalog-d103-175000000-0001,콩국수,kfind-d103-175000000-0001,D103-175000000-0001,콩국수,K-FIND,가정식(분석 함량),100g,100g,800g,,,450,g,true,0.5625,false,2018-12-31,식품의약품안전처,https://various.foodsafetykorea.go.kr/nutrient/general/down/list.do,Original 식품중량 is separate from per-100g/ml nutrient basis; no count/serving unit inferred.
kfind-catalog-d303-177000000-0002,팟타이,kfind-d303-177000000-0002,D303-177000000-0002,팟타이,K-FIND,외식(분석함량),100g,100g,100g,,,450,g,true,4.5,true,2022-06-30,식품의약품안전처,https://various.foodsafetykorea.go.kr/nutrient/general/down/list.do,Original 식품중량 is separate from per-100g/ml nutrient basis; no count/serving unit inferred.
kfind-catalog-d105-199000000-0001,갈비탕,kfind-d105-199000000-0001,D105-199000000-0001,갈비탕,K-FIND,가정식(분석 함량),100g,100g,670g,,,400,g,true,0.597015,false,2018-12-31,식품의약품안전처,https://various.foodsafetykorea.go.kr/nutrient/general/down/list.do,Original 식품중량 is separate from per-100g/ml nutrient basis; no count/serving unit inferred.
kfind-catalog-d105-200000000-0001,감자국,kfind-d105-200000000-0001,D105-200000000-0001,감자국,K-FIND,가정식(분석 함량),100g,100g,400g,,,400,g,true,1,false,2019-12-31,식품의약품안전처,https://various.foodsafetykorea.go.kr/nutrient/general/down/list.do,Original 식품중량 is separate from per-100g/ml nutrient basis; no count/serving unit inferred.
kfind-catalog-d305-201000000-0001,게국지,kfind-d305-201000000-0001,D305-201000000-0001,게국지,K-FIND,외식(분석함량),100g,100g,1100g,,,400,g,true,0.363636,false,2016-10-31,식품의약품안전처,https://various.foodsafetykorea.go.kr/nutrient/general/down/list.do,Original 식품중량 is separate from per-100g/ml nutrient basis; no count/serving unit inferred.
kfind-catalog-d305-202000000-0001,곰치국,kfind-d305-202000000-0001,D305-202000000-0001,곰치국,K-FIND,외식(분석함량),100g,100g,1000g,,,400,g,true,0.4,false,2016-10-31,식품의약품안전처,https://various.foodsafetykorea.go.kr/nutrient/general/down/list.do,Original 식품중량 is separate from per-100g/ml nutrient basis; no count/serving unit inferred.
kfind-catalog-d105-203000000-0001,곰탕,kfind-d105-203000000-0001,D105-203000000-0001,곰탕,K-FIND,가정식(분석 함량),100g,100g,600g,,,400,g,true,0.666667,false,2018-12-31,식품의약품안전처,https://various.foodsafetykorea.go.kr/nutrient/general/down/list.do,Original 식품중량 is separate from per-100g/ml nutrient basis; no count/serving unit inferred.
kfind-catalog-d105-205000000-0001,김치국,kfind-d105-205000000-0001,D105-205000000-0001,김치국,K-FIND,가정식(분석 함량),100g,100g,400g,,,400,g,true,1,false,2019-12-31,식품의약품안전처,https://various.foodsafetykorea.go.kr/nutrient/general/down/list.do,Original 식품중량 is separate from per-100g/ml nutrient basis; no count/serving unit inferred.
kfind-catalog-d305-207000000-0001,낙지탕,kfind-d305-207000000-0001,D305-207000000-0001,낙지탕,K-FIND,외식(분석함량),100g,100g,600g,,,400,g,true,0.666667,false,2016-10-31,식품의약품안전처,https://various.foodsafetykorea.go.kr/nutrient/general/down/list.do,Original 식품중량 is separate from per-100g/ml nutrient basis; no count/serving unit inferred.
kfind-catalog-d105-208000000-0001,내장탕,kfind-d105-208000000-0001,D105-208000000-0001,내장탕,K-FIND,가정식(분석 함량),100g,100g,600g,,,400,g,true,0.666667,false,2018-12-31,식품의약품안전처,https://various.foodsafetykorea.go.kr/nutrient/general/down/list.do,Original 식품중량 is separate from per-100g/ml nutrient basis; no count/serving unit inferred.
kfind-catalog-d105-210000000-0001,달걀국,kfind-d105-210000000-0001,D105-210000000-0001,달걀국,K-FIND,가정식(분석 함량),100g,100g,400g,,,400,g,true,1,false,2019-12-31,식품의약품안전처,https://various.foodsafetykorea.go.kr/nutrient/general/down/list.do,Original 식품중량 is separate from per-100g/ml nutrient basis; no count/serving unit inferred.
kfind-catalog-d105-213000000-0001,닭곰탕,kfind-d105-213000000-0001,D105-213000000-0001,닭곰탕,K-FIND,가정식(분석 함량),100g,100g,650g,,,400,g,true,0.615385,false,2019-12-31,식품의약품안전처,https://various.foodsafetykorea.go.kr/nutrient/general/down/list.do,Original 식품중량 is separate from per-100g/ml nutrient basis; no count/serving unit inferred.
kfind-catalog-d105-215000000-0001,도가니탕,kfind-d105-215000000-0001,D105-215000000-0001,도가니탕,K-FIND,가정식(분석 함량),100g,100g,500g,,,400,g,true,0.8,false,2018-12-31,식품의약품안전처,https://various.foodsafetykorea.go.kr/nutrient/general/down/list.do,Original 식품중량 is separate from per-100g/ml nutrient basis; no count/serving unit inferred.
kfind-catalog-d105-272000000-0001,동태국,kfind-d105-272000000-0001,D105-272000000-0001,동태국,K-FIND,가정식(분석 함량),100g,100g,400g,,,400,g,true,1,false,2017-12-31,식품의약품안전처,https://various.foodsafetykorea.go.kr/nutrient/general/down/list.do,Original 식품중량 is separate from per-100g/ml nutrient basis; no count/serving unit inferred.
kfind-catalog-d305-218000000-0001,매생이국,kfind-d305-218000000-0001,D305-218000000-0001,매생이국,K-FIND,외식(분석함량),100g,100g,500g,,,400,g,true,0.8,false,2016-10-31,식품의약품안전처,https://various.foodsafetykorea.go.kr/nutrient/general/down/list.do,Original 식품중량 is separate from per-100g/ml nutrient basis; no count/serving unit inferred.
kfind-catalog-d305-259000000-0001,무국물,kfind-d305-259000000-0001,D305-259000000-0001,무국물,K-FIND,외식(분석함량),100g,100g,,,,400,g,false,,false,2023-04-27,농촌진흥청(국가표준식품성분표),https://various.foodsafetykorea.go.kr/nutrient/general/down/list.do,No exact original food-weight evidence
kfind-catalog-d305-222000000-0001,미소된장국,kfind-d305-222000000-0001,D305-222000000-0001,미소된장국,K-FIND,외식(분석함량),100g,100g,150g,,,400,g,true,2.66667,true,2015-06-30,식품의약품안전처,https://various.foodsafetykorea.go.kr/nutrient/general/down/list.do,Original 식품중량 is separate from per-100g/ml nutrient basis; no count/serving unit inferred.
kfind-catalog-d105-223000000-0001,미역국,kfind-d105-223000000-0001,D105-223000000-0001,미역국,K-FIND,가정식(분석 함량),100g,100g,400g,,,400,g,true,1,false,2019-12-31,식품의약품안전처,https://various.foodsafetykorea.go.kr/nutrient/general/down/list.do,Original 식품중량 is separate from per-100g/ml nutrient basis; no count/serving unit inferred.
kfind-catalog-d105-226000000-0001,북어국,kfind-d105-226000000-0001,D105-226000000-0001,북어국,K-FIND,가정식(분석 함량),100g,100g,400g,,,400,g,true,1,false,2019-12-31,식품의약품안전처,https://various.foodsafetykorea.go.kr/nutrient/general/down/list.do,Original 식품중량 is separate from per-100g/ml nutrient basis; no count/serving unit inferred.
kfind-catalog-d105-227000000-0001,사골국,kfind-d105-227000000-0001,D105-227000000-0001,사골국,K-FIND,가정식(분석 함량),100g,100g,400g,,,400,g,true,1,false,2017-12-31,식품의약품안전처,https://various.foodsafetykorea.go.kr/nutrient/general/down/list.do,Original 식품중량 is separate from per-100g/ml nutrient basis; no count/serving unit inferred.
kfind-catalog-d105-228000000-0001,삼계탕,kfind-d105-228000000-0001,D105-228000000-0001,삼계탕,K-FIND,가정식(분석 함량),100g,100g,900g,,,400,g,true,0.444444,false,2018-12-31,식품의약품안전처,https://various.foodsafetykorea.go.kr/nutrient/general/down/list.do,Original 식품중량 is separate from per-100g/ml nutrient basis; no count/serving unit inferred.
kfind-catalog-d105-229000000-0001,새우탕,kfind-d105-229000000-0001,D105-229000000-0001,새우탕,K-FIND,가정식(분석 함량),100g,100g,500g,,,400,g,true,0.8,false,2017-12-31,식품의약품안전처,https://various.foodsafetykorea.go.kr/nutrient/general/down/list.do,Original 식품중량 is separate from per-100g/ml nutrient basis; no count/serving unit inferred.
kfind-catalog-d105-231000000-0001,설렁탕,kfind-d105-231000000-0001,D105-231000000-0001,설렁탕,K-FIND,가정식(분석 함량),100g,100g,500g,,,400,g,true,0.8,false,2018-12-31,식품의약품안전처,https://various.foodsafetykorea.go.kr/nutrient/general/down/list.do,Original 식품중량 is separate from per-100g/ml nutrient basis; no count/serving unit inferred.
kfind-catalog-d305-233000000-0001,소탕,kfind-d305-233000000-0001,D305-233000000-0001,소탕,K-FIND,외식(분석함량),100g,100g,150g,,,400,g,true,2.66667,true,2014-09-30,식품의약품안전처,https://various.foodsafetykorea.go.kr/nutrient/general/down/list.do,Original 식품중량 is separate from per-100g/ml nutrient basis; no count/serving unit inferred.
kfind-catalog-d105-234000000-0001,순대국,kfind-d105-234000000-0001,D105-234000000-0001,순대국,K-FIND,가정식(분석 함량),100g,100g,600g,,,400,g,true,0.666667,false,2018-12-31,식품의약품안전처,https://various.foodsafetykorea.go.kr/nutrient/general/down/list.do,Original 식품중량 is separate from per-100g/ml nutrient basis; no count/serving unit inferred.
kfind-catalog-d305-235000000-0001,아구탕,kfind-d305-235000000-0001,D305-235000000-0001,아구탕,K-FIND,외식(분석함량),100g,100g,600g,,,400,g,true,0.666667,false,2016-10-31,식품의약품안전처,https://various.foodsafetykorea.go.kr/nutrient/general/down/list.do,Original 식품중량 is separate from per-100g/ml nutrient basis; no count/serving unit inferred.
kfind-catalog-d105-237000000-0001,어묵국(어묵탕),kfind-d105-237000000-0001,D105-237000000-0001,어묵국(어묵탕),K-FIND,가정식(분석 함량),100g,100g,350g,,,400,g,true,1.14286,true,2018-12-31,식품의약품안전처,https://various.foodsafetykorea.go.kr/nutrient/general/down/list.do,Original 식품중량 is separate from per-100g/ml nutrient basis; no count/serving unit inferred.
kfind-catalog-d305-239000000-0001,어탕,kfind-d305-239000000-0001,D305-239000000-0001,어탕,K-FIND,외식(분석함량),100g,100g,150g,,,400,g,true,2.66667,true,2014-09-30,식품의약품안전처,https://various.foodsafetykorea.go.kr/nutrient/general/down/list.do,Original 식품중량 is separate from per-100g/ml nutrient basis; no count/serving unit inferred.
kfind-catalog-d305-240000000-0001,연포탕,kfind-d305-240000000-0001,D305-240000000-0001,연포탕,K-FIND,외식(분석함량),100g,100g,1000g,,,400,g,true,0.4,false,2013-03-31,식품의약품안전처,https://various.foodsafetykorea.go.kr/nutrient/general/down/list.do,Original 식품중량 is separate from per-100g/ml nutrient basis; no count/serving unit inferred.
kfind-catalog-d305-241000000-0001,오이냉국,kfind-d305-241000000-0001,D305-241000000-0001,오이냉국,K-FIND,외식(분석함량),100g,100g,100g,,,400,g,true,4,true,2022-06-30,식품의약품안전처,https://various.foodsafetykorea.go.kr/nutrient/general/down/list.do,Original 식품중량 is separate from per-100g/ml nutrient basis; no count/serving unit inferred.
kfind-catalog-d106-259000000-0001,갈치찌개,kfind-d106-259000000-0001,D106-259000000-0001,갈치찌개,K-FIND,가정식(분석 함량),100g,100g,250g,,,400,g,true,1.6,true,2017-12-31,식품의약품안전처,https://various.foodsafetykorea.go.kr/nutrient/general/down/list.do,Original 식품중량 is separate from per-100g/ml nutrient basis; no count/serving unit inferred.
kfind-catalog-d106-260000000-0001,감자탕,kfind-d106-260000000-0001,D106-260000000-0001,감자탕,K-FIND,가정식(분석 함량),100g,100g,530g,,,400,g,true,0.754717,false,2018-12-31,식품의약품안전처,https://various.foodsafetykorea.go.kr/nutrient/general/down/list.do,Original 식품중량 is separate from per-100g/ml nutrient basis; no count/serving unit inferred.
kfind-catalog-d106-265000000-0001,김치전골,kfind-d106-265000000-0001,D106-265000000-0001,김치전골,K-FIND,가정식(분석 함량),100g,100g,270g,,,400,g,true,1.48148,true,2017-12-31,식품의약품안전처,https://various.foodsafetykorea.go.kr/nutrient/general/down/list.do,Original 식품중량 is separate from per-100g/ml nutrient basis; no count/serving unit inferred.
kfind-catalog-d306-266000000-0001,김치찌개,kfind-d306-266000000-0001,D306-266000000-0001,김치찌개,K-FIND,외식(분석함량),100g,100g,400g,,,400,g,true,1,false,2012-02-28,식품의약품안전처,https://various.foodsafetykorea.go.kr/nutrient/general/down/list.do,Original 식품중량 is separate from per-100g/ml nutrient basis; no count/serving unit inferred.
kfind-catalog-d306-267000000-0001,꽁치찌개,kfind-d306-267000000-0001,D306-267000000-0001,꽁치찌개,K-FIND,외식(분석함량),100g,100g,300g,,,400,g,true,1.33333,true,2017-12-31,식품의약품안전처,https://various.foodsafetykorea.go.kr/nutrient/general/down/list.do,Original 식품중량 is separate from per-100g/ml nutrient basis; no count/serving unit inferred.
kfind-catalog-d106-268000000-0001,꽃게탕,kfind-d106-268000000-0001,D106-268000000-0001,꽃게탕,K-FIND,가정식(분석 함량),100g,100g,600g,,,400,g,true,0.666667,false,2019-12-31,식품의약품안전처,https://various.foodsafetykorea.go.kr/nutrient/general/down/list.do,Original 식품중량 is separate from per-100g/ml nutrient basis; no count/serving unit inferred.
kfind-catalog-d106-270000000-0001,낙지전골,kfind-d106-270000000-0001,D106-270000000-0001,낙지전골,K-FIND,가정식(분석 함량),100g,100g,300g,,,400,g,true,1.33333,true,2017-12-31,식품의약품안전처,https://various.foodsafetykorea.go.kr/nutrient/general/down/list.do,Original 식품중량 is separate from per-100g/ml nutrient basis; no count/serving unit inferred.
kfind-catalog-d106-273000000-0001,동태찌개,kfind-d106-273000000-0001,D106-273000000-0001,동태찌개,K-FIND,가정식(분석 함량),100g,100g,200g,,,400,g,true,2,true,2018-12-31,식품의약품안전처,https://various.foodsafetykorea.go.kr/nutrient/general/down/list.do,Original 식품중량 is separate from per-100g/ml nutrient basis; no count/serving unit inferred.
kfind-catalog-d106-274000000-0001,돼지고기찌개,kfind-d106-274000000-0001,D106-274000000-0001,돼지고기찌개,K-FIND,가정식(분석 함량),100g,100g,300g,,,400,g,true,1.33333,true,2017-12-31,식품의약품안전처,https://various.foodsafetykorea.go.kr/nutrient/general/down/list.do,Original 식품중량 is separate from per-100g/ml nutrient basis; no count/serving unit inferred.
kfind-catalog-d106-275000000-0001,된장찌개,kfind-d106-275000000-0001,D106-275000000-0001,된장찌개,K-FIND,가정식(분석 함량),100g,100g,200g,,,400,g,true,2,true,2018-12-31,식품의약품안전처,https://various.foodsafetykorea.go.kr/nutrient/general/down/list.do,Original 식품중량 is separate from per-100g/ml nutrient basis; no count/serving unit inferred.
kfind-catalog-d306-276000000-0001,두부전골,kfind-d306-276000000-0001,D306-276000000-0001,두부전골,K-FIND,외식(분석함량),100g,100g,500g,,,400,g,true,0.8,false,2016-10-31,식품의약품안전처,https://various.foodsafetykorea.go.kr/nutrient/general/down/list.do,Original 식품중량 is separate from per-100g/ml nutrient basis; no count/serving unit inferred.
kfind-catalog-d306-278000000-0002,마라탕,kfind-d306-278000000-0002,D306-278000000-0002,마라탕,K-FIND,외식(분석함량),100g,100g,100g,,,400,g,true,4,true,2022-06-30,식품의약품안전처,https://various.foodsafetykorea.go.kr/nutrient/general/down/list.do,Original 식품중량 is separate from per-100g/ml nutrient basis; no count/serving unit inferred.
kfind-catalog-d306-279000000-0002,만두전골,kfind-d306-279000000-0002,D306-279000000-0002,만두전골,K-FIND,외식(분석함량),100g,100g,100g,,,400,g,true,4,true,2022-06-30,식품의약품안전처,https://various.foodsafetykorea.go.kr/nutrient/general/down/list.do,Original 식품중량 is separate from per-100g/ml nutrient basis; no count/serving unit inferred.
kfind-catalog-d106-282000000-0001,버섯전골,kfind-d106-282000000-0001,D106-282000000-0001,버섯전골,K-FIND,가정식(분석 함량),100g,100g,300g,,,400,g,true,1.33333,true,2017-12-31,식품의약품안전처,https://various.foodsafetykorea.go.kr/nutrient/general/down/list.do,Original 식품중량 is separate from per-100g/ml nutrient basis; no count/serving unit inferred.
kfind-catalog-d306-283000000-0001,버섯찌개,kfind-d306-283000000-0001,D306-283000000-0001,버섯찌개,K-FIND,외식(분석함량),100g,100g,400g,,,400,g,true,1,false,2016-10-31,식품의약품안전처,https://various.foodsafetykorea.go.kr/nutrient/general/down/list.do,Original 식품중량 is separate from per-100g/ml nutrient basis; no count/serving unit inferred.
kfind-catalog-d106-284000000-0001,부대찌개,kfind-d106-284000000-0001,D106-284000000-0001,부대찌개,K-FIND,가정식(분석 함량),100g,100g,600g,,,400,g,true,0.666667,false,2019-12-31,식품의약품안전처,https://various.foodsafetykorea.go.kr/nutrient/general/down/list.do,Original 식품중량 is separate from per-100g/ml nutrient basis; no count/serving unit inferred.
kfind-catalog-d106-289000000-0001,소고기전골,kfind-d106-289000000-0001,D106-289000000-0001,소고기전골,K-FIND,가정식(분석 함량),100g,100g,300g,,,400,g,true,1.33333,true,2019-12-31,식품의약품안전처,https://various.foodsafetykorea.go.kr/nutrient/general/down/list.do,Original 식품중량 is separate from per-100g/ml nutrient basis; no count/serving unit inferred.
kfind-catalog-d106-293000000-0001,알탕,kfind-d106-293000000-0001,D106-293000000-0001,알탕,K-FIND,가정식(분석 함량),100g,100g,520g,,,400,g,true,0.769231,false,2018-12-31,식품의약품안전처,https://various.foodsafetykorea.go.kr/nutrient/general/down/list.do,Original 식품중량 is separate from per-100g/ml nutrient basis; no count/serving unit inferred.
kfind-catalog-d106-294000000-0001,오리백숙,kfind-d106-294000000-0001,D106-294000000-0001,오리백숙,K-FIND,가정식(분석 함량),100g,100g,300g,,,400,g,true,1.33333,true,2019-12-31,식품의약품안전처,https://various.foodsafetykorea.go.kr/nutrient/general/down/list.do,Original 식품중량 is separate from per-100g/ml nutrient basis; no count/serving unit inferred.
kfind-catalog-d106-295000000-0001,오리탕,kfind-d106-295000000-0001,D106-295000000-0001,오리탕,K-FIND,가정식(분석 함량),100g,100g,600g,,,400,g,true,0.666667,false,2019-12-31,식품의약품안전처,https://various.foodsafetykorea.go.kr/nutrient/general/down/list.do,Original 식품중량 is separate from per-100g/ml nutrient basis; no count/serving unit inferred.
kfind-catalog-d106-296000000-0001,오징어찌개,kfind-d106-296000000-0001,D106-296000000-0001,오징어찌개,K-FIND,가정식(분석 함량),100g,100g,250g,,,400,g,true,1.6,true,2017-12-31,식품의약품안전처,https://various.foodsafetykorea.go.kr/nutrient/general/down/list.do,Original 식품중량 is separate from per-100g/ml nutrient basis; no count/serving unit inferred.
kfind-catalog-d106-297000000-0001,청국장찌개,kfind-d106-297000000-0001,D106-297000000-0001,청국장찌개,K-FIND,가정식(분석 함량),100g,100g,200g,,,400,g,true,2,true,2018-12-31,식품의약품안전처,https://various.foodsafetykorea.go.kr/nutrient/general/down/list.do,Original 식품중량 is separate from per-100g/ml nutrient basis; no count/serving unit inferred.
kfind-catalog-d108-352000000-0001,가자미구이,kfind-d108-352000000-0001,D108-352000000-0001,가자미구이,K-FIND,가정식(분석 함량),100g,100g,200g,,,250,g,true,1.25,true,2019-12-31,식품의약품안전처,https://various.foodsafetykorea.go.kr/nutrient/general/down/list.do,Original 식품중량 is separate from per-100g/ml nutrient basis; no count/serving unit inferred.
kfind-catalog-d308-364000000-0001,꿩불고기,kfind-d308-364000000-0001,D308-364000000-0001,꿩불고기,K-FIND,외식(분석함량),100g,100g,500g,,,250,g,true,0.5,false,2016-10-31,식품의약품안전처,https://various.foodsafetykorea.go.kr/nutrient/general/down/list.do,Original 식품중량 is separate from per-100g/ml nutrient basis; no count/serving unit inferred.
kfind-catalog-d108-365000000-0001,닭구이,kfind-d108-365000000-0001,D108-365000000-0001,닭구이,K-FIND,가정식(분석 함량),100g,100g,340g,,,250,g,true,0.735294,false,2017-12-31,식품의약품안전처,https://various.foodsafetykorea.go.kr/nutrient/general/down/list.do,Original 식품중량 is separate from per-100g/ml nutrient basis; no count/serving unit inferred.
kfind-catalog-d108-368000000-0001,닭발구이,kfind-d108-368000000-0001,D108-368000000-0001,닭발구이,K-FIND,가정식(분석 함량),100g,100g,220g,,,250,g,true,1.13636,true,2017-12-31,식품의약품안전처,https://various.foodsafetykorea.go.kr/nutrient/general/down/list.do,Original 식품중량 is separate from per-100g/ml nutrient basis; no count/serving unit inferred.
kfind-catalog-d308-371000000-0001,더덕구이,kfind-d308-371000000-0001,D308-371000000-0001,더덕구이,K-FIND,외식(분석함량),100g,100g,100g,,,250,g,true,2.5,true,2017-12-31,식품의약품안전처,https://various.foodsafetykorea.go.kr/nutrient/general/down/list.do,Original 식품중량 is separate from per-100g/ml nutrient basis; no count/serving unit inferred.
kfind-catalog-d308-374000000-0001,돼지껍데기구이,kfind-d308-374000000-0001,D308-374000000-0001,돼지껍데기구이,K-FIND,외식(분석함량),100g,100g,100g,,,250,g,true,2.5,true,2022-06-30,식품의약품안전처,https://various.foodsafetykorea.go.kr/nutrient/general/down/list.do,Original 식품중량 is separate from per-100g/ml nutrient basis; no count/serving unit inferred.
kfind-catalog-d108-376000000-0001,떡갈비,kfind-d108-376000000-0001,D108-376000000-0001,떡갈비,K-FIND,가정식(분석 함량),100g,100g,200g,,,250,g,true,1.25,true,2019-12-31,식품의약품안전처,https://various.foodsafetykorea.go.kr/nutrient/general/down/list.do,Original 식품중량 is separate from per-100g/ml nutrient basis; no count/serving unit inferred.
kfind-catalog-d108-377000000-0001,런천미트구이,kfind-d108-377000000-0001,D108-377000000-0001,런천미트구이,K-FIND,가정식(분석 함량),100g,100g,160g,,,250,g,true,1.5625,true,2017-12-31,식품의약품안전처,https://various.foodsafetykorea.go.kr/nutrient/general/down/list.do,Original 식품중량 is separate from per-100g/ml nutrient basis; no count/serving unit inferred.
kfind-catalog-d108-379000000-0001,뱅어포구이,kfind-d108-379000000-0001,D108-379000000-0001,뱅어포구이,K-FIND,가정식(분석 함량),100g,100g,70g,,,250,g,true,3.57143,true,2017-12-31,식품의약품안전처,https://various.foodsafetykorea.go.kr/nutrient/general/down/list.do,Original 식품중량 is separate from per-100g/ml nutrient basis; no count/serving unit inferred.
kfind-catalog-d108-380000000-0001,버섯구이,kfind-d108-380000000-0001,D108-380000000-0001,버섯구이,K-FIND,가정식(분석 함량),100g,100g,80g,,,250,g,true,3.125,true,2017-12-31,식품의약품안전처,https://various.foodsafetykorea.go.kr/nutrient/general/down/list.do,Original 식품중량 is separate from per-100g/ml nutrient basis; no count/serving unit inferred.
kfind-catalog-d108-381000000-0001,버섯구이표고버섯,kfind-d108-381000000-0001,D108-381000000-0001,버섯구이표고버섯,K-FIND,가정식(분석 함량),100g,100g,80g,,,250,g,true,3.125,true,2017-12-31,식품의약품안전처,https://various.foodsafetykorea.go.kr/nutrient/general/down/list.do,Original 식품중량 is separate from per-100g/ml nutrient basis; no count/serving unit inferred.
kfind-catalog-d108-382000000-0001,삼겹살구이,kfind-d108-382000000-0001,D108-382000000-0001,삼겹살구이,K-FIND,가정식(분석 함량),100g,100g,200g,,,250,g,true,1.25,true,2019-12-31,식품의약품안전처,https://various.foodsafetykorea.go.kr/nutrient/general/down/list.do,Original 식품중량 is separate from per-100g/ml nutrient basis; no count/serving unit inferred.
kfind-catalog-d108-383000000-0001,삼치구이,kfind-d108-383000000-0001,D108-383000000-0001,삼치구이,K-FIND,가정식(분석 함량),100g,100g,200g,,,250,g,true,1.25,true,2017-12-31,식품의약품안전처,https://various.foodsafetykorea.go.kr/nutrient/general/down/list.do,Original 식품중량 is separate from per-100g/ml nutrient basis; no count/serving unit inferred.
kfind-catalog-d108-384000000-0001,새우구이,kfind-d108-384000000-0001,D108-384000000-0001,새우구이,K-FIND,가정식(분석 함량),100g,100g,180g,,,250,g,true,1.38889,true,2017-12-31,식품의약품안전처,https://various.foodsafetykorea.go.kr/nutrient/general/down/list.do,Original 식품중량 is separate from per-100g/ml nutrient basis; no count/serving unit inferred.
kfind-catalog-d108-386000000-0001,소불고기,kfind-d108-386000000-0001,D108-386000000-0001,소불고기,K-FIND,가정식(분석 함량),100g,100g,200g,,,250,g,true,1.25,true,2018-12-31,식품의약품안전처,https://various.foodsafetykorea.go.kr/nutrient/general/down/list.do,Original 식품중량 is separate from per-100g/ml nutrient basis; no count/serving unit inferred.
kfind-catalog-d308-388000000-0001,연어구이,kfind-d308-388000000-0001,D308-388000000-0001,연어구이,K-FIND,외식(분석함량),100g,100g,100g,,,250,g,true,2.5,true,2022-06-30,식품의약품안전처,https://various.foodsafetykorea.go.kr/nutrient/general/down/list.do,Original 식품중량 is separate from per-100g/ml nutrient basis; no count/serving unit inferred.
kfind-catalog-d108-390000000-0001,오리고기구이,kfind-d108-390000000-0001,D108-390000000-0001,오리고기구이,K-FIND,가정식(분석 함량),100g,100g,200g,,,250,g,true,1.25,true,2017-12-31,식품의약품안전처,https://various.foodsafetykorea.go.kr/nutrient/general/down/list.do,Original 식품중량 is separate from per-100g/ml nutrient basis; no count/serving unit inferred.
kfind-catalog-d108-392000000-0001,오리불고기,kfind-d108-392000000-0001,D108-392000000-0001,오리불고기,K-FIND,가정식(분석 함량),100g,100g,250g,,,250,g,true,1,false,2019-12-31,식품의약품안전처,https://various.foodsafetykorea.go.kr/nutrient/general/down/list.do,Original 식품중량 is separate from per-100g/ml nutrient basis; no count/serving unit inferred.
kfind-catalog-d308-395000000-0001,임연수구이,kfind-d308-395000000-0001,D308-395000000-0001,임연수구이,K-FIND,외식(분석함량),100g,100g,250g,,,250,g,true,1,false,2015-06-30,식품의약품안전처,https://various.foodsafetykorea.go.kr/nutrient/general/down/list.do,Original 식품중량 is separate from per-100g/ml nutrient basis; no count/serving unit inferred.
kfind-catalog-d108-399000000-0001,조기구이,kfind-d108-399000000-0001,D108-399000000-0001,조기구이,K-FIND,가정식(분석 함량),100g,100g,180g,,,250,g,true,1.38889,true,2017-12-31,식품의약품안전처,https://various.foodsafetykorea.go.kr/nutrient/general/down/list.do,Original 식품중량 is separate from per-100g/ml nutrient basis; no count/serving unit inferred.
kfind-catalog-d110-450000000-0001,감자볶음,kfind-d110-450000000-0001,D110-450000000-0001,감자볶음,K-FIND,가정식(분석 함량),100g,100g,100g,,,250,g,true,2.5,true,2019-12-31,식품의약품안전처,https://various.foodsafetykorea.go.kr/nutrient/general/down/list.do,Original 식품중량 is separate from per-100g/ml nutrient basis; no count/serving unit inferred.
kfind-catalog-d110-451000000-0001,건새우볶음,kfind-d110-451000000-0001,D110-451000000-0001,건새우볶음,K-FIND,가정식(분석 함량),100g,100g,20g,,,250,g,true,12.5,true,2018-12-31,식품의약품안전처,https://various.foodsafetykorea.go.kr/nutrient/general/down/list.do,Original 식품중량 is separate from per-100g/ml nutrient basis; no count/serving unit inferred.
kfind-catalog-d110-456000000-0001,김치볶음,kfind-d110-456000000-0001,D110-456000000-0001,김치볶음,K-FIND,가정식(분석 함량),100g,100g,100g,,,250,g,true,2.5,true,2019-12-31,식품의약품안전처,https://various.foodsafetykorea.go.kr/nutrient/general/down/list.do,Original 식품중량 is separate from per-100g/ml nutrient basis; no count/serving unit inferred.
kfind-catalog-d110-457000000-0001,낙지볶음,kfind-d110-457000000-0001,D110-457000000-0001,낙지볶음,K-FIND,가정식(분석 함량),100g,100g,200g,,,250,g,true,1.25,true,2019-12-31,식품의약품안전처,https://various.foodsafetykorea.go.kr/nutrient/general/down/list.do,Original 식품중량 is separate from per-100g/ml nutrient basis; no count/serving unit inferred.
kfind-catalog-d310-459000000-0001,느타리버섯볶음,kfind-d310-459000000-0001,D310-459000000-0001,느타리버섯볶음,K-FIND,외식(분석함량),100g,100g,100g,,,250,g,true,2.5,true,2022-06-30,식품의약품안전처,https://various.foodsafetykorea.go.kr/nutrient/general/down/list.do,Original 식품중량 is separate from per-100g/ml nutrient basis; no count/serving unit inferred.
kfind-catalog-d310-460000000-0001,닭모래집볶음,kfind-d310-460000000-0001,D310-460000000-0001,닭모래집볶음,K-FIND,외식(분석함량),100g,100g,100g,,,250,g,true,2.5,true,2022-06-30,식품의약품안전처,https://various.foodsafetykorea.go.kr/nutrient/general/down/list.do,Original 식품중량 is separate from per-100g/ml nutrient basis; no count/serving unit inferred.
kfind-catalog-d110-461000000-0001,닭발볶음,kfind-d110-461000000-0001,D110-461000000-0001,닭발볶음,K-FIND,가정식(분석 함량),100g,100g,200g,,,250,g,true,1.25,true,2017-12-31,식품의약품안전처,https://various.foodsafetykorea.go.kr/nutrient/general/down/list.do,Original 식품중량 is separate from per-100g/ml nutrient basis; no count/serving unit inferred.
kfind-catalog-d110-462000000-0001,닭볶음(닭갈비),kfind-d110-462000000-0001,D110-462000000-0001,닭볶음(닭갈비),K-FIND,가정식(분석 함량),100g,100g,300g,,,250,g,true,0.833333,false,2019-12-31,식품의약품안전처,https://various.foodsafetykorea.go.kr/nutrient/general/down/list.do,Original 식품중량 is separate from per-100g/ml nutrient basis; no count/serving unit inferred.
kfind-catalog-d110-463000000-0001,당근볶음,kfind-d110-463000000-0001,D110-463000000-0001,당근볶음,K-FIND,가정식(분석 함량),100g,100g,90g,,,250,g,true,2.77778,true,2017-12-31,식품의약품안전처,https://various.foodsafetykorea.go.kr/nutrient/general/down/list.do,Original 식품중량 is separate from per-100g/ml nutrient basis; no count/serving unit inferred.
kfind-catalog-d310-464000000-0002,돼지고기볶음,kfind-d310-464000000-0002,D310-464000000-0002,돼지고기볶음,K-FIND,외식(분석함량),100g,100g,200g,,,250,g,true,1.25,true,2012-02-28,식품의약품안전처,https://various.foodsafetykorea.go.kr/nutrient/general/down/list.do,Original 식품중량 is separate from per-100g/ml nutrient basis; no count/serving unit inferred.
kfind-catalog-d110-465000000-0001,돼지고기볶음(제육볶음),kfind-d110-465000000-0001,D110-465000000-0001,돼지고기볶음(제육볶음),K-FIND,가정식(분석 함량),100g,100g,250g,,,250,g,true,1,false,2018-12-31,식품의약품안전처,https://various.foodsafetykorea.go.kr/nutrient/general/down/list.do,Original 식품중량 is separate from per-100g/ml nutrient basis; no count/serving unit inferred.
kfind-catalog-d310-466000000-0001,두부김치,kfind-d310-466000000-0001,D310-466000000-0001,두부김치,K-FIND,외식(분석함량),100g,100g,250g,,,250,g,true,1,false,2013-03-31,식품의약품안전처,https://various.foodsafetykorea.go.kr/nutrient/general/down/list.do,Original 식품중량 is separate from per-100g/ml nutrient basis; no count/serving unit inferred.
kfind-catalog-d110-467000000-0001,떡볶이,kfind-d110-467000000-0001,D110-467000000-0001,떡볶이,K-FIND,가정식(분석 함량),100g,100g,180g,,,250,g,true,1.38889,true,2018-12-31,식품의약품안전처,https://various.foodsafetykorea.go.kr/nutrient/general/down/list.do,Original 식품중량 is separate from per-100g/ml nutrient basis; no count/serving unit inferred.
kfind-catalog-d110-468000000-0001,라볶이,kfind-d110-468000000-0001,D110-468000000-0001,라볶이,K-FIND,가정식(분석 함량),100g,100g,200g,,,250,g,true,1.25,true,2019-12-31,식품의약품안전처,https://various.foodsafetykorea.go.kr/nutrient/general/down/list.do,Original 식품중량 is separate from per-100g/ml nutrient basis; no count/serving unit inferred.
kfind-catalog-d110-469000000-0001,마늘쫑볶음,kfind-d110-469000000-0001,D110-469000000-0001,마늘쫑볶음,K-FIND,가정식(분석 함량),100g,100g,140g,,,250,g,true,1.78571,true,2017-12-31,식품의약품안전처,https://various.foodsafetykorea.go.kr/nutrient/general/down/list.do,Original 식품중량 is separate from per-100g/ml nutrient basis; no count/serving unit inferred.
kfind-catalog-d110-470000000-0001,마파두부,kfind-d110-470000000-0001,D110-470000000-0001,마파두부,K-FIND,가정식(분석 함량),100g,100g,160g,,,250,g,true,1.5625,true,2018-12-31,식품의약품안전처,https://various.foodsafetykorea.go.kr/nutrient/general/down/list.do,Original 식품중량 is separate from per-100g/ml nutrient basis; no count/serving unit inferred.
kfind-catalog-d310-471000000-0001,머위나물볶음,kfind-d310-471000000-0001,D310-471000000-0001,머위나물볶음,K-FIND,외식(분석함량),100g,100g,150g,,,250,g,true,1.66667,true,2015-06-30,식품의약품안전처,https://various.foodsafetykorea.go.kr/nutrient/general/down/list.do,Original 식품중량 is separate from per-100g/ml nutrient basis; no count/serving unit inferred.
kfind-catalog-d110-472000000-0001,멸치볶음,kfind-d110-472000000-0001,D110-472000000-0001,멸치볶음,K-FIND,가정식(분석 함량),100g,100g,50g,,,250,g,true,5,true,2018-12-31,식품의약품안전처,https://various.foodsafetykorea.go.kr/nutrient/general/down/list.do,Original 식품중량 is separate from per-100g/ml nutrient basis; no count/serving unit inferred.
kfind-catalog-d110-475000000-0001,미역줄기볶음,kfind-d110-475000000-0001,D110-475000000-0001,미역줄기볶음,K-FIND,가정식(분석 함량),100g,100g,80g,,,250,g,true,3.125,true,2019-12-31,식품의약품안전처,https://various.foodsafetykorea.go.kr/nutrient/general/down/list.do,Original 식품중량 is separate from per-100g/ml nutrient basis; no count/serving unit inferred.
kfind-catalog-d110-477000000-0001,브로콜리볶음,kfind-d110-477000000-0001,D110-477000000-0001,브로콜리볶음,K-FIND,가정식(분석 함량),100g,100g,90g,,,250,g,true,2.77778,true,2017-12-31,식품의약품안전처,https://various.foodsafetykorea.go.kr/nutrient/general/down/list.do,Original 식품중량 is separate from per-100g/ml nutrient basis; no count/serving unit inferred.
kfind-catalog-d110-480000000-0001,새우볶음,kfind-d110-480000000-0001,D110-480000000-0001,새우볶음,K-FIND,가정식(분석 함량),100g,100g,200g,,,250,g,true,1.25,true,2017-12-31,식품의약품안전처,https://various.foodsafetykorea.go.kr/nutrient/general/down/list.do,Original 식품중량 is separate from per-100g/ml nutrient basis; no count/serving unit inferred.
kfind-catalog-d110-482000000-0001,소시지볶음,kfind-d110-482000000-0001,D110-482000000-0001,소시지볶음,K-FIND,가정식(분석 함량),100g,100g,200g,,,250,g,true,1.25,true,2019-12-31,식품의약품안전처,https://various.foodsafetykorea.go.kr/nutrient/general/down/list.do,Original 식품중량 is separate from per-100g/ml nutrient basis; no count/serving unit inferred.
kfind-catalog-d310-483000000-0004,순대볶음,kfind-d310-483000000-0004,D310-483000000-0004,순대볶음,K-FIND,외식(분석함량),100g,100g,400g,,,250,g,true,0.625,false,2015-06-30,식품의약품안전처,https://various.foodsafetykorea.go.kr/nutrient/general/down/list.do,Original 식품중량 is separate from per-100g/ml nutrient basis; no count/serving unit inferred.
kfind-catalog-d110-484000000-0001,애호박볶음,kfind-d110-484000000-0001,D110-484000000-0001,애호박볶음,K-FIND,가정식(분석 함량),100g,100g,50g,,,250,g,true,5,true,2019-12-31,식품의약품안전처,https://various.foodsafetykorea.go.kr/nutrient/general/down/list.do,Original 식품중량 is separate from per-100g/ml nutrient basis; no count/serving unit inferred.
kfind-catalog-d110-485000000-0001,양파볶음,kfind-d110-485000000-0001,D110-485000000-0001,양파볶음,K-FIND,가정식(분석 함량),100g,100g,80g,,,250,g,true,3.125,true,2017-12-31,식품의약품안전처,https://various.foodsafetykorea.go.kr/nutrient/general/down/list.do,Original 식품중량 is separate from per-100g/ml nutrient basis; no count/serving unit inferred.
kfind-catalog-d311-506000000-0001,가자미조림,kfind-d311-506000000-0001,D311-506000000-0001,가자미조림,K-FIND,외식(분석함량),100g,100g,300g,,,250,g,true,0.833333,false,2016-10-31,식품의약품안전처,https://various.foodsafetykorea.go.kr/nutrient/general/down/list.do,Original 식품중량 is separate from per-100g/ml nutrient basis; no count/serving unit inferred.
kfind-catalog-d111-508000000-0001,감자조림,kfind-d111-508000000-0001,D111-508000000-0001,감자조림,K-FIND,가정식(분석 함량),100g,100g,50g,,,250,g,true,5,true,2019-12-31,식품의약품안전처,https://various.foodsafetykorea.go.kr/nutrient/general/down/list.do,Original 식품중량 is separate from per-100g/ml nutrient basis; no count/serving unit inferred.
kfind-catalog-d111-509000000-0001,고등어조림,kfind-d111-509000000-0001,D111-509000000-0001,고등어조림,K-FIND,가정식(분석 함량),100g,100g,100g,,,250,g,true,2.5,true,2019-12-31,식품의약품안전처,https://various.foodsafetykorea.go.kr/nutrient/general/down/list.do,Original 식품중량 is separate from per-100g/ml nutrient basis; no count/serving unit inferred.
kfind-catalog-d311-510000000-0001,고추조림,kfind-d311-510000000-0001,D311-510000000-0001,고추조림,K-FIND,외식(분석함량),100g,100g,100g,,,250,g,true,2.5,true,2017-12-31,식품의약품안전처,https://various.foodsafetykorea.go.kr/nutrient/general/down/list.do,Original 식품중량 is separate from per-100g/ml nutrient basis; no count/serving unit inferred.
kfind-catalog-d111-511000000-0001,꽁치조림,kfind-d111-511000000-0001,D111-511000000-0001,꽁치조림,K-FIND,가정식(분석 함량),100g,100g,100g,,,250,g,true,2.5,true,2019-12-31,식품의약품안전처,https://various.foodsafetykorea.go.kr/nutrient/general/down/list.do,Original 식품중량 is separate from per-100g/ml nutrient basis; no count/serving unit inferred.
kfind-catalog-d111-514000000-0001,닭볶음탕,kfind-d111-514000000-0001,D111-514000000-0001,닭볶음탕,K-FIND,가정식(분석 함량),100g,100g,300g,,,250,g,true,0.833333,false,2019-12-31,식품의약품안전처,https://various.foodsafetykorea.go.kr/nutrient/general/down/list.do,Original 식품중량 is separate from per-100g/ml nutrient basis; no count/serving unit inferred.
kfind-catalog-d111-515000000-0001,닭조림,kfind-d111-515000000-0001,D111-515000000-0001,닭조림,K-FIND,가정식(분석 함량),100g,100g,150g,,,250,g,true,1.66667,true,2019-12-31,식품의약품안전처,https://various.foodsafetykorea.go.kr/nutrient/general/down/list.do,Original 식품중량 is separate from per-100g/ml nutrient basis; no count/serving unit inferred.
kfind-catalog-d311-516000000-0001,동태조림,kfind-d311-516000000-0001,D311-516000000-0001,동태조림,K-FIND,외식(분석함량),100g,100g,250g,,,250,g,true,1,false,2017-12-31,식품의약품안전처,https://various.foodsafetykorea.go.kr/nutrient/general/down/list.do,Original 식품중량 is separate from per-100g/ml nutrient basis; no count/serving unit inferred.
kfind-catalog-d111-517000000-0001,두부조림,kfind-d111-517000000-0001,D111-517000000-0001,두부조림,K-FIND,가정식(분석 함량),100g,100g,50g,,,250,g,true,5,true,2019-12-31,식품의약품안전처,https://various.foodsafetykorea.go.kr/nutrient/general/down/list.do,Original 식품중량 is separate from per-100g/ml nutrient basis; no count/serving unit inferred.
kfind-catalog-d111-518000000-0001,땅콩조림,kfind-d111-518000000-0001,D111-518000000-0001,땅콩조림,K-FIND,가정식(분석 함량),100g,100g,20g,,,250,g,true,12.5,true,2019-12-31,식품의약품안전처,https://various.foodsafetykorea.go.kr/nutrient/general/down/list.do,Original 식품중량 is separate from per-100g/ml nutrient basis; no count/serving unit inferred.
kfind-catalog-d111-519000000-0001,멸치조림,kfind-d111-519000000-0001,D111-519000000-0001,멸치조림,K-FIND,가정식(분석 함량),100g,100g,100g,,,250,g,true,2.5,true,2017-12-31,식품의약품안전처,https://various.foodsafetykorea.go.kr/nutrient/general/down/list.do,Original 식품중량 is separate from per-100g/ml nutrient basis; no count/serving unit inferred.
kfind-catalog-d111-520000000-0001,무조림,kfind-d111-520000000-0001,D111-520000000-0001,무조림,K-FIND,가정식(분석 함량),100g,100g,150g,,,250,g,true,1.66667,true,2017-12-31,식품의약품안전처,https://various.foodsafetykorea.go.kr/nutrient/general/down/list.do,Original 식품중량 is separate from per-100g/ml nutrient basis; no count/serving unit inferred.
kfind-catalog-d111-521000000-0001,미트볼조림,kfind-d111-521000000-0001,D111-521000000-0001,미트볼조림,K-FIND,가정식(분석 함량),100g,100g,150g,,,250,g,true,1.66667,true,2017-12-31,식품의약품안전처,https://various.foodsafetykorea.go.kr/nutrient/general/down/list.do,Original 식품중량 is separate from per-100g/ml nutrient basis; no count/serving unit inferred.
kfind-catalog-d111-522000000-0001,버섯조림,kfind-d111-522000000-0001,D111-522000000-0001,버섯조림,K-FIND,가정식(분석 함량),100g,100g,150g,,,250,g,true,1.66667,true,2017-12-31,식품의약품안전처,https://various.foodsafetykorea.go.kr/nutrient/general/down/list.do,Original 식품중량 is separate from per-100g/ml nutrient basis; no count/serving unit inferred.
kfind-catalog-d111-523000000-0001,병어조림,kfind-d111-523000000-0001,D111-523000000-0001,병어조림,K-FIND,가정식(분석 함량),100g,100g,100g,,,250,g,true,2.5,true,2017-12-31,식품의약품안전처,https://various.foodsafetykorea.go.kr/nutrient/general/down/list.do,Original 식품중량 is separate from per-100g/ml nutrient basis; no count/serving unit inferred.
kfind-catalog-d107-304000000-0001,가오리찜,kfind-d107-304000000-0001,D107-304000000-0001,가오리찜,K-FIND,가정식(분석 함량),100g,100g,200g,,,250,g,true,1.25,true,2017-12-31,식품의약품안전처,https://various.foodsafetykorea.go.kr/nutrient/general/down/list.do,Original 식품중량 is separate from per-100g/ml nutrient basis; no count/serving unit inferred.
kfind-catalog-d107-310000000-0001,깻잎찜,kfind-d107-310000000-0001,D107-310000000-0001,깻잎찜,K-FIND,가정식(분석 함량),100g,100g,100g,,,250,g,true,2.5,true,2019-12-31,식품의약품안전처,https://various.foodsafetykorea.go.kr/nutrient/general/down/list.do,Original 식품중량 is separate from per-100g/ml nutrient basis; no count/serving unit inferred.
kfind-catalog-d307-311000000-0001,꼬막무침,kfind-d307-311000000-0001,D307-311000000-0001,꼬막무침,K-FIND,외식(분석함량),100g,100g,100g,,,250,g,true,2.5,true,2022-06-30,식품의약품안전처,https://various.foodsafetykorea.go.kr/nutrient/general/down/list.do,Original 식품중량 is separate from per-100g/ml nutrient basis; no count/serving unit inferred.
kfind-catalog-d107-312000000-0001,꼬막찜,kfind-d107-312000000-0001,D107-312000000-0001,꼬막찜,K-FIND,가정식(분석 함량),100g,100g,200g,,,250,g,true,1.25,true,2019-12-31,식품의약품안전처,https://various.foodsafetykorea.go.kr/nutrient/general/down/list.do,Original 식품중량 is separate from per-100g/ml nutrient basis; no count/serving unit inferred.
kfind-catalog-d107-314000000-0001,꽈리고추찜,kfind-d107-314000000-0001,D107-314000000-0001,꽈리고추찜,K-FIND,가정식(분석 함량),100g,100g,100g,,,250,g,true,2.5,true,2017-12-31,식품의약품안전처,https://various.foodsafetykorea.go.kr/nutrient/general/down/list.do,Original 식품중량 is separate from per-100g/ml nutrient basis; no count/serving unit inferred.
kfind-catalog-d107-318000000-0001,닭찜,kfind-d107-318000000-0001,D107-318000000-0001,닭찜,K-FIND,가정식(분석 함량),100g,100g,300g,,,250,g,true,0.833333,false,2019-12-31,식품의약품안전처,https://various.foodsafetykorea.go.kr/nutrient/general/down/list.do,Original 식품중량 is separate from per-100g/ml nutrient basis; no count/serving unit inferred.
kfind-catalog-d307-320000000-0001,대구찜,kfind-d307-320000000-0001,D307-320000000-0001,대구찜,K-FIND,외식(분석함량),100g,100g,500g,,,250,g,true,0.5,false,2016-10-31,식품의약품안전처,https://various.foodsafetykorea.go.kr/nutrient/general/down/list.do,Original 식품중량 is separate from per-100g/ml nutrient basis; no count/serving unit inferred.
kfind-catalog-d307-322000000-0001,동태찜,kfind-d307-322000000-0001,D307-322000000-0001,동태찜,K-FIND,외식(분석함량),100g,100g,500g,,,250,g,true,0.5,false,2016-10-31,식품의약품안전처,https://various.foodsafetykorea.go.kr/nutrient/general/down/list.do,Original 식품중량 is separate from per-100g/ml nutrient basis; no count/serving unit inferred.
kfind-catalog-d307-323000000-0001,동파육,kfind-d307-323000000-0001,D307-323000000-0001,동파육,K-FIND,외식(분석함량),100g,100g,100g,,,250,g,true,2.5,true,2022-06-30,식품의약품안전처,https://various.foodsafetykorea.go.kr/nutrient/general/down/list.do,Original 식품중량 is separate from per-100g/ml nutrient basis; no count/serving unit inferred.
kfind-catalog-d107-324000000-0001,돼지갈비찜,kfind-d107-324000000-0001,D107-324000000-0001,돼지갈비찜,K-FIND,가정식(분석 함량),100g,100g,300g,,,250,g,true,0.833333,false,2017-12-31,식품의약품안전처,https://various.foodsafetykorea.go.kr/nutrient/general/down/list.do,Original 식품중량 is separate from per-100g/ml nutrient basis; no count/serving unit inferred.
kfind-catalog-d307-327000000-0001,돼지등갈비찜,kfind-d307-327000000-0001,D307-327000000-0001,돼지등갈비찜,K-FIND,외식(분석함량),100g,100g,450g,,,250,g,true,0.555556,false,2016-10-31,식품의약품안전처,https://various.foodsafetykorea.go.kr/nutrient/general/down/list.do,Original 식품중량 is separate from per-100g/ml nutrient basis; no count/serving unit inferred.
kfind-catalog-d307-330000000-0001,북어찜,kfind-d307-330000000-0001,D307-330000000-0001,북어찜,K-FIND,외식(분석함량),100g,100g,150g,,,250,g,true,1.66667,true,2015-06-30,식품의약품안전처,https://various.foodsafetykorea.go.kr/nutrient/general/down/list.do,Original 식품중량 is separate from per-100g/ml nutrient basis; no count/serving unit inferred.
kfind-catalog-d109-407000000-0001,가지전,kfind-d109-407000000-0001,D109-407000000-0001,가지전,K-FIND,가정식(분석 함량),100g,100g,200g,,,250,g,true,1.25,true,2017-12-31,식품의약품안전처,https://various.foodsafetykorea.go.kr/nutrient/general/down/list.do,Original 식품중량 is separate from per-100g/ml nutrient basis; no count/serving unit inferred.
kfind-catalog-d109-408000000-0001,감자전,kfind-d109-408000000-0001,D109-408000000-0001,감자전,K-FIND,가정식(분석 함량),100g,100g,200g,,,250,g,true,1.25,true,2019-12-31,식품의약품안전처,https://various.foodsafetykorea.go.kr/nutrient/general/down/list.do,Original 식품중량 is separate from per-100g/ml nutrient basis; no count/serving unit inferred.
kfind-catalog-d109-409000000-0001,고구마전,kfind-d109-409000000-0001,D109-409000000-0001,고구마전,K-FIND,가정식(분석 함량),100g,100g,140g,,,250,g,true,1.78571,true,2017-12-31,식품의약품안전처,https://various.foodsafetykorea.go.kr/nutrient/general/down/list.do,Original 식품중량 is separate from per-100g/ml nutrient basis; no count/serving unit inferred.
kfind-catalog-d309-410000000-0001,고추전,kfind-d309-410000000-0001,D309-410000000-0001,고추전,K-FIND,외식(분석함량),100g,100g,150g,,,250,g,true,1.66667,true,2013-03-31,식품의약품안전처,https://various.foodsafetykorea.go.kr/nutrient/general/down/list.do,Original 식품중량 is separate from per-100g/ml nutrient basis; no count/serving unit inferred.
kfind-catalog-d309-411000000-0001,굴전,kfind-d309-411000000-0001,D309-411000000-0001,굴전,K-FIND,외식(분석함량),100g,100g,100g,,,250,g,true,2.5,true,2017-12-31,식품의약품안전처,https://various.foodsafetykorea.go.kr/nutrient/general/down/list.do,Original 식품중량 is separate from per-100g/ml nutrient basis; no count/serving unit inferred.
kfind-catalog-d109-412000000-0001,김치전,kfind-d109-412000000-0001,D109-412000000-0001,김치전,K-FIND,가정식(분석 함량),100g,100g,150g,,,250,g,true,1.66667,true,2019-12-31,식품의약품안전처,https://various.foodsafetykorea.go.kr/nutrient/general/down/list.do,Original 식품중량 is separate from per-100g/ml nutrient basis; no count/serving unit inferred.
kfind-catalog-d309-413000000-0001,깻잎전,kfind-d309-413000000-0001,D309-413000000-0001,깻잎전,K-FIND,외식(분석함량),100g,100g,150g,,,250,g,true,1.66667,true,2013-03-31,식품의약품안전처,https://various.foodsafetykorea.go.kr/nutrient/general/down/list.do,Original 식품중량 is separate from per-100g/ml nutrient basis; no count/serving unit inferred.
kfind-catalog-d309-415000000-0001,녹두빈대떡,kfind-d309-415000000-0001,D309-415000000-0001,녹두빈대떡,K-FIND,외식(분석함량),100g,100g,100g,,,250,g,true,2.5,true,2013-03-31,식품의약품안전처,https://various.foodsafetykorea.go.kr/nutrient/general/down/list.do,Original 식품중량 is separate from per-100g/ml nutrient basis; no count/serving unit inferred.
kfind-catalog-d109-416000000-0001,달걀말이,kfind-d109-416000000-0001,D109-416000000-0001,달걀말이,K-FIND,가정식(분석 함량),100g,100g,100g,,,250,g,true,2.5,true,2019-12-31,식품의약품안전처,https://various.foodsafetykorea.go.kr/nutrient/general/down/list.do,Original 식품중량 is separate from per-100g/ml nutrient basis; no count/serving unit inferred.
kfind-catalog-d109-417000000-0001,달걀부침(달걀후라이),kfind-d109-417000000-0001,D109-417000000-0001,달걀부침(달걀후라이),K-FIND,가정식(분석 함량),100g,100g,60g,,,250,g,true,4.16667,true,2017-12-31,식품의약품안전처,https://various.foodsafetykorea.go.kr/nutrient/general/down/list.do,Original 식품중량 is separate from per-100g/ml nutrient basis; no count/serving unit inferred.
kfind-catalog-d309-418000000-0001,동태전,kfind-d309-418000000-0001,D309-418000000-0001,동태전,K-FIND,외식(분석함량),100g,100g,100g,,,250,g,true,2.5,true,2022-06-30,식품의약품안전처,https://various.foodsafetykorea.go.kr/nutrient/general/down/list.do,Original 식품중량 is separate from per-100g/ml nutrient basis; no count/serving unit inferred.
kfind-catalog-d109-419000000-0001,두부부침,kfind-d109-419000000-0001,D109-419000000-0001,두부부침,K-FIND,가정식(분석 함량),100g,100g,100g,,,250,g,true,2.5,true,2019-12-31,식품의약품안전처,https://various.foodsafetykorea.go.kr/nutrient/general/down/list.do,Original 식품중량 is separate from per-100g/ml nutrient basis; no count/serving unit inferred.
kfind-catalog-d309-420000000-0001,두부전,kfind-d309-420000000-0001,D309-420000000-0001,두부전,K-FIND,외식(분석함량),100g,100g,150g,,,250,g,true,1.66667,true,2014-09-30,식품의약품안전처,https://various.foodsafetykorea.go.kr/nutrient/general/down/list.do,Original 식품중량 is separate from per-100g/ml nutrient basis; no count/serving unit inferred.
kfind-catalog-d109-421000000-0001,맛살전,kfind-d109-421000000-0001,D109-421000000-0001,맛살전,K-FIND,가정식(분석 함량),100g,100g,200g,,,250,g,true,1.25,true,2017-12-31,식품의약품안전처,https://various.foodsafetykorea.go.kr/nutrient/general/down/list.do,Original 식품중량 is separate from per-100g/ml nutrient basis; no count/serving unit inferred.
kfind-catalog-d109-422000000-0001,메밀전,kfind-d109-422000000-0001,D109-422000000-0001,메밀전,K-FIND,가정식(분석 함량),100g,100g,180g,,,250,g,true,1.38889,true,2017-12-31,식품의약품안전처,https://various.foodsafetykorea.go.kr/nutrient/general/down/list.do,Original 식품중량 is separate from per-100g/ml nutrient basis; no count/serving unit inferred.
kfind-catalog-d112-537000000-0001,감자튀김,kfind-d112-537000000-0001,D112-537000000-0001,감자튀김,K-FIND,가정식(분석 함량),100g,100g,150g,,,250,g,true,1.66667,true,2019-12-31,식품의약품안전처,https://various.foodsafetykorea.go.kr/nutrient/general/down/list.do,Original 식품중량 is separate from per-100g/ml nutrient basis; no count/serving unit inferred.
kfind-catalog-d312-538000000-0001,고구마맛탕,kfind-d312-538000000-0001,D312-538000000-0001,고구마맛탕,K-FIND,외식(분석함량),100g,100g,200g,,,250,g,true,1.25,true,2015-06-30,식품의약품안전처,https://various.foodsafetykorea.go.kr/nutrient/general/down/list.do,Original 식품중량 is separate from per-100g/ml nutrient basis; no count/serving unit inferred.
kfind-catalog-d312-539000000-0001,고구마튀김,kfind-d312-539000000-0001,D312-539000000-0001,고구마튀김,K-FIND,외식(분석함량),100g,100g,100g,,,250,g,true,2.5,true,2014-09-30,식품의약품안전처,https://various.foodsafetykorea.go.kr/nutrient/general/down/list.do,Original 식품중량 is separate from per-100g/ml nutrient basis; no count/serving unit inferred.
kfind-catalog-d312-540000000-0001,고추튀김,kfind-d312-540000000-0001,D312-540000000-0001,고추튀김,K-FIND,외식(분석함량),100g,100g,100g,,,250,g,true,2.5,true,2017-12-31,식품의약품안전처,https://various.foodsafetykorea.go.kr/nutrient/general/down/list.do,Original 식품중량 is separate from per-100g/ml nutrient basis; no count/serving unit inferred.
kfind-catalog-d312-541000000-0001,김말이튀김,kfind-d312-541000000-0001,D312-541000000-0001,김말이튀김,K-FIND,외식(분석함량),100g,100g,,,,250,g,false,,false,2023-04-27,농촌진흥청(국가표준식품성분표),https://various.foodsafetykorea.go.kr/nutrient/general/down/list.do,No exact original food-weight evidence
kfind-catalog-d112-542000000-0001,김튀김,kfind-d112-542000000-0001,D112-542000000-0001,김튀김,K-FIND,가정식(분석 함량),100g,100g,50g,,,250,g,true,5,true,2017-12-31,식품의약품안전처,https://various.foodsafetykorea.go.kr/nutrient/general/down/list.do,Original 식품중량 is separate from per-100g/ml nutrient basis; no count/serving unit inferred.
kfind-catalog-d312-545000000-0001,깐풍새우,kfind-d312-545000000-0001,D312-545000000-0001,깐풍새우,K-FIND,외식(분석함량),100g,100g,100g,,,250,g,true,2.5,true,2022-06-30,식품의약품안전처,https://various.foodsafetykorea.go.kr/nutrient/general/down/list.do,Original 식품중량 is separate from per-100g/ml nutrient basis; no count/serving unit inferred.
kfind-catalog-d312-584000000-0001,난자완스,kfind-d312-584000000-0001,D312-584000000-0001,난자완스,K-FIND,외식(분석함량),100g,100g,200g,,,250,g,true,1.25,true,2012-02-28,식품의약품안전처,https://various.foodsafetykorea.go.kr/nutrient/general/down/list.do,Original 식품중량 is separate from per-100g/ml nutrient basis; no count/serving unit inferred.
kfind-catalog-d302-054000000-0001,개피떡(바람떡),kfind-d302-054000000-0001,D302-054000000-0001,개피떡(바람떡),K-FIND,외식(분석함량),100g,100g,100g,,,150,g,true,1.5,true,2023-04-27,농촌진흥청(국가표준식품성분표),https://various.foodsafetykorea.go.kr/nutrient/general/down/list.do,Original 식품중량 is separate from per-100g/ml nutrient basis; no count/serving unit inferred.
kfind-catalog-d302-056000000-0001,기피편,kfind-d302-056000000-0001,D302-056000000-0001,기피편,K-FIND,외식(분석함량),100g,100g,100g,,,150,g,true,1.5,true,2014-09-30,식품의약품안전처,https://various.foodsafetykorea.go.kr/nutrient/general/down/list.do,Original 식품중량 is separate from per-100g/ml nutrient basis; no count/serving unit inferred.
kfind-catalog-d102-057000000-0001,꿀떡,kfind-d102-057000000-0001,D102-057000000-0001,꿀떡,K-FIND,가정식(분석 함량),100g,100g,100g,,,150,g,true,1.5,true,2018-12-31,식품의약품안전처,https://various.foodsafetykorea.go.kr/nutrient/general/down/list.do,Original 식품중량 is separate from per-100g/ml nutrient basis; no count/serving unit inferred.
kfind-catalog-d302-081000000-0001,다쿠아즈,kfind-d302-081000000-0001,D302-081000000-0001,다쿠아즈,K-FIND,외식(분석함량),100g,100g,100g,,,150,g,true,1.5,true,2022-06-30,식품의약품안전처,https://various.foodsafetykorea.go.kr/nutrient/general/down/list.do,Original 식품중량 is separate from per-100g/ml nutrient basis; no count/serving unit inferred.
kfind-catalog-d102-085000000-0001,마늘빵,kfind-d102-085000000-0001,D102-085000000-0001,마늘빵,K-FIND,가정식(분석 함량),100g,100g,50g,,,150,g,true,3,true,2018-12-31,식품의약품안전처,https://various.foodsafetykorea.go.kr/nutrient/general/down/list.do,Original 식품중량 is separate from per-100g/ml nutrient basis; no count/serving unit inferred.
kfind-catalog-d302-086000000-0001,마카롱,kfind-d302-086000000-0001,D302-086000000-0001,마카롱,K-FIND,외식(분석함량),100g,100g,100g,,,150,g,true,1.5,true,2022-06-30,식품의약품안전처,https://various.foodsafetykorea.go.kr/nutrient/general/down/list.do,Original 식품중량 is separate from per-100g/ml nutrient basis; no count/serving unit inferred.
kfind-catalog-d302-129000000-0001,매작과,kfind-d302-129000000-0001,D302-129000000-0001,매작과,K-FIND,외식(분석함량),100g,100g,30g,,,150,g,true,5,true,2014-09-30,식품의약품안전처,https://various.foodsafetykorea.go.kr/nutrient/general/down/list.do,Original 식품중량 is separate from per-100g/ml nutrient basis; no count/serving unit inferred.
kfind-catalog-d102-087000000-0001,머핀,kfind-d102-087000000-0001,D102-087000000-0001,머핀,K-FIND,가정식(분석 함량),100g,100g,130g,,,150,g,true,1.15385,true,2019-12-31,식품의약품안전처,https://various.foodsafetykorea.go.kr/nutrient/general/down/list.do,Original 식품중량 is separate from per-100g/ml nutrient basis; no count/serving unit inferred.
kfind-catalog-d114-601000000-0001,가죽나물무침,kfind-d114-601000000-0001,D114-601000000-0001,가죽나물무침,K-FIND,가정식(분석 함량),100g,100g,80g,,,250,g,true,3.125,true,2017-12-31,식품의약품안전처,https://various.foodsafetykorea.go.kr/nutrient/general/down/list.do,Original 식품중량 is separate from per-100g/ml nutrient basis; no count/serving unit inferred.
kfind-catalog-d314-607000000-0001,골뱅이무침,kfind-d314-607000000-0001,D314-607000000-0001,골뱅이무침,K-FIND,외식(분석함량),100g,100g,100g,,,250,g,true,2.5,true,2012-02-28,식품의약품안전처,https://various.foodsafetykorea.go.kr/nutrient/general/down/list.do,Original 식품중량 is separate from per-100g/ml nutrient basis; no count/serving unit inferred.
kfind-catalog-d114-609000000-0001,굴무침,kfind-d114-609000000-0001,D114-609000000-0001,굴무침,K-FIND,가정식(분석 함량),100g,100g,80g,,,250,g,true,3.125,true,2017-12-31,식품의약품안전처,https://various.foodsafetykorea.go.kr/nutrient/general/down/list.do,Original 식품중량 is separate from per-100g/ml nutrient basis; no count/serving unit inferred.
kfind-catalog-d114-610000000-0001,김무침,kfind-d114-610000000-0001,D114-610000000-0001,김무침,K-FIND,가정식(분석 함량),100g,100g,30g,,,250,g,true,8.33333,true,2019-12-31,식품의약품안전처,https://various.foodsafetykorea.go.kr/nutrient/general/down/list.do,Original 식품중량 is separate from per-100g/ml nutrient basis; no count/serving unit inferred.
kfind-catalog-d114-611000000-0001,낙지무침,kfind-d114-611000000-0001,D114-611000000-0001,낙지무침,K-FIND,가정식(분석 함량),100g,100g,180g,,,250,g,true,1.38889,true,2017-12-31,식품의약품안전처,https://various.foodsafetykorea.go.kr/nutrient/general/down/list.do,Original 식품중량 is separate from per-100g/ml nutrient basis; no count/serving unit inferred.
kfind-catalog-d314-613000000-0001,노각무침,kfind-d314-613000000-0001,D314-613000000-0001,노각무침,K-FIND,외식(분석함량),100g,100g,150g,,,250,g,true,1.66667,true,2015-06-30,식품의약품안전처,https://various.foodsafetykorea.go.kr/nutrient/general/down/list.do,Original 식품중량 is separate from per-100g/ml nutrient basis; no count/serving unit inferred.
kfind-catalog-d314-640000000-0001,콥샐러드&시저드레싱,kfind-d314-640000000-0001,D314-640000000-0001,샐러드_간편조리세트_콥샐러드&시저드레싱,K-FIND,외식(분석함량),100g,100g,486g,,,250,g,true,0.514403,false,2022-06-30,식품의약품안전처,https://various.foodsafetykorea.go.kr/nutrient/general/down/list.do,Original 식품중량 is separate from per-100g/ml nutrient basis; no count/serving unit inferred.
kfind-catalog-d114-640020000-0001,감자 샐러드,kfind-d114-640020000-0001,D114-640020000-0001,샐러드_감자,K-FIND,가정식(분석 함량),100g,100g,150g,,,250,g,true,1.66667,true,2017-12-31,식품의약품안전처,https://various.foodsafetykorea.go.kr/nutrient/general/down/list.do,Original 식품중량 is separate from per-100g/ml nutrient basis; no count/serving unit inferred.
kfind-catalog-d314-640030000-0001,고구마 샐러드,kfind-d314-640030000-0001,D314-640030000-0001,샐러드_고구마,K-FIND,외식(분석함량),100g,100g,100g,,,250,g,true,2.5,true,2022-06-30,식품의약품안전처,https://various.foodsafetykorea.go.kr/nutrient/general/down/list.do,Original 식품중량 is separate from per-100g/ml nutrient basis; no count/serving unit inferred.
kfind-catalog-d214-640000000-0019,과일리코타 샐러드,kfind-d214-640000000-0019,D214-640000000-0019,샐러드_과일리코타 샐러드,K-FIND,외식(프랜차이즈 등 업체 제공 영양정보),100g,100g,260g,,,250,g,true,0.961538,false,2023-10-31,식품의약품안전처,https://various.foodsafetykorea.go.kr/nutrient/general/down/list.do,Original 식품중량 is separate from per-100g/ml nutrient basis; no count/serving unit inferred.
kfind-catalog-d214-640000000-0001,과카몰리치킨 샐러드,kfind-d214-640000000-0001,D214-640000000-0001,샐러드_과카몰리치킨 샐러드,K-FIND,외식(프랜차이즈 등 업체 제공 영양정보),100g,100g,217g,,,250,g,true,1.15207,true,2022-07-12,식품의약품안전처,https://various.foodsafetykorea.go.kr/nutrient/general/down/list.do,Original 식품중량 is separate from per-100g/ml nutrient basis; no count/serving unit inferred.
kfind-catalog-d214-640000000-0002,그릴드 치킨 샐러드,kfind-d214-640000000-0002,D214-640000000-0002,샐러드_그릴드 치킨 샐러드,K-FIND,외식(프랜차이즈 등 업체 제공 영양정보),100g,100g,203g,,,250,g,true,1.23153,true,2022-07-11,식품의약품안전처,https://various.foodsafetykorea.go.kr/nutrient/general/down/list.do,Original 식품중량 is separate from per-100g/ml nutrient basis; no count/serving unit inferred.
kfind-catalog-d214-640000000-0003,그릴드치킨 시저 샐러드,kfind-d214-640000000-0003,D214-640000000-0003,샐러드_그릴드치킨 시저 샐러드,K-FIND,외식(프랜차이즈 등 업체 제공 영양정보),100g,100g,227g,,,250,g,true,1.10132,true,2022-07-11,식품의약품안전처,https://various.foodsafetykorea.go.kr/nutrient/general/down/list.do,Original 식품중량 is separate from per-100g/ml nutrient basis; no count/serving unit inferred.
kfind-catalog-d214-640000000-0028,그릴치킨오렌지샐러드,kfind-d214-640000000-0028,D214-640000000-0028,샐러드_그릴치킨오렌지샐러드,K-FIND,외식(프랜차이즈 등 업체 제공 영양정보),100g,100g,340g,,,250,g,true,0.735294,false,2025-09-30,식품의약품안전처,https://various.foodsafetykorea.go.kr/nutrient/general/down/list.do,Original 식품중량 is separate from per-100g/ml nutrient basis; no count/serving unit inferred.
kfind-catalog-d302-096070000-0002,닭고기또띠아샌드위치,kfind-d302-096070000-0002,D302-096070000-0002,샌드위치_간편조리세트_닭고기또띠아샌드위치,K-FIND,외식(분석함량),100g,100g,112g,,,150,g,true,1.33929,true,2024-12-31,식품의약품안전처,https://various.foodsafetykorea.go.kr/nutrient/general/down/list.do,Original 식품중량 is separate from per-100g/ml nutrient basis; no count/serving unit inferred.
kfind-catalog-d202-096000000-0193,게살듬뿍모닝 샌드위치,kfind-d202-096000000-0193,D202-096000000-0193,샌드위치_게살듬뿍모닝 샌드위치,K-FIND,외식(프랜차이즈 등 업체 제공 영양정보),100g,100g,90g,,,150,g,true,1.66667,true,2025-01-16,식품의약품안전처,https://various.foodsafetykorea.go.kr/nutrient/general/down/list.do,Original 식품중량 is separate from per-100g/ml nutrient basis; no count/serving unit inferred.
kfind-catalog-d202-096000000-0009,고르곤졸라 불고기 파니니,kfind-d202-096000000-0009,D202-096000000-0009,샌드위치_고르곤졸라 불고기 파니니,K-FIND,외식(프랜차이즈 등 업체 제공 영양정보),100g,100g,200g,,,150,g,true,0.75,false,2022-06-23,식품의약품안전처,https://various.foodsafetykorea.go.kr/nutrient/general/down/list.do,Original 식품중량 is separate from per-100g/ml nutrient basis; no count/serving unit inferred.
kfind-catalog-d202-096000000-0158,고소한햄에그샌드위치,kfind-d202-096000000-0158,D202-096000000-0158,샌드위치_고소한햄에그샌드위치,K-FIND,외식(프랜차이즈 등 업체 제공 영양정보),100g,100g,273g,,,150,g,true,0.549451,false,2025-09-30,식품의약품안전처,https://various.foodsafetykorea.go.kr/nutrient/general/down/list.do,Original 식품중량 is separate from per-100g/ml nutrient basis; no count/serving unit inferred.
kfind-catalog-d202-096000000-0010,그릭치킨 샌드위치,kfind-d202-096000000-0010,D202-096000000-0010,샌드위치_그릭치킨 샌드위치,K-FIND,외식(프랜차이즈 등 업체 제공 영양정보),100g,100g,180g,,,150,g,true,0.833333,false,2022-07-19,식품의약품안전처,https://various.foodsafetykorea.go.kr/nutrient/general/down/list.do,Original 식품중량 is separate from per-100g/ml nutrient basis; no count/serving unit inferred.
kfind-catalog-d202-096000000-0117,그릴치킨 당근라페 샌드위치,kfind-d202-096000000-0117,D202-096000000-0117,샌드위치_그릴치킨 당근라페 샌드위치,K-FIND,외식(프랜차이즈 등 업체 제공 영양정보),100g,100g,204g,,,150,g,true,0.735294,false,2023-10-31,식품의약품안전처,https://various.foodsafetykorea.go.kr/nutrient/general/down/list.do,Original 식품중량 is separate from per-100g/ml nutrient basis; no count/serving unit inferred.
kfind-catalog-d202-083000000-0020,매콤치킨랩,kfind-d202-083000000-0020,D202-083000000-0020,또띠아_매콤치킨랩,K-FIND,외식(프랜차이즈 등 업체 제공 영양정보),100g,100g,250g,,,150,g,true,0.6,false,2025-09-30,식품의약품안전처,https://various.foodsafetykorea.go.kr/nutrient/general/down/list.do,Original 식품중량 is separate from per-100g/ml nutrient basis; no count/serving unit inferred.
kfind-catalog-d202-083000000-0021,베지텐더밸런스랩,kfind-d202-083000000-0021,D202-083000000-0021,또띠아_베지텐더밸런스랩,K-FIND,외식(프랜차이즈 등 업체 제공 영양정보),100g,100g,212g,,,150,g,true,0.707547,false,2025-09-30,식품의약품안전처,https://various.foodsafetykorea.go.kr/nutrient/general/down/list.do,Original 식품중량 is separate from per-100g/ml nutrient basis; no count/serving unit inferred.
kfind-catalog-d202-083000000-0022,싱그러운치킨텐더그린랩,kfind-d202-083000000-0022,D202-083000000-0022,또띠아_싱그러운치킨텐더그린랩,K-FIND,외식(프랜차이즈 등 업체 제공 영양정보),100g,100g,270g,,,150,g,true,0.555556,false,2025-09-30,식품의약품안전처,https://various.foodsafetykorea.go.kr/nutrient/general/down/list.do,Original 식품중량 is separate from per-100g/ml nutrient basis; no count/serving unit inferred.
kfind-catalog-d202-083000000-0023,크리스퍼랩,kfind-d202-083000000-0023,D202-083000000-0023,또띠아_크리스퍼랩,K-FIND,외식(프랜차이즈 등 업체 제공 영양정보),100g,100g,133g,,,150,g,true,1.12782,true,2025-09-30,식품의약품안전처,https://various.foodsafetykorea.go.kr/nutrient/general/down/list.do,Original 식품중량 is separate from per-100g/ml nutrient basis; no count/serving unit inferred.
kfind-catalog-d202-115000000-0001,갈릭스틱토스트,kfind-d202-115000000-0001,D202-115000000-0001,토스트_갈릭스틱토스트,K-FIND,외식(프랜차이즈 등 업체 제공 영양정보),100g,100g,41g,,,150,g,true,3.65854,true,2022-10-30,식품의약품안전처,https://various.foodsafetykorea.go.kr/nutrient/general/down/list.do,Original 식품중량 is separate from per-100g/ml nutrient basis; no count/serving unit inferred.
kfind-catalog-d202-115000000-0002,갈릭치즈토스트,kfind-d202-115000000-0002,D202-115000000-0002,토스트_갈릭치즈토스트,K-FIND,외식(프랜차이즈 등 업체 제공 영양정보),100g,100g,70g,,,150,g,true,2.14286,true,2023-10-31,식품의약품안전처,https://various.foodsafetykorea.go.kr/nutrient/general/down/list.do,Original 식품중량 is separate from per-100g/ml nutrient basis; no count/serving unit inferred.
kfind-catalog-d202-115000000-0003,구운햄치즈 토스트,kfind-d202-115000000-0003,D202-115000000-0003,토스트_구운햄치즈 토스트,K-FIND,외식(프랜차이즈 등 업체 제공 영양정보),100g,100g,157g,,,150,g,true,0.955414,false,2022-10-30,식품의약품안전처,https://various.foodsafetykorea.go.kr/nutrient/general/down/list.do,Original 식품중량 is separate from per-100g/ml nutrient basis; no count/serving unit inferred.
kfind-catalog-d202-115000000-0024,누텔라 바나나 토스트,kfind-d202-115000000-0024,D202-115000000-0024,토스트_누텔라 바나나 토스트,K-FIND,외식(프랜차이즈 등 업체 제공 영양정보),100g,100g,146g,,,150,g,true,1.0274,true,2023-10-31,식품의약품안전처,https://various.foodsafetykorea.go.kr/nutrient/general/down/list.do,Original 식품중량 is separate from per-100g/ml nutrient basis; no count/serving unit inferred.
kfind-catalog-d303-161000000-0002,바질크림 빠네 파스타,kfind-d303-161000000-0002,D303-161000000-0002,스파게티_간편조리세트_바질크림 빠네 파스타,K-FIND,외식(분석함량),100g,100g,776g,,,450,g,true,0.579897,false,2022-06-30,식품의약품안전처,https://various.foodsafetykorea.go.kr/nutrient/general/down/list.do,Original 식품중량 is separate from per-100g/ml nutrient basis; no count/serving unit inferred.
kfind-catalog-d303-161000000-0004,볼로네제라구파스타,kfind-d303-161000000-0004,D303-161000000-0004,스파게티_간편조리세트_볼로네제라구파스타,K-FIND,외식(분석함량),100g,100g,757g,,,450,g,true,0.594452,false,2022-06-30,식품의약품안전처,https://various.foodsafetykorea.go.kr/nutrient/general/down/list.do,Original 식품중량 is separate from per-100g/ml nutrient basis; no count/serving unit inferred.
kfind-catalog-d303-161000000-0005,쉬림프 로제파스타,kfind-d303-161000000-0005,D303-161000000-0005,스파게티_간편조리세트_쉬림프 로제파스타,K-FIND,외식(분석함량),100g,100g,901g,,,450,g,true,0.499445,false,2022-06-30,식품의약품안전처,https://various.foodsafetykorea.go.kr/nutrient/general/down/list.do,Original 식품중량 is separate from per-100g/ml nutrient basis; no count/serving unit inferred.
kfind-catalog-d303-161000000-0007,쉬림프 크림파스타,kfind-d303-161000000-0007,D303-161000000-0007,스파게티_간편조리세트_쉬림프 크림파스타,K-FIND,외식(분석함량),100g,100g,790g,,,450,g,true,0.56962,false,2022-06-30,식품의약품안전처,https://various.foodsafetykorea.go.kr/nutrient/general/down/list.do,Original 식품중량 is separate from per-100g/ml nutrient basis; no count/serving unit inferred.
kfind-catalog-d303-161000000-0008,알리오올리오파스타,kfind-d303-161000000-0008,D303-161000000-0008,스파게티_간편조리세트_알리오올리오파스타,K-FIND,외식(분석함량),100g,100g,406g,,,450,g,true,1.10837,true,2022-06-30,식품의약품안전처,https://various.foodsafetykorea.go.kr/nutrient/general/down/list.do,Original 식품중량 is separate from per-100g/ml nutrient basis; no count/serving unit inferred.
kfind-catalog-d303-161000000-0009,에그인헬파스타,kfind-d303-161000000-0009,D303-161000000-0009,스파게티_간편조리세트_에그인헬파스타,K-FIND,외식(분석함량),100g,100g,964g,,,450,g,true,0.466805,false,2022-06-30,식품의약품안전처,https://various.foodsafetykorea.go.kr/nutrient/general/down/list.do,Original 식품중량 is separate from per-100g/ml nutrient basis; no count/serving unit inferred.
kfind-catalog-d220-718000000-0015,마시는 요거트 딸기,kfind-d220-718000000-0015,D220-718000000-0015,기타음료_마시는 요거트 딸기,K-FIND,외식(프랜차이즈 등 업체 제공 영양정보),100g,100g,325g,,,250,g,true,0.769231,false,2025-02-13,식품의약품안전처,https://various.foodsafetykorea.go.kr/nutrient/general/down/list.do,Original 식품중량 is separate from per-100g/ml nutrient basis; no count/serving unit inferred.
kfind-catalog-d220-718000000-0016,마시는 요거트 망고,kfind-d220-718000000-0016,D220-718000000-0016,기타음료_마시는 요거트 망고,K-FIND,외식(프랜차이즈 등 업체 제공 영양정보),100g,100g,325g,,,250,g,true,0.769231,false,2025-02-13,식품의약품안전처,https://various.foodsafetykorea.go.kr/nutrient/general/down/list.do,Original 식품중량 is separate from per-100g/ml nutrient basis; no count/serving unit inferred.
kfind-catalog-d220-718000000-0017,마시는 요거트 블루베리,kfind-d220-718000000-0017,D220-718000000-0017,기타음료_마시는 요거트 블루베리,K-FIND,외식(프랜차이즈 등 업체 제공 영양정보),100g,100g,325g,,,250,g,true,0.769231,false,2025-02-13,식품의약품안전처,https://various.foodsafetykorea.go.kr/nutrient/general/down/list.do,Original 식품중량 is separate from per-100g/ml nutrient basis; no count/serving unit inferred.
kfind-catalog-d220-718000000-0018,마시는 요거트 자몽,kfind-d220-718000000-0018,D220-718000000-0018,기타음료_마시는 요거트 자몽,K-FIND,외식(프랜차이즈 등 업체 제공 영양정보),100g,100g,307g,,,250,g,true,0.814332,false,2025-02-13,식품의약품안전처,https://various.foodsafetykorea.go.kr/nutrient/general/down/list.do,Original 식품중량 is separate from per-100g/ml nutrient basis; no count/serving unit inferred.
kfind-catalog-d220-716000000-0018,딸기 생과일주스,kfind-d220-716000000-0018,D220-716000000-0018,과ㆍ채주스_딸기 생과일주스,K-FIND,외식(프랜차이즈 등 업체 제공 영양정보),100g,100g,360g,,,250,g,true,0.694444,false,2022-07-04,식품의약품안전처,https://various.foodsafetykorea.go.kr/nutrient/general/down/list.do,Original 식품중량 is separate from per-100g/ml nutrient basis; no count/serving unit inferred.
kfind-catalog-d220-716000000-0052,바나나 생과일 주스,kfind-d220-716000000-0052,D220-716000000-0052,과ㆍ채주스_바나나 생과일 주스,K-FIND,외식(프랜차이즈 등 업체 제공 영양정보),100g,100g,360g,,,250,g,true,0.694444,false,2022-07-04,식품의약품안전처,https://various.foodsafetykorea.go.kr/nutrient/general/down/list.do,Original 식품중량 is separate from per-100g/ml nutrient basis; no count/serving unit inferred.
kfind-catalog-d220-716000000-0065,생과일 수박 주스,kfind-d220-716000000-0065,D220-716000000-0065,과ㆍ채주스_생과일 수박 주스,K-FIND,외식(프랜차이즈 등 업체 제공 영양정보),100g,100g,414g,,,250,g,true,0.603865,false,2022-07-08,식품의약품안전처,https://various.foodsafetykorea.go.kr/nutrient/general/down/list.do,Original 식품중량 is separate from per-100g/ml nutrient basis; no count/serving unit inferred.
kfind-catalog-d220-716000000-0066,생과일 토마토 주스,kfind-d220-716000000-0066,D220-716000000-0066,과ㆍ채주스_생과일 토마토 주스,K-FIND,외식(프랜차이즈 등 업체 제공 영양정보),100g,100g,414g,,,250,g,true,0.603865,false,2022-07-08,식품의약품안전처,https://various.foodsafetykorea.go.kr/nutrient/general/down/list.do,Original 식품중량 is separate from per-100g/ml nutrient basis; no count/serving unit inferred.
