sourceFile,plan,meal,templateId,templateName,foodItemId,sourceFoodCode,originalFoodName,category,nutritionBasis,caloriesPerBasis,originalFoodWeight,originalHouseholdReference,originalProductIntakeReference,selectedLabel,selectedBasisAmount,selectedBasisUnit,selectedKcal,quantityCalculation,sameUnitComparable,selectedToOriginalWeightRatio,selectedExceedsOriginalWeight,previousBaseExceedsOriginalWeight,sourceGeneratedAt,sourceAttribution
final-actual-plans.csv,LIGHT,BREAKFAST,kfind-catalog-d305-233000000-0001,소탕,kfind-d305-233000000-0001,D305-233000000-0001,소탕,국 및 탕류,100g,58,150g,,,소탕 · 600g,600,g,348,ingredientBaseAmount * selected portion (runtime CSV),true,4,true,true,2014-09-30,식품의약품안전처
final-actual-plans.csv,LIGHT,LUNCH,kfind-catalog-d106-289000000-0001,소고기전골,kfind-d106-289000000-0001,D106-289000000-0001,소고기전골,찌개 및 전골류,100g,63,300g,,,소고기전골 · 550g,550,g,347,ingredientBaseAmount * selected portion (runtime CSV),true,1.83333,true,true,2019-12-31,식품의약품안전처
final-actual-plans.csv,LIGHT,DINNER,kfind-catalog-d306-276000000-0001,두부전골,kfind-d306-276000000-0001,D306-276000000-0001,두부전골,찌개 및 전골류,100g,63,500g,,,두부전골 · 550g,550,g,347,ingredientBaseAmount * selected portion (runtime CSV),true,1.1,true,false,2016-10-31,식품의약품안전처
final-actual-plans.csv,LIGHT,SNACK,kfind-snack-cook-2,미숫가루,kfind-d120-730000000-0001,D120-730000000-0001,미숫가루,음료 및 차류,100g,70,300g,,,미숫가루 · 300g,300,g,210,ingredientBaseAmount * selected portion (runtime CSV),true,1,false,false,2019-12-31,식품의약품안전처
final-actual-plans.csv,BALANCED,BREAKFAST,kfind-catalog-d103-146000000-0001,떡만두국,kfind-d103-146000000-0001,D103-146000000-0001,떡만두국,면 및 만두류,100g,111,600g,,,떡만두국 · 350g,350,g,389,ingredientBaseAmount * selected portion (runtime CSV),true,0.583333,false,false,2018-12-31,식품의약품안전처
final-actual-plans.csv,BALANCED,LUNCH,kfind-catalog-d101-018000000-0001,비빔밥,kfind-d101-018000000-0001,D101-018000000-0001,비빔밥,밥류,100g,142,450g,,,비빔밥 · 300g,300,g,426,ingredientBaseAmount * selected portion (runtime CSV),true,0.666667,false,false,2018-12-31,식품의약품안전처
final-actual-plans.csv,BALANCED,DINNER,kfind-catalog-d301-024000000-0001,연어롤,kfind-d301-024000000-0001,D301-024000000-0001,연어롤,밥류,100g,170,300g,,,연어롤 · 300g,300,g,510,ingredientBaseAmount * selected portion (runtime CSV),true,1,false,false,2013-03-31,식품의약품안전처
final-actual-plans.csv,BALANCED,SNACK,kfind-snack-cook-2,미숫가루,kfind-d120-730000000-0001,D120-730000000-0001,미숫가루,음료 및 차류,100g,70,300g,,,미숫가루 · 250g,250,g,175,ingredientBaseAmount * selected portion (runtime CSV),true,0.833333,false,false,2019-12-31,식품의약품안전처
final-actual-plans.csv,HEARTY,BREAKFAST,kfind-catalog-d202-115000000-0001,갈릭스틱토스트,kfind-d202-115000000-0001,D202-115000000-0001,토스트_갈릭스틱토스트,빵 및 과자류,100g,378,41g,,,토스트 · 갈릭스틱토스트 · 100g,100,g,378,ingredientBaseAmount * selected portion (runtime CSV),true,2.43902,true,true,2022-10-30,식품의약품안전처
final-actual-plans.csv,HEARTY,LUNCH,kfind-catalog-d108-377000000-0001,런천미트구이,kfind-d108-377000000-0001,D108-377000000-0001,런천미트구이,구이류,100g,303,160g,,,런천미트구이 · 150g,150,g,455,ingredientBaseAmount * selected portion (runtime CSV),true,0.9375,false,true,2017-12-31,식품의약품안전처
final-actual-plans.csv,HEARTY,DINNER,kfind-catalog-d101-006000000-0001,기장밥,kfind-d101-006000000-0001,D101-006000000-0001,기장밥,밥류,100g,166,200g,,,기장밥 · 1.5공기,315,g,523,ingredientBaseAmount * selected portion (runtime CSV),true,1.575,true,true,2017-12-31,식품의약품안전처
final-actual-plans.csv,HEARTY,SNACK,kfind-catalog-d302-086000000-0001,마카롱,kfind-d302-086000000-0001,D302-086000000-0001,마카롱,빵 및 과자류,100g,480,100g,,,마카롱 · 30g,30,g,144,ingredientBaseAmount * selected portion (runtime CSV),true,0.3,false,true,2022-06-30,식품의약품안전처
final-actual-plans.csv,DIET,BREAKFAST,kfind-catalog-d105-213000000-0001,닭곰탕,kfind-d105-213000000-0001,D105-213000000-0001,닭곰탕,국 및 탕류,100g,51,650g,,,닭곰탕 · 600g,600,g,306,ingredientBaseAmount * selected portion (runtime CSV),true,0.923077,false,false,2019-12-31,식품의약품안전처
final-actual-plans.csv,DIET,LUNCH,kfind-catalog-d105-228000000-0001,삼계탕,kfind-d105-228000000-0001,D105-228000000-0001,삼계탕,국 및 탕류,100g,101,900g,,,삼계탕 · 450g,450,g,455,ingredientBaseAmount * selected portion (runtime CSV),true,0.5,false,false,2018-12-31,식품의약품안전처
final-actual-plans.csv,DIET,DINNER,kfind-catalog-d101-006000000-0001,기장밥,kfind-d101-006000000-0001,D101-006000000-0001,기장밥,밥류,100g,166,200g,,,기장밥 · 1.5공기,315,g,523,ingredientBaseAmount * selected portion (runtime CSV),true,1.575,true,true,2017-12-31,식품의약품안전처
final-actual-plans.csv,DIET,SNACK,kfind-catalog-d110-467000000-0001,떡볶이,kfind-d110-467000000-0001,D110-467000000-0001,떡볶이,볶음류,100g,144,180g,,,떡볶이 · 150g,150,g,216,ingredientBaseAmount * selected portion (runtime CSV),true,0.833333,false,true,2018-12-31,식품의약품안전처
final-actual-plans.csv,BULK,BREAKFAST,kfind-catalog-d108-376000000-0001,떡갈비,kfind-d108-376000000-0001,D108-376000000-0001,떡갈비,구이류,100g,202,200g,,,떡갈비 · 150g,150,g,303,ingredientBaseAmount * selected portion (runtime CSV),true,0.75,false,true,2019-12-31,식품의약품안전처
final-actual-plans.csv,BULK,LUNCH,kfind-catalog-d108-382000000-0001,삼겹살구이,kfind-d108-382000000-0001,D108-382000000-0001,삼겹살구이,구이류,100g,467,200g,,,삼겹살구이 · 100g,100,g,467,ingredientBaseAmount * selected portion (runtime CSV),true,0.5,false,true,2019-12-31,식품의약품안전처
final-actual-plans.csv,BULK,DINNER,kfind-catalog-d308-374000000-0001,돼지껍데기구이,kfind-d308-374000000-0001,D308-374000000-0001,돼지껍데기구이,구이류,100g,348,100g,,,돼지껍데기구이 · 150g,150,g,522,ingredientBaseAmount * selected portion (runtime CSV),true,1.5,true,true,2022-06-30,식품의약품안전처
final-actual-plans.csv,BULK,SNACK,kfind-catalog-d309-415000000-0001,녹두빈대떡,kfind-d309-415000000-0001,D309-415000000-0001,녹두빈대떡,전·적 및 부침류,100g,208,100g,,,녹두빈대떡 · 100g,100,g,208,ingredientBaseAmount * selected portion (runtime CSV),true,1,false,true,2013-03-31,식품의약품안전처
final-actual-plans.csv,HEALTHY,BREAKFAST,kfind-catalog-d101-031000000-0001,자장밥,kfind-d101-031000000-0001,D101-031000000-0001,자장밥,밥류,100g,122,470g,,,자장밥 · 1.5공기,315,g,384,ingredientBaseAmount * selected portion (runtime CSV),true,0.670213,false,false,2018-12-31,식품의약품안전처
final-actual-plans.csv,HEALTHY,LUNCH,kfind-catalog-d103-141000000-0001,간자장,kfind-d103-141000000-0001,D103-141000000-0001,간자장,면 및 만두류,100g,125,500g,,,간자장 · 350g,350,g,438,ingredientBaseAmount * selected portion (runtime CSV),true,0.7,false,false,2018-12-31,식품의약품안전처
final-actual-plans.csv,HEALTHY,DINNER,kfind-catalog-d303-177000000-0002,팟타이,kfind-d303-177000000-0002,D303-177000000-0002,팟타이,면 및 만두류,100g,146,100g,,,팟타이 · 350g,350,g,511,ingredientBaseAmount * selected portion (runtime CSV),true,3.5,true,true,2022-06-30,식품의약품안전처
final-actual-plans.csv,HEALTHY,SNACK,kfind-catalog-d103-146000000-0001,떡만두국,kfind-d103-146000000-0001,D103-146000000-0001,떡만두국,면 및 만두류,100g,111,600g,,,떡만두국 · 150g,150,g,167,ingredientBaseAmount * selected portion (runtime CSV),true,0.25,false,false,2018-12-31,식품의약품안전처
final-actual-plans.csv,CHEAT,BREAKFAST,kfind-catalog-d202-115000000-0001,갈릭스틱토스트,kfind-d202-115000000-0001,D202-115000000-0001,토스트_갈릭스틱토스트,빵 및 과자류,100g,378,41g,,,토스트 · 갈릭스틱토스트 · 100g,100,g,378,ingredientBaseAmount * selected portion (runtime CSV),true,2.43902,true,true,2022-10-30,식품의약품안전처
final-actual-plans.csv,CHEAT,LUNCH,kfind-catalog-d101-049000000-0001,하이라이스,kfind-d101-049000000-0001,D101-049000000-0001,하이라이스,밥류,100g,112,360g,,,하이라이스 · 400g,400,g,448,ingredientBaseAmount * selected portion (runtime CSV),true,1.11111,true,false,2017-12-31,식품의약품안전처
final-actual-plans.csv,CHEAT,DINNER,kfind-catalog-d101-006000000-0001,기장밥,kfind-d101-006000000-0001,D101-006000000-0001,기장밥,밥류,100g,166,200g,,,기장밥 · 1.5공기,315,g,523,ingredientBaseAmount * selected portion (runtime CSV),true,1.575,true,true,2017-12-31,식품의약품안전처
final-actual-plans.csv,CHEAT,SNACK,kfind-catalog-d302-096070000-0002,닭고기또띠아샌드위치,kfind-d302-096070000-0002,D302-096070000-0002,샌드위치_간편조리세트_닭고기또띠아샌드위치,빵 및 과자류,100g,251,112g,,,샌드위치 · 간편조리세트 · 닭고기또띠아샌드위치 · 60g,60,g,151,ingredientBaseAmount * selected portion (runtime CSV),true,0.535714,false,true,2024-12-31,식품의약품안전처
final-actual-plans.csv,SLOW_AGING_STYLE,BREAKFAST,kfind-catalog-d301-043000000-0001,충무김밥,kfind-d301-043000000-0001,D301-043000000-0001,충무김밥,밥류,100g,146,400g,,,충무김밥 · 200g,200,g,292,ingredientBaseAmount * selected portion (runtime CSV),true,0.5,false,false,2013-03-31,식품의약품안전처
final-actual-plans.csv,SLOW_AGING_STYLE,LUNCH,kfind-catalog-d301-027000000-0001,오곡밥,kfind-d301-027000000-0001,D301-027000000-0001,오곡밥,밥류,100g,156,250g,,,오곡밥 · 1.5공기,315,g,491,ingredientBaseAmount * selected portion (runtime CSV),true,1.26,true,true,2014-09-30,식품의약품안전처
final-actual-plans.csv,SLOW_AGING_STYLE,DINNER,kfind-dinner-cook-1,고등어찌개,kfind-d306-262000000-0001,D306-262000000-0001,고등어찌개,찌개 및 전골류,100g,100,600g,,,고등어찌개 · 550g,550,g,550,ingredientBaseAmount * selected portion (runtime CSV),true,0.916667,false,false,2016-10-31,식품의약품안전처
final-actual-plans.csv,SLOW_AGING_STYLE,SNACK,kfind-catalog-d103-146000000-0001,떡만두국,kfind-d103-146000000-0001,D103-146000000-0001,떡만두국,면 및 만두류,100g,111,600g,,,떡만두국 · 150g,150,g,167,ingredientBaseAmount * selected portion (runtime CSV),true,0.25,false,false,2018-12-31,식품의약품안전처
samsung-actual-style-plans.log,ALTERNATE 1,BREAKFAST,kfind-catalog-d301-027000000-0001,오곡밥,kfind-d301-027000000-0001,D301-027000000-0001,오곡밥,밥류,100g,156,250g,,,오곡밥 · 1공기,210,g,328,runtime household quantity * runtime basisAmountPerUnit; no new conversion,true,0.84,false,true,2014-09-30,식품의약품안전처
samsung-actual-style-plans.log,ALTERNATE 1,LUNCH,kfind-catalog-d101-023000000-0001,알밥,kfind-d101-023000000-0001,D101-023000000-0001,알밥,밥류,100g,128,330g,,,알밥 · 1.5공기,315,g,403,runtime household quantity * runtime basisAmountPerUnit; no new conversion,true,0.954545,false,false,2018-12-31,식품의약품안전처
samsung-actual-style-plans.log,ALTERNATE 1,DINNER,kfind-catalog-d301-043000000-0001,충무김밥,kfind-d301-043000000-0001,D301-043000000-0001,충무김밥,밥류,100g,146,400g,,,충무김밥 · 400g,400,g,584,explicit runtime g/ml label,true,1,false,false,2013-03-31,식품의약품안전처
samsung-actual-style-plans.log,ALTERNATE 1,SNACK,kfind-catalog-d302-054000000-0001,개피떡(바람떡),kfind-d302-054000000-0001,D302-054000000-0001,개피떡(바람떡),빵 및 과자류,100g,206,100g,,,개피떡(바람떡) · 90g,90,g,185,explicit runtime g/ml label,true,0.9,false,true,2023-04-27,농촌진흥청(국가표준식품성분표)
samsung-actual-style-plans.log,ALTERNATE 2,BREAKFAST,kfind-catalog-d304-190000000-0001,잣죽,kfind-d304-190000000-0001,D304-190000000-0001,잣죽,죽 및 스프류,100g,125,700g,,,잣죽 · 450g,450,g,563,explicit runtime g/ml label,true,0.642857,false,false,2013-03-31,식품의약품안전처
samsung-actual-style-plans.log,ALTERNATE 2,LUNCH,kfind-catalog-d306-276000000-0001,두부전골,kfind-d306-276000000-0001,D306-276000000-0001,두부전골,찌개 및 전골류,100g,63,500g,,,두부전골 · 550g,550,g,347,explicit runtime g/ml label,true,1.1,true,false,2016-10-31,식품의약품안전처
samsung-actual-style-plans.log,ALTERNATE 2,DINNER,kfind-catalog-d101-023000000-0001,알밥,kfind-d101-023000000-0001,D101-023000000-0001,알밥,밥류,100g,128,330g,,,알밥 · 1.5공기,315,g,403,runtime household quantity * runtime basisAmountPerUnit; no new conversion,true,0.954545,false,false,2018-12-31,식품의약품안전처
samsung-actual-style-plans.log,ALTERNATE 2,SNACK,kfind-snack-cook-2,미숫가루,kfind-d120-730000000-0001,D120-730000000-0001,미숫가루,음료 및 차류,100g,70,300g,,,미숫가루 · 250g,250,g,175,explicit runtime g/ml label,true,0.833333,false,false,2019-12-31,식품의약품안전처
samsung-actual-style-plans.log,ALTERNATE 3,BREAKFAST,kfind-catalog-d103-146000000-0001,떡만두국,kfind-d103-146000000-0001,D103-146000000-0001,떡만두국,면 및 만두류,100g,111,600g,,,떡만두국 · 450g,450,g,500,explicit runtime g/ml label,true,0.75,false,false,2018-12-31,식품의약품안전처
samsung-actual-style-plans.log,ALTERNATE 3,LUNCH,kfind-catalog-d304-187000000-0001,어죽,kfind-d304-187000000-0001,D304-187000000-0001,어죽,죽 및 스프류,100g,69,800g,,,어죽 · 450g,450,g,311,explicit runtime g/ml label,true,0.5625,false,false,2016-10-31,식품의약품안전처
samsung-actual-style-plans.log,ALTERNATE 3,DINNER,kfind-catalog-d101-006000000-0001,기장밥,kfind-d101-006000000-0001,D101-006000000-0001,기장밥,밥류,100g,166,200g,,,기장밥 · 1.5공기,315,g,523,runtime household quantity * runtime basisAmountPerUnit; no new conversion,true,1.575,true,true,2017-12-31,식품의약품안전처
samsung-actual-style-plans.log,ALTERNATE 3,SNACK,kfind-catalog-d202-096000000-0010,그릭치킨 샌드위치,kfind-d202-096000000-0010,D202-096000000-0010,샌드위치_그릭치킨 샌드위치,빵 및 과자류,100g,184,180g,,,샌드위치 · 그릭치킨 샌드위치 · 90g,90,g,166,explicit runtime g/ml label,true,0.5,false,false,2022-07-19,식품의약품안전처
samsung-actual-style-plans.log,ALTERNATE 4,BREAKFAST,kfind-breakfast-dining_out-1,냉면 · 비빔냉면,kfind-d103-144280000-0001,D103-144280000-0001,냉면_비빔냉면,면 및 만두류,100g,100,500g,,,냉면 · 비빔냉면 · 450g,450,g,450,explicit runtime g/ml label,true,0.9,false,false,2018-12-31,식품의약품안전처
samsung-actual-style-plans.log,ALTERNATE 4,LUNCH,kfind-catalog-d306-267000000-0001,꽁치찌개,kfind-d306-267000000-0001,D306-267000000-0001,꽁치찌개,찌개 및 전골류,100g,118,300g,,,꽁치찌개 · 550g,550,g,649,explicit runtime g/ml label,true,1.83333,true,true,2017-12-31,식품의약품안전처
samsung-actual-style-plans.log,ALTERNATE 4,DINNER,kfind-catalog-d301-027000000-0001,오곡밥,kfind-d301-027000000-0001,D301-027000000-0001,오곡밥,밥류,100g,156,250g,,,오곡밥 · 1공기,210,g,328,runtime household quantity * runtime basisAmountPerUnit; no new conversion,true,0.84,false,true,2014-09-30,식품의약품안전처
samsung-actual-style-plans.log,ALTERNATE 4,SNACK,kfind-catalog-d110-467000000-0001,떡볶이,kfind-d110-467000000-0001,D110-467000000-0001,떡볶이,볶음류,100g,144,180g,,,떡볶이 · 50g,50,g,72,explicit runtime g/ml label,true,0.277778,false,true,2018-12-31,식품의약품안전처
samsung-actual-style-plans.log,PLAN,BREAKFAST,kfind-catalog-d301-043000000-0001,충무김밥,kfind-d301-043000000-0001,D301-043000000-0001,충무김밥,밥류,100g,146,400g,,,충무김밥 · 200g,200,g,292,explicit runtime g/ml label,true,0.5,false,false,2013-03-31,식품의약품안전처
samsung-actual-style-plans.log,PLAN,LUNCH,kfind-catalog-d301-027000000-0001,오곡밥,kfind-d301-027000000-0001,D301-027000000-0001,오곡밥,밥류,100g,156,250g,,,오곡밥 · 1.5공기,315,g,491,runtime household quantity * runtime basisAmountPerUnit; no new conversion,true,1.26,true,true,2014-09-30,식품의약품안전처
samsung-actual-style-plans.log,PLAN,DINNER,kfind-dinner-cook-1,고등어찌개,kfind-d306-262000000-0001,D306-262000000-0001,고등어찌개,찌개 및 전골류,100g,100,600g,,,고등어찌개 · 550g,550,g,550,explicit runtime g/ml label,true,0.916667,false,false,2016-10-31,식품의약품안전처
samsung-actual-style-plans.log,PLAN,SNACK,kfind-catalog-d103-146000000-0001,떡만두국,kfind-d103-146000000-0001,D103-146000000-0001,떡만두국,면 및 만두류,100g,111,600g,,,떡만두국 · 150g,150,g,167,explicit runtime g/ml label,true,0.25,false,false,2018-12-31,식품의약품안전처
