foodItemId,sourceFoodCode,brand,name,ingredientText,ingredients,allergenText,allergens,ingredientStatus,allergenStatus,sourceUrl,checkedAt,sourceDate,parserVersion,evidenceKind,mayContainAllergens,crossContactText,staleCandidate,sourceHash
kfind-d201-059200000-0002,D201-059200000-0002,피자알볼로,김치 볶음밥_치즈오븐김치볶음밥,,,,,UNKNOWN,UNKNOWN,https://api2.pizzaalvolo.co.kr/api/v1/customer/common/product/list?regDate=&isEcoupon=n,2026-10-04,,targeted-product-2026-10-04-v1,NO_OFFICIAL_PRODUCT_IDENTITY_JOIN|OFFICIAL_CURRENT_VARIANTS_DIFFER_NO_EXACT_PRODUCT_IDENTITY,,,false,615190d4866e3e800c9ea07ccd4aae98a39186f1949b694fdc05258f2d878e7e
kfind-d202-083000000-0020,D202-083000000-0020,뚜레쥬르,또띠아_매콤치킨랩,,,,,UNKNOWN,UNKNOWN,https://www.tlj.co.kr/product/result.asp,2026-10-04,,targeted-product-2026-10-04-v1,NO_OFFICIAL_PRODUCT_IDENTITY_JOIN|NO_EXACT_CURRENT_OFFICIAL_MENU_AFTER_442_DETAIL_CACHE_REVIEW,,,false,d9d03c4c19ed9d34d5237599ef1b464f0c247a696c39c3f75acc24fc536d678d
kfind-d202-083000000-0021,D202-083000000-0021,뚜레쥬르,또띠아_베지텐더밸런스랩,,,,,UNKNOWN,UNKNOWN,https://www.tlj.co.kr/product/result.asp,2026-10-04,,targeted-product-2026-10-04-v1,NO_OFFICIAL_PRODUCT_IDENTITY_JOIN|NO_EXACT_CURRENT_OFFICIAL_MENU_AFTER_442_DETAIL_CACHE_REVIEW,,,false,d9d03c4c19ed9d34d5237599ef1b464f0c247a696c39c3f75acc24fc536d678d
kfind-d202-083000000-0022,D202-083000000-0022,뚜레쥬르,또띠아_싱그러운치킨텐더그린랩,,,,,UNKNOWN,UNKNOWN,https://www.tlj.co.kr/product/result.asp,2026-10-04,,targeted-product-2026-10-04-v1,NO_OFFICIAL_PRODUCT_IDENTITY_JOIN|NO_EXACT_CURRENT_OFFICIAL_MENU_AFTER_442_DETAIL_CACHE_REVIEW,,,false,d9d03c4c19ed9d34d5237599ef1b464f0c247a696c39c3f75acc24fc536d678d
kfind-d202-083000000-0023,D202-083000000-0023,버거킹,또띠아_크리스퍼랩,"원산지: 닭고기 — 국내산 : 크리스퍼텐더,크리스퍼랩",닭고기,"대두, 난류, 우유, 밀, 닭고기",달걀|닭고기|대두|밀|우유,PARTIAL_DESCRIPTION,CONFIRMED_LABEL,https://web-prd.burgerking.co.kr/burgerking/BKR0347.json,2026-10-04,,targeted-product-2026-10-04-v1,EXACT_BRAND_NORMALIZED_MENU_NAME|OFFICIAL_MENU_CODE:2200284|EXACT_CURRENT_MENU_CODE_ORIGIN_AND_ALLERGEN_DECLARATION|CURRENT_OFFICIAL_MENU_RECIPE_VERSION_UNVERIFIED,,,true,d1e25f013a852549552ab25de3828d079ad31c8d9cbaf176c3e70df38c01a0c8
kfind-d202-096000000-0117,D202-096000000-0117,뚜레쥬르,샌드위치_그릴치킨 당근라페 샌드위치,,,,,UNKNOWN,UNKNOWN,https://www.tlj.co.kr/product/result.asp,2026-10-04,,targeted-product-2026-10-04-v1,NO_OFFICIAL_PRODUCT_IDENTITY_JOIN|NO_EXACT_CURRENT_OFFICIAL_MENU_AFTER_442_DETAIL_CACHE_REVIEW,,,false,d9d03c4c19ed9d34d5237599ef1b464f0c247a696c39c3f75acc24fc536d678d
kfind-d202-096000000-0158,D202-096000000-0158,뚜레쥬르,샌드위치_고소한햄에그샌드위치,,,,,UNKNOWN,UNKNOWN,https://www.tlj.co.kr/product/result.asp,2026-10-04,,targeted-product-2026-10-04-v1,NO_OFFICIAL_PRODUCT_IDENTITY_JOIN|NO_EXACT_CURRENT_OFFICIAL_MENU_AFTER_442_DETAIL_CACHE_REVIEW,,,false,d9d03c4c19ed9d34d5237599ef1b464f0c247a696c39c3f75acc24fc536d678d
kfind-d202-110000000-0545,D202-110000000-0545,파리바게뜨,케이크_플레인 저당 그릭요거트 컵케이크,,,,,UNKNOWN,UNKNOWN,https://www.paris.co.kr/?s=플레인+저당+그릭요거트+컵케이크,2026-10-04,,targeted-product-2026-10-04-v1,NO_OFFICIAL_PRODUCT_IDENTITY_JOIN|OFFICIAL_EXACT_NAME_SEARCH_ZERO_RESULTS,,,false,c6a8213739bed17f7575d00f0800c055e4c423c275c8b0d4eebefe79b570803c
kfind-d202-115000000-0001,D202-115000000-0001,파리바게뜨,토스트_갈릭스틱토스트,,,,,UNKNOWN,UNKNOWN,https://www.paris.co.kr/?s=갈릭스틱토스트,2026-10-04,,targeted-product-2026-10-04-v1,NO_OFFICIAL_PRODUCT_IDENTITY_JOIN|OFFICIAL_EXACT_NAME_SEARCH_ZERO_RESULTS,,,false,975df0fddba293ea06de66644aaecfc2fab4f0a0dcaee509c45b565f5ef6af12
kfind-d202-115000000-0002,D202-115000000-0002,뚜레쥬르,토스트_갈릭치즈토스트,,,,,UNKNOWN,UNKNOWN,https://www.tlj.co.kr/product/result.asp,2026-10-04,,targeted-product-2026-10-04-v1,NO_OFFICIAL_PRODUCT_IDENTITY_JOIN|NO_EXACT_CURRENT_OFFICIAL_MENU_AFTER_442_DETAIL_CACHE_REVIEW,,,false,d9d03c4c19ed9d34d5237599ef1b464f0c247a696c39c3f75acc24fc536d678d
kfind-d202-115000000-0003,D202-115000000-0003,따삐오,토스트_구운햄치즈 토스트,,,,,UNKNOWN,UNKNOWN,https://www.tapiau.co.kr/,2026-10-04,,targeted-product-2026-10-04-v1,NO_OFFICIAL_PRODUCT_IDENTITY_JOIN|LEGACY_BRAND_PRODUCT_PAGE_UNAVAILABLE_NO_EXACT_LABEL,,,false,
kfind-d202-115000000-0024,D202-115000000-0024,크로플덕오리아가씨,토스트_누텔라 바나나 토스트,,,,,UNKNOWN,UNKNOWN,https://croffleduck.co.kr/,2026-10-04,,targeted-product-2026-10-04-v1,NO_OFFICIAL_PRODUCT_IDENTITY_JOIN|OFFICIAL_DOMAIN_CERTIFICATE_EXPIRED_AND_HTTP_FORBIDDEN,,,false,
kfind-d203-194000000-0004,D203-194000000-0004,피자스쿨,오븐스파게티_치즈오븐스파게티,"설명: 쫄깃한 스파게티와 오븐이 만나 치즈, 토마토양념, 스파게티를 구워내면 완벽한 콤비의 환상의 맛! | 주요토핑: 스파게티면, 치즈 | 원산지: 스파게티소스(쇠고기:호주산)",쇠고기|스파게티면|치즈,스파게티면: 밀/대두 | 소스: 토마토/쇠고기/대두/우유/밀/돼지고기/아황산류/조개류(굴) | 치즈: 우유,대두|돼지고기|밀|쇠고기|아황산류|우유|조개류|토마토,PARTIAL_DESCRIPTION,CONFIRMED_LABEL,http://pizzaschool.net/menu/치즈오븐스파게티/,2026-10-04,,targeted-product-2026-10-04-v1,EXACT_BRAND_NORMALIZED_MENU_NAME|OFFICIAL_MENU_CODE:WORDPRESS-725|EXACT_CURRENT_MENU_PARTIAL_INGREDIENTS_AND_FULL_DECLARED_ALLERGEN_TABLE|CURRENT_OFFICIAL_MENU_RECIPE_VERSION_UNVERIFIED,,,true,4e2317a40815b0db3027b1e53e29242aa80e1ef1857774ce9d054c4360f67101
kfind-d210-467000000-0008,D210-467000000-0008,봉수아피자,떡볶이_국물떡볶이,,,,,UNKNOWN,UNKNOWN,https://bongsuapizza.com/사이드,2026-10-04,,targeted-product-2026-10-04-v1,EXACT_BRAND_NORMALIZED_MENU_NAME|EXACT_OFFICIAL_MENU_CARD_NO_PRODUCT_COMPOSITION_OR_ALLERGEN_LABEL,,,false,2894e33ab56a04095da0d7b7d84ca71f0bb06676913fdeeeb6c5585f049ba661
kfind-d214-640000000-0019,D214-640000000-0019,롤링핀,샐러드_과일리코타 샐러드,,,,,UNKNOWN,UNKNOWN,https://rollingpin.co.kr/default/sub/menu/page03.php,2026-10-04,,targeted-product-2026-10-04-v1,NO_OFFICIAL_PRODUCT_IDENTITY_JOIN|NO_EXACT_CURRENT_OFFICIAL_PRODUCT,,,false,3950cbd41d01748f9a8f26ccb479d2ff895241081bbdabc978a73dc4239872cd
kfind-d214-640000000-0028,D214-640000000-0028,뚜레쥬르,샐러드_그릴치킨오렌지샐러드,,,,,UNKNOWN,UNKNOWN,https://www.tlj.co.kr/product/result.asp,2026-10-04,,targeted-product-2026-10-04-v1,NO_OFFICIAL_PRODUCT_IDENTITY_JOIN|NO_EXACT_CURRENT_OFFICIAL_MENU_AFTER_442_DETAIL_CACHE_REVIEW,,,false,d9d03c4c19ed9d34d5237599ef1b464f0c247a696c39c3f75acc24fc536d678d
kfind-d302-096070000-0002,D302-096070000-0002,맥도날드,샌드위치_간편조리세트_닭고기또띠아샌드위치,,,,,UNKNOWN,UNKNOWN,https://www.mcdonalds.co.kr/api/v1/kor/product/allergy,2026-10-04,,targeted-product-2026-10-04-v1,NO_OFFICIAL_PRODUCT_IDENTITY_JOIN|GENERIC_ANALYZED_FOOD_NAME_NO_EXACT_BRAND_MENU_IDENTITY_MAP,,,false,c65fa1a321ab98b56fb6c99095e61c21aae91c777094ea01e16a4c520b69c452
kfind-d303-161000000-0002,D303-161000000-0002,프레시지,스파게티_간편조리세트_바질크림 빠네 파스타,,,,,UNKNOWN,UNKNOWN,https://corp.fresheasy.co.kr/,2026-10-04,,targeted-product-2026-10-04-v1,NO_OFFICIAL_PRODUCT_IDENTITY_JOIN|OFFICIAL_BASE_NAME_DIFFERENT_PRODUCT_VARIANT_RECIPE_UNVERIFIED,,,false,e021897764cac35a3b4ad99ad23a611ad8f0658330db1a95a0ccd8c9f801fa4b
kfind-d303-161000000-0004,D303-161000000-0004,프레시지,스파게티_간편조리세트_볼로네제라구파스타,,,,,UNKNOWN,UNKNOWN,https://corp.fresheasy.co.kr/,2026-10-04,,targeted-product-2026-10-04-v1,NO_OFFICIAL_PRODUCT_IDENTITY_JOIN|OFFICIAL_EXACT_NAME_SEARCH_ZERO_RESULTS,,,false,e021897764cac35a3b4ad99ad23a611ad8f0658330db1a95a0ccd8c9f801fa4b
kfind-d303-161000000-0005,D303-161000000-0005,HY 잇츠온,스파게티_간편조리세트_쉬림프 로제파스타,,,,,UNKNOWN,UNKNOWN,https://m.fredit.co.kr/api/search/v1/aws-search-result,2026-10-04,,targeted-product-2026-10-04-v1,NO_OFFICIAL_PRODUCT_IDENTITY_JOIN|OFFICIAL_EXACT_NAME_SEARCH_ZERO_RESULTS,,,false,0a31747532a4249ae9a2e77909b684e3ada99b5d835f774500204a1030e03811
kfind-d303-161000000-0007,D303-161000000-0007,HY 잇츠온,스파게티_간편조리세트_쉬림프 크림파스타,,,,,UNKNOWN,UNKNOWN,https://m.fredit.co.kr/api/search/v1/aws-search-result,2026-10-04,,targeted-product-2026-10-04-v1,NO_OFFICIAL_PRODUCT_IDENTITY_JOIN|OFFICIAL_EXACT_NAME_SEARCH_ZERO_RESULTS,,,false,efaa949d4188151c2a2865cbf90b100cdba82d6fd994704344e1e028c547edc6
kfind-d303-161000000-0008,D303-161000000-0008,HY 잇츠온,스파게티_간편조리세트_알리오올리오파스타,,,,,UNKNOWN,UNKNOWN,https://m.fredit.co.kr/api/search/v1/aws-search-result,2026-10-04,,targeted-product-2026-10-04-v1,NO_OFFICIAL_PRODUCT_IDENTITY_JOIN|OFFICIAL_EXACT_NAME_SEARCH_ZERO_RESULTS,,,false,de09d1dcdff0f67e9625e32ed3d1a0c1e18c98cfee5e65febda423b73819918a
kfind-d303-161000000-0009,D303-161000000-0009,GS 리테일 심플리쿡,스파게티_간편조리세트_에그인헬파스타,,,,,UNKNOWN,UNKNOWN,https://www.gsfresh.com/,2026-10-04,,targeted-product-2026-10-04-v1,NO_OFFICIAL_PRODUCT_IDENTITY_JOIN|OFFICIAL_PRODUCT_SHOP_SERVICE_ENDED_NO_ACCESSIBLE_EXACT_LABEL,,,false,fed336e17661b4164effcb675a65743ac0afb0acb12cf94ad2c1daafec26cbd7
kfind-d306-281000000-0001,D306-281000000-0001,프레시지,밀푀유나베_간편조리세트_매콤 밀푀유나베,,,,,UNKNOWN,UNKNOWN,https://corp.fresheasy.co.kr/,2026-10-04,,targeted-product-2026-10-04-v1,NO_OFFICIAL_PRODUCT_IDENTITY_JOIN|OFFICIAL_EXACT_NAME_SEARCH_ZERO_RESULTS,,,false,e021897764cac35a3b4ad99ad23a611ad8f0658330db1a95a0ccd8c9f801fa4b
kfind-d306-286000000-0001,D306-286000000-0001,GS 리테일 심플리쿡,불낙전골_간편조리세트_이게불낙이야,,,,,UNKNOWN,UNKNOWN,https://www.gsfresh.com/,2026-10-04,,targeted-product-2026-10-04-v1,NO_OFFICIAL_PRODUCT_IDENTITY_JOIN|OFFICIAL_PRODUCT_SHOP_SERVICE_ENDED_NO_ACCESSIBLE_EXACT_LABEL,,,false,fed336e17661b4164effcb675a65743ac0afb0acb12cf94ad2c1daafec26cbd7
kfind-d314-640000000-0001,D314-640000000-0001,GS 리테일 심플리쿡,샐러드_간편조리세트_콥샐러드&시저드레싱,,,,,UNKNOWN,UNKNOWN,https://www.gsfresh.com/,2026-10-04,,targeted-product-2026-10-04-v1,NO_OFFICIAL_PRODUCT_IDENTITY_JOIN|OFFICIAL_PRODUCT_SHOP_SERVICE_ENDED_NO_ACCESSIBLE_EXACT_LABEL,,,false,fed336e17661b4164effcb675a65743ac0afb0acb12cf94ad2c1daafec26cbd7
