"category","officialBrandName","aliases","officialUrl","verifiedAt","nutritionSource","recordableMenuCount","kcalMenuCount","macroCompleteMenuCount","officialMenuNameReferenceCount","officialMenuNameReferences","officialSourceForm","runtimeAutoUpdate","updateMode","snapshotOnlyReason"
"햄버거","맥도날드","mcdonalds","https://www.mcdonalds.co.kr/","2026-09-27","K-FIND","37","37","35","0","","official nutrition page/file or K-FIND snapshot","false","snapshot-only","No verified unauthenticated stable payload is connected; K-FIND runtime checks metadata only"
"햄버거","롯데리아","lotteria","https://www.lotteeatz.com/","2026-09-27","K-FIND","104","104","8","0","","official nutrition page/file or K-FIND snapshot","false","snapshot-only","No verified unauthenticated stable payload is connected; K-FIND runtime checks metadata only"
"햄버거","버거킹","burgerking","https://www.burgerking.co.kr/","2026-09-27","K-FIND","90","90","6","0","","official nutrition page/file or K-FIND snapshot","false","snapshot-only","No verified unauthenticated stable payload is connected; K-FIND runtime checks metadata only"
"햄버거","KFC","kfc","https://www.kfckorea.com/","2026-09-27","K-FIND","26","26","8","0","","official nutrition page/file or K-FIND snapshot","false","snapshot-only","No verified unauthenticated stable payload is connected; K-FIND runtime checks metadata only"
"햄버거","맘스터치","momstouch","https://www.momstouch.co.kr/","2026-09-27","K-FIND","70","70","35","0","","official nutrition page/file or K-FIND snapshot","false","snapshot-only","No verified unauthenticated stable payload is connected; K-FIND runtime checks metadata only"
"피자","도미노피자","dominos","https://www.dominos.co.kr/","2026-09-27","K-FIND","399","399","323","0","","official nutrition page/file or K-FIND snapshot","false","snapshot-only","No verified unauthenticated stable payload is connected; K-FIND runtime checks metadata only"
"피자","피자헛","pizzahut","https://www.pizzahut.co.kr/","2026-09-27","K-FIND","373","373","0","0","","official nutrition page/file or K-FIND snapshot","false","snapshot-only","No verified unauthenticated stable payload is connected; K-FIND runtime checks metadata only"
"피자","미스터피자","mrpizza","https://www.mrpizza.co.kr/","2026-09-27","K-FIND","208","208","0","0","","official nutrition page/file or K-FIND snapshot","false","snapshot-only","No verified unauthenticated stable payload is connected; K-FIND runtime checks metadata only"
"치킨","BHC","bhc","https://www.bhc.co.kr/","2026-09-27","K-FIND","10","10","10","0","","official nutrition page/file or K-FIND snapshot","false","snapshot-only","No verified unauthenticated stable payload is connected; K-FIND runtime checks metadata only"
"치킨","교촌치킨","kyochon","https://www.kyochon.com/","2026-09-27","K-FIND","62","62","13","0","","official nutrition page/file or K-FIND snapshot","false","snapshot-only","No verified unauthenticated stable payload is connected; K-FIND runtime checks metadata only"
"치킨","굽네치킨","goobne","https://www.goobne.co.kr/","2026-09-27","K-FIND","23","23","1","0","","official nutrition page/file or K-FIND snapshot","false","snapshot-only","No verified unauthenticated stable payload is connected; K-FIND runtime checks metadata only"
"치킨","BBQ","bbq|비비큐","https://www.bbq.co.kr/","2026-09-27","OFFICIAL-BRAND-NUTRITION","4","4","0","0","","official nutrition page/file or K-FIND snapshot","false","snapshot-only","No verified unauthenticated stable payload is connected; K-FIND runtime checks metadata only"
"치킨","네네치킨","nene|네네","https://nenechicken.com/","2026-09-27","OFFICIAL-BRAND-NUTRITION","9","9","0","0","","official nutrition page/file or K-FIND snapshot","false","snapshot-only","No verified unauthenticated stable payload is connected; K-FIND runtime checks metadata only"
"카페","스타벅스","starbucks","https://www.starbucks.co.kr/","2026-09-27","K-FIND","213","213","0","0","","official nutrition page/file or K-FIND snapshot","false","snapshot-only","No verified unauthenticated stable payload is connected; K-FIND runtime checks metadata only"
"카페","투썸플레이스","twosomeplace","https://www.twosome.co.kr/","2026-09-27","K-FIND","298","298","9","0","","official nutrition page/file or K-FIND snapshot","false","snapshot-only","No verified unauthenticated stable payload is connected; K-FIND runtime checks metadata only"
"카페","컴포즈커피","composecoffee","https://composecoffee.com/","2026-09-27","K-FIND","62","62","62","0","","official nutrition page/file or K-FIND snapshot","false","snapshot-only","No verified unauthenticated stable payload is connected; K-FIND runtime checks metadata only"
"카페","이디야","ediya","https://www.ediya.com/","2026-09-27","K-FIND","435","435","7","0","","official nutrition page/file or K-FIND snapshot","false","snapshot-only","No verified unauthenticated stable payload is connected; K-FIND runtime checks metadata only"
"카페","메가MGC커피","megacoffee|메가커피|메가mgc","https://www.mega-mgccoffee.com/","2026-09-27","OFFICIAL-BRAND-NUTRITION","9","9","0","0","","official nutrition page/file or K-FIND snapshot","false","snapshot-only","No verified unauthenticated stable payload is connected; K-FIND runtime checks metadata only"
"카페","매머드커피","mammothcoffee|메머드커피|매머드익스프레스|메머드익스프레스","https://mmthcoffee.com/","2026-09-27","OFFICIAL-BRAND-NUTRITION","8","8","8","0","","official nutrition page/file or K-FIND snapshot","false","snapshot-only","No verified unauthenticated stable payload is connected; K-FIND runtime checks metadata only"
"찜닭","두찜","","https://www.twozzim.com/","2026-09-27","OFFICIAL-BRAND-REGISTRY","0","0","0","0","","official website/menu page","false","snapshot-only","No verified unauthenticated stable machine-readable nutrition feed"
"찜닭","봉추찜닭","","https://www.bongchu.com/","2026-09-27","OFFICIAL-BRAND-REGISTRY","0","0","0","0","","official website/menu page","false","snapshot-only","No verified unauthenticated stable machine-readable nutrition feed"
"찜닭","일미리금계찜닭","","https://goldjjimdak.com/main.php","2026-09-27","OFFICIAL-BRAND-REGISTRY","0","0","0","0","","official website/menu page","false","snapshot-only","No verified unauthenticated stable machine-readable nutrition feed"
"국밥","육수당","순대국|육개장","https://yuksudang.com/","2026-09-27","OFFICIAL-BRAND-REGISTRY","0","0","0","0","","official website/menu page","false","snapshot-only","No verified unauthenticated stable machine-readable nutrition feed"
"국밥","현대옥","콩나물국밥","https://hyundaiok.com/","2026-09-27","OFFICIAL-BRAND-REGISTRY","0","0","0","0","","official website/menu page","false","snapshot-only","No verified unauthenticated stable machine-readable nutrition feed"
"국밥","이화수전통육개장","이화수|육개장","https://ihwasoo.com/","2026-09-27","OFFICIAL-BRAND-REGISTRY","0","0","0","0","","official website/menu page","false","snapshot-only","No verified unauthenticated stable machine-readable nutrition feed"
"분식","신전떡볶이","신전|떡볶이","https://sinjeon.co.kr/","2026-09-27","OFFICIAL-BRAND-REGISTRY","0","0","0","0","","official website/menu page","false","snapshot-only","No verified unauthenticated stable machine-readable nutrition feed"
"분식","죠스떡볶이","죠스|떡볶이","https://www.jawsfood.com/","2026-09-27","OFFICIAL-BRAND-REGISTRY","0","0","0","0","","official website/menu page","false","snapshot-only","No verified unauthenticated stable machine-readable nutrition feed"
"분식","청년다방","떡볶이","https://youngdabang.com/","2026-09-27","OFFICIAL-BRAND-REGISTRY","0","0","0","0","","official website/menu page","false","snapshot-only","No verified unauthenticated stable machine-readable nutrition feed"
"분식","두끼","떡볶이","https://www.dookki.co.kr/","2026-09-27","OFFICIAL-BRAND-REGISTRY","0","0","0","0","","official website/menu page","false","snapshot-only","No verified unauthenticated stable machine-readable nutrition feed"
"분식","스쿨푸드","","https://www.schoolfood.co.kr/","2026-09-27","OFFICIAL-BRAND-REGISTRY","0","0","0","0","","official website/menu page","false","snapshot-only","No verified unauthenticated stable machine-readable nutrition feed"
"김밥","김가네","","https://www.gimgane.co.kr/","2026-09-27","OFFICIAL-BRAND-REGISTRY","0","0","0","0","","official website/menu page","false","snapshot-only","No verified unauthenticated stable machine-readable nutrition feed"
"김밥","고봉민김밥인","고봉민","https://www.kobongmin.com/renewal/main/main.php","2026-09-27","OFFICIAL-BRAND-REGISTRY","0","0","0","0","","official website/menu page","false","snapshot-only","No verified unauthenticated stable machine-readable nutrition feed"
"김밥","바르다김선생","김선생","https://www.teacherkim.co.kr/","2026-09-27","OFFICIAL-BRAND-REGISTRY","0","0","0","0","","official website/menu page","false","snapshot-only","No verified unauthenticated stable machine-readable nutrition feed"
"중식","홍콩반점0410","홍콩반점|짬뽕","https://www.theborn.co.kr/theborn_brand/홍콩반점0410/","2026-09-27","OFFICIAL-BRAND-REGISTRY","0","0","0","0","","official website/menu page","false","snapshot-only","No verified unauthenticated stable machine-readable nutrition feed"
"중식","이비가짬뽕","이비가|짬뽕","https://www.ebiga.co.kr/","2026-09-27","OFFICIAL-BRAND-REGISTRY","0","0","0","0","","official website/menu page","false","snapshot-only","No verified unauthenticated stable machine-readable nutrition feed"
"마라탕","탕화쿵푸","마라탕","https://tanghuokungfu.co.kr/default/brand/Introduction.php","2026-09-27","OFFICIAL-BRAND-REGISTRY","0","0","0","0","","official website/menu page","false","snapshot-only","No verified unauthenticated stable machine-readable nutrition feed"
"마라탕","춘리마라탕","마라탕","https://chunlimala.com/","2026-09-27","OFFICIAL-BRAND-REGISTRY","0","0","0","0","","official website/menu page","false","snapshot-only","No verified unauthenticated stable machine-readable nutrition feed"
"죽","본죽","","https://www.bonif.co.kr/brand/store?brdCd=BF101","2026-09-27","OFFICIAL-BRAND-REGISTRY","0","0","0","0","","official website/menu page","false","snapshot-only","No verified unauthenticated stable machine-readable nutrition feed"
"죽","죽이야기","","https://www.jukstory.com/","2026-09-27","OFFICIAL-BRAND-REGISTRY","0","0","0","0","","official website/menu page","false","snapshot-only","No verified unauthenticated stable machine-readable nutrition feed"
"국수·우동","국수나무","국수|우동","https://www.noodletree.co.kr/","2026-09-27","OFFICIAL-BRAND-REGISTRY","0","0","0","0","","official website/menu page","false","snapshot-only","No verified unauthenticated stable machine-readable nutrition feed"
"국수·우동","역전우동0410","역전우동|우동","https://www.theborn.co.kr/theborn_brand/역전우동0410/","2026-09-27","OFFICIAL-BRAND-REGISTRY","0","0","0","0","","official website/menu page","false","snapshot-only","No verified unauthenticated stable machine-readable nutrition feed"
"돈가스","백소정","돈가스|돈까스|카츠","https://www.baeksojeong.com/","2026-09-27","OFFICIAL-BRAND-REGISTRY","0","0","0","5","돈카츠|마제소바+돈카츠|냉소바+돈카츠|스페셜가츠동|모짜렐라치즈카츠","official website/menu page","false","snapshot-only","No verified unauthenticated stable machine-readable nutrition feed"
"돈가스","홍익돈까스","홍익돈가스|돈가스","https://www.hongikdonkatsu.com/","2026-09-27","OFFICIAL-BRAND-REGISTRY","0","0","0","0","","official website/menu page","false","snapshot-only","No verified unauthenticated stable machine-readable nutrition feed"
"족발·보쌈","원할머니보쌈","원할머니|보쌈","https://wonandone.co.kr/bossam/","2026-09-27","OFFICIAL-BRAND-REGISTRY","0","0","0","0","","official website/menu page","false","snapshot-only","No verified unauthenticated stable machine-readable nutrition feed"
"부대찌개","놀부부대찌개","놀부|부대찌개","https://nolboo.co.kr/","2026-09-27","OFFICIAL-BRAND-REGISTRY","0","0","0","0","","official website/menu page","false","snapshot-only","No verified unauthenticated stable machine-readable nutrition feed"
"도시락","한솥","한솥도시락","https://www.hsd.co.kr/menu/menu_list","2026-09-27","OFFICIAL-BRAND-REGISTRY","0","0","0","3","치킨마요|동백|돈까스도련님","official website/menu page","false","snapshot-only","No verified unauthenticated stable machine-readable nutrition feed"
"도시락","본도시락","","https://www.bonif.co.kr/brand/store?brdCd=BF102","2026-09-27","OFFICIAL-BRAND-REGISTRY","0","0","0","0","","official website/menu page","false","snapshot-only","No verified unauthenticated stable machine-readable nutrition feed"
"덮밥","핵밥","덮밥","https://hecbob.com/storelocation","2026-09-27","OFFICIAL-BRAND-REGISTRY","0","0","0","0","","official website/menu page","false","snapshot-only","No verified unauthenticated stable machine-readable nutrition feed"
"샤브샤브","채선당","샤브|전골","https://www.chaesundang.co.kr/","2026-09-27","OFFICIAL-BRAND-REGISTRY","0","0","0","0","","official website/menu page","false","snapshot-only","No verified unauthenticated stable machine-readable nutrition feed"
"샤브샤브","소담촌","샤브|전골","https://www.sodamchon.com/","2026-09-27","OFFICIAL-BRAND-REGISTRY","0","0","0","0","","official website/menu page","false","snapshot-only","No verified unauthenticated stable machine-readable nutrition feed"
"샐러드·포케","샐러디","샐러드|포케","https://salady.com/?language=kor","2026-09-27","OFFICIAL-BRAND-REGISTRY","0","0","0","0","","official website/menu page","false","snapshot-only","No verified unauthenticated stable machine-readable nutrition feed"
"샐러드·포케","포케올데이","포케","https://pokeallday.co.kr/","2026-09-27","OFFICIAL-BRAND-REGISTRY","0","0","0","0","","official website/menu page","false","snapshot-only","No verified unauthenticated stable machine-readable nutrition feed"
"샐러드·포케","슬로우캘리","포케","https://slowcali.co.kr/","2026-09-27","OFFICIAL-BRAND-REGISTRY","0","0","0","0","","official website/menu page","false","snapshot-only","No verified unauthenticated stable machine-readable nutrition feed"
"샌드위치","써브웨이","서브웨이|subway|샌드위치","https://www.subway.co.kr/","2026-09-27","OFFICIAL-BRAND-REGISTRY","0","0","0","0","","official nutrition page/file or K-FIND snapshot","false","snapshot-only","No verified unauthenticated stable payload is connected; K-FIND runtime checks metadata only"
"토스트","이삭토스트","이삭|토스트","https://isaac-toast.co.kr/","2026-09-27","OFFICIAL-BRAND-REGISTRY","0","0","0","5","햄치즈 토스트|햄 스페셜 토스트|베이컨 베스트 토스트|그릴드 불갈비|새우 스페셜 토스트","official website/menu page","false","snapshot-only","No verified unauthenticated stable machine-readable nutrition feed"
"토스트","에그드랍","eggdrop|에그샌드위치|토스트","https://www.eggdrop.co.kr/","2026-09-27","OFFICIAL-BRAND-REGISTRY","0","0","0","0","","official website/menu page","false","snapshot-only","No verified unauthenticated stable machine-readable nutrition feed"
"토스트","캠토토스트","캠토|토스트","https://camtotoast.com/","2026-09-27","OFFICIAL-BRAND-REGISTRY","0","0","0","2","골드피자 토스트|콘베이컨 에그마요 토스트","official website/menu page","false","snapshot-only","No verified unauthenticated stable machine-readable nutrition feed"
