id,brand,name,category,referenceAmount,unit,energyKcal,carbohydrateGrams,proteinGrams,fatGrams,sodiumMilligrams,sourceUrl,sourceDate,verifiedAt,saleState,sourcePage,sourceCategory,servingBasisText,sourceHash,menuIdentitySourceUrl
official-delivery-00473104b4490c38,배스킨라빈스,슈팅스타,아이스크림,115,g,260,,3,,65,https://www.baskinrobbins.co.kr/menu/view.php?seq=15,,2026-10-04,CURRENT_OFFICIAL_NUTRITION_SNAPSHOT,,아이스크림,1회 제공량 115g,ADA1A20993370DCAD089247D68D3C2D1A9FFEA6C061CC73CDDF68DFEC69B3F1D,https://www.baskinrobbins.co.kr/menu/view.php?seq=15
official-delivery-041914298b27b25f,배스킨라빈스,카라멜 퐁당 몬치치,아이스크림,115,g,247,,4,,146,https://www.baskinrobbins.co.kr/menu/view.php?seq=1157,,2026-10-04,CURRENT_OFFICIAL_NUTRITION_SNAPSHOT,,아이스크림,1회 제공량 115g,58D282675CAB015B3907854EDFDC7A8FD246C0682DD2E82B7ADB1EEDA6C84BE1,https://www.baskinrobbins.co.kr/menu/view.php?seq=1157
official-delivery-049528b22dbde30d,배스킨라빈스,너는 참 달고나,아이스크림,115,g,257,,4,,80,https://www.baskinrobbins.co.kr/menu/view.php?seq=1150,,2026-10-04,CURRENT_OFFICIAL_NUTRITION_SNAPSHOT,,아이스크림,1회 제공량 115g,A19D24F24E82D894008DFF53A0858E0E9FB4D157AE46356D0AA4E080A317F0D0,https://www.baskinrobbins.co.kr/menu/view.php?seq=1150
official-delivery-140f6137eff42787,배스킨라빈스,베리베리 스트로베리,아이스크림,115,g,228,,3,,69,https://www.baskinrobbins.co.kr/menu/view.php?seq=12,,2026-10-04,CURRENT_OFFICIAL_NUTRITION_SNAPSHOT,,아이스크림,1회 제공량 115g,BCDE0737CA7862C97FFDBFB37E73085F3470315610B1CF702F9363AD4659BDA3,https://www.baskinrobbins.co.kr/menu/view.php?seq=12
official-delivery-1a32145f5776d83f,배스킨라빈스,(Lessly Edition) 바 베 바,아이스크림,115,g,135,,3,,45,https://www.baskinrobbins.co.kr/menu/view.php?seq=944,,2026-10-04,CURRENT_OFFICIAL_NUTRITION_SNAPSHOT,,아이스크림,1회 제공량 115g,AA0DB95B31F8949AE75AFA37F38DC3EDC6D2AB6DCFBD71A0885BF27C822E23CB,https://www.baskinrobbins.co.kr/menu/view.php?seq=944
official-delivery-2066fd52251df6e5,배스킨라빈스,고무고무 블루베리 마카롱,아이스크림,115,g,243,,3,,67,https://www.baskinrobbins.co.kr/menu/view.php?seq=1075,,2026-10-04,CURRENT_OFFICIAL_NUTRITION_SNAPSHOT,,아이스크림,1회 제공량 115g,0ACB0516DD3D9D17601878124438511570F1D398EA4607CA40F8D0F89A03B3AC,https://www.baskinrobbins.co.kr/menu/view.php?seq=1075
official-delivery-3f00ccd6407eaddd,배스킨라빈스,체리쥬빌레,아이스크림,115,g,239,,3,,48,https://www.baskinrobbins.co.kr/menu/view.php?seq=24,,2026-10-04,CURRENT_OFFICIAL_NUTRITION_SNAPSHOT,,아이스크림,1회 제공량 115g,AB5A4D91EA29229DB8E84A9ADC84B97E978EAF8F24CE535250418CA43010A0C7,https://www.baskinrobbins.co.kr/menu/view.php?seq=24
official-delivery-4002612c415f4542,배스킨라빈스,민트 초콜릿 칩,아이스크림,115,g,259,,4,,81,https://www.baskinrobbins.co.kr/menu/view.php?seq=6,,2026-10-04,CURRENT_OFFICIAL_NUTRITION_SNAPSHOT,,아이스크림,1회 제공량 115g,78971F00ABA713752A15B918FEF6033D459D3CAE71C54A186FE8BEDB604A0C97,https://www.baskinrobbins.co.kr/menu/view.php?seq=6
official-delivery-4ba2846fc0aaf91b,배스킨라빈스,그린티,아이스크림,115,g,250,,4,,73,https://www.baskinrobbins.co.kr/menu/view.php?seq=1060,,2026-10-04,CURRENT_OFFICIAL_NUTRITION_SNAPSHOT,,아이스크림,1회 제공량 115g,95ECBD2C8FB07E24FBA85286F00C3BB372FED283587B6221F9AC74D6E4284E4F,https://www.baskinrobbins.co.kr/menu/view.php?seq=1060
official-delivery-575170c4a995983e,배스킨라빈스,사랑에 빠진 딸기,아이스크림,115,g,292,,4,,103,https://www.baskinrobbins.co.kr/menu/view.php?seq=786,,2026-10-04,CURRENT_OFFICIAL_NUTRITION_SNAPSHOT,,아이스크림,1회 제공량 115g,4426140D874C792EBBA6F1DF97E841144D3DC05AF094CD5514773F0402250FFA,https://www.baskinrobbins.co.kr/menu/view.php?seq=786
official-delivery-6645017a814d2947,배스킨라빈스,망고 탱고,아이스크림,115,g,238,,3,,37,https://www.baskinrobbins.co.kr/menu/view.php?seq=1125,,2026-10-04,CURRENT_OFFICIAL_NUTRITION_SNAPSHOT,,아이스크림,1회 제공량 115g,26B7F48540AB7A36BF64E86B922588A1605F7829A69D3950954F37D1FDB8AEEC,https://www.baskinrobbins.co.kr/menu/view.php?seq=1125
official-delivery-676e73bc67672e12,배스킨라빈스,산딸기가 끌리는 연유,아이스크림,115,g,189,,2,,38,https://www.baskinrobbins.co.kr/menu/view.php?seq=1121,,2026-10-04,CURRENT_OFFICIAL_NUTRITION_SNAPSHOT,,아이스크림,1회 제공량 115g,A3AB7F3DD937AD582DF94200C6812CF9B06E2947C78DC6BF1ACEF988AA163B62,https://www.baskinrobbins.co.kr/menu/view.php?seq=1121
official-delivery-6927f6569ba13a89,배스킨라빈스,우디의 후르츠 어드벤처,아이스크림,115,g,162,,0,,11,https://www.baskinrobbins.co.kr/menu/view.php?seq=1037,,2026-10-04,CURRENT_OFFICIAL_NUTRITION_SNAPSHOT,,아이스크림,1회 제공량 115g,5132ECEAA37C57FA7F4E6046E85FE6C90A485D913895465F4094AA275AD9B916,https://www.baskinrobbins.co.kr/menu/view.php?seq=1037
official-delivery-69d77582934f8095,배스킨라빈스,초콜릿 무스,아이스크림,115,g,318,,5,,96,https://www.baskinrobbins.co.kr/menu/view.php?seq=28,,2026-10-04,CURRENT_OFFICIAL_NUTRITION_SNAPSHOT,,아이스크림,1회 제공량 115g,2CD936007EAFB238008DB5C65201B653E11BF3993F1955AFF2695F414A372DC0,https://www.baskinrobbins.co.kr/menu/view.php?seq=28
official-delivery-6a671b0d3871c86b,배스킨라빈스,트로피컬 콜라다,아이스크림,115,g,177,,1,,16,https://www.baskinrobbins.co.kr/menu/view.php?seq=1118,,2026-10-04,CURRENT_OFFICIAL_NUTRITION_SNAPSHOT,,아이스크림,1회 제공량 115g,71014D796348531250CC7E0C65A4286182EB0FAE38F3FF9164E3C47FD3E34850,https://www.baskinrobbins.co.kr/menu/view.php?seq=1118
official-delivery-6d4c2221f5050b95,배스킨라빈스,(Lessly Edition) 엄마는 외계인,아이스크림,115,g,156,,5,,57,https://www.baskinrobbins.co.kr/menu/view.php?seq=777,,2026-10-04,CURRENT_OFFICIAL_NUTRITION_SNAPSHOT,,아이스크림,1회 제공량 115g,5EE07F20B6F1088DD18E042B9E04A887B43AB480B3ED579D6071656AF98C6287,https://www.baskinrobbins.co.kr/menu/view.php?seq=777
official-delivery-7773a493851074ff,배스킨라빈스,31요거트,아이스크림,115,g,198,,5,,67,https://www.baskinrobbins.co.kr/menu/view.php?seq=1,,2026-10-04,CURRENT_OFFICIAL_NUTRITION_SNAPSHOT,,아이스크림,1회 제공량 115g,659196CB864BCD7D49C0C92C8D704D87206C4829ED62F1D662185A651BE7898C,https://www.baskinrobbins.co.kr/menu/view.php?seq=1
official-delivery-7e10a792171f61ef,배스킨라빈스,뉴욕 치즈케이크,아이스크림,115,g,275,,4,,105,https://www.baskinrobbins.co.kr/menu/view.php?seq=3,,2026-10-04,CURRENT_OFFICIAL_NUTRITION_SNAPSHOT,,아이스크림,1회 제공량 115g,4A5F8D80288A037900DF53371CD689D9C08ED01597E23C0B591859D92F9C991A,https://www.baskinrobbins.co.kr/menu/view.php?seq=3
official-delivery-867d0013f728f868,배스킨라빈스,말차에 바나나,아이스크림,115,g,230,,5,,83,https://www.baskinrobbins.co.kr/menu/view.php?seq=1166,,2026-10-04,CURRENT_OFFICIAL_NUTRITION_SNAPSHOT,,아이스크림,1회 제공량 115g,C225E14020EFB2CF4A1B0D383DF5D3CC2D2D225FA826BC9F052E43E0F53F23B1,https://www.baskinrobbins.co.kr/menu/view.php?seq=1166
official-delivery-919828af76561825,배스킨라빈스,팥있는 말차당,아이스크림,115,g,242,,4,,74,https://www.baskinrobbins.co.kr/menu/view.php?seq=1149,,2026-10-04,CURRENT_OFFICIAL_NUTRITION_SNAPSHOT,,아이스크림,1회 제공량 115g,068B7CAAB197ADCD6099CEBD81B9CDC194078DCD072B05286070061CA471280C,https://www.baskinrobbins.co.kr/menu/view.php?seq=1149
official-delivery-9f0b7f282b0ef70f,배스킨라빈스,피스타치오 아몬드,아이스크림,115,g,302,,7,,72,https://www.baskinrobbins.co.kr/menu/view.php?seq=29,,2026-10-04,CURRENT_OFFICIAL_NUTRITION_SNAPSHOT,,아이스크림,1회 제공량 115g,DBA58BE65DDFABECE659FD0FC509DDA1CCE6BD4B5D76499EAB50AF2C8AC93653,https://www.baskinrobbins.co.kr/menu/view.php?seq=29
official-delivery-a0c91e9fc7d63593,배스킨라빈스,바람과 함께 사라지다,아이스크림,115,g,269,,4,,95,https://www.baskinrobbins.co.kr/menu/view.php?seq=8,,2026-10-04,CURRENT_OFFICIAL_NUTRITION_SNAPSHOT,,아이스크림,1회 제공량 115g,5B5DD8C69E37A2762D041982D9904E79AB985DF1CC5405F1B48B8816E9B4AC2E,https://www.baskinrobbins.co.kr/menu/view.php?seq=8
official-delivery-b33784d1fc6cca95,배스킨라빈스,메롱 멜론,아이스크림,115,g,218,,2,,41,https://www.baskinrobbins.co.kr/menu/view.php?seq=1051,,2026-10-04,CURRENT_OFFICIAL_NUTRITION_SNAPSHOT,,아이스크림,1회 제공량 115g,674274DF7C1751976ED508AE229F8C50EA76A2AAA35A1A618A4B79BCAA1450DE,https://www.baskinrobbins.co.kr/menu/view.php?seq=1051
official-delivery-b36470b5c60cd5ef,배스킨라빈스,레인보우 샤베트,아이스크림,115,g,163,,1,,15,https://www.baskinrobbins.co.kr/menu/view.php?seq=1070,,2026-10-04,CURRENT_OFFICIAL_NUTRITION_SNAPSHOT,,아이스크림,1회 제공량 115g,8CCA3A10A968550C3041722D1179F30F0EF85966E6F65047185D0BF9C1CE6279,https://www.baskinrobbins.co.kr/menu/view.php?seq=1070
official-delivery-b5bec6dc98cb5dba,배스킨라빈스,오레오 쿠키 앤 크림,아이스크림,115,g,254,,4,,92,https://www.baskinrobbins.co.kr/menu/view.php?seq=19,,2026-10-04,CURRENT_OFFICIAL_NUTRITION_SNAPSHOT,,아이스크림,1회 제공량 115g,F33B5123F61850C51F85C18AAB9C3455DA3DF91EBF9026953AD8F1132700EBC1,https://www.baskinrobbins.co.kr/menu/view.php?seq=19
official-delivery-b98f83bea2b47613,배스킨라빈스,몬스터 크런치 쿠키,아이스크림,115,g,274,,5,,101,https://www.baskinrobbins.co.kr/menu/view.php?seq=1165,,2026-10-04,CURRENT_OFFICIAL_NUTRITION_SNAPSHOT,,아이스크림,1회 제공량 115g,950C8E26A57EB08C870A9E9ABF35C42606310EE356720B5B97BAAC3A0A34C920,https://www.baskinrobbins.co.kr/menu/view.php?seq=1165
official-delivery-ce10a5210b2641a2,배스킨라빈스,엄마는 외계인,아이스크림,115,g,296,,5,,124,https://www.baskinrobbins.co.kr/menu/view.php?seq=17,,2026-10-04,CURRENT_OFFICIAL_NUTRITION_SNAPSHOT,,아이스크림,1회 제공량 115g,76209350008D1BC2FFDE7F28BD10A33C89858A114B216FFCAB8FF8E3162059F7,https://www.baskinrobbins.co.kr/menu/view.php?seq=17
official-delivery-d3c202c8881bf0d4,배스킨라빈스,초콜릿,아이스크림,115,g,274,,5,,85,https://www.baskinrobbins.co.kr/menu/view.php?seq=27,,2026-10-04,CURRENT_OFFICIAL_NUTRITION_SNAPSHOT,,아이스크림,1회 제공량 115g,6FEF9952AC0B16B98C82A119E2CA708688AD302791F3499077A94030083DDA5F,https://www.baskinrobbins.co.kr/menu/view.php?seq=27
official-delivery-d4c9e08e1ae71e76,배스킨라빈스,자모카 아몬드 훠지,아이스크림,115,g,273,,5,,82,https://www.baskinrobbins.co.kr/menu/view.php?seq=23,,2026-10-04,CURRENT_OFFICIAL_NUTRITION_SNAPSHOT,,아이스크림,1회 제공량 115g,4E1FA502F80C1B4B558E781E3EF9CB11C2D267FAD06547E33637EB6B5FCACFC5,https://www.baskinrobbins.co.kr/menu/view.php?seq=23
official-delivery-da16561591632a14,배스킨라빈스,골드 메달 리본,아이스크림,115,g,269,,4,,104,https://www.baskinrobbins.co.kr/menu/view.php?seq=1156,,2026-10-04,CURRENT_OFFICIAL_NUTRITION_SNAPSHOT,,아이스크림,1회 제공량 115g,D3A23075308C19C0411048BC04F4378872D1FF1788A98855BD8E6569D13F1455,https://www.baskinrobbins.co.kr/menu/view.php?seq=1156
official-delivery-e12add341623e30a,배스킨라빈스,두바이에서 온 엄마는 외계인,아이스크림,115,g,295,,5,,153,https://www.baskinrobbins.co.kr/menu/view.php?seq=933,,2026-10-04,CURRENT_OFFICIAL_NUTRITION_SNAPSHOT,,아이스크림,1회 제공량 115g,ACBC6D86C527C21B4E2BCBD536837E4FC25A85FF53A7D9800B74A013BF8557DD,https://www.baskinrobbins.co.kr/menu/view.php?seq=933
official-delivery-ec280af0ce3c5f31,배스킨라빈스,비스코프 에스프레소 크런치,아이스크림,115,g,297,,4,,140,https://www.baskinrobbins.co.kr/menu/view.php?seq=1123,,2026-10-04,CURRENT_OFFICIAL_NUTRITION_SNAPSHOT,,아이스크림,1회 제공량 115g,A56FC867A85AA12B4631E676D606F4AEED85B55263E06A5DDFA8786D68904CB1,https://www.baskinrobbins.co.kr/menu/view.php?seq=1123
official-delivery-f638c06c437a8329,배스킨라빈스,바닐라,아이스크림,115,g,246,,4,,74,https://www.baskinrobbins.co.kr/menu/view.php?seq=7,,2026-10-04,CURRENT_OFFICIAL_NUTRITION_SNAPSHOT,,아이스크림,1회 제공량 115g,25BB0603DAEC66481A35BCBBEEC7BADEC3799E802E6C25137E550731D20F72EF,https://www.baskinrobbins.co.kr/menu/view.php?seq=7
official-delivery-f78925a5b670711a,배스킨라빈스,도쿄바나나 크렘브륄레,아이스크림,115,g,242,,4,,84,https://www.baskinrobbins.co.kr/menu/view.php?seq=1139,,2026-10-04,CURRENT_OFFICIAL_NUTRITION_SNAPSHOT,,아이스크림,1회 제공량 115g,23AE57E65FDF58C7DDE3614743F0BDD8453D0363F7B765E4576DCE4F92C23E94,https://www.baskinrobbins.co.kr/menu/view.php?seq=1139
official-delivery-f79dfd49f5d60236,배스킨라빈스,아몬드 봉봉,아이스크림,115,g,312,,5,,94,https://www.baskinrobbins.co.kr/menu/view.php?seq=16,,2026-10-04,CURRENT_OFFICIAL_NUTRITION_SNAPSHOT,,아이스크림,1회 제공량 115g,86DDD5AEBA93E39E2D7BF5DC593C9E3F43A8CD802D15F52807710D22B3D4668C,https://www.baskinrobbins.co.kr/menu/view.php?seq=16
official-delivery-431cef8720402dd3,지코바,양념치킨,치킨,100,g,213.48,,24.11,8.04,327.46,http://www.gcova.co.kr/images/pop_info/info_1.jpg,,2026-10-04,CURRENT_OFFICIAL_NUTRITION_SNAPSHOT,,치킨,100g당 영양량; 가정 단위/한 마리 조리 후 중량은 미확인,5A5E0AED60FEF8DCDBFE8B81FC19785F85C9C9B48B41EDB6695A70C21F4F15AC,http://www.gcova.co.kr/sub_3_1.htm
official-delivery-948ebda660b09ff7,지코바,순살반반,치킨,100,g,237.74,,24.94,11.5,308.85,http://www.gcova.co.kr/images/pop_info/info_5.jpg,,2026-10-04,CURRENT_OFFICIAL_NUTRITION_SNAPSHOT,,치킨,100g당 영양량; 가정 단위/한 마리 조리 후 중량은 미확인,D47B46910FE1B231852C5288302D9F4FF4DFC63DEB0F73DFC6B11C2ECC09835B,http://www.gcova.co.kr/sub_3_6.htm
official-delivery-adf18982a0ce361b,지코바,순살소금구이,치킨,100,g,214.74,,29.89,10.54,137.12,http://www.gcova.co.kr/images/pop_info/info_4.jpg,,2026-10-04,CURRENT_OFFICIAL_NUTRITION_SNAPSHOT,,치킨,100g당 영양량; 가정 단위/한 마리 조리 후 중량은 미확인,5E5D811D7B9B8433CA5108A6C597DFDBFCC1130BC0ECE2639B7A91EBB90F28D9,http://www.gcova.co.kr/sub_3_6.htm
official-delivery-f771f86c05d09057,지코바,소금구이치킨,치킨,100,g,216.92,,30.54,10.52,91.84,http://www.gcova.co.kr/images/pop_info/info_2.jpg,,2026-10-04,CURRENT_OFFICIAL_NUTRITION_SNAPSHOT,,치킨,100g당 영양량; 가정 단위/한 마리 조리 후 중량은 미확인,F0463C0A436F8CAA6727BBD18C36E3833CFE4BD06779D06A4865393F2F209649,http://www.gcova.co.kr/sub_3_2.htm
official-delivery-fc00bc8aa4325659,지코바,순살양념구이,치킨,100,g,238.26,,21.84,11.1,428,http://www.gcova.co.kr/images/pop_info/info_3.jpg,,2026-10-04,CURRENT_OFFICIAL_NUTRITION_SNAPSHOT,,치킨,100g당 영양량; 가정 단위/한 마리 조리 후 중량은 미확인,EA4AA30C9B2212345F40341045BA0A677E66C2CAD59B60DFF5B5B35EA35A5750,http://www.gcova.co.kr/sub_3_6.htm
official-delivery-1d77a8a8bc7e4d0f,청년피자,치즈수플레미트파이 (R),피자,137,g,360,,14,,512,https://youngmanpizza.co.kr/sub01/menu_detail_pizza2.php?search_type=&search_text=&page_num=1&seq=27,,2026-10-04,CURRENT_OFFICIAL_NUTRITION_SNAPSHOT,,프리미엄 피자,1조각 = 137g (R),0851B23DD352640DDB8CF1FDCDB229B4311CD96F664BC6B3BC751DF4D8C48D37,https://youngmanpizza.co.kr/sub01/menu_detail_pizza2.php?search_type=&search_text=&page_num=1&seq=27
official-delivery-47af8ad30275d995,청년피자,크리스피핫윙 4개,,120,g,333,,23,,1075,https://youngmanpizza.co.kr/sub01/menu_detail_side.php?search_type=&search_text=&page_num=1&seq=43,,2026-10-04,CURRENT_OFFICIAL_NUTRITION_SNAPSHOT,,사이드,1회 제공량 120g,171F84E212C8582E1E9C47DB947ED4386F0C35B6F46C3F7A42D6A1D0C12CFAE8,https://youngmanpizza.co.kr/sub01/menu_detail_side.php?search_type=&search_text=&page_num=1&seq=43
official-delivery-4a0a550c4c2e1ba5,청년피자,불고기크림파스타,파스타,384,g,853,,30,,1444,https://youngmanpizza.co.kr/sub01/menu_detail_side.php?search_type=&search_text=&page_num=1&seq=14,,2026-10-04,CURRENT_OFFICIAL_NUTRITION_SNAPSHOT,,사이드,1회 제공량 384g,C91B1B2999DA2FE87034A3F38F9CF97BCCBDC5CE0D02CEFAC11B51C7DDE47394,https://youngmanpizza.co.kr/sub01/menu_detail_side.php?search_type=&search_text=&page_num=1&seq=14
official-delivery-4ea8d8880cc30af0,청년피자,크리스피 직화 바베큐 (R),피자,119,g,311,,16,,369,https://youngmanpizza.co.kr/sub01/menu_detail_pizza2.php?search_type=&search_text=&page_num=1&seq=19,,2026-10-04,CURRENT_OFFICIAL_NUTRITION_SNAPSHOT,,프리미엄 피자,1조각 = 119g (R),57163FD81D0109F1A45C269D0E8A264548AA5FE7DAD70F751FA5681E2231DA71,https://youngmanpizza.co.kr/sub01/menu_detail_pizza2.php?search_type=&search_text=&page_num=1&seq=19
official-delivery-5f4a0608eacd031e,청년피자,미트소스스파게티,파스타,520,g,730,,43,,1768,https://youngmanpizza.co.kr/sub01/menu_detail_side.php?search_type=&search_text=&page_num=1&seq=16,,2026-10-04,CURRENT_OFFICIAL_NUTRITION_SNAPSHOT,,사이드,1회 제공량 520g,97A228BE42709BDF01399E1FBB377229CD2F8A4B137A0152402ADADC798FF70C,https://youngmanpizza.co.kr/sub01/menu_detail_side.php?search_type=&search_text=&page_num=1&seq=16
official-delivery-695479d4e13c5599,청년피자,청년너겟 15개,,270,g,740,,45,,1470,https://youngmanpizza.co.kr/sub01/menu_detail_side.php?search_type=&search_text=&page_num=1&seq=10,,2026-10-04,CURRENT_OFFICIAL_NUTRITION_SNAPSHOT,,사이드,1회 제공량 270g,AFD44D4E9764873FB86234F44300A157AD0AC2A84E2DA20989E9C281BDF40D11,https://youngmanpizza.co.kr/sub01/menu_detail_side.php?search_type=&search_text=&page_num=1&seq=10
official-delivery-6a3697a83056a6f7,청년피자,크리스피 직화 바베큐 (L),피자,133,g,348,,18,,413,https://youngmanpizza.co.kr/sub01/menu_detail_pizza2.php?search_type=&search_text=&page_num=1&seq=19,,2026-10-04,CURRENT_OFFICIAL_NUTRITION_SNAPSHOT,,프리미엄 피자,1조각 = 133g (L),57163FD81D0109F1A45C269D0E8A264548AA5FE7DAD70F751FA5681E2231DA71,https://youngmanpizza.co.kr/sub01/menu_detail_pizza2.php?search_type=&search_text=&page_num=1&seq=19
official-delivery-6a89f4e115e269d8,청년피자,후라이드치킨닭다리 4개,,400,g,1080,,89,,1620,https://youngmanpizza.co.kr/sub01/menu_detail_side.php?search_type=&search_text=&page_num=1&seq=12,,2026-10-04,CURRENT_OFFICIAL_NUTRITION_SNAPSHOT,,사이드,1회 제공량 400g,75F0D82B373E905549CE5DE21388BBB67E43325497B2F84C206C250722EBB844,https://youngmanpizza.co.kr/sub01/menu_detail_side.php?search_type=&search_text=&page_num=1&seq=12
official-delivery-6e43ce8dd66923c0,청년피자,로제베이컨스파게티,파스타,392,g,690,,29,,1497,https://youngmanpizza.co.kr/sub01/menu_detail_side.php?search_type=&search_text=&page_num=1&seq=17,,2026-10-04,CURRENT_OFFICIAL_NUTRITION_SNAPSHOT,,사이드,1회 제공량 392g,5A73ABCCB88169B1B4C1690B036EE26510E84C7A0F27312750C8C4E2CE9F45BB,https://youngmanpizza.co.kr/sub01/menu_detail_side.php?search_type=&search_text=&page_num=1&seq=17
official-delivery-6efc6a897dd31595,청년피자,오븐베이크치킨,,550,g,1123,,143,,1993,https://youngmanpizza.co.kr/sub01/menu_detail_side.php?search_type=&search_text=&page_num=1&seq=31,,2026-10-04,CURRENT_OFFICIAL_NUTRITION_SNAPSHOT,,사이드,1회 제공량 550g,06425FB53182655627BBF2921498BACFF212C228843536046D806F721C0A28D9,https://youngmanpizza.co.kr/sub01/menu_detail_side.php?search_type=&search_text=&page_num=1&seq=31
official-delivery-75c4b9a97f13eecb,청년피자,메가모짜 치즈디쉬 (L),피자,140,g,355,,18,,517,https://youngmanpizza.co.kr/sub01/menu_detail_pizza2.php?search_type=&search_text=&page_num=1&seq=20,,2026-10-04,CURRENT_OFFICIAL_NUTRITION_SNAPSHOT,,프리미엄 피자,1조각 = 140g (L),AAF62E5B7FCE3A3A4CCFDDDAD5E62B7A1384E54B9B50F39DEB9589DB53633045,https://youngmanpizza.co.kr/sub01/menu_detail_pizza2.php?search_type=&search_text=&page_num=1&seq=20
official-delivery-7cf355b03790acee,청년피자,뉴욕비프 갈릭크런치 (L),피자,128,g,311,,18,,531,https://youngmanpizza.co.kr/sub01/menu_detail_pizza2.php?search_type=&search_text=&page_num=1&seq=17,,2026-10-04,CURRENT_OFFICIAL_NUTRITION_SNAPSHOT,,프리미엄 피자,1조각 = 128g (L),8EDC34CD0AE92545142C026084E7D08976CC2C9C52C216BFB17D7A818F740725,https://youngmanpizza.co.kr/sub01/menu_detail_pizza2.php?search_type=&search_text=&page_num=1&seq=17
official-delivery-80e888151922287d,청년피자,고구마크림치즈스틱,,594,g,1491,,52,,2117,https://youngmanpizza.co.kr/sub01/menu_detail_side.php?search_type=&search_text=&page_num=1&seq=19,,2026-10-04,CURRENT_OFFICIAL_NUTRITION_SNAPSHOT,,사이드,1회 제공량 594g,7B91660ED936B8FBE43195B3EC07F7EB2DA553FEE2A6665C4C2A6E2B3E98683B,https://youngmanpizza.co.kr/sub01/menu_detail_side.php?search_type=&search_text=&page_num=1&seq=19
official-delivery-927ae2a844f4f89c,청년피자,메가모짜 치즈디쉬 (R),피자,121,g,307,,16,,447,https://youngmanpizza.co.kr/sub01/menu_detail_pizza2.php?search_type=&search_text=&page_num=1&seq=20,,2026-10-04,CURRENT_OFFICIAL_NUTRITION_SNAPSHOT,,프리미엄 피자,1조각 = 121g (R),AAF62E5B7FCE3A3A4CCFDDDAD5E62B7A1384E54B9B50F39DEB9589DB53633045,https://youngmanpizza.co.kr/sub01/menu_detail_pizza2.php?search_type=&search_text=&page_num=1&seq=20
official-delivery-a175d36933518153,청년피자,베이컨까르보나라,,353,g,817,,29,,1359,https://youngmanpizza.co.kr/sub01/menu_detail_side.php?search_type=&search_text=&page_num=1&seq=15,,2026-10-04,CURRENT_OFFICIAL_NUTRITION_SNAPSHOT,,사이드,1회 제공량 353g,7C02B21086041C0ED97587C672061649FCC8EAE904D3B814DFBD5C10E4A5E1C4,https://youngmanpizza.co.kr/sub01/menu_detail_side.php?search_type=&search_text=&page_num=1&seq=15
official-delivery-ac651aaa41acc260,청년피자,후라이드치킨닭다리 2개,,200,g,540,,45,,810,https://youngmanpizza.co.kr/sub01/menu_detail_side.php?search_type=&search_text=&page_num=1&seq=23,,2026-10-04,CURRENT_OFFICIAL_NUTRITION_SNAPSHOT,,사이드,1회 제공량 200g,DF471E04039E04D482BA0DA1C37005E5318DE098F0CF82F3F04AD6427564C744,https://youngmanpizza.co.kr/sub01/menu_detail_side.php?search_type=&search_text=&page_num=1&seq=23
official-delivery-b2c1fa98b4efc350,청년피자,메가쉬림프 갈릭크런치 (R),피자,127,g,308,,12,,600,https://youngmanpizza.co.kr/sub01/menu_detail_pizza2.php?search_type=&search_text=&page_num=1&seq=25,,2026-10-04,CURRENT_OFFICIAL_NUTRITION_SNAPSHOT,,프리미엄 피자,1조각 = 127g (R),0FDBFC1BA62DF1216F7A24092E7D02A1EA55844BCC19A81C39964236AA86F5FC,https://youngmanpizza.co.kr/sub01/menu_detail_pizza2.php?search_type=&search_text=&page_num=1&seq=25
official-delivery-b9603cf70c692541,청년피자,크리스피핫윙 10개,,300,g,832,,57,,2687,https://youngmanpizza.co.kr/sub01/menu_detail_side.php?search_type=&search_text=&page_num=1&seq=42,,2026-10-04,CURRENT_OFFICIAL_NUTRITION_SNAPSHOT,,사이드,1회 제공량 300g,A38BA18F88982E72C031B54A2D6C500A4336C90CD5AEF5ED2A6325F4A3399730,https://youngmanpizza.co.kr/sub01/menu_detail_side.php?search_type=&search_text=&page_num=1&seq=42
official-delivery-c5042a81eee2440d,청년피자,핫윙봉 8개,,300,g,705,,63,,1623,https://youngmanpizza.co.kr/sub01/menu_detail_side.php?search_type=&search_text=&page_num=1&seq=21,,2026-10-04,CURRENT_OFFICIAL_NUTRITION_SNAPSHOT,,사이드,1회 제공량 300g,364019831AA69AAD8E78D3E845FBFE70797722BB9F0791E0714148E78D5D85ED,https://youngmanpizza.co.kr/sub01/menu_detail_side.php?search_type=&search_text=&page_num=1&seq=21
official-delivery-cbbbccb166db8c0d,청년피자,뉴욕비프 갈릭크런치 (R),피자,114,g,277,,16,,473,https://youngmanpizza.co.kr/sub01/menu_detail_pizza2.php?search_type=&search_text=&page_num=1&seq=17,,2026-10-04,CURRENT_OFFICIAL_NUTRITION_SNAPSHOT,,프리미엄 피자,1조각 = 114g (R),8EDC34CD0AE92545142C026084E7D08976CC2C9C52C216BFB17D7A818F740725,https://youngmanpizza.co.kr/sub01/menu_detail_pizza2.php?search_type=&search_text=&page_num=1&seq=17
official-delivery-ce1b8f27c3c39e19,청년피자,핫윙봉 5개,,192,g,478,,38,,1077,https://youngmanpizza.co.kr/sub01/menu_detail_side.php?search_type=&search_text=&page_num=1&seq=11,,2026-10-04,CURRENT_OFFICIAL_NUTRITION_SNAPSHOT,,사이드,1회 제공량 192g,61684516BB5AEDBB7ADF5E65DF2075B03D1BC03A071F3FF379466C29FC7EC873,https://youngmanpizza.co.kr/sub01/menu_detail_side.php?search_type=&search_text=&page_num=1&seq=11
official-delivery-db3937ccfc31bd20,청년피자,메가쉬림프 갈릭크런치 (L),피자,137,g,332,,13,,647,https://youngmanpizza.co.kr/sub01/menu_detail_pizza2.php?search_type=&search_text=&page_num=1&seq=25,,2026-10-04,CURRENT_OFFICIAL_NUTRITION_SNAPSHOT,,프리미엄 피자,1조각 = 137g (L),0FDBFC1BA62DF1216F7A24092E7D02A1EA55844BCC19A81C39964236AA86F5FC,https://youngmanpizza.co.kr/sub01/menu_detail_pizza2.php?search_type=&search_text=&page_num=1&seq=25
official-delivery-e0f23fd443c2239d,청년피자,로제쉬림프파스타,파스타,375,g,540,,23,,1583,https://youngmanpizza.co.kr/sub01/menu_detail_side.php?search_type=&search_text=&page_num=1&seq=18,,2026-10-04,CURRENT_OFFICIAL_NUTRITION_SNAPSHOT,,사이드,1회 제공량 375g,E4EA67B6C05C596C3A64DE40CC4DD69407A43ED69ADC078CA0C247C4B2254129,https://youngmanpizza.co.kr/sub01/menu_detail_side.php?search_type=&search_text=&page_num=1&seq=18
official-delivery-e76d1ec542109c1c,청년피자,치즈수플레미트파이 (L),피자,153,g,402,,15,,572,https://youngmanpizza.co.kr/sub01/menu_detail_pizza2.php?search_type=&search_text=&page_num=1&seq=27,,2026-10-04,CURRENT_OFFICIAL_NUTRITION_SNAPSHOT,,프리미엄 피자,1조각 = 153g (L),0851B23DD352640DDB8CF1FDCDB229B4311CD96F664BC6B3BC751DF4D8C48D37,https://youngmanpizza.co.kr/sub01/menu_detail_pizza2.php?search_type=&search_text=&page_num=1&seq=27
official-delivery-f81140daf5d9b70c,청년피자,나초치즈감자튀김,,380,g,1083,,14,,2217,https://youngmanpizza.co.kr/sub01/menu_detail_side.php?search_type=&search_text=&page_num=1&seq=13,,2026-10-04,CURRENT_OFFICIAL_NUTRITION_SNAPSHOT,,사이드,1회 제공량 380g,7288B40540AD33E5A48F1FA381944020F25FAA4E26F45CDDC352F546881EAC5A,https://youngmanpizza.co.kr/sub01/menu_detail_side.php?search_type=&search_text=&page_num=1&seq=13
official-delivery-098d87c0b07683ad,파리바게뜨,만월빵,베이커리,480,g,1240,,40,,1280,https://www.paris.co.kr/product/moon-sand/,,2026-10-04,CURRENT_OFFICIAL_NUTRITION_SNAPSHOT,,선물,총 내용량당 480g,DD3768FC08A3C3D1F2EA15ED3D240498B424A8C49C9354E928092E95F5DE3AE1,https://www.paris.co.kr/product/moon-sand/
official-delivery-0c7054857b8c6cab,파리바게뜨,햄치즈 피크닉 샌드위치,샌드위치,85,g,225,,8,,470,https://www.paris.co.kr/product/ham-and-cheese-picnic-sandwich/,,2026-10-04,CURRENT_OFFICIAL_NUTRITION_SNAPSHOT,,샌드위치/샐러드,총 내용량당 85g,98931CA5076E6D07DD1951D6CCF143CFF5D5F71D930AE191D38609C5163BC9D0,https://www.paris.co.kr/product/ham-and-cheese-picnic-sandwich/
official-delivery-143c4dc2ad7801c6,파리바게뜨,[파란라벨]고단백 로만밀 식빵,베이커리,450,g,1305,,12,,420,https://www.paris.co.kr/product/roman-meal-bread-3/,,2026-10-04,CURRENT_OFFICIAL_NUTRITION_SNAPSHOT,,브레드,총 내용량당 450g,B3C6DB4881AEBFBD469A16950EEDE3798433F1BB8007B891BB4FC1B489ACCFF2,https://www.paris.co.kr/product/roman-meal-bread-3/
official-delivery-1c1a882fc95d7144,파리바게뜨,햄에그 컵 샐러드,샐러드·포케,145,g,215,,9,,400,https://www.paris.co.kr/product/ham-egg-cup-salad/,,2026-10-04,CURRENT_OFFICIAL_NUTRITION_SNAPSHOT,,샌드위치/샐러드,총 내용량당 145g,7C957F2A51E520982880C92D0FD1B36C0721BE01699DCD26FC53DD211D6F196D,https://www.paris.co.kr/product/ham-egg-cup-salad/
official-delivery-20c5900fa0b53d47,파리바게뜨,바질 리코타 토마토 파스타,파스타,335,g,430,,13,,1260,https://www.paris.co.kr/product/basil-ricotta-tomato-pasta/,,2026-10-04,CURRENT_OFFICIAL_NUTRITION_SNAPSHOT,,간편식,총 내용량당 335g,BF20B67D24913AD12265A0D168BDA295EBF1408897CE0085C15955456CE97FED,https://www.paris.co.kr/product/basil-ricotta-tomato-pasta/
official-delivery-22b52d21cdab77ac,파리바게뜨,고추장 불고기 샌드위치,샌드위치,195,g,395,,13,,970,https://www.paris.co.kr/product/gochujang-bulgogi-sandwich/,,2026-10-04,CURRENT_OFFICIAL_NUTRITION_SNAPSHOT,,샌드위치/샐러드,총 내용량당 195g,D2F88C462EE534C46E7D98027207BCB4BAFCFBE595555E47468BC5884DE0B689,https://www.paris.co.kr/product/gochujang-bulgogi-sandwich/
official-delivery-254d8b57661d14a2,파리바게뜨,초코쫀득츄러스,베이커리,59,g,245,,2,,150,https://www.paris.co.kr/product/chocolate-chewy-churros/,,2026-10-04,CURRENT_OFFICIAL_NUTRITION_SNAPSHOT,,브레드,총 내용량당 59g,957027153BD484E0A3E145C467A59530640292D5EA033557559123F34A8CEC09,https://www.paris.co.kr/product/chocolate-chewy-churros/
official-delivery-272edd7bd0082ef1,파리바게뜨,[안녕K파바]제주 청보리빵,베이커리,480,g,1440,,24,,640,https://www.paris.co.kr/product/jeju-green-barley-bread/,,2026-10-04,CURRENT_OFFICIAL_NUTRITION_SNAPSHOT,,선물,총 내용량당 480g,3BCA444940E8309C238CBEDE99FD94EC42A5C5C98666E05D0C49594094AE36D5,https://www.paris.co.kr/product/jeju-green-barley-bread/
official-delivery-283ace520b09073a,파리바게뜨,젤리베어 사우어 메론소다맛,디저트,64,g,235,,3,,55,https://www.paris.co.kr/product/jelly-bear-sour-melon-soda/,,2026-10-04,CURRENT_OFFICIAL_NUTRITION_SNAPSHOT,,디저트/스낵,총 내용량당 64g,2B207E55E7F8670C268B74AA0B057D4E6C400964206C27D50140D109D896C3FA,https://www.paris.co.kr/product/jelly-bear-sour-melon-soda/
official-delivery-29f1953a7fcdb9b4,파리바게뜨,망고밤 샌드,,190,g,465,,9,,440,https://www.paris.co.kr/product/mango-bomb-sandwich/,,2026-10-04,CURRENT_OFFICIAL_NUTRITION_SNAPSHOT,,샌드위치/샐러드,총 내용량당 190g,05323CCE618B4596184D6C8D4AFFC5DC4A922887461BC8B7CD23B3EBA742DCAC,https://www.paris.co.kr/product/mango-bomb-sandwich/
official-delivery-3b6b5b4c8de4c779,파리바게뜨,치즈듬뿍 볼로네제 파스타,파스타,385,g,545,,25,,1350,https://www.paris.co.kr/product/extra-cheesy-bolognese-pasta/,,2026-10-04,CURRENT_OFFICIAL_NUTRITION_SNAPSHOT,,간편식,총 내용량당 385g,F4A138A4BC3EB4379B2BE7776D451F7E8155255AD8E0FBC573B2D5E6C4DE4D6E,https://www.paris.co.kr/product/extra-cheesy-bolognese-pasta/
official-delivery-3de0c2acc5a7e3d7,파리바게뜨,젤리베어 사우어 청사과맛,디저트,64,g,232,,4,,40,https://www.paris.co.kr/product/jelly-bear-sour-green-apple/,,2026-10-04,CURRENT_OFFICIAL_NUTRITION_SNAPSHOT,,디저트/스낵,총 내용량당 64g,82CE3A754EAFD32F50074F0435E924F27B0B4133A5990EDCAACD15530ACB2458,https://www.paris.co.kr/product/jelly-bear-sour-green-apple/
official-delivery-4578b564af5eb58f,파리바게뜨,쉬림프 포테이토 샐러드,샐러드·포케,170,g,210,,7,,360,https://www.paris.co.kr/product/shrimp-potato-salad/,,2026-10-04,CURRENT_OFFICIAL_NUTRITION_SNAPSHOT,,샌드위치/샐러드,총 내용량당 170g,86612C4A14EA9809066535AAA49339913B2F5C4B95FF982EDC08E2469C6C6469,https://www.paris.co.kr/product/shrimp-potato-salad/
official-delivery-4e222ffad3ac374d,파리바게뜨,[안녕K파바]제주 메밀 카스테라,베이커리,272,g,760,,16,,240,https://www.paris.co.kr/product/jeju-buckwheat-castella/,,2026-10-04,CURRENT_OFFICIAL_NUTRITION_SNAPSHOT,,선물,총 내용량당 272g,F5D813C0C4B824C8E4E95994355E248EAD31B380F85C74E7BB55E82C87CCE2EF,https://www.paris.co.kr/product/jeju-buckwheat-castella/
official-delivery-51fa82fdc04da9c6,파리바게뜨,레몬 크림 마들렌,베이커리,240,g,920,,16,,600,https://www.paris.co.kr/product/lemon-cream-madeleine-set/,,2026-10-04,CURRENT_OFFICIAL_NUTRITION_SNAPSHOT,,선물,총 내용량당 240g,3ACB35BC8673910F1CE0CB4111A1E22EE73B18BBE318D750664D11D904D2FEDB,https://www.paris.co.kr/product/lemon-cream-madeleine-set/
official-delivery-524dcc5da5eab567,파리바게뜨,쉬림프 투움바 파스타,파스타,325,g,465,,15,,1520,https://www.paris.co.kr/product/shrimp-toowoomba-pasta/,,2026-10-04,CURRENT_OFFICIAL_NUTRITION_SNAPSHOT,,간편식,총 내용량당 325g,AC90A41C646CC5C840564DDB7BEC3615D8492B707AB7CF0D57580B10C2E8F905,https://www.paris.co.kr/product/shrimp-toowoomba-pasta/
official-delivery-5527887687972ac6,파리바게뜨,미트볼 토마토 파스타,파스타,350,g,505,,27,,1360,https://www.paris.co.kr/product/meatball-tomato-pasta/,,2026-10-04,CURRENT_OFFICIAL_NUTRITION_SNAPSHOT,,간편식,총 내용량당 350g,D8FA64DF333133BCFC3A77BAA66251F283E68EBFBB05215D8701C3B92CEC50F7,https://www.paris.co.kr/product/meatball-tomato-pasta/
official-delivery-5af35a139c6cd63b,파리바게뜨,티트라 베르가못 밀크티,음료,258,g,195,,7,,110,https://www.paris.co.kr/product/teatra-bergamot-milk-tea-hot/,,2026-10-04,CURRENT_OFFICIAL_NUTRITION_SNAPSHOT,,커피/음료,총 내용량당 258g,8034F7A99CA25631BF7C3F05EBFC4DB6D3C674E181E7C0455657A2DB02E51AD4,https://www.paris.co.kr/product/teatra-bergamot-milk-tea-hot/
official-delivery-5b26e96269fec4b3,파리바게뜨,우유 생크림 카스테라,베이커리,140,g,435,,8,,140,https://www.paris.co.kr/product/fresh-milk-cream-castella/,,2026-10-04,CURRENT_OFFICIAL_NUTRITION_SNAPSHOT,,선물,총 내용량당 140g,1CB72BF1BB8C4D2DF5B69465476CF74CA689BC7F97624929124F7446893F3E14,https://www.paris.co.kr/product/fresh-milk-cream-castella/
official-delivery-6b08b5caf97d982e,파리바게뜨,시칠리아 레몬 에이드,음료,460,g,190,,0,,5,https://www.paris.co.kr/product/sicily-lemon-ade/,,2026-10-04,CURRENT_OFFICIAL_NUTRITION_SNAPSHOT,,커피/음료,총 내용량당 460g,BFC2F57C53A1F2D27F38761F071F8BF4F8BBA1514AC0B9403F576FF9CFF67CCE,https://www.paris.co.kr/product/sicily-lemon-ade/
official-delivery-761ff2bd7d4f3b35,파리바게뜨,고단백 저당 넛츠바,디저트,45,g,235,,7,,35,https://www.paris.co.kr/product/high-protein-low-suagar-nuts-bar/,,2026-10-04,CURRENT_OFFICIAL_NUTRITION_SNAPSHOT,,디저트/스낵,총 내용량당 45g,70BCCBD46E3BDC460B0CDF2BC25C86E23D848BE2F2944F79882594495EDE27E2,https://www.paris.co.kr/product/high-protein-low-suagar-nuts-bar/
official-delivery-776e06f580270aa8,파리바게뜨,시저치킨 샐러드,샐러드·포케,173,g,253,,17,,700,https://www.paris.co.kr/product/caesar-chicken-salad/,,2026-10-04,CURRENT_OFFICIAL_NUTRITION_SNAPSHOT,,샌드위치/샐러드,총 내용량당 173g,81E7BDE709080B4340AACB725D4746FC04B16B5D5791571EB7AF90D49F54C864,https://www.paris.co.kr/product/caesar-chicken-salad/
official-delivery-84ea6f7ec0d6cb71,파리바게뜨,트러플오일 버섯크림 파스타,파스타,340,g,435,,13,,1020,https://www.paris.co.kr/product/truffle-oil-mushroom-cream-pasta/,,2026-10-04,CURRENT_OFFICIAL_NUTRITION_SNAPSHOT,,간편식,총 내용량당 340g,63C4670CC0C4925480E17B8A346B60CBFDB7B4B8E361A141B59422FAD8F46CED,https://www.paris.co.kr/product/truffle-oil-mushroom-cream-pasta/
official-delivery-872a6bd58e843337,파리바게뜨,샤인머스캣 그린티 제로,음료,500,g,0,,0,,25,https://www.paris.co.kr/product/shine-muscat-green-tea-zero/,,2026-10-04,CURRENT_OFFICIAL_NUTRITION_SNAPSHOT,,커피/음료,총 내용량당 500g,944E47491AD2B3D0014B910254B9AC45D9CDD9637ED1755E58908D5187D3D55B,https://www.paris.co.kr/product/shine-muscat-green-tea-zero/
official-delivery-9006a31b0c5211bc,파리바게뜨,에그샐러드 크로켓,샐러드·포케,51,g,170,,3,,180,https://www.paris.co.kr/product/egg-salad-croquette/,,2026-10-04,CURRENT_OFFICIAL_NUTRITION_SNAPSHOT,,브레드,총 내용량당 51g,326498578C7B0DCD06E670FC3BFACB6DC91BB8D8E3D765321B881D57EA1B249C,https://www.paris.co.kr/product/egg-salad-croquette/
official-delivery-90cbf7ed1f26f822,파리바게뜨,감자쫀떡(1개입),베이커리,38,g,160,,2,,140,https://www.paris.co.kr/product/potato-chewy-rice-cake-1pcs/,,2026-10-04,CURRENT_OFFICIAL_NUTRITION_SNAPSHOT,,브레드,총 내용량당 38g,04EEF00E6354DAEC69EAA700A67D70492255A7E9CCFC81E170D50AFC5DC9A58C,https://www.paris.co.kr/product/potato-chewy-rice-cake-1pcs/
official-delivery-92f2547dc3b2718b,파리바게뜨,트러플오일 까르보나라,,320,g,580,,23,,960,https://www.paris.co.kr/product/truffle-oil-carbonara-pasta/,,2026-10-04,CURRENT_OFFICIAL_NUTRITION_SNAPSHOT,,간편식,총 내용량당 320g,8326D16C838BB176D7D95A5E5C732D0BDFF45CFA81CB0B06341B8264108356BD,https://www.paris.co.kr/product/truffle-oil-carbonara-pasta/
official-delivery-956038836beff186,파리바게뜨,쿠키 앤 치즈 케이크,디저트,120,g,450,,5,,180,https://www.paris.co.kr/product/cookie-and-cheese-cake/,,2026-10-04,CURRENT_OFFICIAL_NUTRITION_SNAPSHOT,,케이크,총 내용량당 120g,D05CEDEEDE6221E2EA7190F64C227CD09A373C0B608F9C5B26E5338A3E195A25,https://www.paris.co.kr/product/cookie-and-cheese-cake/
official-delivery-9636617c03d49ba9,파리바게뜨,파베 초콜릿 케이크,디저트,305,g,1325,,13,,402,https://www.paris.co.kr/product/pave-chocolate-cake/,,2026-10-04,CURRENT_OFFICIAL_NUTRITION_SNAPSHOT,,케이크,총 내용량당 305g,1134569A330F280B5550AEB8A73FA74E99987590F8C09442D735B9116A28CE2B,https://www.paris.co.kr/product/pave-chocolate-cake/
official-delivery-97df7e7a3bd86480,파리바게뜨,불고기 샐러드,샐러드·포케,162,g,231,,11,,620,https://www.paris.co.kr/product/bulgogi-salad/,,2026-10-04,CURRENT_OFFICIAL_NUTRITION_SNAPSHOT,,샌드위치/샐러드,총 내용량당 162g,48607E57912DA128F56593300B4EBE9E34F040F32C9234F1D599FAC94E4F7C59,https://www.paris.co.kr/product/bulgogi-salad/
official-delivery-9daa4ba04e0329c6,파리바게뜨,쉬림프 비스큐 리조또,,350,g,520,,13,,1550,https://www.paris.co.kr/product/shrimp-bisque-risotto/,,2026-10-04,CURRENT_OFFICIAL_NUTRITION_SNAPSHOT,,간편식,총 내용량당 350g,5AF16972DD3E42FF96FACAA447A38006C0436FE6CB4DAD0DDA2F3BD1B15AABAA,https://www.paris.co.kr/product/shrimp-bisque-risotto/
official-delivery-9dcab97c56fb585e,파리바게뜨,바스크 치즈 케익,디저트,150,g,526,,8,,290,https://www.paris.co.kr/product/basque-cheesecake/,,2026-10-04,CURRENT_OFFICIAL_NUTRITION_SNAPSHOT,,케이크,총 내용량당 150g,78839854824EAEE65AE06026DFF359ADA33C435515C6D423620E3D5D833FD8C1,https://www.paris.co.kr/product/basque-cheesecake/
official-delivery-a81265629da66a16,파리바게뜨,브라우니 쿠키,디저트,35,g,150,,2,,100,https://www.paris.co.kr/product/brownie-cookie/,,2026-10-04,CURRENT_OFFICIAL_NUTRITION_SNAPSHOT,,디저트/스낵,총 내용량당 35g,7FABD3641F5C6145A2F7EBBDA1ADE7536EEFBDAA0362DC4CAC27CC21108A9DF6,https://www.paris.co.kr/product/brownie-cookie/
official-delivery-b0ac64a59dcd2015,파리바게뜨,단팥만주,베이커리,33,g,100,,2,,80,https://www.paris.co.kr/product/red-bean-manju/,,2026-10-04,CURRENT_OFFICIAL_NUTRITION_SNAPSHOT,,브레드,총 내용량당 33g,3A58BA70E92B207C7B36FC9E8E2847E9F8EB6D9A7511B1A538AB9788BEFAA693,https://www.paris.co.kr/product/red-bean-manju/
official-delivery-b69a58b99239e186,파리바게뜨,포테이토 크랩 샌드위치,샌드위치,80,g,195,,6,,480,https://www.paris.co.kr/product/potato-crab-sandwich/,,2026-10-04,CURRENT_OFFICIAL_NUTRITION_SNAPSHOT,,샌드위치/샐러드,총 내용량당 80g,A3AB49B43CF4509BBB465CD5027E1F9233C49F3DCE228F15F1439B99267D52A6,https://www.paris.co.kr/product/potato-crab-sandwich/
official-delivery-b836118ae37f0663,파리바게뜨,당근이세요? 케이크,디저트,125,g,435,,8,,230,https://www.paris.co.kr/product/carrot-cake/,,2026-10-04,CURRENT_OFFICIAL_NUTRITION_SNAPSHOT,,케이크,총 내용량당 125g,5EF47FB3D921EA14AE3A119108CADF0D62676307665D65261E520E2B7BB1EEE0,https://www.paris.co.kr/product/carrot-cake/
official-delivery-c4b9387128592499,파리바게뜨,산베네데토 워터,음료,500,g,0,,0,,0,https://www.paris.co.kr/product/san-benedetto-water/,,2026-10-04,CURRENT_OFFICIAL_NUTRITION_SNAPSHOT,,커피/음료,총 내용량당 500g,CDA5F72041A5EDE78557EF6525B5701EA628553593435CFD1C4BC2BB68CC5F18,https://www.paris.co.kr/product/san-benedetto-water/
official-delivery-dd97c910b1bb7223,파리바게뜨,카레 크로켓,베이커리,51,g,155,,3,,160,https://www.paris.co.kr/product/curry-croquette/,,2026-10-04,CURRENT_OFFICIAL_NUTRITION_SNAPSHOT,,브레드,총 내용량당 51g,6C660C027BE41C15BA02A6D204F12C7A83B7AFB8106917294DF532F241E8FBE0,https://www.paris.co.kr/product/curry-croquette/
official-delivery-e20a694d0479532f,파리바게뜨,치즈듬뿍 치킨로제 도리아,,325,g,555,,22,,1740,https://www.paris.co.kr/product/extra-cheesy-chicken-rose-doria/,,2026-10-04,CURRENT_OFFICIAL_NUTRITION_SNAPSHOT,,간편식,총 내용량당 325g,08067A6587FF0D287583A08C178A8B5B6AC8CDC6655B04EF57DC515EAF2A9AA0,https://www.paris.co.kr/product/extra-cheesy-chicken-rose-doria/
official-delivery-e88f933bcf9955b5,파리바게뜨,[파란라벨]홀그레인 오트 식빵(11쪽),베이커리,525,g,1315,,10,,400,https://www.paris.co.kr/product/whole-grain-oat-bread-11/,,2026-10-04,CURRENT_OFFICIAL_NUTRITION_SNAPSHOT,,브레드,총 내용량당 525g,14B709BC09DBC60771417729ECD194585823F7579CD338A920124A88466DE048,https://www.paris.co.kr/product/whole-grain-oat-bread-11/
official-delivery-075f8ad86a0beb83,피자스쿨,불닭고구마피자 (오리지널),피자,213,g,542,,21,,819,http://pizzaschool.net/menu/%eb%b6%88%eb%8b%ad%ea%b3%a0%ea%b5%ac%eb%a7%88%ed%94%bc%ec%9e%90/,,2026-10-04,CURRENT_OFFICIAL_NUTRITION_SNAPSHOT,,피자,2조각 (213g) / 4회 제공량,D269299EA0C6ACC212211ACA8DF5FB7C4028D94088088EC9E270073FC8F4C4B9,http://pizzaschool.net/menu/%eb%b6%88%eb%8b%ad%ea%b3%a0%ea%b5%ac%eb%a7%88%ed%94%bc%ec%9e%90/
official-delivery-0d54891c55e6d0a5,피자스쿨,치킨퀘사디아피자 (오리지널),피자,199,g,513,,28,,850,http://pizzaschool.net/menu/%ec%b9%98%ed%82%a8%ed%80%98%ec%82%ac%eb%94%94%ec%95%84%ed%94%bc%ec%9e%90/,,2026-10-04,CURRENT_OFFICIAL_NUTRITION_SNAPSHOT,,피자,2조각(199g) / 4회제공량,9779DBA6FB77A0ACCF34824B365EDD846A04078B9FFCC556E12A4DF2C4933ABE,http://pizzaschool.net/menu/%ec%b9%98%ed%82%a8%ed%80%98%ec%82%ac%eb%94%94%ec%95%84%ed%94%bc%ec%9e%90/
official-delivery-1a9c433e8abf9ece,피자스쿨,콘치즈피자 (오리지널),피자,168,g,502,,22,,653,http://pizzaschool.net/menu/%ec%bd%98%ec%b9%98%ec%a6%88%ed%94%bc%ec%9e%90/,,2026-10-04,CURRENT_OFFICIAL_NUTRITION_SNAPSHOT,,피자,2조각 (168g) / 4회 제공량,780E2557B7C73486E30C85CE19A31D6734F61C865028D573E081277104D178ED,http://pizzaschool.net/menu/%ec%bd%98%ec%b9%98%ec%a6%88%ed%94%bc%ec%9e%90/
official-delivery-200d1c1d695f5746,피자스쿨,치킨타코피자 (오리지널),피자,184,g,472,,23,,911,http://pizzaschool.net/menu/%ec%b9%98%ed%82%a8%ed%83%80%ec%bd%94%ed%94%bc%ec%9e%90/,,2026-10-04,CURRENT_OFFICIAL_NUTRITION_SNAPSHOT,,피자,2조각 (184g) / 4회 제공량,C687858993E8D8BF7552DC569FD008BE4038BBB1C13677D6B9822A2512E8F397,http://pizzaschool.net/menu/%ec%b9%98%ed%82%a8%ed%83%80%ec%bd%94%ed%94%bc%ec%9e%90/
official-delivery-202c8dae816572d0,피자스쿨,포테이토피자 (오리지널),피자,182,g,440,,21,,560,http://pizzaschool.net/menu/%ed%8f%ac%ed%85%8c%ec%9d%b4%ed%86%a0%ed%94%bc%ec%9e%90/,,2026-10-04,CURRENT_OFFICIAL_NUTRITION_SNAPSHOT,,피자,2조각(182g) / 4회제공량,8AB9FE258550FFE621A1471C45CB158E28B506CCF961BE9A9AF7DC7AD0113D8C,http://pizzaschool.net/menu/%ed%8f%ac%ed%85%8c%ec%9d%b4%ed%86%a0%ed%94%bc%ec%9e%90/
official-delivery-2f726c297c50d14c,피자스쿨,치즈피자 (오리지널),피자,219,g,660,,34,,860,http://pizzaschool.net/menu/%ec%b9%98%ec%a6%88%ed%94%bc%ec%9e%90/,,2026-10-04,CURRENT_OFFICIAL_NUTRITION_SNAPSHOT,,피자,3조각(219g) / 약3회제공량,F3768F071ECB5B6AAE0053C793F8740EB4F0118C39CD046B5801DAF5140992D0,http://pizzaschool.net/menu/%ec%b9%98%ec%a6%88%ed%94%bc%ec%9e%90/
official-delivery-50edec40bfdd808c,피자스쿨,직화홀릭바이트피자 (오리지널),피자,242,g,649,,15,,1181,http://pizzaschool.net/menu/%ec%a7%81%ed%99%94%ed%99%80%eb%a6%ad%eb%b0%94%ec%9d%b4%ed%8a%b8%ed%94%bc%ec%9e%90/,,2026-10-04,CURRENT_OFFICIAL_NUTRITION_SNAPSHOT,,피자,3조각(242g) / 4회제공량,61144A8AE8C6B3A3EEE534405CF3B06194F1D90AECCA1911F0698E82A11DA915,http://pizzaschool.net/menu/%ec%a7%81%ed%99%94%ed%99%80%eb%a6%ad%eb%b0%94%ec%9d%b4%ed%8a%b8%ed%94%bc%ec%9e%90/
official-delivery-5141d935755f9907,피자스쿨,고구마피자 (오리지널),피자,196,g,506,,23,,703,http://pizzaschool.net/menu/%ea%b3%a0%ea%b5%ac%eb%a7%88%ed%94%bc%ec%9e%90/,,2026-10-04,CURRENT_OFFICIAL_NUTRITION_SNAPSHOT,,피자,2조각(196g) / 4회제공량,33A40C00D0DF4F240AB80267440C3C682660EA23B99C86E63E6DF146D5619F3E,http://pizzaschool.net/menu/%ea%b3%a0%ea%b5%ac%eb%a7%88%ed%94%bc%ec%9e%90/
official-delivery-5182355257daf906,피자스쿨,아이리쉬포테이토피자 (오리지널),피자,176,g,411,,17,,567,http://pizzaschool.net/menu/%ec%95%84%ec%9d%b4%eb%a6%ac%ec%89%ac%ed%8f%ac%ed%85%8c%ec%9d%b4%ed%86%a0%ed%94%bc%ec%9e%90/,,2026-10-04,CURRENT_OFFICIAL_NUTRITION_SNAPSHOT,,피자,2조각(176g) / 4회제공량,B0838AF1875E9DFA539F6A46B04DE3446297B84E299D4F6F549D99467AECC25B,http://pizzaschool.net/menu/%ec%95%84%ec%9d%b4%eb%a6%ac%ec%89%ac%ed%8f%ac%ed%85%8c%ec%9d%b4%ed%86%a0%ed%94%bc%ec%9e%90/
official-delivery-578bfe50a4c63594,피자스쿨,비프타코피자 (오리지널),피자,191,g,530,,21,,875,http://pizzaschool.net/menu/%eb%b9%84%ed%94%84%ed%83%80%ec%bd%94%ed%94%bc%ec%9e%90/,,2026-10-04,CURRENT_OFFICIAL_NUTRITION_SNAPSHOT,,피자,2조각 (191g) / 4회 제공량,6700D8F26DA230577C7495ECB59F06D2714C2E37D3261333D78A29B19A0E7C42,http://pizzaschool.net/menu/%eb%b9%84%ed%94%84%ed%83%80%ec%bd%94%ed%94%bc%ec%9e%90/
official-delivery-5b5453754f0ef0af,피자스쿨,깐쇼새우피자 (오리지널),피자,216,g,659,,30,,1140,http://pizzaschool.net/menu/461/,,2026-10-04,CURRENT_OFFICIAL_NUTRITION_SNAPSHOT,,피자,2조각(216g) / 4회제공량,4B25D62C90BA42CD0EC6172EE01EAAC9D06B58A9714DDF5A967D7EAA86D381D9,http://pizzaschool.net/menu/461/
official-delivery-61f96a7e6edc9c1c,피자스쿨,도이치바이트피자 (오리지널),피자,188,g,485,,23,,820,http://pizzaschool.net/menu/%eb%8f%84%ec%9d%b4%ec%b9%98%eb%b0%94%ec%9d%b4%ed%8a%b8%ed%94%bc%ec%9e%90/,,2026-10-04,CURRENT_OFFICIAL_NUTRITION_SNAPSHOT,,피자,2조각(188g) / 4회제공량,515FB4A791E550BEFB741B762EDD6CFB6D6B2FB45EFB0454931C897820B5DF5E,http://pizzaschool.net/menu/%eb%8f%84%ec%9d%b4%ec%b9%98%eb%b0%94%ec%9d%b4%ed%8a%b8%ed%94%bc%ec%9e%90/
official-delivery-6a103664d7ea0eb4,피자스쿨,나폴리피자 (오리지널),피자,170,g,410,,21,,640,http://pizzaschool.net/menu/%eb%82%98%ed%8f%b4%eb%a6%ac%ed%94%bc%ec%9e%90/,,2026-10-04,CURRENT_OFFICIAL_NUTRITION_SNAPSHOT,,피자,2조각(170g) / 4회제공량,238AF9C6F679E7796FF4374DAE773DC5CF24F7404FC0BEB1A893F0B4AE4E8D5E,http://pizzaschool.net/menu/%eb%82%98%ed%8f%b4%eb%a6%ac%ed%94%bc%ec%9e%90/
official-delivery-6d572eb4f4d92987,피자스쿨,닭안심살피자 (오리지널),피자,220,g,515,,28,,890,http://pizzaschool.net/menu/%eb%8b%ad%ec%95%88%ec%8b%ac%ec%82%b4%ed%94%bc%ec%9e%90/,,2026-10-04,CURRENT_OFFICIAL_NUTRITION_SNAPSHOT,,피자,2조각(220g) / 4회제공량,DDF6681265F2CCAA64DC1C12CC68AE9019F8834C7347DD4E9399F72A068595E8,http://pizzaschool.net/menu/%eb%8b%ad%ec%95%88%ec%8b%ac%ec%82%b4%ed%94%bc%ec%9e%90/
official-delivery-7e676574d6ac3c51,피자스쿨,핫치킨피자 (오리지널),피자,178,g,435,,21,,630,http://pizzaschool.net/menu/%ed%95%ab%ec%b9%98%ed%82%a8%ed%94%bc%ec%9e%90/,,2026-10-04,CURRENT_OFFICIAL_NUTRITION_SNAPSHOT,,피자,2조각(178g) / 4회제공량,AC6911695391792961A3A4C724A18F586E3DEC55BB113748AF5C4E9745ECB069,http://pizzaschool.net/menu/%ed%95%ab%ec%b9%98%ed%82%a8%ed%94%bc%ec%9e%90/
official-delivery-8106b86720ae860b,피자스쿨,고르곤졸라피자 (오리지널),피자,180,g,546,,30,,1014,http://pizzaschool.net/menu/%ea%b3%a0%eb%a5%b4%ea%b3%a4%ec%a1%b8%eb%9d%bc%ed%94%bc%ec%9e%90/,,2026-10-04,CURRENT_OFFICIAL_NUTRITION_SNAPSHOT,,피자,3조각(180g) / 3회제공량,2A43573A6EB2F12F56BB386ADB5ACFA9E3E3D27058094709ACDC6A050F3729E2,http://pizzaschool.net/menu/%ea%b3%a0%eb%a5%b4%ea%b3%a4%ec%a1%b8%eb%9d%bc%ed%94%bc%ec%9e%90/
official-delivery-81c4f9cf40dad601,피자스쿨,야채퀘사디아피자 (오리지널),피자,199,g,496,,26,,740,http://pizzaschool.net/menu/%ec%95%bc%ec%b1%84%ed%80%98%ec%82%ac%eb%94%94%ec%95%84%ed%94%bc%ec%9e%90/,,2026-10-04,CURRENT_OFFICIAL_NUTRITION_SNAPSHOT,,피자,2조각(199g) / 4회제공량,8D5E61A4E418A02E0D08B91888C2FB0B88E7E30EA24A44F09A6B5477D6ADF648,http://pizzaschool.net/menu/%ec%95%bc%ec%b1%84%ed%80%98%ec%82%ac%eb%94%94%ec%95%84%ed%94%bc%ec%9e%90/
official-delivery-88e90c4756331abb,피자스쿨,불고기피자 (오리지널),피자,178,g,440,,25,,600,http://pizzaschool.net/menu/%eb%b6%88%ea%b3%a0%ea%b8%b0%ed%94%bc%ec%9e%90/,,2026-10-04,CURRENT_OFFICIAL_NUTRITION_SNAPSHOT,,피자,2조각(178g) / 4회제공량,242F96D58946B507E4D5A40B47EE11D5C48E8F63D9ACED1C7940BCFC4F5D83F4,http://pizzaschool.net/menu/%eb%b6%88%ea%b3%a0%ea%b8%b0%ed%94%bc%ec%9e%90/
official-delivery-8a0c966de0c270f4,피자스쿨,까르보네피자 (오리지널),피자,184,g,465,,25,,780,http://pizzaschool.net/menu/%ea%b9%8c%eb%a5%b4%eb%b3%b4%eb%84%a4%ed%94%bc%ec%9e%90/,,2026-10-04,CURRENT_OFFICIAL_NUTRITION_SNAPSHOT,,피자,2조각(184g) / 4회제공량,339DF35812158573A91FAFB22E692DE3C1881EA33B603BA1642303DF06374C07,http://pizzaschool.net/menu/%ea%b9%8c%eb%a5%b4%eb%b3%b4%eb%84%a4%ed%94%bc%ec%9e%90/
official-delivery-a0789b90a7f90445,피자스쿨,프리미엄스테이크피자 (오리지널),피자,197,g,477,,23,,791,http://pizzaschool.net/menu/%ed%94%84%eb%a6%ac%eb%af%b8%ec%97%84%ec%8a%a4%ed%85%8c%ec%9d%b4%ed%81%ac%ed%94%bc%ec%9e%90/,,2026-10-04,CURRENT_OFFICIAL_NUTRITION_SNAPSHOT,,피자,2조각 (197g) / 4회 제공량,CBF03E66C87BB1871B3DA1E19C38CEAD62CA6B8396AE32D788B46D12AD95DD47,http://pizzaschool.net/menu/%ed%94%84%eb%a6%ac%eb%af%b8%ec%97%84%ec%8a%a4%ed%85%8c%ec%9d%b4%ed%81%ac%ed%94%bc%ec%9e%90/
official-delivery-a7b3a045eeb87df9,피자스쿨,콤비네이션피자 (오리지널),피자,176,g,444,,26,,710,http://pizzaschool.net/menu/%ec%bd%a4%eb%b9%84%eb%84%a4%ec%9d%b4%ec%85%98%ed%94%bc%ec%9e%90/,,2026-10-04,CURRENT_OFFICIAL_NUTRITION_SNAPSHOT,,피자,2조각(176g) / 4회제공량,E79195B785D3F767B1E750DF9AD920CD3D8C809B11CC068E377CEA2C0BD5A4D5,http://pizzaschool.net/menu/%ec%bd%a4%eb%b9%84%eb%84%a4%ec%9d%b4%ec%85%98%ed%94%bc%ec%9e%90/
official-delivery-b8f9ff8a4017ae81,피자스쿨,비프퀘사디아피자 (오리지널),피자,202,g,534,,25,,800,http://pizzaschool.net/menu/%eb%b9%84%ed%94%84%ed%80%98%ec%82%ac%eb%94%94%ec%95%84%ed%94%bc%ec%9e%90/,,2026-10-04,CURRENT_OFFICIAL_NUTRITION_SNAPSHOT,,피자,2조각(202g) / 4회제공량,9C78D1261D75859B5D57DF3B0FFB8A426F7E47051040C4585040786C61512F0C,http://pizzaschool.net/menu/%eb%b9%84%ed%94%84%ed%80%98%ec%82%ac%eb%94%94%ec%95%84%ed%94%bc%ec%9e%90/
official-delivery-c4a6ed043ce37d03,피자스쿨,더블갈릭바베큐피자 (오리지널),피자,165,g,447,,20,,639,http://pizzaschool.net/menu/%eb%8d%94%eb%b8%94%ea%b0%88%eb%a6%ad%eb%b0%94%eb%b2%a0%ed%81%90%ed%94%bc%ec%9e%90/,,2026-10-04,CURRENT_OFFICIAL_NUTRITION_SNAPSHOT,,피자,2조각(165g) / 4회제공량,CDC570FE514A8B83162159F5B88326A9CD872B208D4ED6A22769F0DD639F992C,http://pizzaschool.net/menu/%eb%8d%94%eb%b8%94%ea%b0%88%eb%a6%ad%eb%b0%94%eb%b2%a0%ed%81%90%ed%94%bc%ec%9e%90/
official-delivery-cb7fb2422a9c471d,피자스쿨,페퍼로니피자 (오리지널),피자,210,g,645,,34,,880,http://pizzaschool.net/menu/%ed%8e%98%ed%8d%bc%eb%a1%9c%eb%8b%88%ed%94%bc%ec%9e%90/,,2026-10-04,CURRENT_OFFICIAL_NUTRITION_SNAPSHOT,,피자,3조각(210g) / 약3회제공량,ED5BDCEC688C5F1AEF1854B2302C33BA1FC571400BF321803C710038038F0D0A,http://pizzaschool.net/menu/%ed%8e%98%ed%8d%bc%eb%a1%9c%eb%8b%88%ed%94%bc%ec%9e%90/
official-delivery-f1544139cf8886ed,피자스쿨,멕시칸바이트피자 (오리지널),피자,196,g,500,,26,,850,http://pizzaschool.net/menu/%eb%a9%95%ec%8b%9c%ec%b9%b8%eb%b0%94%ec%9d%b4%ed%8a%b8%ed%94%bc%ec%9e%90/,,2026-10-04,CURRENT_OFFICIAL_NUTRITION_SNAPSHOT,,피자,2조각(196g) / 4회제공량,4B0AE8A1769386E57BCFE2F223BDE253904FA075264E32FAE0E127179CB6BFE0,http://pizzaschool.net/menu/%eb%a9%95%ec%8b%9c%ec%b9%b8%eb%b0%94%ec%9d%b4%ed%8a%b8%ed%94%bc%ec%9e%90/
official-delivery-f5b76a77f23cfcc1,피자스쿨,직화파인애플피자 (오리지널),피자,185,g,426,,11,,700,http://pizzaschool.net/menu/%ec%a7%81%ed%99%94%ed%8c%8c%ec%9d%b8%ec%95%a0%ed%94%8c%ed%94%bc%ec%9e%90/,,2026-10-04,CURRENT_OFFICIAL_NUTRITION_SNAPSHOT,,피자,2조각(185g) / 4회제공량,30D8DA68673064452697E35501068D09E29A63F611E5E91BB184D8254F5F282D,http://pizzaschool.net/menu/%ec%a7%81%ed%99%94%ed%8c%8c%ec%9d%b8%ec%95%a0%ed%94%8c%ed%94%bc%ec%9e%90/
