id,brand,name,sourceFoodCode,sourceUrl,sourceDate,verifiedAt,saleState,energyKcal,servingAmount,servingUnit
official-bon-bf101-540319,본죽,본죽팥칼국수,BON-BF101-540319,https://www.bonif.co.kr/brand/menu/detail?brdCd=BF101&cmdtIdx=540319,2026-10-02,2026-10-02,CURRENT_MENU_LISTED,,,
official-bon-bf101-7,본죽,삼계죽,BON-BF101-7,https://www.bonif.co.kr/brand/menu/detail?brdCd=BF101&cmdtIdx=7,2026-10-02,2026-10-02,CURRENT_MENU_LISTED,,,
official-bon-bf101-539891,본죽,추어죽,BON-BF101-539891,https://www.bonif.co.kr/brand/menu/detail?brdCd=BF101&cmdtIdx=539891,2026-10-02,2026-10-02,CURRENT_MENU_LISTED,,,
official-bon-bf101-8,본죽,삼계전복죽,BON-BF101-8,https://www.bonif.co.kr/brand/menu/detail?brdCd=BF101&cmdtIdx=8,2026-10-02,2026-10-02,CURRENT_MENU_LISTED,,,
official-bon-bf101-540290,본죽,우리 파주 장단콩 메밀콩국수,BON-BF101-540290,https://www.bonif.co.kr/brand/menu/detail?brdCd=BF101&cmdtIdx=540290,2026-10-02,2026-10-02,CURRENT_MENU_LISTED,,,
official-bon-bf101-1,본죽,전복죽,BON-BF101-1,https://www.bonif.co.kr/brand/menu/detail?brdCd=BF101&cmdtIdx=1,2026-10-02,2026-10-02,CURRENT_MENU_LISTED,,,
official-bon-bf101-2,본죽,진전복죽,BON-BF101-2,https://www.bonif.co.kr/brand/menu/detail?brdCd=BF101&cmdtIdx=2,2026-10-02,2026-10-02,CURRENT_MENU_LISTED,,,
official-bon-bf101-3,본죽,특전복죽,BON-BF101-3,https://www.bonif.co.kr/brand/menu/detail?brdCd=BF101&cmdtIdx=3,2026-10-02,2026-10-02,CURRENT_MENU_LISTED,,,
official-bon-bf101-4,본죽,전복내장죽,BON-BF101-4,https://www.bonif.co.kr/brand/menu/detail?brdCd=BF101&cmdtIdx=4,2026-10-02,2026-10-02,CURRENT_MENU_LISTED,,,
official-bon-bf101-5,본죽,진전복내장죽,BON-BF101-5,https://www.bonif.co.kr/brand/menu/detail?brdCd=BF101&cmdtIdx=5,2026-10-02,2026-10-02,CURRENT_MENU_LISTED,,,
official-bon-bf101-6,본죽,특전복내장죽,BON-BF101-6,https://www.bonif.co.kr/brand/menu/detail?brdCd=BF101&cmdtIdx=6,2026-10-02,2026-10-02,CURRENT_MENU_LISTED,,,
official-bon-bf101-248,본죽,트러플전복죽,BON-BF101-248,https://www.bonif.co.kr/brand/menu/detail?brdCd=BF101&cmdtIdx=248,2026-10-02,2026-10-02,CURRENT_MENU_LISTED,,,
official-bon-bf101-249,본죽,특트러플전복죽,BON-BF101-249,https://www.bonif.co.kr/brand/menu/detail?brdCd=BF101&cmdtIdx=249,2026-10-02,2026-10-02,CURRENT_MENU_LISTED,,,
official-bon-bf101-11,본죽,쇠고기야채죽,BON-BF101-11,https://www.bonif.co.kr/brand/menu/detail?brdCd=BF101&cmdtIdx=11,2026-10-02,2026-10-02,CURRENT_MENU_LISTED,,,
official-bon-bf101-12,본죽,쇠고기버섯죽,BON-BF101-12,https://www.bonif.co.kr/brand/menu/detail?brdCd=BF101&cmdtIdx=12,2026-10-02,2026-10-02,CURRENT_MENU_LISTED,,,
official-bon-bf101-15,본죽,참치야채죽,BON-BF101-15,https://www.bonif.co.kr/brand/menu/detail?brdCd=BF101&cmdtIdx=15,2026-10-02,2026-10-02,CURRENT_MENU_LISTED,,,
official-bon-bf101-14,본죽,7가지야채죽,BON-BF101-14,https://www.bonif.co.kr/brand/menu/detail?brdCd=BF101&cmdtIdx=14,2026-10-02,2026-10-02,CURRENT_MENU_LISTED,,,
official-bon-bf101-17,본죽,해물죽,BON-BF101-17,https://www.bonif.co.kr/brand/menu/detail?brdCd=BF101&cmdtIdx=17,2026-10-02,2026-10-02,CURRENT_MENU_LISTED,,,
official-bon-bf101-18,본죽,특해물죽 (해물2배),BON-BF101-18,https://www.bonif.co.kr/brand/menu/detail?brdCd=BF101&cmdtIdx=18,2026-10-02,2026-10-02,CURRENT_MENU_LISTED,,,
official-bon-bf101-21,본죽,새우죽,BON-BF101-21,https://www.bonif.co.kr/brand/menu/detail?brdCd=BF101&cmdtIdx=21,2026-10-02,2026-10-02,CURRENT_MENU_LISTED,,,
official-bon-bf101-22,본죽,특새우죽 (새우2배),BON-BF101-22,https://www.bonif.co.kr/brand/menu/detail?brdCd=BF101&cmdtIdx=22,2026-10-02,2026-10-02,CURRENT_MENU_LISTED,,,
official-bon-bf101-19,본죽,통영굴버섯죽,BON-BF101-19,https://www.bonif.co.kr/brand/menu/detail?brdCd=BF101&cmdtIdx=19,2026-10-02,2026-10-02,CURRENT_MENU_LISTED,,,
official-bon-bf101-20,본죽,특통영굴버섯죽,BON-BF101-20,https://www.bonif.co.kr/brand/menu/detail?brdCd=BF101&cmdtIdx=20,2026-10-02,2026-10-02,CURRENT_MENU_LISTED,,,
official-bon-bf101-321,본죽,흰죽,BON-BF101-321,https://www.bonif.co.kr/brand/menu/detail?brdCd=BF101&cmdtIdx=321,2026-10-02,2026-10-02,CURRENT_MENU_LISTED,,,
official-bon-bf101-27,본죽,낙지김치죽,BON-BF101-27,https://www.bonif.co.kr/brand/menu/detail?brdCd=BF101&cmdtIdx=27,2026-10-02,2026-10-02,CURRENT_MENU_LISTED,,,
official-bon-bf101-25,본죽,신짬뽕죽,BON-BF101-25,https://www.bonif.co.kr/brand/menu/detail?brdCd=BF101&cmdtIdx=25,2026-10-02,2026-10-02,CURRENT_MENU_LISTED,,,
official-bon-bf101-230,본죽,홍게품은죽,BON-BF101-230,https://www.bonif.co.kr/brand/menu/detail?brdCd=BF101&cmdtIdx=230,2026-10-02,2026-10-02,CURRENT_MENU_LISTED,,,
official-bon-bf101-231,본죽,진홍게품은죽 (홍게다리살2배),BON-BF101-231,https://www.bonif.co.kr/brand/menu/detail?brdCd=BF101&cmdtIdx=231,2026-10-02,2026-10-02,CURRENT_MENU_LISTED,,,
official-bon-bf101-232,본죽,특홍게품은죽 (홍게다리살3배),BON-BF101-232,https://www.bonif.co.kr/brand/menu/detail?brdCd=BF101&cmdtIdx=232,2026-10-02,2026-10-02,CURRENT_MENU_LISTED,,,
official-bon-bf101-539684,본죽,푸팟퐁커리게살죽,BON-BF101-539684,https://www.bonif.co.kr/brand/menu/detail?brdCd=BF101&cmdtIdx=539684,2026-10-02,2026-10-02,CURRENT_MENU_LISTED,,,
official-bon-bf101-539594,본죽,참깨계란새우죽,BON-BF101-539594,https://www.bonif.co.kr/brand/menu/detail?brdCd=BF101&cmdtIdx=539594,2026-10-02,2026-10-02,CURRENT_MENU_LISTED,,,
official-bon-bf101-29,본죽,불고기낙지죽(불낙),BON-BF101-29,https://www.bonif.co.kr/brand/menu/detail?brdCd=BF101&cmdtIdx=29,2026-10-02,2026-10-02,CURRENT_MENU_LISTED,,,
official-bon-bf101-9,본죽,자연송이쇠고기죽,BON-BF101-9,https://www.bonif.co.kr/brand/menu/detail?brdCd=BF101&cmdtIdx=9,2026-10-02,2026-10-02,CURRENT_MENU_LISTED,,,
official-bon-bf101-10,본죽,특자연송이쇠고기죽,BON-BF101-10,https://www.bonif.co.kr/brand/menu/detail?brdCd=BF101&cmdtIdx=10,2026-10-02,2026-10-02,CURRENT_MENU_LISTED,,,
official-bon-bf101-31,본죽,단호박죽,BON-BF101-31,https://www.bonif.co.kr/brand/menu/detail?brdCd=BF101&cmdtIdx=31,2026-10-02,2026-10-02,CURRENT_MENU_LISTED,,,
official-bon-bf101-32,본죽,동지팥죽,BON-BF101-32,https://www.bonif.co.kr/brand/menu/detail?brdCd=BF101&cmdtIdx=32,2026-10-02,2026-10-02,CURRENT_MENU_LISTED,,,
official-bon-bf101-467,본죽,단팥죽,BON-BF101-467,https://www.bonif.co.kr/brand/menu/detail?brdCd=BF101&cmdtIdx=467,2026-10-02,2026-10-02,CURRENT_MENU_LISTED,,,
official-bon-bf101-34,본죽,녹두죽,BON-BF101-34,https://www.bonif.co.kr/brand/menu/detail?brdCd=BF101&cmdtIdx=34,2026-10-02,2026-10-02,CURRENT_MENU_LISTED,,,
official-bon-bf101-33,본죽,흑임자죽,BON-BF101-33,https://www.bonif.co.kr/brand/menu/detail?brdCd=BF101&cmdtIdx=33,2026-10-02,2026-10-02,CURRENT_MENU_LISTED,,,
official-bon-bf101-35,본죽,명품잣죽,BON-BF101-35,https://www.bonif.co.kr/brand/menu/detail?brdCd=BF101&cmdtIdx=35,2026-10-02,2026-10-02,CURRENT_MENU_LISTED,,,
official-bon-bf101-539690,본죽,본메추리알장조림(400g),BON-BF101-539690,https://www.bonif.co.kr/brand/menu/detail?brdCd=BF101&cmdtIdx=539690,2026-10-02,2026-10-02,CURRENT_MENU_LISTED,,,
official-bon-bf101-212,본죽,든든한끼 본쇠고기장조림(80g),BON-BF101-212,https://www.bonif.co.kr/brand/menu/detail?brdCd=BF101&cmdtIdx=212,2026-10-02,2026-10-02,CURRENT_MENU_LISTED,,,
official-bon-bf101-526,본죽,든든한끼 오징어초무침(80g),BON-BF101-526,https://www.bonif.co.kr/brand/menu/detail?brdCd=BF101&cmdtIdx=526,2026-10-02,2026-10-02,CURRENT_MENU_LISTED,,,
official-bon-bf101-539445,본죽,키즈장조림(80g),BON-BF101-539445,https://www.bonif.co.kr/brand/menu/detail?brdCd=BF101&cmdtIdx=539445,2026-10-02,2026-10-02,CURRENT_MENU_LISTED,,,
official-bon-bf101-341,본죽,본쇠고기장조림(300g),BON-BF101-341,https://www.bonif.co.kr/brand/menu/detail?brdCd=BF101&cmdtIdx=341,2026-10-02,2026-10-02,CURRENT_MENU_LISTED,,,
official-bon-bf101-545,본죽,든든한끼 본버터쇠고기장조림(70g),BON-BF101-545,https://www.bonif.co.kr/brand/menu/detail?brdCd=BF101&cmdtIdx=545,2026-10-02,2026-10-02,CURRENT_MENU_LISTED,,,
official-bon-bf101-343,본죽,본메추리알쇠고기장조림(150g),BON-BF101-343,https://www.bonif.co.kr/brand/menu/detail?brdCd=BF101&cmdtIdx=343,2026-10-02,2026-10-02,CURRENT_MENU_LISTED,,,
official-bon-bf101-477,본죽,본오징어초무침(150g),BON-BF101-477,https://www.bonif.co.kr/brand/menu/detail?brdCd=BF101&cmdtIdx=477,2026-10-02,2026-10-02,CURRENT_MENU_LISTED,,,
official-bon-bf101-538,본죽,본비트동치미(1kg),BON-BF101-538,https://www.bonif.co.kr/brand/menu/detail?brdCd=BF101&cmdtIdx=538,2026-10-02,2026-10-02,CURRENT_MENU_LISTED,,,
official-bon-bf101-549,본죽,본죽 오징어젓갈,BON-BF101-549,https://www.bonif.co.kr/brand/menu/detail?brdCd=BF101&cmdtIdx=549,2026-10-02,2026-10-02,CURRENT_MENU_LISTED,,,
official-bon-bf101-547,본죽,본죽 낙지젓갈,BON-BF101-547,https://www.bonif.co.kr/brand/menu/detail?brdCd=BF101&cmdtIdx=547,2026-10-02,2026-10-02,CURRENT_MENU_LISTED,,,
official-bon-bf101-363,본죽,한우야채진밥,BON-BF101-363,https://www.bonif.co.kr/brand/menu/detail?brdCd=BF101&cmdtIdx=363,2026-10-02,2026-10-02,CURRENT_MENU_LISTED,,,
official-bon-bf101-359,본죽,한우참깨애호박죽,BON-BF101-359,https://www.bonif.co.kr/brand/menu/detail?brdCd=BF101&cmdtIdx=359,2026-10-02,2026-10-02,CURRENT_MENU_LISTED,,,
official-bon-bf101-539354,본죽,시그니처[통단팥죽],BON-BF101-539354,https://www.bonif.co.kr/brand/menu/detail?brdCd=BF101&cmdtIdx=539354,2026-10-02,2026-10-02,CURRENT_MENU_LISTED,,,
official-bon-bf101-539356,본죽,시그니처[단호박죽],BON-BF101-539356,https://www.bonif.co.kr/brand/menu/detail?brdCd=BF101&cmdtIdx=539356,2026-10-02,2026-10-02,CURRENT_MENU_LISTED,,,
official-bon-bf101-539897,본죽,코카콜라(355ml),BON-BF101-539897,https://www.bonif.co.kr/brand/menu/detail?brdCd=BF101&cmdtIdx=539897,2026-10-02,2026-10-02,CURRENT_MENU_LISTED,,,
official-bon-bf101-539898,본죽,코카콜라 제로(355ml),BON-BF101-539898,https://www.bonif.co.kr/brand/menu/detail?brdCd=BF101&cmdtIdx=539898,2026-10-02,2026-10-02,CURRENT_MENU_LISTED,,,
official-bon-bf101-539899,본죽,스프라이트(355ml),BON-BF101-539899,https://www.bonif.co.kr/brand/menu/detail?brdCd=BF101&cmdtIdx=539899,2026-10-02,2026-10-02,CURRENT_MENU_LISTED,,,
official-bon-bf101-539900,본죽,스프라이트 제로(355ml),BON-BF101-539900,https://www.bonif.co.kr/brand/menu/detail?brdCd=BF101&cmdtIdx=539900,2026-10-02,2026-10-02,CURRENT_MENU_LISTED,,,
official-bon-bf101-372,본죽,단호박식혜,BON-BF101-372,https://www.bonif.co.kr/brand/menu/detail?brdCd=BF101&cmdtIdx=372,2026-10-02,2026-10-02,CURRENT_MENU_LISTED,,,
official-bon-bf101-539443,본죽,"(낱개)우리땅,청매실",BON-BF101-539443,https://www.bonif.co.kr/brand/menu/detail?brdCd=BF101&cmdtIdx=539443,2026-10-02,2026-10-02,CURRENT_MENU_LISTED,,,
official-bon-bf101-373,본죽,(낱개)양배추사과즙,BON-BF101-373,https://www.bonif.co.kr/brand/menu/detail?brdCd=BF101&cmdtIdx=373,2026-10-02,2026-10-02,CURRENT_MENU_LISTED,,,
official-bon-bf101-337,본죽,(낱개)진짜배즙,BON-BF101-337,https://www.bonif.co.kr/brand/menu/detail?brdCd=BF101&cmdtIdx=337,2026-10-02,2026-10-02,CURRENT_MENU_LISTED,,,
official-bon-bf101-539455,본죽,(낱개)뽀로로 홍삼쏙쏙,BON-BF101-539455,https://www.bonif.co.kr/brand/menu/detail?brdCd=BF101&cmdtIdx=539455,2026-10-02,2026-10-02,CURRENT_MENU_LISTED,,,
official-bon-bf101-369,본죽,(500ml)본매실골드,BON-BF101-369,https://www.bonif.co.kr/brand/menu/detail?brdCd=BF101&cmdtIdx=369,2026-10-02,2026-10-02,CURRENT_MENU_LISTED,,,
official-bon-bf102-540320,본죽&비빔밥,본죽팥칼국수,BON-BF102-540320,https://www.bonif.co.kr/brand/menu/detail?brdCd=BF102&cmdtIdx=540320,2026-10-02,2026-10-02,CURRENT_MENU_LISTED,,,
official-bon-bf102-42,본죽&비빔밥,삼계죽,BON-BF102-42,https://www.bonif.co.kr/brand/menu/detail?brdCd=BF102&cmdtIdx=42,2026-10-02,2026-10-02,CURRENT_MENU_LISTED,,,
official-bon-bf102-539893,본죽&비빔밥,추어죽,BON-BF102-539893,https://www.bonif.co.kr/brand/menu/detail?brdCd=BF102&cmdtIdx=539893,2026-10-02,2026-10-02,CURRENT_MENU_LISTED,,,
official-bon-bf102-43,본죽&비빔밥,삼계전복죽,BON-BF102-43,https://www.bonif.co.kr/brand/menu/detail?brdCd=BF102&cmdtIdx=43,2026-10-02,2026-10-02,CURRENT_MENU_LISTED,,,
official-bon-bf102-540268,본죽&비빔밥,열무칼비빔면,BON-BF102-540268,https://www.bonif.co.kr/brand/menu/detail?brdCd=BF102&cmdtIdx=540268,2026-10-02,2026-10-02,CURRENT_MENU_LISTED,,,
official-bon-bf102-540258,본죽&비빔밥,열무돈불백비빔밥,BON-BF102-540258,https://www.bonif.co.kr/brand/menu/detail?brdCd=BF102&cmdtIdx=540258,2026-10-02,2026-10-02,CURRENT_MENU_LISTED,,,
official-bon-bf102-540140,본죽&비빔밥,본죽장조림버터비빔밥,BON-BF102-540140,https://www.bonif.co.kr/brand/menu/detail?brdCd=BF102&cmdtIdx=540140,2026-10-02,2026-10-02,CURRENT_MENU_LISTED,,,
official-bon-bf102-540139,본죽&비빔밥,낙지김치비빔밥,BON-BF102-540139,https://www.bonif.co.kr/brand/menu/detail?brdCd=BF102&cmdtIdx=540139,2026-10-02,2026-10-02,CURRENT_MENU_LISTED,,,
official-bon-bf102-540137,본죽&비빔밥,불고기낙지비빔밥,BON-BF102-540137,https://www.bonif.co.kr/brand/menu/detail?brdCd=BF102&cmdtIdx=540137,2026-10-02,2026-10-02,CURRENT_MENU_LISTED,,,
official-bon-bf102-540138,본죽&비빔밥,신짬뽕비빔밥,BON-BF102-540138,https://www.bonif.co.kr/brand/menu/detail?brdCd=BF102&cmdtIdx=540138,2026-10-02,2026-10-02,CURRENT_MENU_LISTED,,,
official-bon-bf102-540136,본죽&비빔밥,전복내장해물비빔밥,BON-BF102-540136,https://www.bonif.co.kr/brand/menu/detail?brdCd=BF102&cmdtIdx=540136,2026-10-02,2026-10-02,CURRENT_MENU_LISTED,,,
official-bon-bf102-540135,본죽&비빔밥,참치야채비빔밥,BON-BF102-540135,https://www.bonif.co.kr/brand/menu/detail?brdCd=BF102&cmdtIdx=540135,2026-10-02,2026-10-02,CURRENT_MENU_LISTED,,,
official-bon-bf102-485,본죽&비빔밥,6가지나물비빔밥,BON-BF102-485,https://www.bonif.co.kr/brand/menu/detail?brdCd=BF102&cmdtIdx=485,2026-10-02,2026-10-02,CURRENT_MENU_LISTED,,,
official-bon-bf102-489,본죽&비빔밥,제육볶음나물비빔밥,BON-BF102-489,https://www.bonif.co.kr/brand/menu/detail?brdCd=BF102&cmdtIdx=489,2026-10-02,2026-10-02,CURRENT_MENU_LISTED,,,
official-bon-bf102-491,본죽&비빔밥,소불고기나물비빔밥,BON-BF102-491,https://www.bonif.co.kr/brand/menu/detail?brdCd=BF102&cmdtIdx=491,2026-10-02,2026-10-02,CURRENT_MENU_LISTED,,,
official-bon-bf102-540134,본죽&비빔밥,돌솥 본죽장조림버터비빔밥,BON-BF102-540134,https://www.bonif.co.kr/brand/menu/detail?brdCd=BF102&cmdtIdx=540134,2026-10-02,2026-10-02,CURRENT_MENU_LISTED,,,
official-bon-bf102-540133,본죽&비빔밥,돌솥 낙지김치비빔밥,BON-BF102-540133,https://www.bonif.co.kr/brand/menu/detail?brdCd=BF102&cmdtIdx=540133,2026-10-02,2026-10-02,CURRENT_MENU_LISTED,,,
official-bon-bf102-540131,본죽&비빔밥,돌솥 불고기낙지비빔밥,BON-BF102-540131,https://www.bonif.co.kr/brand/menu/detail?brdCd=BF102&cmdtIdx=540131,2026-10-02,2026-10-02,CURRENT_MENU_LISTED,,,
official-bon-bf102-540132,본죽&비빔밥,돌솥 신짬뽕비빔밥,BON-BF102-540132,https://www.bonif.co.kr/brand/menu/detail?brdCd=BF102&cmdtIdx=540132,2026-10-02,2026-10-02,CURRENT_MENU_LISTED,,,
official-bon-bf102-540130,본죽&비빔밥,돌솥 전복내장해물비빔밥,BON-BF102-540130,https://www.bonif.co.kr/brand/menu/detail?brdCd=BF102&cmdtIdx=540130,2026-10-02,2026-10-02,CURRENT_MENU_LISTED,,,
official-bon-bf102-540129,본죽&비빔밥,돌솥 참치야채비빔밥,BON-BF102-540129,https://www.bonif.co.kr/brand/menu/detail?brdCd=BF102&cmdtIdx=540129,2026-10-02,2026-10-02,CURRENT_MENU_LISTED,,,
official-bon-bf102-486,본죽&비빔밥,돌솥 6가지나물비빔밥,BON-BF102-486,https://www.bonif.co.kr/brand/menu/detail?brdCd=BF102&cmdtIdx=486,2026-10-02,2026-10-02,CURRENT_MENU_LISTED,,,
official-bon-bf102-490,본죽&비빔밥,돌솥 제육볶음나물비빔밥,BON-BF102-490,https://www.bonif.co.kr/brand/menu/detail?brdCd=BF102&cmdtIdx=490,2026-10-02,2026-10-02,CURRENT_MENU_LISTED,,,
official-bon-bf102-492,본죽&비빔밥,돌솥 소불고기나물비빔밥,BON-BF102-492,https://www.bonif.co.kr/brand/menu/detail?brdCd=BF102&cmdtIdx=492,2026-10-02,2026-10-02,CURRENT_MENU_LISTED,,,
official-bon-bf102-540178,본죽&비빔밥,해물된장뚝배기,BON-BF102-540178,https://www.bonif.co.kr/brand/menu/detail?brdCd=BF102&cmdtIdx=540178,2026-10-02,2026-10-02,CURRENT_MENU_LISTED,,,
official-bon-bf102-540141,본죽&비빔밥,뚝배기 제육볶음,BON-BF102-540141,https://www.bonif.co.kr/brand/menu/detail?brdCd=BF102&cmdtIdx=540141,2026-10-02,2026-10-02,CURRENT_MENU_LISTED,,,
official-bon-bf102-539896,본죽&비빔밥,콩비지뚝배기,BON-BF102-539896,https://www.bonif.co.kr/brand/menu/detail?brdCd=BF102&cmdtIdx=539896,2026-10-02,2026-10-02,CURRENT_MENU_LISTED,,,
official-bon-bf102-539429,본죽&비빔밥,소불고기버섯뚝배기,BON-BF102-539429,https://www.bonif.co.kr/brand/menu/detail?brdCd=BF102&cmdtIdx=539429,2026-10-02,2026-10-02,CURRENT_MENU_LISTED,,,
official-bon-bf102-36,본죽&비빔밥,전복죽,BON-BF102-36,https://www.bonif.co.kr/brand/menu/detail?brdCd=BF102&cmdtIdx=36,2026-10-02,2026-10-02,CURRENT_MENU_LISTED,,,
official-bon-bf102-37,본죽&비빔밥,진전복죽,BON-BF102-37,https://www.bonif.co.kr/brand/menu/detail?brdCd=BF102&cmdtIdx=37,2026-10-02,2026-10-02,CURRENT_MENU_LISTED,,,
official-bon-bf102-38,본죽&비빔밥,특전복죽,BON-BF102-38,https://www.bonif.co.kr/brand/menu/detail?brdCd=BF102&cmdtIdx=38,2026-10-02,2026-10-02,CURRENT_MENU_LISTED,,,
official-bon-bf102-39,본죽&비빔밥,전복내장죽,BON-BF102-39,https://www.bonif.co.kr/brand/menu/detail?brdCd=BF102&cmdtIdx=39,2026-10-02,2026-10-02,CURRENT_MENU_LISTED,,,
official-bon-bf102-40,본죽&비빔밥,진전복내장죽,BON-BF102-40,https://www.bonif.co.kr/brand/menu/detail?brdCd=BF102&cmdtIdx=40,2026-10-02,2026-10-02,CURRENT_MENU_LISTED,,,
official-bon-bf102-41,본죽&비빔밥,특전복내장죽,BON-BF102-41,https://www.bonif.co.kr/brand/menu/detail?brdCd=BF102&cmdtIdx=41,2026-10-02,2026-10-02,CURRENT_MENU_LISTED,,,
official-bon-bf102-250,본죽&비빔밥,트러플전복죽,BON-BF102-250,https://www.bonif.co.kr/brand/menu/detail?brdCd=BF102&cmdtIdx=250,2026-10-02,2026-10-02,CURRENT_MENU_LISTED,,,
official-bon-bf102-251,본죽&비빔밥,특트러플전복죽,BON-BF102-251,https://www.bonif.co.kr/brand/menu/detail?brdCd=BF102&cmdtIdx=251,2026-10-02,2026-10-02,CURRENT_MENU_LISTED,,,
official-bon-bf102-46,본죽&비빔밥,쇠고기야채죽,BON-BF102-46,https://www.bonif.co.kr/brand/menu/detail?brdCd=BF102&cmdtIdx=46,2026-10-02,2026-10-02,CURRENT_MENU_LISTED,,,
official-bon-bf102-47,본죽&비빔밥,쇠고기버섯죽,BON-BF102-47,https://www.bonif.co.kr/brand/menu/detail?brdCd=BF102&cmdtIdx=47,2026-10-02,2026-10-02,CURRENT_MENU_LISTED,,,
official-bon-bf102-50,본죽&비빔밥,참치야채죽,BON-BF102-50,https://www.bonif.co.kr/brand/menu/detail?brdCd=BF102&cmdtIdx=50,2026-10-02,2026-10-02,CURRENT_MENU_LISTED,,,
official-bon-bf102-49,본죽&비빔밥,7가지야채죽,BON-BF102-49,https://www.bonif.co.kr/brand/menu/detail?brdCd=BF102&cmdtIdx=49,2026-10-02,2026-10-02,CURRENT_MENU_LISTED,,,
official-bon-bf102-51,본죽&비빔밥,해물죽,BON-BF102-51,https://www.bonif.co.kr/brand/menu/detail?brdCd=BF102&cmdtIdx=51,2026-10-02,2026-10-02,CURRENT_MENU_LISTED,,,
official-bon-bf102-52,본죽&비빔밥,특해물죽 (해물2배),BON-BF102-52,https://www.bonif.co.kr/brand/menu/detail?brdCd=BF102&cmdtIdx=52,2026-10-02,2026-10-02,CURRENT_MENU_LISTED,,,
official-bon-bf102-55,본죽&비빔밥,새우죽,BON-BF102-55,https://www.bonif.co.kr/brand/menu/detail?brdCd=BF102&cmdtIdx=55,2026-10-02,2026-10-02,CURRENT_MENU_LISTED,,,
official-bon-bf102-56,본죽&비빔밥,특새우죽 (새우2배),BON-BF102-56,https://www.bonif.co.kr/brand/menu/detail?brdCd=BF102&cmdtIdx=56,2026-10-02,2026-10-02,CURRENT_MENU_LISTED,,,
official-bon-bf102-53,본죽&비빔밥,통영굴버섯죽,BON-BF102-53,https://www.bonif.co.kr/brand/menu/detail?brdCd=BF102&cmdtIdx=53,2026-10-02,2026-10-02,CURRENT_MENU_LISTED,,,
official-bon-bf102-54,본죽&비빔밥,특통영굴버섯죽 (굴2배),BON-BF102-54,https://www.bonif.co.kr/brand/menu/detail?brdCd=BF102&cmdtIdx=54,2026-10-02,2026-10-02,CURRENT_MENU_LISTED,,,
official-bon-bf102-322,본죽&비빔밥,흰죽,BON-BF102-322,https://www.bonif.co.kr/brand/menu/detail?brdCd=BF102&cmdtIdx=322,2026-10-02,2026-10-02,CURRENT_MENU_LISTED,,,
official-bon-bf102-61,본죽&비빔밥,낙지김치죽,BON-BF102-61,https://www.bonif.co.kr/brand/menu/detail?brdCd=BF102&cmdtIdx=61,2026-10-02,2026-10-02,CURRENT_MENU_LISTED,,,
official-bon-bf102-59,본죽&비빔밥,신짬뽕죽,BON-BF102-59,https://www.bonif.co.kr/brand/menu/detail?brdCd=BF102&cmdtIdx=59,2026-10-02,2026-10-02,CURRENT_MENU_LISTED,,,
official-bon-bf102-236,본죽&비빔밥,홍게품은죽,BON-BF102-236,https://www.bonif.co.kr/brand/menu/detail?brdCd=BF102&cmdtIdx=236,2026-10-02,2026-10-02,CURRENT_MENU_LISTED,,,
official-bon-bf102-237,본죽&비빔밥,진홍게품은죽 (홍게다리살2배),BON-BF102-237,https://www.bonif.co.kr/brand/menu/detail?brdCd=BF102&cmdtIdx=237,2026-10-02,2026-10-02,CURRENT_MENU_LISTED,,,
official-bon-bf102-238,본죽&비빔밥,특홍게품은죽 (홍게다리살3배),BON-BF102-238,https://www.bonif.co.kr/brand/menu/detail?brdCd=BF102&cmdtIdx=238,2026-10-02,2026-10-02,CURRENT_MENU_LISTED,,,
official-bon-bf102-539685,본죽&비빔밥,푸팟퐁커리게살죽,BON-BF102-539685,https://www.bonif.co.kr/brand/menu/detail?brdCd=BF102&cmdtIdx=539685,2026-10-02,2026-10-02,CURRENT_MENU_LISTED,,,
official-bon-bf102-539598,본죽&비빔밥,참깨계란새우죽,BON-BF102-539598,https://www.bonif.co.kr/brand/menu/detail?brdCd=BF102&cmdtIdx=539598,2026-10-02,2026-10-02,CURRENT_MENU_LISTED,,,
official-bon-bf102-63,본죽&비빔밥,불고기낙지죽(불낙),BON-BF102-63,https://www.bonif.co.kr/brand/menu/detail?brdCd=BF102&cmdtIdx=63,2026-10-02,2026-10-02,CURRENT_MENU_LISTED,,,
official-bon-bf102-44,본죽&비빔밥,자연송이쇠고기죽,BON-BF102-44,https://www.bonif.co.kr/brand/menu/detail?brdCd=BF102&cmdtIdx=44,2026-10-02,2026-10-02,CURRENT_MENU_LISTED,,,
official-bon-bf102-45,본죽&비빔밥,특자연송이쇠고기죽,BON-BF102-45,https://www.bonif.co.kr/brand/menu/detail?brdCd=BF102&cmdtIdx=45,2026-10-02,2026-10-02,CURRENT_MENU_LISTED,,,
official-bon-bf102-65,본죽&비빔밥,단호박죽,BON-BF102-65,https://www.bonif.co.kr/brand/menu/detail?brdCd=BF102&cmdtIdx=65,2026-10-02,2026-10-02,CURRENT_MENU_LISTED,,,
official-bon-bf102-66,본죽&비빔밥,동지팥죽,BON-BF102-66,https://www.bonif.co.kr/brand/menu/detail?brdCd=BF102&cmdtIdx=66,2026-10-02,2026-10-02,CURRENT_MENU_LISTED,,,
official-bon-bf102-468,본죽&비빔밥,단팥죽,BON-BF102-468,https://www.bonif.co.kr/brand/menu/detail?brdCd=BF102&cmdtIdx=468,2026-10-02,2026-10-02,CURRENT_MENU_LISTED,,,
official-bon-bf102-67,본죽&비빔밥,녹두죽,BON-BF102-67,https://www.bonif.co.kr/brand/menu/detail?brdCd=BF102&cmdtIdx=67,2026-10-02,2026-10-02,CURRENT_MENU_LISTED,,,
official-bon-bf102-454,본죽&비빔밥,흑임자죽,BON-BF102-454,https://www.bonif.co.kr/brand/menu/detail?brdCd=BF102&cmdtIdx=454,2026-10-02,2026-10-02,CURRENT_MENU_LISTED,,,
official-bon-bf102-452,본죽&비빔밥,명품잣죽,BON-BF102-452,https://www.bonif.co.kr/brand/menu/detail?brdCd=BF102&cmdtIdx=452,2026-10-02,2026-10-02,CURRENT_MENU_LISTED,,,
official-bon-bf102-90,본죽&비빔밥,쫄깃감자 찐만두,BON-BF102-90,https://www.bonif.co.kr/brand/menu/detail?brdCd=BF102&cmdtIdx=90,2026-10-02,2026-10-02,CURRENT_MENU_LISTED,,,
official-bon-bf102-539396,본죽&비빔밥,철판소불고기,BON-BF102-539396,https://www.bonif.co.kr/brand/menu/detail?brdCd=BF102&cmdtIdx=539396,2026-10-02,2026-10-02,CURRENT_MENU_LISTED,,,
official-bon-bf102-539691,본죽&비빔밥,본메추리알장조림(400g),BON-BF102-539691,https://www.bonif.co.kr/brand/menu/detail?brdCd=BF102&cmdtIdx=539691,2026-10-02,2026-10-02,CURRENT_MENU_LISTED,,,
official-bon-bf102-213,본죽&비빔밥,든든한끼 본쇠고기장조림(80g),BON-BF102-213,https://www.bonif.co.kr/brand/menu/detail?brdCd=BF102&cmdtIdx=213,2026-10-02,2026-10-02,CURRENT_MENU_LISTED,,,
official-bon-bf102-527,본죽&비빔밥,든든한끼 오징어초무침(80g),BON-BF102-527,https://www.bonif.co.kr/brand/menu/detail?brdCd=BF102&cmdtIdx=527,2026-10-02,2026-10-02,CURRENT_MENU_LISTED,,,
official-bon-bf102-539446,본죽&비빔밥,키즈장조림(80g),BON-BF102-539446,https://www.bonif.co.kr/brand/menu/detail?brdCd=BF102&cmdtIdx=539446,2026-10-02,2026-10-02,CURRENT_MENU_LISTED,,,
official-bon-bf102-342,본죽&비빔밥,본쇠고기장조림(300g),BON-BF102-342,https://www.bonif.co.kr/brand/menu/detail?brdCd=BF102&cmdtIdx=342,2026-10-02,2026-10-02,CURRENT_MENU_LISTED,,,
official-bon-bf102-546,본죽&비빔밥,든든한끼 본버터쇠고기장조림(70g),BON-BF102-546,https://www.bonif.co.kr/brand/menu/detail?brdCd=BF102&cmdtIdx=546,2026-10-02,2026-10-02,CURRENT_MENU_LISTED,,,
official-bon-bf102-344,본죽&비빔밥,본메추리알쇠고기장조림(150g),BON-BF102-344,https://www.bonif.co.kr/brand/menu/detail?brdCd=BF102&cmdtIdx=344,2026-10-02,2026-10-02,CURRENT_MENU_LISTED,,,
official-bon-bf102-476,본죽&비빔밥,본오징어초무침(150g),BON-BF102-476,https://www.bonif.co.kr/brand/menu/detail?brdCd=BF102&cmdtIdx=476,2026-10-02,2026-10-02,CURRENT_MENU_LISTED,,,
official-bon-bf102-539,본죽&비빔밥,본비트동치미(1kg),BON-BF102-539,https://www.bonif.co.kr/brand/menu/detail?brdCd=BF102&cmdtIdx=539,2026-10-02,2026-10-02,CURRENT_MENU_LISTED,,,
official-bon-bf102-548,본죽&비빔밥,본죽 낙지젓갈,BON-BF102-548,https://www.bonif.co.kr/brand/menu/detail?brdCd=BF102&cmdtIdx=548,2026-10-02,2026-10-02,CURRENT_MENU_LISTED,,,
official-bon-bf102-550,본죽&비빔밥,본죽 오징어젓갈,BON-BF102-550,https://www.bonif.co.kr/brand/menu/detail?brdCd=BF102&cmdtIdx=550,2026-10-02,2026-10-02,CURRENT_MENU_LISTED,,,
official-bon-bf102-364,본죽&비빔밥,한우야채진밥,BON-BF102-364,https://www.bonif.co.kr/brand/menu/detail?brdCd=BF102&cmdtIdx=364,2026-10-02,2026-10-02,CURRENT_MENU_LISTED,,,
official-bon-bf102-360,본죽&비빔밥,한우참깨애호박죽,BON-BF102-360,https://www.bonif.co.kr/brand/menu/detail?brdCd=BF102&cmdtIdx=360,2026-10-02,2026-10-02,CURRENT_MENU_LISTED,,,
official-bon-bf102-539355,본죽&비빔밥,시그니처[통단팥죽],BON-BF102-539355,https://www.bonif.co.kr/brand/menu/detail?brdCd=BF102&cmdtIdx=539355,2026-10-02,2026-10-02,CURRENT_MENU_LISTED,,,
official-bon-bf102-539357,본죽&비빔밥,시그니처[단호박죽],BON-BF102-539357,https://www.bonif.co.kr/brand/menu/detail?brdCd=BF102&cmdtIdx=539357,2026-10-02,2026-10-02,CURRENT_MENU_LISTED,,,
official-bon-bf102-539901,본죽&비빔밥,코카콜라(355ml),BON-BF102-539901,https://www.bonif.co.kr/brand/menu/detail?brdCd=BF102&cmdtIdx=539901,2026-10-02,2026-10-02,CURRENT_MENU_LISTED,,,
official-bon-bf102-539902,본죽&비빔밥,코카콜라 제로(355ml),BON-BF102-539902,https://www.bonif.co.kr/brand/menu/detail?brdCd=BF102&cmdtIdx=539902,2026-10-02,2026-10-02,CURRENT_MENU_LISTED,,,
official-bon-bf102-539903,본죽&비빔밥,스프라이트(355ml),BON-BF102-539903,https://www.bonif.co.kr/brand/menu/detail?brdCd=BF102&cmdtIdx=539903,2026-10-02,2026-10-02,CURRENT_MENU_LISTED,,,
official-bon-bf102-539904,본죽&비빔밥,스프라이트 제로(355ml),BON-BF102-539904,https://www.bonif.co.kr/brand/menu/detail?brdCd=BF102&cmdtIdx=539904,2026-10-02,2026-10-02,CURRENT_MENU_LISTED,,,
official-bon-bf102-371,본죽&비빔밥,단호박식혜,BON-BF102-371,https://www.bonif.co.kr/brand/menu/detail?brdCd=BF102&cmdtIdx=371,2026-10-02,2026-10-02,CURRENT_MENU_LISTED,,,
official-bon-bf102-539444,본죽&비빔밥,"(낱개)우리땅,청매실",BON-BF102-539444,https://www.bonif.co.kr/brand/menu/detail?brdCd=BF102&cmdtIdx=539444,2026-10-02,2026-10-02,CURRENT_MENU_LISTED,,,
official-bon-bf102-374,본죽&비빔밥,(낱개)양배추사과즙,BON-BF102-374,https://www.bonif.co.kr/brand/menu/detail?brdCd=BF102&cmdtIdx=374,2026-10-02,2026-10-02,CURRENT_MENU_LISTED,,,
official-bon-bf102-375,본죽&비빔밥,(낱개)진짜배즙,BON-BF102-375,https://www.bonif.co.kr/brand/menu/detail?brdCd=BF102&cmdtIdx=375,2026-10-02,2026-10-02,CURRENT_MENU_LISTED,,,
official-bon-bf102-539460,본죽&비빔밥,(낱개)뽀로로 홍삼쏙쏙,BON-BF102-539460,https://www.bonif.co.kr/brand/menu/detail?brdCd=BF102&cmdtIdx=539460,2026-10-02,2026-10-02,CURRENT_MENU_LISTED,,,
official-bon-bf102-370,본죽&비빔밥,(500ml)본매실골드,BON-BF102-370,https://www.bonif.co.kr/brand/menu/detail?brdCd=BF102&cmdtIdx=370,2026-10-02,2026-10-02,CURRENT_MENU_LISTED,,,
official-bon-bf104-540355,본도시락,크림새우 게살볶음밥,BON-BF104-540355,https://www.bonif.co.kr/brand/menu/detail?brdCd=BF104&cmdtIdx=540355,2026-10-02,2026-10-02,CURRENT_MENU_LISTED,,,
official-bon-bf104-540148,본도시락,오리지널 닭강정,BON-BF104-540148,https://www.bonif.co.kr/brand/menu/detail?brdCd=BF104&cmdtIdx=540148,2026-10-02,2026-10-02,CURRENT_MENU_LISTED,,,
official-bon-bf104-540356,본도시락,허니간장 닭강정,BON-BF104-540356,https://www.bonif.co.kr/brand/menu/detail?brdCd=BF104&cmdtIdx=540356,2026-10-02,2026-10-02,CURRENT_MENU_LISTED,,,
official-bon-bf104-540358,본도시락,치킨감자소시지,BON-BF104-540358,https://www.bonif.co.kr/brand/menu/detail?brdCd=BF104&cmdtIdx=540358,2026-10-02,2026-10-02,CURRENT_MENU_LISTED,,,
official-bon-bf104-540357,본도시락,모둠감자튀김,BON-BF104-540357,https://www.bonif.co.kr/brand/menu/detail?brdCd=BF104&cmdtIdx=540357,2026-10-02,2026-10-02,CURRENT_MENU_LISTED,,,
official-bon-bf104-540316,본도시락,잔치 차림 한상,BON-BF104-540316,https://www.bonif.co.kr/brand/menu/detail?brdCd=BF104&cmdtIdx=540316,2026-10-02,2026-10-02,CURRENT_MENU_LISTED,,,
official-bon-bf104-540312,본도시락,오색진미 소불고기 잡채밥,BON-BF104-540312,https://www.bonif.co.kr/brand/menu/detail?brdCd=BF104&cmdtIdx=540312,2026-10-02,2026-10-02,CURRENT_MENU_LISTED,,,
official-bon-bf104-540313,본도시락,잔치요리 1호(전&잡채),BON-BF104-540313,https://www.bonif.co.kr/brand/menu/detail?brdCd=BF104&cmdtIdx=540313,2026-10-02,2026-10-02,CURRENT_MENU_LISTED,,,
official-bon-bf104-540314,본도시락,잔치 요리 2호(단호박 갈비찜&잡채),BON-BF104-540314,https://www.bonif.co.kr/brand/menu/detail?brdCd=BF104&cmdtIdx=540314,2026-10-02,2026-10-02,CURRENT_MENU_LISTED,,,
official-bon-bf104-540311,본도시락,잔치 요리 3호(전&단호박 갈비찜),BON-BF104-540311,https://www.bonif.co.kr/brand/menu/detail?brdCd=BF104&cmdtIdx=540311,2026-10-02,2026-10-02,CURRENT_MENU_LISTED,,,
official-bon-bf104-540280,본도시락,매콤 제육 쌈밥,BON-BF104-540280,https://www.bonif.co.kr/brand/menu/detail?brdCd=BF104&cmdtIdx=540280,2026-10-02,2026-10-02,CURRENT_MENU_LISTED,,,
official-bon-bf104-540281,본도시락,석갈비 쌈밥,BON-BF104-540281,https://www.bonif.co.kr/brand/menu/detail?brdCd=BF104&cmdtIdx=540281,2026-10-02,2026-10-02,CURRENT_MENU_LISTED,,,
official-bon-bf104-540282,본도시락,바싹불고기 쌈밥,BON-BF104-540282,https://www.bonif.co.kr/brand/menu/detail?brdCd=BF104&cmdtIdx=540282,2026-10-02,2026-10-02,CURRENT_MENU_LISTED,,,
official-bon-bf104-540247,본도시락,우리땅 정선 곤드레도시락,BON-BF104-540247,https://www.bonif.co.kr/brand/menu/detail?brdCd=BF104&cmdtIdx=540247,2026-10-02,2026-10-02,CURRENT_MENU_LISTED,,,
official-bon-bf104-539849,본도시락,본격도시락(스팸두부조림),BON-BF104-539849,https://www.bonif.co.kr/brand/menu/detail?brdCd=BF104&cmdtIdx=539849,2026-10-02,2026-10-02,CURRENT_MENU_LISTED,,,
official-bon-bf104-539628,본도시락,본격도시락 (카츠&전),BON-BF104-539628,https://www.bonif.co.kr/brand/menu/detail?brdCd=BF104&cmdtIdx=539628,2026-10-02,2026-10-02,CURRENT_MENU_LISTED,,,
official-bon-bf104-539633,본도시락,바싹불고기 깻잎제육 한상,BON-BF104-539633,https://www.bonif.co.kr/brand/menu/detail?brdCd=BF104&cmdtIdx=539633,2026-10-02,2026-10-02,CURRENT_MENU_LISTED,,,
official-bon-bf104-539634,본도시락,버섯소불고기 깻잎제육 한상,BON-BF104-539634,https://www.bonif.co.kr/brand/menu/detail?brdCd=BF104&cmdtIdx=539634,2026-10-02,2026-10-02,CURRENT_MENU_LISTED,,,
official-bon-bf104-539760,본도시락,바싹불고기 숯불닭구이 한상,BON-BF104-539760,https://www.bonif.co.kr/brand/menu/detail?brdCd=BF104&cmdtIdx=539760,2026-10-02,2026-10-02,CURRENT_MENU_LISTED,,,
official-bon-bf104-539923,본도시락,우삼겹된장찌개 제육 백반 한상,BON-BF104-539923,https://www.bonif.co.kr/brand/menu/detail?brdCd=BF104&cmdtIdx=539923,2026-10-02,2026-10-02,CURRENT_MENU_LISTED,,,
official-bon-bf104-539635,본도시락,바싹불고기 여수꼬막무침 한상,BON-BF104-539635,https://www.bonif.co.kr/brand/menu/detail?brdCd=BF104&cmdtIdx=539635,2026-10-02,2026-10-02,CURRENT_MENU_LISTED,,,
official-bon-bf104-539637,본도시락,바싹불고기 오징어두루치기 한상,BON-BF104-539637,https://www.bonif.co.kr/brand/menu/detail?brdCd=BF104&cmdtIdx=539637,2026-10-02,2026-10-02,CURRENT_MENU_LISTED,,,
official-bon-bf104-539646,본도시락,바싹불고기 국반상,BON-BF104-539646,https://www.bonif.co.kr/brand/menu/detail?brdCd=BF104&cmdtIdx=539646,2026-10-02,2026-10-02,CURRENT_MENU_LISTED,,,
official-bon-bf104-539647,본도시락,깻잎제육 국반상,BON-BF104-539647,https://www.bonif.co.kr/brand/menu/detail?brdCd=BF104&cmdtIdx=539647,2026-10-02,2026-10-02,CURRENT_MENU_LISTED,,,
official-bon-bf104-539648,본도시락,버섯소불고기 국반상,BON-BF104-539648,https://www.bonif.co.kr/brand/menu/detail?brdCd=BF104&cmdtIdx=539648,2026-10-02,2026-10-02,CURRENT_MENU_LISTED,,,
official-bon-bf104-539754,본도시락,숯불닭구이 국반상,BON-BF104-539754,https://www.bonif.co.kr/brand/menu/detail?brdCd=BF104&cmdtIdx=539754,2026-10-02,2026-10-02,CURRENT_MENU_LISTED,,,
official-bon-bf104-539649,본도시락,꽈리닭구이 국반상,BON-BF104-539649,https://www.bonif.co.kr/brand/menu/detail?brdCd=BF104&cmdtIdx=539649,2026-10-02,2026-10-02,CURRENT_MENU_LISTED,,,
official-bon-bf104-539651,본도시락,오징어두루치기 국반상,BON-BF104-539651,https://www.bonif.co.kr/brand/menu/detail?brdCd=BF104&cmdtIdx=539651,2026-10-02,2026-10-02,CURRENT_MENU_LISTED,,,
official-bon-bf104-539652,본도시락,수작돈까스 국반상,BON-BF104-539652,https://www.bonif.co.kr/brand/menu/detail?brdCd=BF104&cmdtIdx=539652,2026-10-02,2026-10-02,CURRENT_MENU_LISTED,,,
official-bon-bf104-540294,본도시락,직화 마늘석갈비 국반상,BON-BF104-540294,https://www.bonif.co.kr/brand/menu/detail?brdCd=BF104&cmdtIdx=540294,2026-10-02,2026-10-02,CURRENT_MENU_LISTED,,,
official-bon-bf104-539655,본도시락,직화 떡갈비 국반상,BON-BF104-539655,https://www.bonif.co.kr/brand/menu/detail?brdCd=BF104&cmdtIdx=539655,2026-10-02,2026-10-02,CURRENT_MENU_LISTED,,,
official-bon-bf104-539656,본도시락,바싹불고기 반상,BON-BF104-539656,https://www.bonif.co.kr/brand/menu/detail?brdCd=BF104&cmdtIdx=539656,2026-10-02,2026-10-02,CURRENT_MENU_LISTED,,,
official-bon-bf104-539657,본도시락,깻잎제육 반상,BON-BF104-539657,https://www.bonif.co.kr/brand/menu/detail?brdCd=BF104&cmdtIdx=539657,2026-10-02,2026-10-02,CURRENT_MENU_LISTED,,,
official-bon-bf104-539658,본도시락,버섯소불고기 반상,BON-BF104-539658,https://www.bonif.co.kr/brand/menu/detail?brdCd=BF104&cmdtIdx=539658,2026-10-02,2026-10-02,CURRENT_MENU_LISTED,,,
official-bon-bf104-539759,본도시락,숯불닭구이 반상,BON-BF104-539759,https://www.bonif.co.kr/brand/menu/detail?brdCd=BF104&cmdtIdx=539759,2026-10-02,2026-10-02,CURRENT_MENU_LISTED,,,
official-bon-bf104-539659,본도시락,꽈리닭구이 반상,BON-BF104-539659,https://www.bonif.co.kr/brand/menu/detail?brdCd=BF104&cmdtIdx=539659,2026-10-02,2026-10-02,CURRENT_MENU_LISTED,,,
official-bon-bf104-539661,본도시락,오징어두루치기 반상,BON-BF104-539661,https://www.bonif.co.kr/brand/menu/detail?brdCd=BF104&cmdtIdx=539661,2026-10-02,2026-10-02,CURRENT_MENU_LISTED,,,
official-bon-bf104-383,본도시락,수작돈까스 반상,BON-BF104-383,https://www.bonif.co.kr/brand/menu/detail?brdCd=BF104&cmdtIdx=383,2026-10-02,2026-10-02,CURRENT_MENU_LISTED,,,
official-bon-bf104-540295,본도시락,직화 마늘석갈비 반상,BON-BF104-540295,https://www.bonif.co.kr/brand/menu/detail?brdCd=BF104&cmdtIdx=540295,2026-10-02,2026-10-02,CURRENT_MENU_LISTED,,,
official-bon-bf104-382,본도시락,직화 떡갈비 반상,BON-BF104-382,https://www.bonif.co.kr/brand/menu/detail?brdCd=BF104&cmdtIdx=382,2026-10-02,2026-10-02,CURRENT_MENU_LISTED,,,
official-bon-bf104-539671,본도시락,(정식) 스팸김치찌개,BON-BF104-539671,https://www.bonif.co.kr/brand/menu/detail?brdCd=BF104&cmdtIdx=539671,2026-10-02,2026-10-02,CURRENT_MENU_LISTED,,,
official-bon-bf104-539672,본도시락,(국+밥) 스팸김치찌개,BON-BF104-539672,https://www.bonif.co.kr/brand/menu/detail?brdCd=BF104&cmdtIdx=539672,2026-10-02,2026-10-02,CURRENT_MENU_LISTED,,,
official-bon-bf104-539673,본도시락,(국) 스팸김치찌개,BON-BF104-539673,https://www.bonif.co.kr/brand/menu/detail?brdCd=BF104&cmdtIdx=539673,2026-10-02,2026-10-02,CURRENT_MENU_LISTED,,,
official-bon-bf104-539924,본도시락,(정식) 우삼겹된장찌개,BON-BF104-539924,https://www.bonif.co.kr/brand/menu/detail?brdCd=BF104&cmdtIdx=539924,2026-10-02,2026-10-02,CURRENT_MENU_LISTED,,,
official-bon-bf104-539925,본도시락,(국+밥) 우삼겹된장찌개,BON-BF104-539925,https://www.bonif.co.kr/brand/menu/detail?brdCd=BF104&cmdtIdx=539925,2026-10-02,2026-10-02,CURRENT_MENU_LISTED,,,
official-bon-bf104-539926,본도시락,(국) 우삼겹된장찌개,BON-BF104-539926,https://www.bonif.co.kr/brand/menu/detail?brdCd=BF104&cmdtIdx=539926,2026-10-02,2026-10-02,CURRENT_MENU_LISTED,,,
official-bon-bf104-540221,본도시락,(정식) 바지락미역국,BON-BF104-540221,https://www.bonif.co.kr/brand/menu/detail?brdCd=BF104&cmdtIdx=540221,2026-10-02,2026-10-02,CURRENT_MENU_LISTED,,,
official-bon-bf104-540220,본도시락,(국+밥) 바지락미역국,BON-BF104-540220,https://www.bonif.co.kr/brand/menu/detail?brdCd=BF104&cmdtIdx=540220,2026-10-02,2026-10-02,CURRENT_MENU_LISTED,,,
official-bon-bf104-540219,본도시락,(국) 바지락미역국,BON-BF104-540219,https://www.bonif.co.kr/brand/menu/detail?brdCd=BF104&cmdtIdx=540219,2026-10-02,2026-10-02,CURRENT_MENU_LISTED,,,
official-bon-bf104-540257,본도시락,매콤낙지 꽈리닭구이 한상,BON-BF104-540257,https://www.bonif.co.kr/brand/menu/detail?brdCd=BF104&cmdtIdx=540257,2026-10-02,2026-10-02,CURRENT_MENU_LISTED,,,
official-bon-bf104-540209,본도시락,매콤낙지 석갈비 한상,BON-BF104-540209,https://www.bonif.co.kr/brand/menu/detail?brdCd=BF104&cmdtIdx=540209,2026-10-02,2026-10-02,CURRENT_MENU_LISTED,,,
official-bon-bf104-540210,본도시락,울릉도 오징어 석갈비 한상,BON-BF104-540210,https://www.bonif.co.kr/brand/menu/detail?brdCd=BF104&cmdtIdx=540210,2026-10-02,2026-10-02,CURRENT_MENU_LISTED,,,
official-bon-bf104-540161,본도시락,더덕 장어구이 바싹불고기 한상,BON-BF104-540161,https://www.bonif.co.kr/brand/menu/detail?brdCd=BF104&cmdtIdx=540161,2026-10-02,2026-10-02,CURRENT_MENU_LISTED,,,
official-bon-bf104-539630,본도시락,특선 LA갈비구이 한정식,BON-BF104-539630,https://www.bonif.co.kr/brand/menu/detail?brdCd=BF104&cmdtIdx=539630,2026-10-02,2026-10-02,CURRENT_MENU_LISTED,,,
official-bon-bf104-539631,본도시락,궁중 전복소갈비찜 한정식,BON-BF104-539631,https://www.bonif.co.kr/brand/menu/detail?brdCd=BF104&cmdtIdx=539631,2026-10-02,2026-10-02,CURRENT_MENU_LISTED,,,
official-bon-bf104-539632,본도시락,보양 고추장 더덕 장어구이 한정식,BON-BF104-539632,https://www.bonif.co.kr/brand/menu/detail?brdCd=BF104&cmdtIdx=539632,2026-10-02,2026-10-02,CURRENT_MENU_LISTED,,,
official-bon-bf104-539664,본도시락,울릉도 나물 버섯영양밥,BON-BF104-539664,https://www.bonif.co.kr/brand/menu/detail?brdCd=BF104&cmdtIdx=539664,2026-10-02,2026-10-02,CURRENT_MENU_LISTED,,,
official-bon-bf104-540157,본도시락,닭가슴살 샐러드,BON-BF104-540157,https://www.bonif.co.kr/brand/menu/detail?brdCd=BF104&cmdtIdx=540157,2026-10-02,2026-10-02,CURRENT_MENU_LISTED,,,
official-bon-bf104-540315,본도시락,순살치킨 소(케첩 포함),BON-BF104-540315,https://www.bonif.co.kr/brand/menu/detail?brdCd=BF104&cmdtIdx=540315,2026-10-02,2026-10-02,CURRENT_MENU_LISTED,,,
official-bon-bf104-540158,본도시락,한컵 닭가슴살 샐러드,BON-BF104-540158,https://www.bonif.co.kr/brand/menu/detail?brdCd=BF104&cmdtIdx=540158,2026-10-02,2026-10-02,CURRENT_MENU_LISTED,,,
official-bon-bf104-539667,본도시락,스크램블드에그 치킨마요,BON-BF104-539667,https://www.bonif.co.kr/brand/menu/detail?brdCd=BF104&cmdtIdx=539667,2026-10-02,2026-10-02,CURRENT_MENU_LISTED,,,
official-bon-bf104-539668,본도시락,스크램블드에그 치킨마요(곱빼기),BON-BF104-539668,https://www.bonif.co.kr/brand/menu/detail?brdCd=BF104&cmdtIdx=539668,2026-10-02,2026-10-02,CURRENT_MENU_LISTED,,,
official-bon-bf104-539666,본도시락,저염 스팸 김치볶음밥,BON-BF104-539666,https://www.bonif.co.kr/brand/menu/detail?brdCd=BF104&cmdtIdx=539666,2026-10-02,2026-10-02,CURRENT_MENU_LISTED,,,
official-bon-bf104-539680,본도시락,귀리보리백미밥 추가,BON-BF104-539680,https://www.bonif.co.kr/brand/menu/detail?brdCd=BF104&cmdtIdx=539680,2026-10-02,2026-10-02,CURRENT_MENU_LISTED,,,
official-bon-bf104-539681,본도시락,울릉도나물밥 추가,BON-BF104-539681,https://www.bonif.co.kr/brand/menu/detail?brdCd=BF104&cmdtIdx=539681,2026-10-02,2026-10-02,CURRENT_MENU_LISTED,,,
official-bon-bf104-193,본도시락,흑미밥,BON-BF104-193,https://www.bonif.co.kr/brand/menu/detail?brdCd=BF104&cmdtIdx=193,2026-10-02,2026-10-02,CURRENT_MENU_LISTED,,,
official-bon-bf104-539682,본도시락,반달 돈까스(일회용 케찹 포함),BON-BF104-539682,https://www.bonif.co.kr/brand/menu/detail?brdCd=BF104&cmdtIdx=539682,2026-10-02,2026-10-02,CURRENT_MENU_LISTED,,,
official-bon-bf104-411,본도시락,핫윙콤보(윙+봉) 2조각,BON-BF104-411,https://www.bonif.co.kr/brand/menu/detail?brdCd=BF104&cmdtIdx=411,2026-10-02,2026-10-02,CURRENT_MENU_LISTED,,,
official-bon-bf104-198,본도시락,계란후라이추가,BON-BF104-198,https://www.bonif.co.kr/brand/menu/detail?brdCd=BF104&cmdtIdx=198,2026-10-02,2026-10-02,CURRENT_MENU_LISTED,,,
official-bon-bf104-437,본도시락,스팸 1조각,BON-BF104-437,https://www.bonif.co.kr/brand/menu/detail?brdCd=BF104&cmdtIdx=437,2026-10-02,2026-10-02,CURRENT_MENU_LISTED,,,
official-bon-bf104-194,본도시락,쌈채소,BON-BF104-194,https://www.bonif.co.kr/brand/menu/detail?brdCd=BF104&cmdtIdx=194,2026-10-02,2026-10-02,CURRENT_MENU_LISTED,,,
official-bon-bf104-539683,본도시락,스틱 김자반,BON-BF104-539683,https://www.bonif.co.kr/brand/menu/detail?brdCd=BF104&cmdtIdx=539683,2026-10-02,2026-10-02,CURRENT_MENU_LISTED,,,
official-bon-bf104-202,본도시락,참고소한 김,BON-BF104-202,https://www.bonif.co.kr/brand/menu/detail?brdCd=BF104&cmdtIdx=202,2026-10-02,2026-10-02,CURRENT_MENU_LISTED,,,
official-bon-bf104-203,본도시락,콜라,BON-BF104-203,https://www.bonif.co.kr/brand/menu/detail?brdCd=BF104&cmdtIdx=203,2026-10-02,2026-10-02,CURRENT_MENU_LISTED,,,
official-bon-bf104-204,본도시락,사이다,BON-BF104-204,https://www.bonif.co.kr/brand/menu/detail?brdCd=BF104&cmdtIdx=204,2026-10-02,2026-10-02,CURRENT_MENU_LISTED,,,
official-bon-bf104-539881,본도시락,단호박식혜,BON-BF104-539881,https://www.bonif.co.kr/brand/menu/detail?brdCd=BF104&cmdtIdx=539881,2026-10-02,2026-10-02,CURRENT_MENU_LISTED,,,
official-bon-bf104-484,본도시락,생수(330ml),BON-BF104-484,https://www.bonif.co.kr/brand/menu/detail?brdCd=BF104&cmdtIdx=484,2026-10-02,2026-10-02,CURRENT_MENU_LISTED,,,
official-bon-bf104-197,본도시락,아이스홍시,BON-BF104-197,https://www.bonif.co.kr/brand/menu/detail?brdCd=BF104&cmdtIdx=197,2026-10-02,2026-10-02,CURRENT_MENU_LISTED,,,
official-bon-bf104-200,본도시락,컵국(된장국),BON-BF104-200,https://www.bonif.co.kr/brand/menu/detail?brdCd=BF104&cmdtIdx=200,2026-10-02,2026-10-02,CURRENT_MENU_LISTED,,,
official-bon-bf104-201,본도시락,컵국(미역국),BON-BF104-201,https://www.bonif.co.kr/brand/menu/detail?brdCd=BF104&cmdtIdx=201,2026-10-02,2026-10-02,CURRENT_MENU_LISTED,,,
official-bon-bf105-540299,본설렁탕,우거지 뼈해장국,BON-BF105-540299,https://www.bonif.co.kr/brand/menu/detail?brdCd=BF105&cmdtIdx=540299,2026-10-02,2026-10-02,CURRENT_MENU_LISTED,,,
official-bon-bf105-540300,본설렁탕,우거지 뼈해장국+미니모둠수육,BON-BF105-540300,https://www.bonif.co.kr/brand/menu/detail?brdCd=BF105&cmdtIdx=540300,2026-10-02,2026-10-02,CURRENT_MENU_LISTED,,,
official-bon-bf105-540291,본설렁탕,보양 삼계탕,BON-BF105-540291,https://www.bonif.co.kr/brand/menu/detail?brdCd=BF105&cmdtIdx=540291,2026-10-02,2026-10-02,CURRENT_MENU_LISTED,,,
official-bon-bf105-540292,본설렁탕,보양 삼계탕+미니모둠수육,BON-BF105-540292,https://www.bonif.co.kr/brand/menu/detail?brdCd=BF105&cmdtIdx=540292,2026-10-02,2026-10-02,CURRENT_MENU_LISTED,,,
official-bon-bf105-540248,본설렁탕,파주 장단콩 콩국수,BON-BF105-540248,https://www.bonif.co.kr/brand/menu/detail?brdCd=BF105&cmdtIdx=540248,2026-10-02,2026-10-02,CURRENT_MENU_LISTED,,,
official-bon-bf105-540249,본설렁탕,(세트) 파주 장단콩 콩국수,BON-BF105-540249,https://www.bonif.co.kr/brand/menu/detail?brdCd=BF105&cmdtIdx=540249,2026-10-02,2026-10-02,CURRENT_MENU_LISTED,,,
official-bon-bf105-539869,본설렁탕,(세트) 물냉면,BON-BF105-539869,https://www.bonif.co.kr/brand/menu/detail?brdCd=BF105&cmdtIdx=539869,2026-10-02,2026-10-02,CURRENT_MENU_LISTED,,,
official-bon-bf105-539880,본설렁탕,(세트) 비빔냉면,BON-BF105-539880,https://www.bonif.co.kr/brand/menu/detail?brdCd=BF105&cmdtIdx=539880,2026-10-02,2026-10-02,CURRENT_MENU_LISTED,,,
official-bon-bf105-539867,본설렁탕,물냉면,BON-BF105-539867,https://www.bonif.co.kr/brand/menu/detail?brdCd=BF105&cmdtIdx=539867,2026-10-02,2026-10-02,CURRENT_MENU_LISTED,,,
official-bon-bf105-539871,본설렁탕,물냉면(곱빼기),BON-BF105-539871,https://www.bonif.co.kr/brand/menu/detail?brdCd=BF105&cmdtIdx=539871,2026-10-02,2026-10-02,CURRENT_MENU_LISTED,,,
official-bon-bf105-539873,본설렁탕,(세트) 물냉면(곱빼기),BON-BF105-539873,https://www.bonif.co.kr/brand/menu/detail?brdCd=BF105&cmdtIdx=539873,2026-10-02,2026-10-02,CURRENT_MENU_LISTED,,,
official-bon-bf105-539868,본설렁탕,비빔냉면,BON-BF105-539868,https://www.bonif.co.kr/brand/menu/detail?brdCd=BF105&cmdtIdx=539868,2026-10-02,2026-10-02,CURRENT_MENU_LISTED,,,
official-bon-bf105-539872,본설렁탕,비빔냉면(곱빼기),BON-BF105-539872,https://www.bonif.co.kr/brand/menu/detail?brdCd=BF105&cmdtIdx=539872,2026-10-02,2026-10-02,CURRENT_MENU_LISTED,,,
official-bon-bf105-539874,본설렁탕,(세트) 비빔냉면(곱빼기),BON-BF105-539874,https://www.bonif.co.kr/brand/menu/detail?brdCd=BF105&cmdtIdx=539874,2026-10-02,2026-10-02,CURRENT_MENU_LISTED,,,
official-bon-bf105-540235,본설렁탕,황태해장국,BON-BF105-540235,https://www.bonif.co.kr/brand/menu/detail?brdCd=BF105&cmdtIdx=540235,2026-10-02,2026-10-02,CURRENT_MENU_LISTED,,,
official-bon-bf105-540236,본설렁탕,황태해장국+미니모둠수육,BON-BF105-540236,https://www.bonif.co.kr/brand/menu/detail?brdCd=BF105&cmdtIdx=540236,2026-10-02,2026-10-02,CURRENT_MENU_LISTED,,,
official-bon-bf105-539999,본설렁탕,본해장국밥,BON-BF105-539999,https://www.bonif.co.kr/brand/menu/detail?brdCd=BF105&cmdtIdx=539999,2026-10-02,2026-10-02,CURRENT_MENU_LISTED,,,
official-bon-bf105-540003,본설렁탕,본해장국밥+미니모둠수육,BON-BF105-540003,https://www.bonif.co.kr/brand/menu/detail?brdCd=BF105&cmdtIdx=540003,2026-10-02,2026-10-02,CURRENT_MENU_LISTED,,,
official-bon-bf105-540187,본설렁탕,바지락 순두부찌개,BON-BF105-540187,https://www.bonif.co.kr/brand/menu/detail?brdCd=BF105&cmdtIdx=540187,2026-10-02,2026-10-02,CURRENT_MENU_LISTED,,,
official-bon-bf105-540188,본설렁탕,바지락 쫄면순두부,BON-BF105-540188,https://www.bonif.co.kr/brand/menu/detail?brdCd=BF105&cmdtIdx=540188,2026-10-02,2026-10-02,CURRENT_MENU_LISTED,,,
official-bon-bf105-540069,본설렁탕,전주 콩나물국밥,BON-BF105-540069,https://www.bonif.co.kr/brand/menu/detail?brdCd=BF105&cmdtIdx=540069,2026-10-02,2026-10-02,CURRENT_MENU_LISTED,,,
official-bon-bf105-539705,본설렁탕,토종순대국밥,BON-BF105-539705,https://www.bonif.co.kr/brand/menu/detail?brdCd=BF105&cmdtIdx=539705,2026-10-02,2026-10-02,CURRENT_MENU_LISTED,,,
official-bon-bf105-539706,본설렁탕,얼큰순대국밥,BON-BF105-539706,https://www.bonif.co.kr/brand/menu/detail?brdCd=BF105&cmdtIdx=539706,2026-10-02,2026-10-02,CURRENT_MENU_LISTED,,,
official-bon-bf105-539821,본설렁탕,돼지수육국밥,BON-BF105-539821,https://www.bonif.co.kr/brand/menu/detail?brdCd=BF105&cmdtIdx=539821,2026-10-02,2026-10-02,CURRENT_MENU_LISTED,,,
official-bon-bf105-539823,본설렁탕,한우사골 나주식곰탕,BON-BF105-539823,https://www.bonif.co.kr/brand/menu/detail?brdCd=BF105&cmdtIdx=539823,2026-10-02,2026-10-02,CURRENT_MENU_LISTED,,,
official-bon-bf105-539698,본설렁탕,한우사골 설렁탕,BON-BF105-539698,https://www.bonif.co.kr/brand/menu/detail?brdCd=BF105&cmdtIdx=539698,2026-10-02,2026-10-02,CURRENT_MENU_LISTED,,,
official-bon-bf105-539700,본설렁탕,한우사골 얼큰설렁탕,BON-BF105-539700,https://www.bonif.co.kr/brand/menu/detail?brdCd=BF105&cmdtIdx=539700,2026-10-02,2026-10-02,CURRENT_MENU_LISTED,,,
official-bon-bf105-539699,본설렁탕,[고기곱빼기] 한우사골 설렁탕,BON-BF105-539699,https://www.bonif.co.kr/brand/menu/detail?brdCd=BF105&cmdtIdx=539699,2026-10-02,2026-10-02,CURRENT_MENU_LISTED,,,
official-bon-bf105-539701,본설렁탕,[고기곱빼기] 한우사골 얼큰설렁탕,BON-BF105-539701,https://www.bonif.co.kr/brand/menu/detail?brdCd=BF105&cmdtIdx=539701,2026-10-02,2026-10-02,CURRENT_MENU_LISTED,,,
official-bon-bf105-539707,본설렁탕,한우사골 떡만두설렁탕,BON-BF105-539707,https://www.bonif.co.kr/brand/menu/detail?brdCd=BF105&cmdtIdx=539707,2026-10-02,2026-10-02,CURRENT_MENU_LISTED,,,
official-bon-bf105-539708,본설렁탕,한우사골 얼큰떡만두설렁탕,BON-BF105-539708,https://www.bonif.co.kr/brand/menu/detail?brdCd=BF105&cmdtIdx=539708,2026-10-02,2026-10-02,CURRENT_MENU_LISTED,,,
official-bon-bf105-540190,본설렁탕,바지락 쫄면순두부+미니모둠수육,BON-BF105-540190,https://www.bonif.co.kr/brand/menu/detail?brdCd=BF105&cmdtIdx=540190,2026-10-02,2026-10-02,CURRENT_MENU_LISTED,,,
official-bon-bf105-540189,본설렁탕,바지락 순두부찌개+미니모둠수육,BON-BF105-540189,https://www.bonif.co.kr/brand/menu/detail?brdCd=BF105&cmdtIdx=540189,2026-10-02,2026-10-02,CURRENT_MENU_LISTED,,,
official-bon-bf105-540070,본설렁탕,전주 콩나물국밥+미니모둠수육,BON-BF105-540070,https://www.bonif.co.kr/brand/menu/detail?brdCd=BF105&cmdtIdx=540070,2026-10-02,2026-10-02,CURRENT_MENU_LISTED,,,
official-bon-bf105-539717,본설렁탕,토종순대국밥+미니모둠수육,BON-BF105-539717,https://www.bonif.co.kr/brand/menu/detail?brdCd=BF105&cmdtIdx=539717,2026-10-02,2026-10-02,CURRENT_MENU_LISTED,,,
official-bon-bf105-539718,본설렁탕,얼큰순대국밥+미니모둠수육,BON-BF105-539718,https://www.bonif.co.kr/brand/menu/detail?brdCd=BF105&cmdtIdx=539718,2026-10-02,2026-10-02,CURRENT_MENU_LISTED,,,
official-bon-bf105-539825,본설렁탕,돼지수육국밥+미니모둠수육,BON-BF105-539825,https://www.bonif.co.kr/brand/menu/detail?brdCd=BF105&cmdtIdx=539825,2026-10-02,2026-10-02,CURRENT_MENU_LISTED,,,
official-bon-bf105-539827,본설렁탕,나주식곰탕+미니모둠수육,BON-BF105-539827,https://www.bonif.co.kr/brand/menu/detail?brdCd=BF105&cmdtIdx=539827,2026-10-02,2026-10-02,CURRENT_MENU_LISTED,,,
official-bon-bf105-539710,본설렁탕,한우사골 설렁탕+미니모둠수육,BON-BF105-539710,https://www.bonif.co.kr/brand/menu/detail?brdCd=BF105&cmdtIdx=539710,2026-10-02,2026-10-02,CURRENT_MENU_LISTED,,,
official-bon-bf105-539711,본설렁탕,[고기곱빼기]설렁탕+미니모둠수육,BON-BF105-539711,https://www.bonif.co.kr/brand/menu/detail?brdCd=BF105&cmdtIdx=539711,2026-10-02,2026-10-02,CURRENT_MENU_LISTED,,,
official-bon-bf105-539712,본설렁탕,얼큰설렁탕+미니모둠수육,BON-BF105-539712,https://www.bonif.co.kr/brand/menu/detail?brdCd=BF105&cmdtIdx=539712,2026-10-02,2026-10-02,CURRENT_MENU_LISTED,,,
official-bon-bf105-539713,본설렁탕,[고기곱빼기]얼큰설렁탕+미니사태수육,BON-BF105-539713,https://www.bonif.co.kr/brand/menu/detail?brdCd=BF105&cmdtIdx=539713,2026-10-02,2026-10-02,CURRENT_MENU_LISTED,,,
official-bon-bf105-539720,본설렁탕,떡만두설렁탕+미니모둠수육,BON-BF105-539720,https://www.bonif.co.kr/brand/menu/detail?brdCd=BF105&cmdtIdx=539720,2026-10-02,2026-10-02,CURRENT_MENU_LISTED,,,
official-bon-bf105-539719,본설렁탕,얼큰떡만두설렁탕+미니모둠수육,BON-BF105-539719,https://www.bonif.co.kr/brand/menu/detail?brdCd=BF105&cmdtIdx=539719,2026-10-02,2026-10-02,CURRENT_MENU_LISTED,,,
official-bon-bf105-540205,본설렁탕,오징어 미나리파전,BON-BF105-540205,https://www.bonif.co.kr/brand/menu/detail?brdCd=BF105&cmdtIdx=540205,2026-10-02,2026-10-02,CURRENT_MENU_LISTED,,,
official-bon-bf105-540191,본설렁탕,육전깻잎전(대),BON-BF105-540191,https://www.bonif.co.kr/brand/menu/detail?brdCd=BF105&cmdtIdx=540191,2026-10-02,2026-10-02,CURRENT_MENU_LISTED,,,
official-bon-bf105-539828,본설렁탕,철판 오징어볶음,BON-BF105-539828,https://www.bonif.co.kr/brand/menu/detail?brdCd=BF105&cmdtIdx=539828,2026-10-02,2026-10-02,CURRENT_MENU_LISTED,,,
official-bon-bf105-540301,본설렁탕,우거지 감자탕(소),BON-BF105-540301,https://www.bonif.co.kr/brand/menu/detail?brdCd=BF105&cmdtIdx=540301,2026-10-02,2026-10-02,CURRENT_MENU_LISTED,,,
official-bon-bf105-540302,본설렁탕,우거지 감자탕(중),BON-BF105-540302,https://www.bonif.co.kr/brand/menu/detail?brdCd=BF105&cmdtIdx=540302,2026-10-02,2026-10-02,CURRENT_MENU_LISTED,,,
official-bon-bf105-539723,본설렁탕,미나리수육전골,BON-BF105-539723,https://www.bonif.co.kr/brand/menu/detail?brdCd=BF105&cmdtIdx=539723,2026-10-02,2026-10-02,CURRENT_MENU_LISTED,,,
official-bon-bf105-540237,본설렁탕,감자채전(6pcs),BON-BF105-540237,https://www.bonif.co.kr/brand/menu/detail?brdCd=BF105&cmdtIdx=540237,2026-10-02,2026-10-02,CURRENT_MENU_LISTED,,,
official-bon-bf105-540192,본설렁탕,육전깻잎전(소),BON-BF105-540192,https://www.bonif.co.kr/brand/menu/detail?brdCd=BF105&cmdtIdx=540192,2026-10-02,2026-10-02,CURRENT_MENU_LISTED,,,
official-bon-bf105-539879,본설렁탕,직화 불고기,BON-BF105-539879,https://www.bonif.co.kr/brand/menu/detail?brdCd=BF105&cmdtIdx=539879,2026-10-02,2026-10-02,CURRENT_MENU_LISTED,,,
official-bon-bf105-539724,본설렁탕,고기왕만두(3개),BON-BF105-539724,https://www.bonif.co.kr/brand/menu/detail?brdCd=BF105&cmdtIdx=539724,2026-10-02,2026-10-02,CURRENT_MENU_LISTED,,,
official-bon-bf105-539722,본설렁탕,미니모둠수육,BON-BF105-539722,https://www.bonif.co.kr/brand/menu/detail?brdCd=BF105&cmdtIdx=539722,2026-10-02,2026-10-02,CURRENT_MENU_LISTED,,,
official-bon-bf105-539882,본설렁탕,단호박 식혜,BON-BF105-539882,https://www.bonif.co.kr/brand/menu/detail?brdCd=BF105&cmdtIdx=539882,2026-10-02,2026-10-02,CURRENT_MENU_LISTED,,,
official-bon-bf107-540243,본우리반상,본우리 육(肉)반상,BON-BF107-540243,https://www.bonif.co.kr/brand/menu/detail?brdCd=BF107&cmdtIdx=540243,2026-10-02,2026-10-02,CURRENT_MENU_LISTED,,,
official-bon-bf107-540244,본우리반상,본우리 어(漁)반상,BON-BF107-540244,https://www.bonif.co.kr/brand/menu/detail?brdCd=BF107&cmdtIdx=540244,2026-10-02,2026-10-02,CURRENT_MENU_LISTED,,,
official-bon-bf107-540245,본우리반상,본우리 한상 정찬(2인),BON-BF107-540245,https://www.bonif.co.kr/brand/menu/detail?brdCd=BF107&cmdtIdx=540245,2026-10-02,2026-10-02,CURRENT_MENU_LISTED,,,
official-bon-bf107-540293,본우리반상,파주 장단콩 메밀콩국수 반상,BON-BF107-540293,https://www.bonif.co.kr/brand/menu/detail?brdCd=BF107&cmdtIdx=540293,2026-10-02,2026-10-02,CURRENT_MENU_LISTED,,,
official-bon-bf107-539605,본우리반상,코다리 물냉면과 삼겹수육 반상,BON-BF107-539605,https://www.bonif.co.kr/brand/menu/detail?brdCd=BF107&cmdtIdx=539605,2026-10-02,2026-10-02,CURRENT_MENU_LISTED,,,
official-bon-bf107-539606,본우리반상,코다리 비빔냉면과 삼겹수육 반상,BON-BF107-539606,https://www.bonif.co.kr/brand/menu/detail?brdCd=BF107&cmdtIdx=539606,2026-10-02,2026-10-02,CURRENT_MENU_LISTED,,,
official-bon-bf107-539603,본우리반상,코다리 물냉면,BON-BF107-539603,https://www.bonif.co.kr/brand/menu/detail?brdCd=BF107&cmdtIdx=539603,2026-10-02,2026-10-02,CURRENT_MENU_LISTED,,,
official-bon-bf107-539604,본우리반상,코다리 비빔냉면,BON-BF107-539604,https://www.bonif.co.kr/brand/menu/detail?brdCd=BF107&cmdtIdx=539604,2026-10-02,2026-10-02,CURRENT_MENU_LISTED,,,
official-bon-bf107-539848,본우리반상,통문어 솥밥 반상,BON-BF107-539848,https://www.bonif.co.kr/brand/menu/detail?brdCd=BF107&cmdtIdx=539848,2026-10-02,2026-10-02,CURRENT_MENU_LISTED,,,
official-bon-bf107-539578,본우리반상,완도 전복 솥밥 반상,BON-BF107-539578,https://www.bonif.co.kr/brand/menu/detail?brdCd=BF107&cmdtIdx=539578,2026-10-02,2026-10-02,CURRENT_MENU_LISTED,,,
official-bon-bf107-539582,본우리반상,가지 소고기 솥밥 반상,BON-BF107-539582,https://www.bonif.co.kr/brand/menu/detail?brdCd=BF107&cmdtIdx=539582,2026-10-02,2026-10-02,CURRENT_MENU_LISTED,,,
official-bon-bf107-539581,본우리반상,남도 꼬막 솥밥 반상,BON-BF107-539581,https://www.bonif.co.kr/brand/menu/detail?brdCd=BF107&cmdtIdx=539581,2026-10-02,2026-10-02,CURRENT_MENU_LISTED,,,
official-bon-bf107-539579,본우리반상,버섯영양 솥밥과 되비지찌개 반상,BON-BF107-539579,https://www.bonif.co.kr/brand/menu/detail?brdCd=BF107&cmdtIdx=539579,2026-10-02,2026-10-02,CURRENT_MENU_LISTED,,,
official-bon-bf107-539692,본우리반상,항정살 솥밥 반상,BON-BF107-539692,https://www.bonif.co.kr/brand/menu/detail?brdCd=BF107&cmdtIdx=539692,2026-10-02,2026-10-02,CURRENT_MENU_LISTED,,,
official-bon-bf107-539583,본우리반상,부채살 스테이크 솥밥 반상,BON-BF107-539583,https://www.bonif.co.kr/brand/menu/detail?brdCd=BF107&cmdtIdx=539583,2026-10-02,2026-10-02,CURRENT_MENU_LISTED,,,
official-bon-bf107-539830,본우리반상,바싹불고기 화로반상,BON-BF107-539830,https://www.bonif.co.kr/brand/menu/detail?brdCd=BF107&cmdtIdx=539830,2026-10-02,2026-10-02,CURRENT_MENU_LISTED,,,
official-bon-bf107-539829,본우리반상,더덕제육불고기 화로반상,BON-BF107-539829,https://www.bonif.co.kr/brand/menu/detail?brdCd=BF107&cmdtIdx=539829,2026-10-02,2026-10-02,CURRENT_MENU_LISTED,,,
official-bon-bf107-539831,본우리반상,석갈비 화로반상,BON-BF107-539831,https://www.bonif.co.kr/brand/menu/detail?brdCd=BF107&cmdtIdx=539831,2026-10-02,2026-10-02,CURRENT_MENU_LISTED,,,
official-bon-bf107-539693,본우리반상,오리주물럭 화로 반상,BON-BF107-539693,https://www.bonif.co.kr/brand/menu/detail?brdCd=BF107&cmdtIdx=539693,2026-10-02,2026-10-02,CURRENT_MENU_LISTED,,,
official-bon-bf107-540182,본우리반상,바지락 순두부찌개 반상,BON-BF107-540182,https://www.bonif.co.kr/brand/menu/detail?brdCd=BF107&cmdtIdx=540182,2026-10-02,2026-10-02,CURRENT_MENU_LISTED,,,
official-bon-bf107-539511,본우리반상,우삼겹 된장찌개와 삼겹수육 반상,BON-BF107-539511,https://www.bonif.co.kr/brand/menu/detail?brdCd=BF107&cmdtIdx=539511,2026-10-02,2026-10-02,CURRENT_MENU_LISTED,,,
official-bon-bf107-539694,본우리반상,한우 나주곰탕 반상,BON-BF107-539694,https://www.bonif.co.kr/brand/menu/detail?brdCd=BF107&cmdtIdx=539694,2026-10-02,2026-10-02,CURRENT_MENU_LISTED,,,
official-bon-bf107-540246,본우리반상,사골황태해장국 반상,BON-BF107-540246,https://www.bonif.co.kr/brand/menu/detail?brdCd=BF107&cmdtIdx=540246,2026-10-02,2026-10-02,CURRENT_MENU_LISTED,,,
official-bon-bf107-540204,본우리반상,통마늘 오리주물럭과 돈등심 육전,BON-BF107-540204,https://www.bonif.co.kr/brand/menu/detail?brdCd=BF107&cmdtIdx=540204,2026-10-02,2026-10-02,CURRENT_MENU_LISTED,,,
official-bon-bf107-540203,본우리반상,서울식 대파불고기와 곤드레 들기름 메밀국수,BON-BF107-540203,https://www.bonif.co.kr/brand/menu/detail?brdCd=BF107&cmdtIdx=540203,2026-10-02,2026-10-02,CURRENT_MENU_LISTED,,,
official-bon-bf107-540202,본우리반상,통마늘 오리주물럭,BON-BF107-540202,https://www.bonif.co.kr/brand/menu/detail?brdCd=BF107&cmdtIdx=540202,2026-10-02,2026-10-02,CURRENT_MENU_LISTED,,,
official-bon-bf107-540201,본우리반상,서울식 대파불고기,BON-BF107-540201,https://www.bonif.co.kr/brand/menu/detail?brdCd=BF107&cmdtIdx=540201,2026-10-02,2026-10-02,CURRENT_MENU_LISTED,,,
official-bon-bf107-540200,본우리반상,돈등심 육전,BON-BF107-540200,https://www.bonif.co.kr/brand/menu/detail?brdCd=BF107&cmdtIdx=540200,2026-10-02,2026-10-02,CURRENT_MENU_LISTED,,,
official-bon-bf107-540199,본우리반상,곤드레 들기름 메밀국수,BON-BF107-540199,https://www.bonif.co.kr/brand/menu/detail?brdCd=BF107&cmdtIdx=540199,2026-10-02,2026-10-02,CURRENT_MENU_LISTED,,,
official-bon-bf107-540198,본우리반상,비빕밥 추가,BON-BF107-540198,https://www.bonif.co.kr/brand/menu/detail?brdCd=BF107&cmdtIdx=540198,2026-10-02,2026-10-02,CURRENT_MENU_LISTED,,,
official-bon-bf107-540197,본우리반상,모듬채소 추가,BON-BF107-540197,https://www.bonif.co.kr/brand/menu/detail?brdCd=BF107&cmdtIdx=540197,2026-10-02,2026-10-02,CURRENT_MENU_LISTED,,,
official-bon-bf107-539866,본우리반상,어린이 돈까스 반상,BON-BF107-539866,https://www.bonif.co.kr/brand/menu/detail?brdCd=BF107&cmdtIdx=539866,2026-10-02,2026-10-02,CURRENT_MENU_LISTED,,,
official-bon-bf107-539513,본우리반상,삼겹수육,BON-BF107-539513,https://www.bonif.co.kr/brand/menu/detail?brdCd=BF107&cmdtIdx=539513,2026-10-02,2026-10-02,CURRENT_MENU_LISTED,,,
official-bon-bf107-539422,본우리반상,깻잎전,BON-BF107-539422,https://www.bonif.co.kr/brand/menu/detail?brdCd=BF107&cmdtIdx=539422,2026-10-02,2026-10-02,CURRENT_MENU_LISTED,,,
official-bon-bf107-539425,본우리반상,공기밥,BON-BF107-539425,https://www.bonif.co.kr/brand/menu/detail?brdCd=BF107&cmdtIdx=539425,2026-10-02,2026-10-02,CURRENT_MENU_LISTED,,,
official-bon-bf107-539426,본우리반상,코카 콜라,BON-BF107-539426,https://www.bonif.co.kr/brand/menu/detail?brdCd=BF107&cmdtIdx=539426,2026-10-02,2026-10-02,CURRENT_MENU_LISTED,,,
official-bon-bf107-539427,본우리반상,칠성 사이다,BON-BF107-539427,https://www.bonif.co.kr/brand/menu/detail?brdCd=BF107&cmdtIdx=539427,2026-10-02,2026-10-02,CURRENT_MENU_LISTED,,,
official-bon-bf111-540298,멘지,직화 통닭다리 야끼토리,BON-BF111-540298,https://www.bonif.co.kr/brand/menu/detail?brdCd=BF111&cmdtIdx=540298,2026-10-02,2026-10-02,CURRENT_MENU_LISTED,,,
official-bon-bf111-540275,멘지,수제 라멘 + 미니 등심돈카츠 정식,BON-BF111-540275,https://www.bonif.co.kr/brand/menu/detail?brdCd=BF111&cmdtIdx=540275,2026-10-02,2026-10-02,CURRENT_MENU_LISTED,,,
official-bon-bf111-540276,멘지,수제 등심돈카츠 + 미니 라멘 정식,BON-BF111-540276,https://www.bonif.co.kr/brand/menu/detail?brdCd=BF111&cmdtIdx=540276,2026-10-02,2026-10-02,CURRENT_MENU_LISTED,,,
official-bon-bf111-540279,멘지,토리냉면&미니 등심돈카츠 콤보,BON-BF111-540279,https://www.bonif.co.kr/brand/menu/detail?brdCd=BF111&cmdtIdx=540279,2026-10-02,2026-10-02,CURRENT_MENU_LISTED,,,
official-bon-bf111-540260,멘지,맑은 토리냉면,BON-BF111-540260,https://www.bonif.co.kr/brand/menu/detail?brdCd=BF111&cmdtIdx=540260,2026-10-02,2026-10-02,CURRENT_MENU_LISTED,,,
official-bon-bf111-540261,멘지,진한 토리냉면,BON-BF111-540261,https://www.bonif.co.kr/brand/menu/detail?brdCd=BF111&cmdtIdx=540261,2026-10-02,2026-10-02,CURRENT_MENU_LISTED,,,
official-bon-bf111-540296,멘지,점보 토리냉면,BON-BF111-540296,https://www.bonif.co.kr/brand/menu/detail?brdCd=BF111&cmdtIdx=540296,2026-10-02,2026-10-02,CURRENT_MENU_LISTED,,,
official-bon-bf111-540212,멘지,수제 등심돈카츠,BON-BF111-540212,https://www.bonif.co.kr/brand/menu/detail?brdCd=BF111&cmdtIdx=540212,2026-10-02,2026-10-02,CURRENT_MENU_LISTED,,,
official-bon-bf111-539761,멘지,차슈가득 토리파이탄 라멘,BON-BF111-539761,https://www.bonif.co.kr/brand/menu/detail?brdCd=BF111&cmdtIdx=539761,2026-10-02,2026-10-02,CURRENT_MENU_LISTED,,,
official-bon-bf111-539764,멘지,토리파이탄 라멘,BON-BF111-539764,https://www.bonif.co.kr/brand/menu/detail?brdCd=BF111&cmdtIdx=539764,2026-10-02,2026-10-02,CURRENT_MENU_LISTED,,,
official-bon-bf111-539817,멘지,신(辛) 토리파이탄 라멘,BON-BF111-539817,https://www.bonif.co.kr/brand/menu/detail?brdCd=BF111&cmdtIdx=539817,2026-10-02,2026-10-02,CURRENT_MENU_LISTED,,,
official-bon-bf111-539763,멘지,바질아지헨 파이탄 라멘,BON-BF111-539763,https://www.bonif.co.kr/brand/menu/detail?brdCd=BF111&cmdtIdx=539763,2026-10-02,2026-10-02,CURRENT_MENU_LISTED,,,
official-bon-bf111-539766,멘지,토리 쇼유 라멘,BON-BF111-539766,https://www.bonif.co.kr/brand/menu/detail?brdCd=BF111&cmdtIdx=539766,2026-10-02,2026-10-02,CURRENT_MENU_LISTED,,,
official-bon-bf111-539767,멘지,토리 시오 라멘,BON-BF111-539767,https://www.bonif.co.kr/brand/menu/detail?brdCd=BF111&cmdtIdx=539767,2026-10-02,2026-10-02,CURRENT_MENU_LISTED,,,
official-bon-bf111-539765,멘지,카라 탄탄멘,BON-BF111-539765,https://www.bonif.co.kr/brand/menu/detail?brdCd=BF111&cmdtIdx=539765,2026-10-02,2026-10-02,CURRENT_MENU_LISTED,,,
official-bon-bf111-539834,멘지,야끼토리동,BON-BF111-539834,https://www.bonif.co.kr/brand/menu/detail?brdCd=BF111&cmdtIdx=539834,2026-10-02,2026-10-02,CURRENT_MENU_LISTED,,,
official-bon-bf111-539819,멘지,치킨 가라아게동,BON-BF111-539819,https://www.bonif.co.kr/brand/menu/detail?brdCd=BF111&cmdtIdx=539819,2026-10-02,2026-10-02,CURRENT_MENU_LISTED,,,
official-bon-bf111-540277,멘지,라멘&치킨 가라아게 콤보,BON-BF111-540277,https://www.bonif.co.kr/brand/menu/detail?brdCd=BF111&cmdtIdx=540277,2026-10-02,2026-10-02,CURRENT_MENU_LISTED,,,
official-bon-bf111-540278,멘지,라멘&미니밥 콤보,BON-BF111-540278,https://www.bonif.co.kr/brand/menu/detail?brdCd=BF111&cmdtIdx=540278,2026-10-02,2026-10-02,CURRENT_MENU_LISTED,,,
official-bon-bf111-540213,멘지,미니 등심돈카츠,BON-BF111-540213,https://www.bonif.co.kr/brand/menu/detail?brdCd=BF111&cmdtIdx=540213,2026-10-02,2026-10-02,CURRENT_MENU_LISTED,,,
official-bon-bf111-539770,멘지,치킨 가라아게,BON-BF111-539770,https://www.bonif.co.kr/brand/menu/detail?brdCd=BF111&cmdtIdx=539770,2026-10-02,2026-10-02,CURRENT_MENU_LISTED,,,
official-bon-bf111-539771,멘지,후추 테바나카(3p),BON-BF111-539771,https://www.bonif.co.kr/brand/menu/detail?brdCd=BF111&cmdtIdx=539771,2026-10-02,2026-10-02,CURRENT_MENU_LISTED,,,
official-bon-bf111-539820,멘지,에비후라이(1pcs),BON-BF111-539820,https://www.bonif.co.kr/brand/menu/detail?brdCd=BF111&cmdtIdx=539820,2026-10-02,2026-10-02,CURRENT_MENU_LISTED,,,
official-bon-bf111-539835,멘지,미니 야끼토리동,BON-BF111-539835,https://www.bonif.co.kr/brand/menu/detail?brdCd=BF111&cmdtIdx=539835,2026-10-02,2026-10-02,CURRENT_MENU_LISTED,,,
official-bon-bf111-539920,멘지,미니밥,BON-BF111-539920,https://www.bonif.co.kr/brand/menu/detail?brdCd=BF111&cmdtIdx=539920,2026-10-02,2026-10-02,CURRENT_MENU_LISTED,,,
official-bon-bf111-539921,멘지,미니 치즈밥,BON-BF111-539921,https://www.bonif.co.kr/brand/menu/detail?brdCd=BF111&cmdtIdx=539921,2026-10-02,2026-10-02,CURRENT_MENU_LISTED,,,
official-bon-bf111-539922,멘지,미니 명란밥,BON-BF111-539922,https://www.bonif.co.kr/brand/menu/detail?brdCd=BF111&cmdtIdx=539922,2026-10-02,2026-10-02,CURRENT_MENU_LISTED,,,
official-bon-bf111-539919,멘지,레몬소다,BON-BF111-539919,https://www.bonif.co.kr/brand/menu/detail?brdCd=BF111&cmdtIdx=539919,2026-10-02,2026-10-02,CURRENT_MENU_LISTED,,,
official-bon-bf111-539772,멘지,메론소다,BON-BF111-539772,https://www.bonif.co.kr/brand/menu/detail?brdCd=BF111&cmdtIdx=539772,2026-10-02,2026-10-02,CURRENT_MENU_LISTED,,,
official-bon-bf113-539852,본흑염소·능이삼계탕,진짜 흑염소탕,BON-BF113-539852,https://www.bonif.co.kr/brand/menu/detail?brdCd=BF113&cmdtIdx=539852,2026-10-02,2026-10-02,CURRENT_MENU_LISTED,,,
official-bon-bf113-539853,본흑염소·능이삼계탕,진짜 흑염소탕(특),BON-BF113-539853,https://www.bonif.co.kr/brand/menu/detail?brdCd=BF113&cmdtIdx=539853,2026-10-02,2026-10-02,CURRENT_MENU_LISTED,,,
official-bon-bf113-540196,본흑염소·능이삼계탕,진짜 해장 흑염소죽,BON-BF113-540196,https://www.bonif.co.kr/brand/menu/detail?brdCd=BF113&cmdtIdx=540196,2026-10-02,2026-10-02,CURRENT_MENU_LISTED,,,
official-bon-bf113-540195,본흑염소·능이삼계탕,진짜 보양 흑염소죽,BON-BF113-540195,https://www.bonif.co.kr/brand/menu/detail?brdCd=BF113&cmdtIdx=540195,2026-10-02,2026-10-02,CURRENT_MENU_LISTED,,,
official-bon-bf113-539854,본흑염소·능이삼계탕,흑염소 편백수육,BON-BF113-539854,https://www.bonif.co.kr/brand/menu/detail?brdCd=BF113&cmdtIdx=539854,2026-10-02,2026-10-02,CURRENT_MENU_LISTED,,,
official-bon-bf113-539855,본흑염소·능이삼계탕,흑염소 갈비전골,BON-BF113-539855,https://www.bonif.co.kr/brand/menu/detail?brdCd=BF113&cmdtIdx=539855,2026-10-02,2026-10-02,CURRENT_MENU_LISTED,,,
official-bon-bf113-539856,본흑염소·능이삼계탕,능이삼계탕,BON-BF113-539856,https://www.bonif.co.kr/brand/menu/detail?brdCd=BF113&cmdtIdx=539856,2026-10-02,2026-10-02,CURRENT_MENU_LISTED,,,
official-bon-bf113-539857,본흑염소·능이삼계탕,능이백숙,BON-BF113-539857,https://www.bonif.co.kr/brand/menu/detail?brdCd=BF113&cmdtIdx=539857,2026-10-02,2026-10-02,CURRENT_MENU_LISTED,,,
official-bon-bf113-540125,본흑염소·능이삼계탕,흑염소 철판 갈비구이(소),BON-BF113-540125,https://www.bonif.co.kr/brand/menu/detail?brdCd=BF113&cmdtIdx=540125,2026-10-02,2026-10-02,CURRENT_MENU_LISTED,,,
official-bon-bf113-540124,본흑염소·능이삼계탕,흑염소 철판 갈비구이(대),BON-BF113-540124,https://www.bonif.co.kr/brand/menu/detail?brdCd=BF113&cmdtIdx=540124,2026-10-02,2026-10-02,CURRENT_MENU_LISTED,,,
official-bon-bf113-539858,본흑염소·능이삼계탕,흑염소 배받이전,BON-BF113-539858,https://www.bonif.co.kr/brand/menu/detail?brdCd=BF113&cmdtIdx=539858,2026-10-02,2026-10-02,CURRENT_MENU_LISTED,,,
official-bon-bf113-539859,본흑염소·능이삼계탕,흑염소 갈비육전,BON-BF113-539859,https://www.bonif.co.kr/brand/menu/detail?brdCd=BF113&cmdtIdx=539859,2026-10-02,2026-10-02,CURRENT_MENU_LISTED,,,
official-bon-bf113-539860,본흑염소·능이삼계탕,흑염소 살코기무침,BON-BF113-539860,https://www.bonif.co.kr/brand/menu/detail?brdCd=BF113&cmdtIdx=539860,2026-10-02,2026-10-02,CURRENT_MENU_LISTED,,,
official-bon-bf113-539861,본흑염소·능이삼계탕,진짜 흑염소 진액,BON-BF113-539861,https://www.bonif.co.kr/brand/menu/detail?brdCd=BF113&cmdtIdx=539861,2026-10-02,2026-10-02,CURRENT_MENU_LISTED,,,
