id,brand,name,category,referenceAmount,unit,energyKcal,carbohydrateGrams,proteinGrams,fatGrams,sodiumMilligrams,sourceUrl,sourceDate,verifiedAt,saleState,sourcePage
official-quality-eggdrop-12659f6a2324,에그드랍,햄 앤 치즈 프렌치토스트,토스트·샌드위치,227,g,604,,16.3,,805.5,https://eggdrop.com/menu/view.php?seq=49,,2026-10-04,CURRENT_OFFICIAL_NUTRITION_SNAPSHOT,
official-quality-eggdrop-1cc56c59a082,에그드랍,아보홀릭,토스트·샌드위치,218,g,533,,16.3,,563.1,https://eggdrop.com/menu/view.php?seq=50,,2026-10-04,CURRENT_OFFICIAL_NUTRITION_SNAPSHOT,
official-quality-eggdrop-5446bd8a5a01,에그드랍,아메리칸 햄 치즈,토스트·샌드위치,213,g,609,,30.7,,866.7,https://eggdrop.com/menu/view.php?seq=45,,2026-10-04,CURRENT_OFFICIAL_NUTRITION_SNAPSHOT,
official-quality-eggdrop-7d47874b3b45,에그드랍,베이컨 딥 치즈 번,토스트·샌드위치,225,g,646,,23.4,,972.1,https://eggdrop.com/menu/view.php?seq=51,,2026-10-04,CURRENT_OFFICIAL_NUTRITION_SNAPSHOT,
official-quality-eggdrop-8767c6076e82,에그드랍,미스터 에그,토스트·샌드위치,183,g,511,,25.3,,649.3,https://eggdrop.com/menu/view.php?seq=44,,2026-10-04,CURRENT_OFFICIAL_NUTRITION_SNAPSHOT,
official-quality-eggdrop-92f88de75932,에그드랍,베이컨 더블 치즈,토스트·샌드위치,218,g,598,,21.7,,835.8,https://eggdrop.com/menu/view.php?seq=46,,2026-10-04,CURRENT_OFFICIAL_NUTRITION_SNAPSHOT,
official-quality-eggdrop-a67caa18d6a1,에그드랍,갈릭 베이컨 치즈,토스트·샌드위치,223,g,658,,21.4,,810,https://eggdrop.com/menu/view.php?seq=48,,2026-10-04,CURRENT_OFFICIAL_NUTRITION_SNAPSHOT,
official-quality-eggdrop-d01989c465ec,에그드랍,비프 데리야끼,토스트·샌드위치,250,g,665,,30.6,,860,https://eggdrop.com/menu/view.php?seq=47,,2026-10-04,CURRENT_OFFICIAL_NUTRITION_SNAPSHOT,
official-quality-pokeallday-470b38d0102e,포케올데이,닭다리살 밸런스 박스,샐러드·포케,446,g,603,62,36,23,,https://pokeallday.co.kr/menu_balance_box,,2026-10-04,CURRENT_OFFICIAL_NUTRITION_SNAPSHOT,
official-quality-pokeallday-5348daeb79aa,포케올데이,훈제오리 밸런스 박스,샐러드·포케,446,g,684,58,38,33,,https://pokeallday.co.kr/menu_balance_box,,2026-10-04,CURRENT_OFFICIAL_NUTRITION_SNAPSHOT,
official-quality-pokeallday-631144c60af7,포케올데이,닭가슴살 밸런스 박스,샐러드·포케,446,g,536,57,45,14,,https://pokeallday.co.kr/menu_balance_box,,2026-10-04,CURRENT_OFFICIAL_NUTRITION_SNAPSHOT,
official-quality-pokeallday-7de2c7b68ab3,포케올데이,소고기 밸런스 박스,샐러드·포케,446,g,698,57,42,34,,https://pokeallday.co.kr/menu_balance_box,,2026-10-04,CURRENT_OFFICIAL_NUTRITION_SNAPSHOT,
official-quality-pokeallday-e7e9b01e14b1,포케올데이,두부버섯 밸런스 박스,샐러드·포케,436,g,501,67,22,16,,https://pokeallday.co.kr/menu_balance_box,,2026-10-04,CURRENT_OFFICIAL_NUTRITION_SNAPSHOT,
official-quality-slowcali-0786a82a713d,슬로우캘리,훈제오리 40g,샐러드·포케,40,g,114.5,1.3,6.2,11.9,200.4,https://slowcali.co.kr/bbs/content.php?co_id=menu,,2026-10-04,CURRENT_OFFICIAL_NUTRITION_SNAPSHOT,
official-quality-slowcali-09d8fb1df774,슬로우캘리,콤부차 석류,샐러드·포케,315,g,100,25,0,0,0,https://slowcali.co.kr/bbs/content.php?co_id=menu,,2026-10-04,CURRENT_OFFICIAL_NUTRITION_SNAPSHOT,
official-quality-slowcali-0b81a83489f9,슬로우캘리,참치 포케 (메밀면&샐러드),샐러드·포케,351,g,396.1,52.7,31.2,8.6,396.1,https://slowcali.co.kr/bbs/content.php?co_id=menu,,2026-10-04,CURRENT_OFFICIAL_NUTRITION_SNAPSHOT,
official-quality-slowcali-0f1f4814fdf0,슬로우캘리,오리엔탈 소스,샐러드·포케,35,g,49,8,0.3,2,322,https://slowcali.co.kr/bbs/content.php?co_id=menu,,2026-10-04,CURRENT_OFFICIAL_NUTRITION_SNAPSHOT,
official-quality-slowcali-0fa3c4a6f03f,슬로우캘리,부채살 스테이크 보울 (메밀면&샐러드),샐러드·포케,439,g,613,54.5,37.9,19.6,516,https://slowcali.co.kr/bbs/content.php?co_id=menu,,2026-10-04,CURRENT_OFFICIAL_NUTRITION_SNAPSHOT,
official-quality-slowcali-10469cb1c517,슬로우캘리,스리라차 마요소스,샐러드·포케,40,g,101,9,0.2,8,258,https://slowcali.co.kr/bbs/content.php?co_id=menu,,2026-10-04,CURRENT_OFFICIAL_NUTRITION_SNAPSHOT,
official-quality-slowcali-10e01a89dff2,슬로우캘리,훈제오리 샐러드,샐러드·포케,292,g,394.6,32.4,22.7,19.4,582.9,https://slowcali.co.kr/bbs/content.php?co_id=menu,,2026-10-04,CURRENT_OFFICIAL_NUTRITION_SNAPSHOT,
official-quality-slowcali-151df012213b,슬로우캘리,매콤 깻잎 소이소스,샐러드·포케,35,g,62.4,9.7,0.6,2.7,485,https://slowcali.co.kr/bbs/content.php?co_id=menu,,2026-10-04,CURRENT_OFFICIAL_NUTRITION_SNAPSHOT,
official-quality-slowcali-1622206e1aa6,슬로우캘리,오리엔탈 두부 포케 (현미밥&샐러드),샐러드·포케,366,g,417.3,67.3,17.8,13,417.3,https://slowcali.co.kr/bbs/content.php?co_id=menu,,2026-10-04,CURRENT_OFFICIAL_NUTRITION_SNAPSHOT,
official-quality-slowcali-1add632ce690,슬로우캘리,베이컨칩 5g,샐러드·포케,5,g,27.4,0.1,1.8,2.2,87.5,https://slowcali.co.kr/bbs/content.php?co_id=menu,,2026-10-04,CURRENT_OFFICIAL_NUTRITION_SNAPSHOT,
official-quality-slowcali-1c57c17dddf8,슬로우캘리,어니언 후레이크 18g,샐러드·포케,18,g,74,7.8,0.7,5.3,139.7,https://slowcali.co.kr/bbs/content.php?co_id=menu,,2026-10-04,CURRENT_OFFICIAL_NUTRITION_SNAPSHOT,
official-quality-slowcali-1e2ef8512a74,슬로우캘리,육회 30g,샐러드·포케,30,g,30.1,0,6.3,0.7,15,https://slowcali.co.kr/bbs/content.php?co_id=menu,,2026-10-04,CURRENT_OFFICIAL_NUTRITION_SNAPSHOT,
official-quality-slowcali-250e7cbd17f8,슬로우캘리,블랙페퍼 치킨 보울 (현미밥&샐러드),샐러드·포케,491,g,725.7,69.4,49.7,27,899.2,https://slowcali.co.kr/bbs/content.php?co_id=menu,,2026-10-04,CURRENT_OFFICIAL_NUTRITION_SNAPSHOT,
official-quality-slowcali-27352742c388,슬로우캘리,탄단지데이 샐러드,샐러드·포케,250,g,287.6,23.9,20.5,12.2,376.8,https://slowcali.co.kr/bbs/content.php?co_id=menu,,2026-10-04,CURRENT_OFFICIAL_NUTRITION_SNAPSHOT,
official-quality-slowcali-2be81a2ad038,슬로우캘리,샐러드 30g,샐러드·포케,30,g,6.2,1.4,0.4,0,12.3,https://slowcali.co.kr/bbs/content.php?co_id=menu,,2026-10-04,CURRENT_OFFICIAL_NUTRITION_SNAPSHOT,
official-quality-slowcali-2c7af11f83a0,슬로우캘리,오리엔탈 두부 포케 (샐러드 ONLY),샐러드·포케,266,g,214.2,23.9,15.3,11.7,214.2,https://slowcali.co.kr/bbs/content.php?co_id=menu,,2026-10-04,CURRENT_OFFICIAL_NUTRITION_SNAPSHOT,
official-quality-slowcali-2cdad9a31df7,슬로우캘리,솔트앤페퍼 소스,샐러드·포케,30,g,199.8,0.6,0.3,25.5,540.6,https://slowcali.co.kr/bbs/content.php?co_id=menu,,2026-10-04,CURRENT_OFFICIAL_NUTRITION_SNAPSHOT,
official-quality-slowcali-2ce5b62049d4,슬로우캘리,연.참.문.퐄,샐러드·포케,268,g,341.9,51.4,28.2,4.4,216.1,https://slowcali.co.kr/bbs/content.php?co_id=menu,,2026-10-04,CURRENT_OFFICIAL_NUTRITION_SNAPSHOT,
official-quality-slowcali-35858100716b,슬로우캘리,올인원 포케 (현미밥&샐러드),샐러드·포케,381,g,453.2,61.7,33.4,9.9,453.2,https://slowcali.co.kr/bbs/content.php?co_id=menu,,2026-10-04,CURRENT_OFFICIAL_NUTRITION_SNAPSHOT,
official-quality-slowcali-3b21b05da273,슬로우캘리,라임폰즈 문어 포케 (메밀면&샐러드),샐러드·포케,356,g,353.6,52,30.5,7.4,353.6,https://slowcali.co.kr/bbs/content.php?co_id=menu,,2026-10-04,CURRENT_OFFICIAL_NUTRITION_SNAPSHOT,
official-quality-slowcali-3dfe6a61fd58,슬로우캘리,훈제오리&치킨 더블프로틴 보울(샐러드 ONLY),샐러드·포케,429,g,523.8,28.6,42.9,33.1,702.6,https://slowcali.co.kr/bbs/content.php?co_id=menu,,2026-10-04,CURRENT_OFFICIAL_NUTRITION_SNAPSHOT,
official-quality-slowcali-4272785940ef,슬로우캘리,블랙페퍼 치킨 보울 (메밀면&샐러드),샐러드·포케,491,g,729.1,60.5,52.6,25.5,866.4,https://slowcali.co.kr/bbs/content.php?co_id=menu,,2026-10-04,CURRENT_OFFICIAL_NUTRITION_SNAPSHOT,
official-quality-slowcali-43028619a4ad,슬로우캘리,병아리콩 15g,샐러드·포케,15,g,27.5,4.4,1.4,0.5,0,https://slowcali.co.kr/bbs/content.php?co_id=menu,,2026-10-04,CURRENT_OFFICIAL_NUTRITION_SNAPSHOT,
official-quality-slowcali-44e392d2df7b,슬로우캘리,문어 30g,샐러드·포케,30,g,27.3,0,6.5,0.2,69,https://slowcali.co.kr/bbs/content.php?co_id=menu,,2026-10-04,CURRENT_OFFICIAL_NUTRITION_SNAPSHOT,
official-quality-slowcali-45221c2ec443,슬로우캘리,라임폰즈 소스,샐러드·포케,30,g,30,6.9,0.6,0,417,https://slowcali.co.kr/bbs/content.php?co_id=menu,,2026-10-04,CURRENT_OFFICIAL_NUTRITION_SNAPSHOT,
official-quality-slowcali-47cdfb1811a5,슬로우캘리,삶은 계란 1EA,샐러드·포케,55,g,79.8,0.8,7.4,5.3,60.4,https://slowcali.co.kr/bbs/content.php?co_id=menu,,2026-10-04,CURRENT_OFFICIAL_NUTRITION_SNAPSHOT,
official-quality-slowcali-4dbbfb45ea18,슬로우캘리,부채살 스테이크 보울 (현미밥&샐러드),샐러드·포케,439,g,645.5,63.4,38.2,16.2,328.8,https://slowcali.co.kr/bbs/content.php?co_id=menu,,2026-10-04,CURRENT_OFFICIAL_NUTRITION_SNAPSHOT,
official-quality-slowcali-4f3de41e4628,슬로우캘리,부채살 스테이크 보울 (샐러드 ONLY),샐러드·포케,339,g,442.4,20,32.4,17.7,341.2,https://slowcali.co.kr/bbs/content.php?co_id=menu,,2026-10-04,CURRENT_OFFICIAL_NUTRITION_SNAPSHOT,
official-quality-slowcali-509619beb409,슬로우캘리,소이 소스,샐러드·포케,30,g,35.2,7.8,0.9,0.1,573.6,https://slowcali.co.kr/bbs/content.php?co_id=menu,,2026-10-04,CURRENT_OFFICIAL_NUTRITION_SNAPSHOT,
official-quality-slowcali-5370a2ad46b2,슬로우캘리,육회 포케 (현미밥&샐러드),샐러드·포케,356,g,483,60.7,23.5,16.4,607.1,https://slowcali.co.kr/bbs/content.php?co_id=menu,,2026-10-04,CURRENT_OFFICIAL_NUTRITION_SNAPSHOT,
official-quality-slowcali-53d7e956f486,슬로우캘리,부채살 120g,샐러드·포케,120,g,303.6,0.2,24.8,21.2,69.6,https://slowcali.co.kr/bbs/content.php?co_id=menu,,2026-10-04,CURRENT_OFFICIAL_NUTRITION_SNAPSHOT,
official-quality-slowcali-5b7d806f1081,슬로우캘리,시저 소스,샐러드·포케,40,g,208,7,0.7,22,147,https://slowcali.co.kr/bbs/content.php?co_id=menu,,2026-10-04,CURRENT_OFFICIAL_NUTRITION_SNAPSHOT,
official-quality-slowcali-646b41ee617d,슬로우캘리,라임폰즈 문어 포케 (현미밥&샐러드),샐러드·포케,356,g,386.1,60.8,29.4,8.2,386.1,https://slowcali.co.kr/bbs/content.php?co_id=menu,,2026-10-04,CURRENT_OFFICIAL_NUTRITION_SNAPSHOT,
official-quality-slowcali-6a54190240ab,슬로우캘리,트러플 버섯 포케 (현미밥&샐러드),샐러드·포케,401,g,354.6,66.9,12,8.1,354.6,https://slowcali.co.kr/bbs/content.php?co_id=menu,,2026-10-04,CURRENT_OFFICIAL_NUTRITION_SNAPSHOT,
official-quality-slowcali-6a5bff39c906,슬로우캘리,로스팅 닭다리살 40g,샐러드·포케,40,g,62.4,2.4,6,4,168,https://slowcali.co.kr/bbs/content.php?co_id=menu,,2026-10-04,CURRENT_OFFICIAL_NUTRITION_SNAPSHOT,
official-quality-slowcali-6fea2f26c14c,슬로우캘리,비프&치킨 더블프로틴 보울(샐러드 ONLY),샐러드·포케,439,g,547.8,26,50.4,31.9,719.6,https://slowcali.co.kr/bbs/content.php?co_id=menu,,2026-10-04,CURRENT_OFFICIAL_NUTRITION_SNAPSHOT,
official-quality-slowcali-7249fe909f7f,슬로우캘리,해초볶음 30g,샐러드·포케,30,g,52.7,1.7,0.9,5.7,18,https://slowcali.co.kr/bbs/content.php?co_id=menu,,2026-10-04,CURRENT_OFFICIAL_NUTRITION_SNAPSHOT,
official-quality-slowcali-74826ef591d3,슬로우캘리,트러플 버섯 포케 (메밀면&샐러드),샐러드·포케,401,g,322.1,58,15.6,7.2,322.1,https://slowcali.co.kr/bbs/content.php?co_id=menu,,2026-10-04,CURRENT_OFFICIAL_NUTRITION_SNAPSHOT,
official-quality-slowcali-74cae90a526f,슬로우캘리,문어 포케 (현미밥&샐러드),샐러드·포케,336,g,398.2,61.6,29.1,8.8,398.2,https://slowcali.co.kr/bbs/content.php?co_id=menu,,2026-10-04,CURRENT_OFFICIAL_NUTRITION_SNAPSHOT,
official-quality-slowcali-78014fcd587a,슬로우캘리,프리미엄 연어 스테이크 (메밀면&샐러드),샐러드·포케,465,g,930.5,73.1,37.9,41.1,625.2,https://slowcali.co.kr/bbs/content.php?co_id=menu,,2026-10-04,CURRENT_OFFICIAL_NUTRITION_SNAPSHOT,
official-quality-slowcali-7a5d9c29d27a,슬로우캘리,하와이안 갈릭 쉬림프 (현미밥&샐러드),샐러드·포케,440,g,699,87,32,18,1214,https://slowcali.co.kr/bbs/content.php?co_id=menu,,2026-10-04,CURRENT_OFFICIAL_NUTRITION_SNAPSHOT,
official-quality-slowcali-7ae23a4ca903,슬로우캘리,에다마메 15g,샐러드·포케,15,g,19.4,1.7,1.9,0.6,5.7,https://slowcali.co.kr/bbs/content.php?co_id=menu,,2026-10-04,CURRENT_OFFICIAL_NUTRITION_SNAPSHOT,
official-quality-slowcali-7b2eb34c2fe5,슬로우캘리,연어 30g,샐러드·포케,30,g,31.8,0.1,6.2,0.7,28.5,https://slowcali.co.kr/bbs/content.php?co_id=menu,,2026-10-04,CURRENT_OFFICIAL_NUTRITION_SNAPSHOT,
official-quality-slowcali-7dd6a65938eb,슬로우캘리,참치 포케 (샐러드 ONLY),샐러드·포케,251,g,242.6,18.2,28.9,8.2,225.5,https://slowcali.co.kr/bbs/content.php?co_id=menu,,2026-10-04,CURRENT_OFFICIAL_NUTRITION_SNAPSHOT,
official-quality-slowcali-7f31f86d4542,슬로우캘리,문어 포케 (메밀면&샐러드),샐러드·포케,336,g,365.7,52.7,31.6,7.9,365.7,https://slowcali.co.kr/bbs/content.php?co_id=menu,,2026-10-04,CURRENT_OFFICIAL_NUTRITION_SNAPSHOT,
official-quality-slowcali-8187dbcb2288,슬로우캘리,그래놀라 10g,샐러드·포케,10,g,45.4,7.2,1.9,1.9,15,https://slowcali.co.kr/bbs/content.php?co_id=menu,,2026-10-04,CURRENT_OFFICIAL_NUTRITION_SNAPSHOT,
official-quality-slowcali-825fcfeeb579,슬로우캘리,레드머스타드 소스,샐러드·포케,30,g,61.5,8.4,0.3,3.3,141,https://slowcali.co.kr/bbs/content.php?co_id=menu,,2026-10-04,CURRENT_OFFICIAL_NUTRITION_SNAPSHOT,
official-quality-slowcali-8397ae5395fc,슬로우캘리,블랙페퍼 치킨 보울 (샐러드 ONLY),샐러드·포케,391,g,601.2,31,45.9,24.8,712.2,https://slowcali.co.kr/bbs/content.php?co_id=menu,,2026-10-04,CURRENT_OFFICIAL_NUTRITION_SNAPSHOT,
official-quality-slowcali-85b27cc3a258,슬로우캘리,스파이시 소스,샐러드·포케,35,g,77,6.7,2.9,6,567,https://slowcali.co.kr/bbs/content.php?co_id=menu,,2026-10-04,CURRENT_OFFICIAL_NUTRITION_SNAPSHOT,
official-quality-slowcali-8ba31fce1f20,슬로우캘리,하와이안 갈릭 쉬림프 (샐러드 ONLY),샐러드·포케,340,g,495.8,43.6,28.1,16.7,1226.3,https://slowcali.co.kr/bbs/content.php?co_id=menu,,2026-10-04,CURRENT_OFFICIAL_NUTRITION_SNAPSHOT,
official-quality-slowcali-904a1450e52a,슬로우캘리,하와이안 갈릭 쉬림프 (메밀면&샐러드),샐러드·포케,440,g,666.5,78.1,34.5,17.1,1401.2,https://slowcali.co.kr/bbs/content.php?co_id=menu,,2026-10-04,CURRENT_OFFICIAL_NUTRITION_SNAPSHOT,
official-quality-slowcali-9a23ff864233,슬로우캘리,트러플폰즈 소스,샐러드·포케,30,g,63.5,10.2,0.7,2.3,530.4,https://slowcali.co.kr/bbs/content.php?co_id=menu,,2026-10-04,CURRENT_OFFICIAL_NUTRITION_SNAPSHOT,
official-quality-slowcali-9acb34672c9f,슬로우캘리,참치 30g,샐러드·포케,30,g,38.1,0.1,7.8,0.6,13.2,https://slowcali.co.kr/bbs/content.php?co_id=menu,,2026-10-04,CURRENT_OFFICIAL_NUTRITION_SNAPSHOT,
official-quality-slowcali-9db5851f9f9f,슬로우캘리,육회 포케 (메밀면&샐러드),샐러드·포케,356,g,450,51.8,26,15.8,794.3,https://slowcali.co.kr/bbs/content.php?co_id=menu,,2026-10-04,CURRENT_OFFICIAL_NUTRITION_SNAPSHOT,
official-quality-slowcali-9f0e1f0bbc16,슬로우캘리,크런치 시저 샐러드,샐러드·포케,151,g,189.9,16.4,16.9,6.3,379.2,https://slowcali.co.kr/bbs/content.php?co_id=menu,,2026-10-04,CURRENT_OFFICIAL_NUTRITION_SNAPSHOT,
official-quality-slowcali-a1029ceab769,슬로우캘리,와사비렌치 소스,샐러드·포케,60,g,190.8,15,0.4,17.1,307.5,https://slowcali.co.kr/bbs/content.php?co_id=menu,,2026-10-04,CURRENT_OFFICIAL_NUTRITION_SNAPSHOT,
official-quality-slowcali-a1cace377ce2,슬로우캘리,클래식 소스,샐러드·포케,25,g,35,8,0.8,0,682.5,https://slowcali.co.kr/bbs/content.php?co_id=menu,,2026-10-04,CURRENT_OFFICIAL_NUTRITION_SNAPSHOT,
official-quality-slowcali-a2c449ff7165,슬로우캘리,아보카도 1/4,샐러드·포케,42,g,67.2,3.6,0.8,7.1,2.9,https://slowcali.co.kr/bbs/content.php?co_id=menu,,2026-10-04,CURRENT_OFFICIAL_NUTRITION_SNAPSHOT,
official-quality-slowcali-a4660546ae6a,슬로우캘리,육회 포케 (샐러드 ONLY),샐러드·포케,256,g,279.9,17.3,19.6,15.4,619.4,https://slowcali.co.kr/bbs/content.php?co_id=menu,,2026-10-04,CURRENT_OFFICIAL_NUTRITION_SNAPSHOT,
official-quality-slowcali-a891e79a883f,슬로우캘리,갈릭새우 5EA,샐러드·포케,90,g,88.2,0,19.1,1,109.8,https://slowcali.co.kr/bbs/content.php?co_id=menu,,2026-10-04,CURRENT_OFFICIAL_NUTRITION_SNAPSHOT,
official-quality-slowcali-b1b789657aca,슬로우캘리,크루통 10g,샐러드·포케,10,g,43.2,6.9,1.2,1.8,70,https://slowcali.co.kr/bbs/content.php?co_id=menu,,2026-10-04,CURRENT_OFFICIAL_NUTRITION_SNAPSHOT,
official-quality-slowcali-b1ff59648bb6,슬로우캘리,닭가슴살 에그 포케 (메밀면&샐러드),샐러드·포케,441,g,424.5,52.2,33.6,10.6,424.5,https://slowcali.co.kr/bbs/content.php?co_id=menu,,2026-10-04,CURRENT_OFFICIAL_NUTRITION_SNAPSHOT,
official-quality-slowcali-b69fd02e4ef3,슬로우캘리,유기농 ABC 주스,샐러드·포케,110,g,60,15,0,0,60,https://slowcali.co.kr/bbs/content.php?co_id=menu,,2026-10-04,CURRENT_OFFICIAL_NUTRITION_SNAPSHOT,
official-quality-slowcali-b7811b111fb5,슬로우캘리,닭가슴살 에그 포케 (샐러드 ONLY),샐러드·포케,341,g,293.9,17.7,27.2,10.1,253.9,https://slowcali.co.kr/bbs/content.php?co_id=menu,,2026-10-04,CURRENT_OFFICIAL_NUTRITION_SNAPSHOT,
official-quality-slowcali-bc2cd0f30fb5,슬로우캘리,로스팅 닭다리살 샐러드,샐러드·포케,272,g,323.2,31.2,18,14,427,https://slowcali.co.kr/bbs/content.php?co_id=menu,,2026-10-04,CURRENT_OFFICIAL_NUTRITION_SNAPSHOT,
official-quality-slowcali-c2600a4653d0,슬로우캘리,비프&치킨 더블프로틴 보울(현미밥&샐러드),샐러드·포케,539,g,750.9,69.4,56.2,32.4,737.2,https://slowcali.co.kr/bbs/content.php?co_id=menu,,2026-10-04,CURRENT_OFFICIAL_NUTRITION_SNAPSHOT,
official-quality-slowcali-c40624616c48,슬로우캘리,콤부차 진저레몬,샐러드·포케,315,g,80,20,0,0,0,https://slowcali.co.kr/bbs/content.php?co_id=menu,,2026-10-04,CURRENT_OFFICIAL_NUTRITION_SNAPSHOT,
official-quality-slowcali-c7fe2e85b5d0,슬로우캘리,현미밥 130g,샐러드·포케,130,g,209.3,44.8,4.2,1.3,0,https://slowcali.co.kr/bbs/content.php?co_id=menu,,2026-10-04,CURRENT_OFFICIAL_NUTRITION_SNAPSHOT,
official-quality-slowcali-c926ed1f2e24,슬로우캘리,그라노파다노 치즈 3g,샐러드·포케,3,g,11.9,0,1,1.4,18,https://slowcali.co.kr/bbs/content.php?co_id=menu,,2026-10-04,CURRENT_OFFICIAL_NUTRITION_SNAPSHOT,
official-quality-slowcali-caaacca09bfb,슬로우캘리,날치알 15g,샐러드·포케,15,g,14.1,1.2,1.5,0.5,195.8,https://slowcali.co.kr/bbs/content.php?co_id=menu,,2026-10-04,CURRENT_OFFICIAL_NUTRITION_SNAPSHOT,
official-quality-slowcali-cae6afe3db59,슬로우캘리,서울 고추장 소스,샐러드·포케,35,g,83.9,14.6,1.4,2.6,383.8,https://slowcali.co.kr/bbs/content.php?co_id=menu,,2026-10-04,CURRENT_OFFICIAL_NUTRITION_SNAPSHOT,
official-quality-slowcali-cd10674c964e,슬로우캘리,올인원 포케 (메밀면&샐러드),샐러드·포케,381,g,420.7,52.8,35.9,9,420.7,https://slowcali.co.kr/bbs/content.php?co_id=menu,,2026-10-04,CURRENT_OFFICIAL_NUTRITION_SNAPSHOT,
official-quality-slowcali-cd211ed004d2,슬로우캘리,메밀면 130g,샐러드·포케,130,g,176.8,35.9,6.8,0.5,187.2,https://slowcali.co.kr/bbs/content.php?co_id=menu,,2026-10-04,CURRENT_OFFICIAL_NUTRITION_SNAPSHOT,
official-quality-slowcali-d244cf77372d,슬로우캘리,블랙페퍼 닭다리살 70g,샐러드·포케,70,g,109.2,4.2,10.5,7,294,https://slowcali.co.kr/bbs/content.php?co_id=menu,,2026-10-04,CURRENT_OFFICIAL_NUTRITION_SNAPSHOT,
official-quality-slowcali-d431fbbb2b95,슬로우캘리,스파이시 토마토 야채 스프,샐러드·포케,240,g,51.7,9,1.5,1.8,241.9,https://slowcali.co.kr/bbs/content.php?co_id=menu,,2026-10-04,CURRENT_OFFICIAL_NUTRITION_SNAPSHOT,
official-quality-slowcali-d44d57217ead,슬로우캘리,비프&치킨 더블프로틴 보울(메밀면&샐러드),샐러드·포케,539,g,718.4,60.5,55.9,33.8,824.4,https://slowcali.co.kr/bbs/content.php?co_id=menu,,2026-10-04,CURRENT_OFFICIAL_NUTRITION_SNAPSHOT,
official-quality-slowcali-d55d574ae482,슬로우캘리,부채살 스테이크 통밀랩,샐러드·포케,225,g,512,38,29,24,973,https://slowcali.co.kr/bbs/content.php?co_id=menu,,2026-10-04,CURRENT_OFFICIAL_NUTRITION_SNAPSHOT,
official-quality-slowcali-d575aeac6d62,슬로우캘리,프리미엄 연어 스테이크 (샐러드 ONLY),샐러드·포케,365,g,759.8,38.6,33.9,40.7,450.3,https://slowcali.co.kr/bbs/content.php?co_id=menu,,2026-10-04,CURRENT_OFFICIAL_NUTRITION_SNAPSHOT,
official-quality-slowcali-dc28f13a796d,슬로우캘리,닭가슴살 40g,샐러드·포케,40,g,46,0,10,0.6,208,https://slowcali.co.kr/bbs/content.php?co_id=menu,,2026-10-04,CURRENT_OFFICIAL_NUTRITION_SNAPSHOT,
official-quality-slowcali-dfacee991478,슬로우캘리,참치 포케 (현미밥&샐러드),샐러드·포케,351,g,428.6,61.6,30.7,9.5,428.6,https://slowcali.co.kr/bbs/content.php?co_id=menu,,2026-10-04,CURRENT_OFFICIAL_NUTRITION_SNAPSHOT,
official-quality-slowcali-e21feb2da021,슬로우캘리,사워크림 랩 소스,샐러드·포케,30,g,88.5,4.5,0.6,9.9,195,https://slowcali.co.kr/bbs/content.php?co_id=menu,,2026-10-04,CURRENT_OFFICIAL_NUTRITION_SNAPSHOT,
official-quality-slowcali-e5edf17cce08,슬로우캘리,아보카도 1/2,샐러드·포케,85,g,136,7.3,1.7,14.3,6,https://slowcali.co.kr/bbs/content.php?co_id=menu,,2026-10-04,CURRENT_OFFICIAL_NUTRITION_SNAPSHOT,
official-quality-slowcali-e6aaa6900f3f,슬로우캘리,할라피뇨 10g,샐러드·포케,10,g,1.8,0.3,0,0,126.5,https://slowcali.co.kr/bbs/content.php?co_id=menu,,2026-10-04,CURRENT_OFFICIAL_NUTRITION_SNAPSHOT,
official-quality-slowcali-e832b5266dac,슬로우캘리,프리미엄 연어 스테이크 (현미밥&샐러드),샐러드·포케,465,g,963,82,37.8,42,438,https://slowcali.co.kr/bbs/content.php?co_id=menu,,2026-10-04,CURRENT_OFFICIAL_NUTRITION_SNAPSHOT,
official-quality-slowcali-e9edceff679e,슬로우캘리,훈제오리&치킨 더블프로틴 보울(현미밥&샐러드),샐러드·포케,529,g,726.9,71.9,46.9,34.8,726.9,https://slowcali.co.kr/bbs/content.php?co_id=menu,,2026-10-04,CURRENT_OFFICIAL_NUTRITION_SNAPSHOT,
official-quality-slowcali-edba9a1ea6fe,슬로우캘리,발사믹 소스,샐러드·포케,35,g,48,9,0.1,2,314,https://slowcali.co.kr/bbs/content.php?co_id=menu,,2026-10-04,CURRENT_OFFICIAL_NUTRITION_SNAPSHOT,
official-quality-slowcali-ee5e4f91853f,슬로우캘리,두부 40g,샐러드·포케,40,g,50,4,2.1,3.2,6.4,https://slowcali.co.kr/bbs/content.php?co_id=menu,,2026-10-04,CURRENT_OFFICIAL_NUTRITION_SNAPSHOT,
official-quality-slowcali-f1fef49abbc1,슬로우캘리,훈제오리&치킨 더블프로틴 보울(메밀면&샐러드),샐러드·포케,529,g,694.4,63.1,48.5,33.6,834.6,https://slowcali.co.kr/bbs/content.php?co_id=menu,,2026-10-04,CURRENT_OFFICIAL_NUTRITION_SNAPSHOT,
official-quality-slowcali-f58264c9e2e7,슬로우캘리,구운버섯 40g,샐러드·포케,40,g,15.4,2.4,1.1,0.1,2,https://slowcali.co.kr/bbs/content.php?co_id=menu,,2026-10-04,CURRENT_OFFICIAL_NUTRITION_SNAPSHOT,
official-quality-slowcali-f652e773f712,슬로우캘리,구운 단호박 2EA,샐러드·포케,50,g,25.5,7.7,0.9,0.4,0,https://slowcali.co.kr/bbs/content.php?co_id=menu,,2026-10-04,CURRENT_OFFICIAL_NUTRITION_SNAPSHOT,
official-quality-slowcali-f89ba911bbee,슬로우캘리,닭가슴살 에그 포케 (현미밥&샐러드),샐러드·포케,441,g,457,61.1,31.1,11.4,457,https://slowcali.co.kr/bbs/content.php?co_id=menu,,2026-10-04,CURRENT_OFFICIAL_NUTRITION_SNAPSHOT,
official-quality-slowcali-fb00c3c496d3,슬로우캘리,오리엔탈 두부 포케 (메밀면&샐러드),샐러드·포케,366,g,384.8,58.4,20.5,12.2,384.8,https://slowcali.co.kr/bbs/content.php?co_id=menu,,2026-10-04,CURRENT_OFFICIAL_NUTRITION_SNAPSHOT,
official-quality-slowcali-fb4be08a8ae5,슬로우캘리,닭가슴살 에그 통밀랩,샐러드·포케,229,g,409,31,27,16,865,https://slowcali.co.kr/bbs/content.php?co_id=menu,,2026-10-04,CURRENT_OFFICIAL_NUTRITION_SNAPSHOT,
official-quality-subway-026f1edfacbc,써브웨이,스테이크 & 머쉬룸 샐러드,salad,314,g,193,,20.2,,514,https://www.subway.co.kr/menuView/salad?menuItemIdx=1585,,2026-10-04,CURRENT_OFFICIAL_NUTRITION_SNAPSHOT,
official-quality-subway-02a71989ca62,써브웨이,쉬림프,sandwich,209,g,241,,16.3,,415,https://www.subway.co.kr/menuView/sandwich?menuItemIdx=1520,,2026-10-04,CURRENT_OFFICIAL_NUTRITION_SNAPSHOT,
official-quality-subway-03ffe5a06407,써브웨이,에그마요 베이컨 그레인 샐러드,grain_salad,359,g,497,,19.3,,683,https://www.subway.co.kr/menuView/grain_salad?menuItemIdx=1592,,2026-10-04,CURRENT_OFFICIAL_NUTRITION_SNAPSHOT,
official-quality-subway-0b08236432aa,써브웨이,치킨 슬라이스,sandwich,221,g,265,,18.6,,751,https://www.subway.co.kr/menuView/sandwich?menuItemIdx=1449,,2026-10-04,CURRENT_OFFICIAL_NUTRITION_SNAPSHOT,
official-quality-subway-0e96216d54ec,써브웨이,로스트 치킨 아보카도,sandwich,267,g,356,,26.6,,694,https://www.subway.co.kr/menuView/sandwich?menuItemIdx=1613,,2026-10-04,CURRENT_OFFICIAL_NUTRITION_SNAPSHOT,
official-quality-subway-11f1718eec73,써브웨이,로스트 치킨 베이컨 샐러드,salad,296,g,216,,22.5,,704,https://www.subway.co.kr/menuView/salad?menuItemIdx=1583,,2026-10-04,CURRENT_OFFICIAL_NUTRITION_SNAPSHOT,
official-quality-subway-1269820f04f1,써브웨이,치킨 데리야끼,sandwich,255,g,314,,26.5,,698,https://www.subway.co.kr/menuView/sandwich?menuItemIdx=1521,,2026-10-04,CURRENT_OFFICIAL_NUTRITION_SNAPSHOT,
official-quality-subway-185dfa3e9224,써브웨이,스파이시 쉬림프,sandwich,213,g,245,,16.5,,570,https://www.subway.co.kr/menuView/sandwich?menuItemIdx=1518,,2026-10-04,CURRENT_OFFICIAL_NUTRITION_SNAPSHOT,
official-quality-subway-1ef6bf91e2c1,써브웨이,머쉬룸(F),sandwich,235,g,245,,11.8,,376,https://www.subway.co.kr/menuView/sandwich?menuItemIdx=1526,,2026-10-04,CURRENT_OFFICIAL_NUTRITION_SNAPSHOT,
official-quality-subway-2001caaf4b3b,써브웨이,쉬림프 아보카도 그레인 샐러드,grain_salad,350,g,327,,16.5,,411,https://www.subway.co.kr/menuView/grain_salad?menuItemIdx=1591,,2026-10-04,CURRENT_OFFICIAL_NUTRITION_SNAPSHOT,
official-quality-subway-22805f0b9a4e,써브웨이,비엘티,sandwich,182,g,300,,15.9,,666,https://www.subway.co.kr/menuView/sandwich?menuItemIdx=1529,,2026-10-04,CURRENT_OFFICIAL_NUTRITION_SNAPSHOT,
official-quality-subway-22c256907baa,써브웨이,Bacon Cheesy 웨지 포테이토,sidedrink,124,g,247,,9.3,,679,https://www.subway.co.kr/menuView/sidedrink?menuItemIdx=1323,,2026-10-04,CURRENT_OFFICIAL_NUTRITION_SNAPSHOT,
official-quality-subway-24345cad8cb5,써브웨이,웨지 포테이토,sidedrink,100,g,140,,2.5,,369,https://www.subway.co.kr/menuView/sidedrink?menuItemIdx=1321,,2026-10-04,CURRENT_OFFICIAL_NUTRITION_SNAPSHOT,
official-quality-subway-3122955efaf9,써브웨이,스파이시 쉬림프 타코 샐러드,salad,520,g,713,,27.4,,1841,https://www.subway.co.kr/menuView/salad?menuItemIdx=1589,,2026-10-04,CURRENT_OFFICIAL_NUTRITION_SNAPSHOT,
official-quality-subway-3412729aab33,써브웨이,로티세리 치킨 타코 샐러드,salad,526,g,802,,37.8,,1881,https://www.subway.co.kr/menuView/salad?menuItemIdx=1588,,2026-10-04,CURRENT_OFFICIAL_NUTRITION_SNAPSHOT,
official-quality-subway-3c88fb7f75b8,써브웨이,풀드포크 바비큐,sandwich,235,g,327,,24.8,,689,https://www.subway.co.kr/menuView/sandwich?menuItemIdx=1524,,2026-10-04,CURRENT_OFFICIAL_NUTRITION_SNAPSHOT,
official-quality-subway-416af61316b0,써브웨이,라즈베리 치즈케익,sidedrink,45,g,204,,2,,176,https://www.subway.co.kr/menuView/sidedrink?menuItemIdx=1310,,2026-10-04,CURRENT_OFFICIAL_NUTRITION_SNAPSHOT,
official-quality-subway-44c34e967bb5,써브웨이,스파이시 쉬림프 타코 그레인 샐러드,grain_salad,600,g,861,,31.4,,2136,https://www.subway.co.kr/menuView/grain_salad?menuItemIdx=1597,,2026-10-04,CURRENT_OFFICIAL_NUTRITION_SNAPSHOT,
official-quality-subway-4947b7c366aa,써브웨이,로티세리 치킨 더블치즈 샐러드,salad,318,g,294,,30.4,,640,https://www.subway.co.kr/menuView/salad?menuItemIdx=1582,,2026-10-04,CURRENT_OFFICIAL_NUTRITION_SNAPSHOT,
official-quality-subway-52e02dfb20a9,써브웨이,스테이크 & 치즈,sandwich,245,g,355,,28.1,,780,https://www.subway.co.kr/menuView/sandwich?menuItemIdx=1519,,2026-10-04,CURRENT_OFFICIAL_NUTRITION_SNAPSHOT,
official-quality-subway-5c7c8c124f43,써브웨이,써브웨이 클럽,sandwich,216,g,299,,19.8,,853,https://www.subway.co.kr/menuView/sandwich?menuItemIdx=1511,,2026-10-04,CURRENT_OFFICIAL_NUTRITION_SNAPSHOT,
official-quality-subway-5d5b7ee3fffe,써브웨이,스테이크 & 머쉬룸 그레인 샐러드,grain_salad,374,g,338,,24,,568,https://www.subway.co.kr/menuView/grain_salad?menuItemIdx=1590,,2026-10-04,CURRENT_OFFICIAL_NUTRITION_SNAPSHOT,
official-quality-subway-628a263bd9b9,써브웨이,로스트 치킨,sandwich,237,g,300,,26,,605,https://www.subway.co.kr/menuView/sandwich?menuItemIdx=1401,,2026-10-04,CURRENT_OFFICIAL_NUTRITION_SNAPSHOT,
official-quality-subway-633e5e7c8f5a,써브웨이,스테이크 & 치즈 아보카도 랩,unit,249,g,478,,22.3,,1009,https://www.subway.co.kr/menuView/unit?menuItemIdx=1342,,2026-10-04,CURRENT_OFFICIAL_NUTRITION_SNAPSHOT,
official-quality-subway-659e7dda7864,써브웨이,Cheesy 웨지 포테이토,sidedrink,114,g,194,,5.8,,454,https://www.subway.co.kr/menuView/sidedrink?menuItemIdx=1322,,2026-10-04,CURRENT_OFFICIAL_NUTRITION_SNAPSHOT,
official-quality-subway-66ac41d167d2,써브웨이,참치 아보카도 그레인 샐러드,grain_salad,379,g,400,,26.9,,550,https://www.subway.co.kr/menuView/grain_salad?menuItemIdx=1595,,2026-10-04,CURRENT_OFFICIAL_NUTRITION_SNAPSHOT,
official-quality-subway-6c41bd322c51,써브웨이,로티세리 치킨 더블치즈 그레인 샐러드,grain_salad,378,g,439,,34.2,,694,https://www.subway.co.kr/menuView/grain_salad?menuItemIdx=1594,,2026-10-04,CURRENT_OFFICIAL_NUTRITION_SNAPSHOT,
official-quality-subway-6ca504fcd641,써브웨이,안창비프&머쉬룸(S),sandwich,225,g,283,,15.2,,668,https://www.subway.co.kr/menuView/sandwich?menuItemIdx=1514,,2026-10-04,CURRENT_OFFICIAL_NUTRITION_SNAPSHOT,
official-quality-subway-6cd1252b2a04,써브웨이,화이트 초코 마카다미아,sidedrink,45,g,245,,2.1,,178,https://www.subway.co.kr/menuView/sidedrink?menuItemIdx=1311,,2026-10-04,CURRENT_OFFICIAL_NUTRITION_SNAPSHOT,
official-quality-subway-7017b2ef2329,써브웨이,치킨 베이컨 미니 랩,unit,161,g,391,,20.8,,1091,https://www.subway.co.kr/menuView/unit?menuItemIdx=1381,,2026-10-04,CURRENT_OFFICIAL_NUTRITION_SNAPSHOT,
official-quality-subway-70fdb2cd788f,써브웨이,머쉬룸(S),sandwich,226,g,224,,10,,503,https://www.subway.co.kr/menuView/sandwich?menuItemIdx=1526,,2026-10-04,CURRENT_OFFICIAL_NUTRITION_SNAPSHOT,
official-quality-subway-77be02d2e267,써브웨이,안창 비프,sandwich,235,g,342,,21.6,,830,https://www.subway.co.kr/menuView/sandwich?menuItemIdx=1515,,2026-10-04,CURRENT_OFFICIAL_NUTRITION_SNAPSHOT,
official-quality-subway-7aefc65dc710,써브웨이,참치,sandwich,238,g,316,,26.9,,535,https://www.subway.co.kr/menuView/sandwich?menuItemIdx=1532,,2026-10-04,CURRENT_OFFICIAL_NUTRITION_SNAPSHOT,
official-quality-subway-7c7c3bab8afe,써브웨이,피자썹,sandwich,205,g,551,,22.9,,1183,https://www.subway.co.kr/menuView/sandwich?menuItemIdx=1611,,2026-10-04,CURRENT_OFFICIAL_NUTRITION_SNAPSHOT,
official-quality-subway-7d8744f95095,써브웨이,에그 슬라이스,sandwich,214,g,279,,15.2,,447,https://www.subway.co.kr/menuView/sandwich?menuItemIdx=1469,,2026-10-04,CURRENT_OFFICIAL_NUTRITION_SNAPSHOT,
official-quality-subway-82774e3dc812,써브웨이,로티세리 바비큐 치킨,sandwich,249,g,327,,29.1,,542,https://www.subway.co.kr/menuView/sandwich?menuItemIdx=1406,,2026-10-04,CURRENT_OFFICIAL_NUTRITION_SNAPSHOT,
official-quality-subway-83d2e5889d65,써브웨이,에그마요,sandwich,238,g,416,,16.4,,554,https://www.subway.co.kr/menuView/sandwich?menuItemIdx=1530,,2026-10-04,CURRENT_OFFICIAL_NUTRITION_SNAPSHOT,
official-quality-subway-85ab44c255d5,써브웨이,미니 로티세리 치킨 샐러드,salad,94,g,42,,5.3,,72,https://www.subway.co.kr/menuView/salad?menuItemIdx=1473,,2026-10-04,CURRENT_OFFICIAL_NUTRITION_SNAPSHOT,
official-quality-subway-899bbe98906e,써브웨이,"잠봉, 에그&치즈",morning,181,g,319,,20.3,,951,https://www.subway.co.kr/menuView/morning?menuItemIdx=1339,,2026-10-04,CURRENT_OFFICIAL_NUTRITION_SNAPSHOT,
official-quality-subway-8a82a61151ee,써브웨이,아기맹새우,sandwich,301,g,511,,22,,1028,https://www.subway.co.kr/menuView/sandwich?menuItemIdx=1612,,2026-10-04,CURRENT_OFFICIAL_NUTRITION_SNAPSHOT,
official-quality-subway-8caf96306a86,써브웨이,참치 아보카도 샐러드,salad,319,g,255,,23,,496,https://www.subway.co.kr/menuView/salad?menuItemIdx=1580,,2026-10-04,CURRENT_OFFICIAL_NUTRITION_SNAPSHOT,
official-quality-subway-8d96fd03e66b,써브웨이,잠봉,sandwich,215,g,376,,18.3,,621,https://www.subway.co.kr/menuView/sandwich?menuItemIdx=1570,,2026-10-04,CURRENT_OFFICIAL_NUTRITION_SNAPSHOT,
official-quality-subway-90e094754a76,써브웨이,로티세리 치킨 타코 그레인 샐러드,grain_salad,606,g,951,,41.8,,1937,https://www.subway.co.kr/menuView/grain_salad?menuItemIdx=1598,,2026-10-04,CURRENT_OFFICIAL_NUTRITION_SNAPSHOT,
official-quality-subway-9b0081f452a2,써브웨이,더블 초코칩,sidedrink,45,g,212,,2,,165,https://www.subway.co.kr/menuView/sidedrink?menuItemIdx=1307,,2026-10-04,CURRENT_OFFICIAL_NUTRITION_SNAPSHOT,
official-quality-subway-a0b95d339886,써브웨이,잠봉 플러스,sandwich,251,g,475,,24.3,,828,https://www.subway.co.kr/menuView/sandwich?menuItemIdx=1571,,2026-10-04,CURRENT_OFFICIAL_NUTRITION_SNAPSHOT,
official-quality-subway-a2a4d5683c6f,써브웨이,에그마요 베이컨 샐러드,salad,299,g,352,,15.5,,629,https://www.subway.co.kr/menuView/salad?menuItemIdx=1581,,2026-10-04,CURRENT_OFFICIAL_NUTRITION_SNAPSHOT,
official-quality-subway-ae49ebc3651f,써브웨이,풀드포크 타코 그레인 샐러드,grain_salad,606,g,968,,39.9,,2003,https://www.subway.co.kr/menuView/grain_salad?menuItemIdx=1599,,2026-10-04,CURRENT_OFFICIAL_NUTRITION_SNAPSHOT,
official-quality-subway-b2f54c0a5caa,써브웨이,로스트 치킨 베이컨 그레인 샐러드,grain_salad,356,g,362,,26.3,,758,https://www.subway.co.kr/menuView/grain_salad?menuItemIdx=1593,,2026-10-04,CURRENT_OFFICIAL_NUTRITION_SNAPSHOT,
official-quality-subway-bebec5bb5a60,써브웨이,이탈리안 비엠티,sandwich,228,g,388,,21,,1064,https://www.subway.co.kr/menuView/sandwich?menuItemIdx=1528,,2026-10-04,CURRENT_OFFICIAL_NUTRITION_SNAPSHOT,
official-quality-subway-c11a2a1cf5c2,써브웨이,스파이시 이탈리안,sandwich,224,g,464,,20.7,,1250,https://www.subway.co.kr/menuView/sandwich?menuItemIdx=1522,,2026-10-04,CURRENT_OFFICIAL_NUTRITION_SNAPSHOT,
official-quality-subway-cdf173b3fcaf,써브웨이,"잠봉, 에그 & 치즈 랩",morning,171,g,288,,8,,667,https://www.subway.co.kr/menuView/morning?menuItemIdx=1335,,2026-10-04,CURRENT_OFFICIAL_NUTRITION_SNAPSHOT,
official-quality-subway-d284edb2ea7f,써브웨이,쉬림프 에그마요 랩,unit,253,g,516,,20.1,,1082,https://www.subway.co.kr/menuView/unit?menuItemIdx=1382,,2026-10-04,CURRENT_OFFICIAL_NUTRITION_SNAPSHOT,
official-quality-subway-d550ef40160a,써브웨이,초코칩,sidedrink,45,g,228,,2.1,,165,https://www.subway.co.kr/menuView/sidedrink?menuItemIdx=1308,,2026-10-04,CURRENT_OFFICIAL_NUTRITION_SNAPSHOT,
official-quality-subway-d633df0bd681,써브웨이,"웨스턴, 에그 & 치즈",morning,208,g,315,,18.2,,849,https://www.subway.co.kr/menuView/morning?menuItemIdx=1340,,2026-10-04,CURRENT_OFFICIAL_NUTRITION_SNAPSHOT,
official-quality-subway-d67759e7643f,써브웨이,안창비프&머쉬룸(F),sandwich,235,g,292,,16.5,,598,https://www.subway.co.kr/menuView/sandwich?menuItemIdx=1514,,2026-10-04,CURRENT_OFFICIAL_NUTRITION_SNAPSHOT,
official-quality-subway-e34b3bc13ae8,써브웨이,오트밀 레이즌,sidedrink,45,g,200,,2.4,,130,https://www.subway.co.kr/menuView/sidedrink?menuItemIdx=1309,,2026-10-04,CURRENT_OFFICIAL_NUTRITION_SNAPSHOT,
official-quality-subway-e6ea2a997398,써브웨이,베지,sandwich,164,g,209,,9.2,,262,https://www.subway.co.kr/menuView/sandwich?menuItemIdx=1403,,2026-10-04,CURRENT_OFFICIAL_NUTRITION_SNAPSHOT,
official-quality-subway-e71fe5fde1e3,써브웨이,"웨스턴, 에그 & 치즈 랩",morning,198,g,298,,8,,669,https://www.subway.co.kr/menuView/morning?menuItemIdx=1336,,2026-10-04,CURRENT_OFFICIAL_NUTRITION_SNAPSHOT,
official-quality-subway-ec2e335a7c37,써브웨이,그린 샐러드,salad,214,g,91.8,,4.8,,111,https://www.subway.co.kr/menuView/salad?menuItemIdx=1579,,2026-10-04,CURRENT_OFFICIAL_NUTRITION_SNAPSHOT,
official-quality-subway-ed0c15cd5b74,써브웨이,풀드포크 타코 샐러드,salad,526,g,820,,35.9,,1947,https://www.subway.co.kr/menuView/salad?menuItemIdx=1587,,2026-10-04,CURRENT_OFFICIAL_NUTRITION_SNAPSHOT,
official-quality-subway-f590157db9c1,써브웨이,치킨 베이컨 아보카도,sandwich,246,g,355,,20.2,,940,https://www.subway.co.kr/menuView/sandwich?menuItemIdx=1448,,2026-10-04,CURRENT_OFFICIAL_NUTRITION_SNAPSHOT,
official-quality-subway-f63e4053cd85,써브웨이,그린 그레인 샐러드,grain_salad,274,g,237,,8.6,,165,https://www.subway.co.kr/menuView/grain_salad?menuItemIdx=1596,,2026-10-04,CURRENT_OFFICIAL_NUTRITION_SNAPSHOT,
official-quality-subway-fde946a26ff3,써브웨이,쉬림프 아보카도 샐러드,salad,290,g,182,,12.6,,357,https://www.subway.co.kr/menuView/salad?menuItemIdx=1584,,2026-10-04,CURRENT_OFFICIAL_NUTRITION_SNAPSHOT,
