foodItemId,sourceFoodCode,name,brand,priorSelectedGrams,originalReferenceGrams,decision,selectedCandidateGrams,householdUnitPreserved,reason,originalSourceUrl,fieldDefinitionUrl,sourceDate,checkedAt,parserVersion,healthMaximum,blanketCapApplied
kfind-d305-233000000-0001,D305-233000000-0001,소탕,,600,150,FIXED_MEASURED_REFERENCE,150,g,국·탕 category가 600g까지 자동 확대해 원본 제사음식 1회 참고량의 4배를 선택함; 정확 식품코드 원본 150g를 고정 g 후보로 사용,https://various.foodsafetykorea.go.kr/nutrient/general/down/list.do,https://www.data.go.kr/bbs/rcr/selectRecsroom.do?atchFileId=FILE_000000003049184&originId=PDS_0000000001227,2014-09-30,2026-10-04,catalog-recommendation-portion-review-v1,False,False
kfind-d303-177000000-0002,D303-177000000-0002,팟타이,,350,100,FIXED_MEASURED_REFERENCE,100,g,면 category가 350g까지 자동 확대해 원본 참고량의 3.5배를 선택함; 정확 식품코드 원본 100g를 고정 g 후보로 사용,https://various.foodsafetykorea.go.kr/nutrient/general/down/list.do,https://www.data.go.kr/bbs/rcr/selectRecsroom.do?atchFileId=FILE_000000003049184&originId=PDS_0000000001227,2022-06-30,2026-10-04,catalog-recommendation-portion-review-v1,False,False
kfind-d202-115000000-0001,D202-115000000-0001,토스트_갈릭스틱토스트,파리바게뜨,100,41,FIXED_MEASURED_REFERENCE,41,g,파리바게뜨의 정확 분석 제품 코드·이름·브랜드 확인; 빵 category 100g 확대는 원본 41g 참고량의 2.44배; 제품 개수는 추정하지 않고 41g 고정,https://various.foodsafetykorea.go.kr/nutrient/general/down/list.do,https://www.data.go.kr/bbs/rcr/selectRecsroom.do?atchFileId=FILE_000000003049184&originId=PDS_0000000001227,2022-10-30,2026-10-04,catalog-recommendation-portion-review-v1,False,False
kfind-d106-289000000-0001,D106-289000000-0001,소고기전골,,550,300,FIXED_MEASURED_REFERENCE,300,g,전골 category 550g 확대는 원본 300g 참고량의 1.83배; kcal 부족을 채우는 확대 대신 정확 원본 300g 고정,https://various.foodsafetykorea.go.kr/nutrient/general/down/list.do,https://www.data.go.kr/bbs/rcr/selectRecsroom.do?atchFileId=FILE_000000003049184&originId=PDS_0000000001227,2019-12-31,2026-10-04,catalog-recommendation-portion-review-v1,False,False
kfind-d306-267000000-0001,D306-267000000-0001,꽁치찌개,,550,300,FIXED_MEASURED_REFERENCE,300,g,찌개 category 550g 확대는 원본 300g 참고량의 1.83배; 정확 원본 300g 고정,https://various.foodsafetykorea.go.kr/nutrient/general/down/list.do,https://www.data.go.kr/bbs/rcr/selectRecsroom.do?atchFileId=FILE_000000003049184&originId=PDS_0000000001227,2017-12-31,2026-10-04,catalog-recommendation-portion-review-v1,False,False
kfind-d306-276000000-0001,D306-276000000-0001,두부전골,,550,500,FIXED_MEASURED_REFERENCE,500,g,550g은 원본의 1.1배로 비현실적인 양이라고 단정하지 않음; g-only 음식에 정확 원본 500g 참고 후보가 있어 일반 category 확대 550g보다 이를 우선,https://various.foodsafetykorea.go.kr/nutrient/general/down/list.do,https://www.data.go.kr/bbs/rcr/selectRecsroom.do?atchFileId=FILE_000000003049184&originId=PDS_0000000001227,2016-10-31,2026-10-04,catalog-recommendation-portion-review-v1,False,False
kfind-d308-374000000-0001,D308-374000000-0001,돼지껍데기구이,,150,100,FIXED_MEASURED_REFERENCE,100,g,150g은 개인 건강상한 위반이라고 단정하지 않음; 정확 원본 참고량 100g를 g-only 고정 후보로 제공하여 kcal 목표로 인한 확대 방지,https://various.foodsafetykorea.go.kr/nutrient/general/down/list.do,https://www.data.go.kr/bbs/rcr/selectRecsroom.do?atchFileId=FILE_000000003049184&originId=PDS_0000000001227,2022-06-30,2026-10-04,catalog-recommendation-portion-review-v1,False,False
kfind-d101-049000000-0001,D101-049000000-0001,하이라이스,,400,360,FIXED_MEASURED_REFERENCE,360,g,400g은 원본의 1.11배로 비현실적인 양이라고 단정하지 않음; 정확 원본 참고량 360g를 g-only 고정 후보로 제공,https://various.foodsafetykorea.go.kr/nutrient/general/down/list.do,https://www.data.go.kr/bbs/rcr/selectRecsroom.do?atchFileId=FILE_000000003049184&originId=PDS_0000000001227,2017-12-31,2026-10-04,catalog-recommendation-portion-review-v1,False,False
kfind-d301-027000000-0001,D301-027000000-0001,오곡밥,,315,250,RETAIN_DISCRETE_HOUSEHOLD_CHOICES,105|210|315,공기,원본 250g은 1회 참고량이며 건강상한이 아님; 검증된 210g/공기와 0.5·1·1.5공기 후보 유지; 315g만으로 과도하다고 단정하지 않으며 1.19공기 같은 새 소수 환산을 만들지 않음,https://various.foodsafetykorea.go.kr/nutrient/general/down/list.do,https://www.data.go.kr/bbs/rcr/selectRecsroom.do?atchFileId=FILE_000000003049184&originId=PDS_0000000001227,2014-09-30,2026-10-04,catalog-recommendation-portion-review-v1,False,False
kfind-d101-006000000-0001,D101-006000000-0001,기장밥,,315,200,RETAIN_DISCRETE_HOUSEHOLD_CHOICES,105|210|315,공기,원본 200g은 1회 참고량이며 건강상한이 아님; 검증된 210g/공기와 0.5·1·1.5공기 후보 유지; 315g만으로 과도하다고 단정하지 않으며 0.95공기 같은 새 소수 환산을 만들지 않음,https://various.foodsafetykorea.go.kr/nutrient/general/down/list.do,https://www.data.go.kr/bbs/rcr/selectRecsroom.do?atchFileId=FILE_000000003049184&originId=PDS_0000000001227,2017-12-31,2026-10-04,catalog-recommendation-portion-review-v1,False,False
