dietId,menuNames,sourceUrl,indexUrl,indexSha256
89224,오미자호떡,https://api.nongsaro.go.kr/sample/rest/recomendDiet/recomendDiet.jsp?cntntsNo=89224,https://api.nongsaro.go.kr/sample/rest/recomendDiet/recomendDiet.jsp?dietSeCode=254001&pageNo=11,422691f81c3f07ef0c34e04a0230678902a362ed261691df0a69ccdfc450aa84
89225,"꽃게조림,느타리된장국,치커리사과무침,무볶음",https://api.nongsaro.go.kr/sample/rest/recomendDiet/recomendDiet.jsp?cntntsNo=89225,https://api.nongsaro.go.kr/sample/rest/recomendDiet/recomendDiet.jsp?dietSeCode=254001&pageNo=11,422691f81c3f07ef0c34e04a0230678902a362ed261691df0a69ccdfc450aa84
89226,버섯불고기호빵,https://api.nongsaro.go.kr/sample/rest/recomendDiet/recomendDiet.jsp?cntntsNo=89226,https://api.nongsaro.go.kr/sample/rest/recomendDiet/recomendDiet.jsp?dietSeCode=254001&pageNo=10,3f793fc10a4a583a35e16384b58d090ae56d0c8c7c3931139468f93551a234a7
89227,버섯장국수제비,https://api.nongsaro.go.kr/sample/rest/recomendDiet/recomendDiet.jsp?cntntsNo=89227,https://api.nongsaro.go.kr/sample/rest/recomendDiet/recomendDiet.jsp?dietSeCode=254001&pageNo=10,3f793fc10a4a583a35e16384b58d090ae56d0c8c7c3931139468f93551a234a7
89228,"새우브로콜리두부무침,근대된장국,장똑똑이,콩나물 무침,현미밥,갓김치",https://api.nongsaro.go.kr/sample/rest/recomendDiet/recomendDiet.jsp?cntntsNo=89228,https://api.nongsaro.go.kr/sample/rest/recomendDiet/recomendDiet.jsp?dietSeCode=254001&pageNo=10,3f793fc10a4a583a35e16384b58d090ae56d0c8c7c3931139468f93551a234a7
89229,"두부두루치기,콩나물국,곤드레무침,단호박조림",https://api.nongsaro.go.kr/sample/rest/recomendDiet/recomendDiet.jsp?cntntsNo=89229,https://api.nongsaro.go.kr/sample/rest/recomendDiet/recomendDiet.jsp?dietSeCode=254001&pageNo=10,3f793fc10a4a583a35e16384b58d090ae56d0c8c7c3931139468f93551a234a7
89230,견과류도라지전,https://api.nongsaro.go.kr/sample/rest/recomendDiet/recomendDiet.jsp?cntntsNo=89230,https://api.nongsaro.go.kr/sample/rest/recomendDiet/recomendDiet.jsp?dietSeCode=254001&pageNo=10,3f793fc10a4a583a35e16384b58d090ae56d0c8c7c3931139468f93551a234a7
89231,오징어순대,https://api.nongsaro.go.kr/sample/rest/recomendDiet/recomendDiet.jsp?cntntsNo=89231,https://api.nongsaro.go.kr/sample/rest/recomendDiet/recomendDiet.jsp?dietSeCode=254001&pageNo=10,3f793fc10a4a583a35e16384b58d090ae56d0c8c7c3931139468f93551a234a7
89232,"해물찜,콩나물국,두부계란전,무생채",https://api.nongsaro.go.kr/sample/rest/recomendDiet/recomendDiet.jsp?cntntsNo=89232,https://api.nongsaro.go.kr/sample/rest/recomendDiet/recomendDiet.jsp?dietSeCode=254001&pageNo=10,3f793fc10a4a583a35e16384b58d090ae56d0c8c7c3931139468f93551a234a7
89233,단호박떡,https://api.nongsaro.go.kr/sample/rest/recomendDiet/recomendDiet.jsp?cntntsNo=89233,https://api.nongsaro.go.kr/sample/rest/recomendDiet/recomendDiet.jsp?dietSeCode=254001&pageNo=10,3f793fc10a4a583a35e16384b58d090ae56d0c8c7c3931139468f93551a234a7
89234,연근부꾸미,https://api.nongsaro.go.kr/sample/rest/recomendDiet/recomendDiet.jsp?cntntsNo=89234,https://api.nongsaro.go.kr/sample/rest/recomendDiet/recomendDiet.jsp?dietSeCode=254001&pageNo=10,3f793fc10a4a583a35e16384b58d090ae56d0c8c7c3931139468f93551a234a7
89235,대구살새우볶음밥,https://api.nongsaro.go.kr/sample/rest/recomendDiet/recomendDiet.jsp?cntntsNo=89235,https://api.nongsaro.go.kr/sample/rest/recomendDiet/recomendDiet.jsp?dietSeCode=254001&pageNo=10,3f793fc10a4a583a35e16384b58d090ae56d0c8c7c3931139468f93551a234a7
89236,현미땅콩죽,https://api.nongsaro.go.kr/sample/rest/recomendDiet/recomendDiet.jsp?cntntsNo=89236,https://api.nongsaro.go.kr/sample/rest/recomendDiet/recomendDiet.jsp?dietSeCode=254001&pageNo=9,c80409bcef5e67840b88f836736fc24562d6e2a3c9becebb1641d01a9af3f397
89237,건새우 갈아 넣은 연근 튀김,https://api.nongsaro.go.kr/sample/rest/recomendDiet/recomendDiet.jsp?cntntsNo=89237,https://api.nongsaro.go.kr/sample/rest/recomendDiet/recomendDiet.jsp?dietSeCode=254001&pageNo=9,c80409bcef5e67840b88f836736fc24562d6e2a3c9becebb1641d01a9af3f397
89238,"돼지고기편육조림과 겨자채,김치찌개,시금치나물,곤약조림",https://api.nongsaro.go.kr/sample/rest/recomendDiet/recomendDiet.jsp?cntntsNo=89238,https://api.nongsaro.go.kr/sample/rest/recomendDiet/recomendDiet.jsp?dietSeCode=254001&pageNo=9,c80409bcef5e67840b88f836736fc24562d6e2a3c9becebb1641d01a9af3f397
89239,"느타리황태찜,감자국,아몬드멸치볶음,시금치나물",https://api.nongsaro.go.kr/sample/rest/recomendDiet/recomendDiet.jsp?cntntsNo=89239,https://api.nongsaro.go.kr/sample/rest/recomendDiet/recomendDiet.jsp?dietSeCode=254001&pageNo=9,c80409bcef5e67840b88f836736fc24562d6e2a3c9becebb1641d01a9af3f397
89240,고구마 카스테라,https://api.nongsaro.go.kr/sample/rest/recomendDiet/recomendDiet.jsp?cntntsNo=89240,https://api.nongsaro.go.kr/sample/rest/recomendDiet/recomendDiet.jsp?dietSeCode=254001&pageNo=9,c80409bcef5e67840b88f836736fc24562d6e2a3c9becebb1641d01a9af3f397
89241,어묵채소밥꼬치,https://api.nongsaro.go.kr/sample/rest/recomendDiet/recomendDiet.jsp?cntntsNo=89241,https://api.nongsaro.go.kr/sample/rest/recomendDiet/recomendDiet.jsp?dietSeCode=254001&pageNo=9,c80409bcef5e67840b88f836736fc24562d6e2a3c9becebb1641d01a9af3f397
89242,"닭봉두부조림,북어된장찌개,비름나물,양상추샐러드",https://api.nongsaro.go.kr/sample/rest/recomendDiet/recomendDiet.jsp?cntntsNo=89242,https://api.nongsaro.go.kr/sample/rest/recomendDiet/recomendDiet.jsp?dietSeCode=254001&pageNo=9,c80409bcef5e67840b88f836736fc24562d6e2a3c9becebb1641d01a9af3f397
89243,"대하야채볶음,청국장찌개,멸치볶음,상추겉절이",https://api.nongsaro.go.kr/sample/rest/recomendDiet/recomendDiet.jsp?cntntsNo=89243,https://api.nongsaro.go.kr/sample/rest/recomendDiet/recomendDiet.jsp?dietSeCode=254001&pageNo=9,c80409bcef5e67840b88f836736fc24562d6e2a3c9becebb1641d01a9af3f397
89244,땅콩소스 닭꼬치,https://api.nongsaro.go.kr/sample/rest/recomendDiet/recomendDiet.jsp?cntntsNo=89244,https://api.nongsaro.go.kr/sample/rest/recomendDiet/recomendDiet.jsp?dietSeCode=254001&pageNo=9,c80409bcef5e67840b88f836736fc24562d6e2a3c9becebb1641d01a9af3f397
89245,영양계란빵,https://api.nongsaro.go.kr/sample/rest/recomendDiet/recomendDiet.jsp?cntntsNo=89245,https://api.nongsaro.go.kr/sample/rest/recomendDiet/recomendDiet.jsp?dietSeCode=254001&pageNo=9,c80409bcef5e67840b88f836736fc24562d6e2a3c9becebb1641d01a9af3f397
89246,"청국장멸치볶음밥,콩나물국,어묵볶음,도토리묵무침",https://api.nongsaro.go.kr/sample/rest/recomendDiet/recomendDiet.jsp?cntntsNo=89246,https://api.nongsaro.go.kr/sample/rest/recomendDiet/recomendDiet.jsp?dietSeCode=254001&pageNo=8,7bd63409cc9d48591ac8e686cbf0524ba1a3b4812edecebfee421ca1a9b78d31
89247,바나나약과,https://api.nongsaro.go.kr/sample/rest/recomendDiet/recomendDiet.jsp?cntntsNo=89247,https://api.nongsaro.go.kr/sample/rest/recomendDiet/recomendDiet.jsp?dietSeCode=254001&pageNo=8,7bd63409cc9d48591ac8e686cbf0524ba1a3b4812edecebfee421ca1a9b78d31
89248,"영양밥 & 양념장,모시조개국,애호박나물",https://api.nongsaro.go.kr/sample/rest/recomendDiet/recomendDiet.jsp?cntntsNo=89248,https://api.nongsaro.go.kr/sample/rest/recomendDiet/recomendDiet.jsp?dietSeCode=254001&pageNo=8,7bd63409cc9d48591ac8e686cbf0524ba1a3b4812edecebfee421ca1a9b78d31
89249,"레몬소스를 뿌린 전어강정,들깨무국,오이갑장과",https://api.nongsaro.go.kr/sample/rest/recomendDiet/recomendDiet.jsp?cntntsNo=89249,https://api.nongsaro.go.kr/sample/rest/recomendDiet/recomendDiet.jsp?dietSeCode=254001&pageNo=8,7bd63409cc9d48591ac8e686cbf0524ba1a3b4812edecebfee421ca1a9b78d31
89250,연근감자전,https://api.nongsaro.go.kr/sample/rest/recomendDiet/recomendDiet.jsp?cntntsNo=89250,https://api.nongsaro.go.kr/sample/rest/recomendDiet/recomendDiet.jsp?dietSeCode=254001&pageNo=8,7bd63409cc9d48591ac8e686cbf0524ba1a3b4812edecebfee421ca1a9b78d31
89251,"콩나물불고기,도토리묵 무침,청경채 겉절이",https://api.nongsaro.go.kr/sample/rest/recomendDiet/recomendDiet.jsp?cntntsNo=89251,https://api.nongsaro.go.kr/sample/rest/recomendDiet/recomendDiet.jsp?dietSeCode=254001&pageNo=8,7bd63409cc9d48591ac8e686cbf0524ba1a3b4812edecebfee421ca1a9b78d31
89252,"오징어밥피자,오이냉국,채소계란찜",https://api.nongsaro.go.kr/sample/rest/recomendDiet/recomendDiet.jsp?cntntsNo=89252,https://api.nongsaro.go.kr/sample/rest/recomendDiet/recomendDiet.jsp?dietSeCode=254001&pageNo=8,7bd63409cc9d48591ac8e686cbf0524ba1a3b4812edecebfee421ca1a9b78d31
89253,"녹두닭죽,고추장아찌",https://api.nongsaro.go.kr/sample/rest/recomendDiet/recomendDiet.jsp?cntntsNo=89253,https://api.nongsaro.go.kr/sample/rest/recomendDiet/recomendDiet.jsp?dietSeCode=254001&pageNo=8,7bd63409cc9d48591ac8e686cbf0524ba1a3b4812edecebfee421ca1a9b78d31
89254,미역냉국수,https://api.nongsaro.go.kr/sample/rest/recomendDiet/recomendDiet.jsp?cntntsNo=89254,https://api.nongsaro.go.kr/sample/rest/recomendDiet/recomendDiet.jsp?dietSeCode=254001&pageNo=8,7bd63409cc9d48591ac8e686cbf0524ba1a3b4812edecebfee421ca1a9b78d31
89255,"쇠고기가지전,미역국,잔멸치볶음,참나물겉절이",https://api.nongsaro.go.kr/sample/rest/recomendDiet/recomendDiet.jsp?cntntsNo=89255,https://api.nongsaro.go.kr/sample/rest/recomendDiet/recomendDiet.jsp?dietSeCode=254001&pageNo=8,7bd63409cc9d48591ac8e686cbf0524ba1a3b4812edecebfee421ca1a9b78d31
89256,"돼지안심부추볶음,미역오이냉국,배추청포묵무침,도라지생채",https://api.nongsaro.go.kr/sample/rest/recomendDiet/recomendDiet.jsp?cntntsNo=89256,https://api.nongsaro.go.kr/sample/rest/recomendDiet/recomendDiet.jsp?dietSeCode=254001&pageNo=7,455566a9b543ef71aea4a80a959fccb6a1746299420994acccb26eed752698cd
89257,"열무찹쌀고기찜,버섯된장찌개,애호박볶음,참나물겉절이",https://api.nongsaro.go.kr/sample/rest/recomendDiet/recomendDiet.jsp?cntntsNo=89257,https://api.nongsaro.go.kr/sample/rest/recomendDiet/recomendDiet.jsp?dietSeCode=254001&pageNo=7,455566a9b543ef71aea4a80a959fccb6a1746299420994acccb26eed752698cd
89258,블루베리 단호박 고로케,https://api.nongsaro.go.kr/sample/rest/recomendDiet/recomendDiet.jsp?cntntsNo=89258,https://api.nongsaro.go.kr/sample/rest/recomendDiet/recomendDiet.jsp?dietSeCode=254001&pageNo=7,455566a9b543ef71aea4a80a959fccb6a1746299420994acccb26eed752698cd
89259,"누룽지두부영양죽,풋사과 겉절이",https://api.nongsaro.go.kr/sample/rest/recomendDiet/recomendDiet.jsp?cntntsNo=89259,https://api.nongsaro.go.kr/sample/rest/recomendDiet/recomendDiet.jsp?dietSeCode=254001&pageNo=7,455566a9b543ef71aea4a80a959fccb6a1746299420994acccb26eed752698cd
89260,청국장쿠키,https://api.nongsaro.go.kr/sample/rest/recomendDiet/recomendDiet.jsp?cntntsNo=89260,https://api.nongsaro.go.kr/sample/rest/recomendDiet/recomendDiet.jsp?dietSeCode=254001&pageNo=7,455566a9b543ef71aea4a80a959fccb6a1746299420994acccb26eed752698cd
89261,"호박돼지고기커틀릿,팽이버섯된장국,토마토상추겉절이,멸치볶음",https://api.nongsaro.go.kr/sample/rest/recomendDiet/recomendDiet.jsp?cntntsNo=89261,https://api.nongsaro.go.kr/sample/rest/recomendDiet/recomendDiet.jsp?dietSeCode=254001&pageNo=7,455566a9b543ef71aea4a80a959fccb6a1746299420994acccb26eed752698cd
89262,"호두장떡,배추들깨국,우엉조림,청포묵무침",https://api.nongsaro.go.kr/sample/rest/recomendDiet/recomendDiet.jsp?cntntsNo=89262,https://api.nongsaro.go.kr/sample/rest/recomendDiet/recomendDiet.jsp?dietSeCode=254001&pageNo=7,455566a9b543ef71aea4a80a959fccb6a1746299420994acccb26eed752698cd
89263,호두장떡,https://api.nongsaro.go.kr/sample/rest/recomendDiet/recomendDiet.jsp?cntntsNo=89263,https://api.nongsaro.go.kr/sample/rest/recomendDiet/recomendDiet.jsp?dietSeCode=254001&pageNo=7,455566a9b543ef71aea4a80a959fccb6a1746299420994acccb26eed752698cd
89264,초계탕,https://api.nongsaro.go.kr/sample/rest/recomendDiet/recomendDiet.jsp?cntntsNo=89264,https://api.nongsaro.go.kr/sample/rest/recomendDiet/recomendDiet.jsp?dietSeCode=254001&pageNo=7,455566a9b543ef71aea4a80a959fccb6a1746299420994acccb26eed752698cd
89265,감자그라탕,https://api.nongsaro.go.kr/sample/rest/recomendDiet/recomendDiet.jsp?cntntsNo=89265,https://api.nongsaro.go.kr/sample/rest/recomendDiet/recomendDiet.jsp?dietSeCode=254001&pageNo=7,455566a9b543ef71aea4a80a959fccb6a1746299420994acccb26eed752698cd
89266,"오징어풋고추조림,청포묵냉채,우엉조림,가지나물볶음",https://api.nongsaro.go.kr/sample/rest/recomendDiet/recomendDiet.jsp?cntntsNo=89266,https://api.nongsaro.go.kr/sample/rest/recomendDiet/recomendDiet.jsp?dietSeCode=254001&pageNo=6,f6fe92057937c13e7ebcf9091a7719da26ce07134e585d1fac7ed827efef69df
89267,"민어무조림,감자국,머위나물,버섯볶음",https://api.nongsaro.go.kr/sample/rest/recomendDiet/recomendDiet.jsp?cntntsNo=89267,https://api.nongsaro.go.kr/sample/rest/recomendDiet/recomendDiet.jsp?dietSeCode=254001&pageNo=6,f6fe92057937c13e7ebcf9091a7719da26ce07134e585d1fac7ed827efef69df
89268,들깨수제비,https://api.nongsaro.go.kr/sample/rest/recomendDiet/recomendDiet.jsp?cntntsNo=89268,https://api.nongsaro.go.kr/sample/rest/recomendDiet/recomendDiet.jsp?dietSeCode=254001&pageNo=6,f6fe92057937c13e7ebcf9091a7719da26ce07134e585d1fac7ed827efef69df
89269,"닭고기냉채,가지냉국,미역줄기볶음,치커리무침",https://api.nongsaro.go.kr/sample/rest/recomendDiet/recomendDiet.jsp?cntntsNo=89269,https://api.nongsaro.go.kr/sample/rest/recomendDiet/recomendDiet.jsp?dietSeCode=254001&pageNo=6,f6fe92057937c13e7ebcf9091a7719da26ce07134e585d1fac7ed827efef69df
89270,콩국수,https://api.nongsaro.go.kr/sample/rest/recomendDiet/recomendDiet.jsp?cntntsNo=89270,https://api.nongsaro.go.kr/sample/rest/recomendDiet/recomendDiet.jsp?dietSeCode=254001&pageNo=6,f6fe92057937c13e7ebcf9091a7719da26ce07134e585d1fac7ed827efef69df
89271,샐러드를 곁들인 감자전,https://api.nongsaro.go.kr/sample/rest/recomendDiet/recomendDiet.jsp?cntntsNo=89271,https://api.nongsaro.go.kr/sample/rest/recomendDiet/recomendDiet.jsp?dietSeCode=254001&pageNo=6,f6fe92057937c13e7ebcf9091a7719da26ce07134e585d1fac7ed827efef69df
89272,흑임자호박떡,https://api.nongsaro.go.kr/sample/rest/recomendDiet/recomendDiet.jsp?cntntsNo=89272,https://api.nongsaro.go.kr/sample/rest/recomendDiet/recomendDiet.jsp?dietSeCode=254001&pageNo=6,f6fe92057937c13e7ebcf9091a7719da26ce07134e585d1fac7ed827efef69df
89273,불고기스파게티,https://api.nongsaro.go.kr/sample/rest/recomendDiet/recomendDiet.jsp?cntntsNo=89273,https://api.nongsaro.go.kr/sample/rest/recomendDiet/recomendDiet.jsp?dietSeCode=254001&pageNo=6,f6fe92057937c13e7ebcf9091a7719da26ce07134e585d1fac7ed827efef69df
89274,강된장 떡볶이,https://api.nongsaro.go.kr/sample/rest/recomendDiet/recomendDiet.jsp?cntntsNo=89274,https://api.nongsaro.go.kr/sample/rest/recomendDiet/recomendDiet.jsp?dietSeCode=254001&pageNo=6,f6fe92057937c13e7ebcf9091a7719da26ce07134e585d1fac7ed827efef69df
89275,"삼치요구르트 된장소스구이,계란국,두부조림,참나물무침",https://api.nongsaro.go.kr/sample/rest/recomendDiet/recomendDiet.jsp?cntntsNo=89275,https://api.nongsaro.go.kr/sample/rest/recomendDiet/recomendDiet.jsp?dietSeCode=254001&pageNo=6,f6fe92057937c13e7ebcf9091a7719da26ce07134e585d1fac7ed827efef69df
89276,"고구마크림치즈구이,생과일주스",https://api.nongsaro.go.kr/sample/rest/recomendDiet/recomendDiet.jsp?cntntsNo=89276,https://api.nongsaro.go.kr/sample/rest/recomendDiet/recomendDiet.jsp?dietSeCode=254001&pageNo=5,daeb5723afc15afbd1035a07fb117806ef22199e32b0987b050414f3debc12fe
89277,"감자열무비빔밥,시금치 된장국",https://api.nongsaro.go.kr/sample/rest/recomendDiet/recomendDiet.jsp?cntntsNo=89277,https://api.nongsaro.go.kr/sample/rest/recomendDiet/recomendDiet.jsp?dietSeCode=254001&pageNo=5,daeb5723afc15afbd1035a07fb117806ef22199e32b0987b050414f3debc12fe
89278,호두뱅어포 떡꼬치,https://api.nongsaro.go.kr/sample/rest/recomendDiet/recomendDiet.jsp?cntntsNo=89278,https://api.nongsaro.go.kr/sample/rest/recomendDiet/recomendDiet.jsp?dietSeCode=254001&pageNo=5,daeb5723afc15afbd1035a07fb117806ef22199e32b0987b050414f3debc12fe
89279,"장어구이,미역냉국,도라지생채",https://api.nongsaro.go.kr/sample/rest/recomendDiet/recomendDiet.jsp?cntntsNo=89279,https://api.nongsaro.go.kr/sample/rest/recomendDiet/recomendDiet.jsp?dietSeCode=254001&pageNo=5,daeb5723afc15afbd1035a07fb117806ef22199e32b0987b050414f3debc12fe
89280,견과류 과자,https://api.nongsaro.go.kr/sample/rest/recomendDiet/recomendDiet.jsp?cntntsNo=89280,https://api.nongsaro.go.kr/sample/rest/recomendDiet/recomendDiet.jsp?dietSeCode=254001&pageNo=5,daeb5723afc15afbd1035a07fb117806ef22199e32b0987b050414f3debc12fe
89281,"해물유부초밥,쇠고기 무국,오이장아찌무침",https://api.nongsaro.go.kr/sample/rest/recomendDiet/recomendDiet.jsp?cntntsNo=89281,https://api.nongsaro.go.kr/sample/rest/recomendDiet/recomendDiet.jsp?dietSeCode=254001&pageNo=5,daeb5723afc15afbd1035a07fb117806ef22199e32b0987b050414f3debc12fe
89282,"미역밥 달걀굴림,견과류 마늘조림,건새우 아욱",https://api.nongsaro.go.kr/sample/rest/recomendDiet/recomendDiet.jsp?cntntsNo=89282,https://api.nongsaro.go.kr/sample/rest/recomendDiet/recomendDiet.jsp?dietSeCode=254001&pageNo=5,daeb5723afc15afbd1035a07fb117806ef22199e32b0987b050414f3debc12fe
89283,닭냉메밀국수,https://api.nongsaro.go.kr/sample/rest/recomendDiet/recomendDiet.jsp?cntntsNo=89283,https://api.nongsaro.go.kr/sample/rest/recomendDiet/recomendDiet.jsp?dietSeCode=254001&pageNo=5,daeb5723afc15afbd1035a07fb117806ef22199e32b0987b050414f3debc12fe
89284,견과류 요구르트 빙수,https://api.nongsaro.go.kr/sample/rest/recomendDiet/recomendDiet.jsp?cntntsNo=89284,https://api.nongsaro.go.kr/sample/rest/recomendDiet/recomendDiet.jsp?dietSeCode=254001&pageNo=5,daeb5723afc15afbd1035a07fb117806ef22199e32b0987b050414f3debc12fe
89285,"해물카레덮밥,콩나물국",https://api.nongsaro.go.kr/sample/rest/recomendDiet/recomendDiet.jsp?cntntsNo=89285,https://api.nongsaro.go.kr/sample/rest/recomendDiet/recomendDiet.jsp?dietSeCode=254001&pageNo=5,daeb5723afc15afbd1035a07fb117806ef22199e32b0987b050414f3debc12fe
89286,수능 오미자차,https://api.nongsaro.go.kr/sample/rest/recomendDiet/recomendDiet.jsp?cntntsNo=89286,https://api.nongsaro.go.kr/sample/rest/recomendDiet/recomendDiet.jsp?dietSeCode=254001&pageNo=4,5c7fdb1f3d6fdfb3733d2ad51bd024fe6a0a1f8150e97973e2a660b3dff52326
89287,"가자미조림,미역오이냉국,깻잎나물,땅콩멸치볶음",https://api.nongsaro.go.kr/sample/rest/recomendDiet/recomendDiet.jsp?cntntsNo=89287,https://api.nongsaro.go.kr/sample/rest/recomendDiet/recomendDiet.jsp?dietSeCode=254001&pageNo=4,5c7fdb1f3d6fdfb3733d2ad51bd024fe6a0a1f8150e97973e2a660b3dff52326
89288,"단호박새우볶음,육개장,가지무침,김구이",https://api.nongsaro.go.kr/sample/rest/recomendDiet/recomendDiet.jsp?cntntsNo=89288,https://api.nongsaro.go.kr/sample/rest/recomendDiet/recomendDiet.jsp?dietSeCode=254001&pageNo=4,5c7fdb1f3d6fdfb3733d2ad51bd024fe6a0a1f8150e97973e2a660b3dff52326
89289,"김밥,견과류요구르트고구마샐러드",https://api.nongsaro.go.kr/sample/rest/recomendDiet/recomendDiet.jsp?cntntsNo=89289,https://api.nongsaro.go.kr/sample/rest/recomendDiet/recomendDiet.jsp?dietSeCode=254001&pageNo=4,5c7fdb1f3d6fdfb3733d2ad51bd024fe6a0a1f8150e97973e2a660b3dff52326
89290,토마토 떡볶이,https://api.nongsaro.go.kr/sample/rest/recomendDiet/recomendDiet.jsp?cntntsNo=89290,https://api.nongsaro.go.kr/sample/rest/recomendDiet/recomendDiet.jsp?dietSeCode=254001&pageNo=4,5c7fdb1f3d6fdfb3733d2ad51bd024fe6a0a1f8150e97973e2a660b3dff52326
89291,호두해산물 된장덮밥,https://api.nongsaro.go.kr/sample/rest/recomendDiet/recomendDiet.jsp?cntntsNo=89291,https://api.nongsaro.go.kr/sample/rest/recomendDiet/recomendDiet.jsp?dietSeCode=254001&pageNo=4,5c7fdb1f3d6fdfb3733d2ad51bd024fe6a0a1f8150e97973e2a660b3dff52326
89292,"삼겹살냉채와 호두소스,북어무우국,호두알감자조림,건파래볶음",https://api.nongsaro.go.kr/sample/rest/recomendDiet/recomendDiet.jsp?cntntsNo=89292,https://api.nongsaro.go.kr/sample/rest/recomendDiet/recomendDiet.jsp?dietSeCode=254001&pageNo=4,5c7fdb1f3d6fdfb3733d2ad51bd024fe6a0a1f8150e97973e2a660b3dff52326
89293,호두에그샌드위치,https://api.nongsaro.go.kr/sample/rest/recomendDiet/recomendDiet.jsp?cntntsNo=89293,https://api.nongsaro.go.kr/sample/rest/recomendDiet/recomendDiet.jsp?dietSeCode=254001&pageNo=4,5c7fdb1f3d6fdfb3733d2ad51bd024fe6a0a1f8150e97973e2a660b3dff52326
89294,"호두닭강정,청국장국,버섯볶음,두릅무침",https://api.nongsaro.go.kr/sample/rest/recomendDiet/recomendDiet.jsp?cntntsNo=89294,https://api.nongsaro.go.kr/sample/rest/recomendDiet/recomendDiet.jsp?dietSeCode=254001&pageNo=4,5c7fdb1f3d6fdfb3733d2ad51bd024fe6a0a1f8150e97973e2a660b3dff52326
89295,조랭이떡 굴린만두국,https://api.nongsaro.go.kr/sample/rest/recomendDiet/recomendDiet.jsp?cntntsNo=89295,https://api.nongsaro.go.kr/sample/rest/recomendDiet/recomendDiet.jsp?dietSeCode=254001&pageNo=4,5c7fdb1f3d6fdfb3733d2ad51bd024fe6a0a1f8150e97973e2a660b3dff52326
89296,"연근치즈새우가스와 호두땅콩소스,맑은 콩나물국,매실장아찌",https://api.nongsaro.go.kr/sample/rest/recomendDiet/recomendDiet.jsp?cntntsNo=89296,https://api.nongsaro.go.kr/sample/rest/recomendDiet/recomendDiet.jsp?dietSeCode=254001&pageNo=3,e2939deafcd736ebb75a1c8924e77eae7c829efeb02b8f3c465a96ea6c253ce9
89297,"연근 떡갈비,팽이버섯된장국,민들레 겉절이,땅콩멸치볶음",https://api.nongsaro.go.kr/sample/rest/recomendDiet/recomendDiet.jsp?cntntsNo=89297,https://api.nongsaro.go.kr/sample/rest/recomendDiet/recomendDiet.jsp?dietSeCode=254001&pageNo=3,e2939deafcd736ebb75a1c8924e77eae7c829efeb02b8f3c465a96ea6c253ce9
89298,"호두 연저육찜,계란국,깻잎 멸치찜",https://api.nongsaro.go.kr/sample/rest/recomendDiet/recomendDiet.jsp?cntntsNo=89298,https://api.nongsaro.go.kr/sample/rest/recomendDiet/recomendDiet.jsp?dietSeCode=254001&pageNo=3,e2939deafcd736ebb75a1c8924e77eae7c829efeb02b8f3c465a96ea6c253ce9
89299,"치즈버터전복구이,들깨배추국,쑥갓무침",https://api.nongsaro.go.kr/sample/rest/recomendDiet/recomendDiet.jsp?cntntsNo=89299,https://api.nongsaro.go.kr/sample/rest/recomendDiet/recomendDiet.jsp?dietSeCode=254001&pageNo=3,e2939deafcd736ebb75a1c8924e77eae7c829efeb02b8f3c465a96ea6c253ce9
89300,닭봉주먹밥,https://api.nongsaro.go.kr/sample/rest/recomendDiet/recomendDiet.jsp?cntntsNo=89300,https://api.nongsaro.go.kr/sample/rest/recomendDiet/recomendDiet.jsp?dietSeCode=254001&pageNo=3,e2939deafcd736ebb75a1c8924e77eae7c829efeb02b8f3c465a96ea6c253ce9
89301,잡곡바지락다시마죽,https://api.nongsaro.go.kr/sample/rest/recomendDiet/recomendDiet.jsp?cntntsNo=89301,https://api.nongsaro.go.kr/sample/rest/recomendDiet/recomendDiet.jsp?dietSeCode=254001&pageNo=3,e2939deafcd736ebb75a1c8924e77eae7c829efeb02b8f3c465a96ea6c253ce9
89302,"치즈오삼불고기,감자국,탕평채,무말랭이장아찌",https://api.nongsaro.go.kr/sample/rest/recomendDiet/recomendDiet.jsp?cntntsNo=89302,https://api.nongsaro.go.kr/sample/rest/recomendDiet/recomendDiet.jsp?dietSeCode=254001&pageNo=3,e2939deafcd736ebb75a1c8924e77eae7c829efeb02b8f3c465a96ea6c253ce9
89303,닭백숙,https://api.nongsaro.go.kr/sample/rest/recomendDiet/recomendDiet.jsp?cntntsNo=89303,https://api.nongsaro.go.kr/sample/rest/recomendDiet/recomendDiet.jsp?dietSeCode=254001&pageNo=3,e2939deafcd736ebb75a1c8924e77eae7c829efeb02b8f3c465a96ea6c253ce9
89304,"꼬마야채주먹밥,오이사과초무침",https://api.nongsaro.go.kr/sample/rest/recomendDiet/recomendDiet.jsp?cntntsNo=89304,https://api.nongsaro.go.kr/sample/rest/recomendDiet/recomendDiet.jsp?dietSeCode=254001&pageNo=3,e2939deafcd736ebb75a1c8924e77eae7c829efeb02b8f3c465a96ea6c253ce9
89305,전복죽,https://api.nongsaro.go.kr/sample/rest/recomendDiet/recomendDiet.jsp?cntntsNo=89305,https://api.nongsaro.go.kr/sample/rest/recomendDiet/recomendDiet.jsp?dietSeCode=254001&pageNo=3,e2939deafcd736ebb75a1c8924e77eae7c829efeb02b8f3c465a96ea6c253ce9
89306,"갈치조림,바지락냉이국,마파두부,청경채겉절이",https://api.nongsaro.go.kr/sample/rest/recomendDiet/recomendDiet.jsp?cntntsNo=89306,https://api.nongsaro.go.kr/sample/rest/recomendDiet/recomendDiet.jsp?dietSeCode=254001&pageNo=2,69763541cf8cc9a38935c706ded7f8c31f960c0c7237fc10765a6da6f68ffdd7
89307,호두김치볶음밥,https://api.nongsaro.go.kr/sample/rest/recomendDiet/recomendDiet.jsp?cntntsNo=89307,https://api.nongsaro.go.kr/sample/rest/recomendDiet/recomendDiet.jsp?dietSeCode=254001&pageNo=2,69763541cf8cc9a38935c706ded7f8c31f960c0c7237fc10765a6da6f68ffdd7
89308,"닭감자조림,홍합미역국,미나리나물,오이무침",https://api.nongsaro.go.kr/sample/rest/recomendDiet/recomendDiet.jsp?cntntsNo=89308,https://api.nongsaro.go.kr/sample/rest/recomendDiet/recomendDiet.jsp?dietSeCode=254001&pageNo=2,69763541cf8cc9a38935c706ded7f8c31f960c0c7237fc10765a6da6f68ffdd7
89309,"연근초절임과 부추겉절이를 곁들인 수육,보리밥,미역국,총각김치",https://api.nongsaro.go.kr/sample/rest/recomendDiet/recomendDiet.jsp?cntntsNo=89309,https://api.nongsaro.go.kr/sample/rest/recomendDiet/recomendDiet.jsp?dietSeCode=254001&pageNo=2,69763541cf8cc9a38935c706ded7f8c31f960c0c7237fc10765a6da6f68ffdd7
89310,견과류 건과일 강정,https://api.nongsaro.go.kr/sample/rest/recomendDiet/recomendDiet.jsp?cntntsNo=89310,https://api.nongsaro.go.kr/sample/rest/recomendDiet/recomendDiet.jsp?dietSeCode=254001&pageNo=2,69763541cf8cc9a38935c706ded7f8c31f960c0c7237fc10765a6da6f68ffdd7
89311,"단호박표고영양밥,쇠고기미역국,무장아찌,시금치나물,나박김치",https://api.nongsaro.go.kr/sample/rest/recomendDiet/recomendDiet.jsp?cntntsNo=89311,https://api.nongsaro.go.kr/sample/rest/recomendDiet/recomendDiet.jsp?dietSeCode=254001&pageNo=2,69763541cf8cc9a38935c706ded7f8c31f960c0c7237fc10765a6da6f68ffdd7
89312,"부추전,흑미밥,쇠고기무국,해물찜,깻잎지,백김치",https://api.nongsaro.go.kr/sample/rest/recomendDiet/recomendDiet.jsp?cntntsNo=89312,https://api.nongsaro.go.kr/sample/rest/recomendDiet/recomendDiet.jsp?dietSeCode=254001&pageNo=2,69763541cf8cc9a38935c706ded7f8c31f960c0c7237fc10765a6da6f68ffdd7
89313,"돼지갈비찜,쌀밥,김치콩나물국,열무나물,무장아찌,총각김치",https://api.nongsaro.go.kr/sample/rest/recomendDiet/recomendDiet.jsp?cntntsNo=89313,https://api.nongsaro.go.kr/sample/rest/recomendDiet/recomendDiet.jsp?dietSeCode=254001&pageNo=2,69763541cf8cc9a38935c706ded7f8c31f960c0c7237fc10765a6da6f68ffdd7
89314,단호박해물찜,https://api.nongsaro.go.kr/sample/rest/recomendDiet/recomendDiet.jsp?cntntsNo=89314,https://api.nongsaro.go.kr/sample/rest/recomendDiet/recomendDiet.jsp?dietSeCode=254001&pageNo=2,69763541cf8cc9a38935c706ded7f8c31f960c0c7237fc10765a6da6f68ffdd7
89315,"브로콜리새우전,쌀밥,순두부찌개,땅콩조림,참나물무침,백김치",https://api.nongsaro.go.kr/sample/rest/recomendDiet/recomendDiet.jsp?cntntsNo=89315,https://api.nongsaro.go.kr/sample/rest/recomendDiet/recomendDiet.jsp?dietSeCode=254001&pageNo=2,69763541cf8cc9a38935c706ded7f8c31f960c0c7237fc10765a6da6f68ffdd7
89316,"부추무침얹은 꽁치조림,흑미밥,봄동팽이버섯된장국,멸치잣볶음,시금치나물,나박김치",https://api.nongsaro.go.kr/sample/rest/recomendDiet/recomendDiet.jsp?cntntsNo=89316,https://api.nongsaro.go.kr/sample/rest/recomendDiet/recomendDiet.jsp?dietSeCode=254001&pageNo=1,c0849dbff997494d41a16c0bb74e5e6901a4e36c9eadb3a982144f5996a589f9
89318,견과류 단호박경단,https://api.nongsaro.go.kr/sample/rest/recomendDiet/recomendDiet.jsp?cntntsNo=89318,https://api.nongsaro.go.kr/sample/rest/recomendDiet/recomendDiet.jsp?dietSeCode=254001&pageNo=1,c0849dbff997494d41a16c0bb74e5e6901a4e36c9eadb3a982144f5996a589f9
89319,"고등어카레구이,현미밥,배추김치,느타리버섯깨국,땅콩조림,파래무침",https://api.nongsaro.go.kr/sample/rest/recomendDiet/recomendDiet.jsp?cntntsNo=89319,https://api.nongsaro.go.kr/sample/rest/recomendDiet/recomendDiet.jsp?dietSeCode=254001&pageNo=1,c0849dbff997494d41a16c0bb74e5e6901a4e36c9eadb3a982144f5996a589f9
89320,바나나 호두쉐이크,https://api.nongsaro.go.kr/sample/rest/recomendDiet/recomendDiet.jsp?cntntsNo=89320,https://api.nongsaro.go.kr/sample/rest/recomendDiet/recomendDiet.jsp?dietSeCode=254001&pageNo=1,c0849dbff997494d41a16c0bb74e5e6901a4e36c9eadb3a982144f5996a589f9
89321,"호두죽,황태보푸라기,동치미",https://api.nongsaro.go.kr/sample/rest/recomendDiet/recomendDiet.jsp?cntntsNo=89321,https://api.nongsaro.go.kr/sample/rest/recomendDiet/recomendDiet.jsp?dietSeCode=254001&pageNo=1,c0849dbff997494d41a16c0bb74e5e6901a4e36c9eadb3a982144f5996a589f9
89322,"보리밥,배추김치,팽이버섯된장국,브로콜리 새우볶음,연근조림,미역줄기볶음,김구이",https://api.nongsaro.go.kr/sample/rest/recomendDiet/recomendDiet.jsp?cntntsNo=89322,https://api.nongsaro.go.kr/sample/rest/recomendDiet/recomendDiet.jsp?dietSeCode=254001&pageNo=1,c0849dbff997494d41a16c0bb74e5e6901a4e36c9eadb3a982144f5996a589f9
89323,"차조밥,북어국,백김치,관자볶음,두부야채전,쑥갓무침,호두조림",https://api.nongsaro.go.kr/sample/rest/recomendDiet/recomendDiet.jsp?cntntsNo=89323,https://api.nongsaro.go.kr/sample/rest/recomendDiet/recomendDiet.jsp?dietSeCode=254001&pageNo=1,c0849dbff997494d41a16c0bb74e5e6901a4e36c9eadb3a982144f5996a589f9
89324,"검은콩밥,꽃게된장국,백김치,삼치구이,굴전,오이달래무침,청포묵 김무침",https://api.nongsaro.go.kr/sample/rest/recomendDiet/recomendDiet.jsp?cntntsNo=89324,https://api.nongsaro.go.kr/sample/rest/recomendDiet/recomendDiet.jsp?dietSeCode=254001&pageNo=1,c0849dbff997494d41a16c0bb74e5e6901a4e36c9eadb3a982144f5996a589f9
89325,"흑미밥,굴미역국,배추김치,닭가슴살 마늘구이,양념꼬막,죽순오이냉채,멸치아몬드볶음",https://api.nongsaro.go.kr/sample/rest/recomendDiet/recomendDiet.jsp?cntntsNo=89325,https://api.nongsaro.go.kr/sample/rest/recomendDiet/recomendDiet.jsp?dietSeCode=254001&pageNo=1,c0849dbff997494d41a16c0bb74e5e6901a4e36c9eadb3a982144f5996a589f9
89326,"차조밥,콩나물국,달걀채소말이,마늘쫑건새우볶음,감자조림,배추김치",https://api.nongsaro.go.kr/sample/rest/recomendDiet/recomendDiet.jsp?cntntsNo=89326,https://api.nongsaro.go.kr/sample/rest/recomendDiet/recomendDiet.jsp?dietSeCode=254001&pageNo=1,c0849dbff997494d41a16c0bb74e5e6901a4e36c9eadb3a982144f5996a589f9
89327,"오징어야채볶음,고사리들깨국,무생채,오이무침",https://api.nongsaro.go.kr/sample/rest/recomendDiet/recomendDiet.jsp?cntntsNo=89327,https://api.nongsaro.go.kr/sample/rest/recomendDiet/recomendDiet.jsp?dietSeCode=254002&pageNo=9,ccc6e6899bbd6c044a9566b5d8bc548b01a2775b02fcff4e82bae8e3c4dbd4d3
89328,미역찹쌀수제비,https://api.nongsaro.go.kr/sample/rest/recomendDiet/recomendDiet.jsp?cntntsNo=89328,https://api.nongsaro.go.kr/sample/rest/recomendDiet/recomendDiet.jsp?dietSeCode=254002&pageNo=9,ccc6e6899bbd6c044a9566b5d8bc548b01a2775b02fcff4e82bae8e3c4dbd4d3
89329,"곤약무밥,홍합미역국,애호박볶음,배추김치,비빔장",https://api.nongsaro.go.kr/sample/rest/recomendDiet/recomendDiet.jsp?cntntsNo=89329,https://api.nongsaro.go.kr/sample/rest/recomendDiet/recomendDiet.jsp?dietSeCode=254002&pageNo=9,ccc6e6899bbd6c044a9566b5d8bc548b01a2775b02fcff4e82bae8e3c4dbd4d3
89330,"파래연근전,초간장",https://api.nongsaro.go.kr/sample/rest/recomendDiet/recomendDiet.jsp?cntntsNo=89330,https://api.nongsaro.go.kr/sample/rest/recomendDiet/recomendDiet.jsp?dietSeCode=254002&pageNo=9,ccc6e6899bbd6c044a9566b5d8bc548b01a2775b02fcff4e82bae8e3c4dbd4d3
89331,귤두부샐러드,https://api.nongsaro.go.kr/sample/rest/recomendDiet/recomendDiet.jsp?cntntsNo=89331,https://api.nongsaro.go.kr/sample/rest/recomendDiet/recomendDiet.jsp?dietSeCode=254002&pageNo=9,ccc6e6899bbd6c044a9566b5d8bc548b01a2775b02fcff4e82bae8e3c4dbd4d3
89332,"청국장쌈장,오징어무국,무볶음,곤드레나물밥",https://api.nongsaro.go.kr/sample/rest/recomendDiet/recomendDiet.jsp?cntntsNo=89332,https://api.nongsaro.go.kr/sample/rest/recomendDiet/recomendDiet.jsp?dietSeCode=254002&pageNo=9,ccc6e6899bbd6c044a9566b5d8bc548b01a2775b02fcff4e82bae8e3c4dbd4d3
89333,두부유부초밥,https://api.nongsaro.go.kr/sample/rest/recomendDiet/recomendDiet.jsp?cntntsNo=89333,https://api.nongsaro.go.kr/sample/rest/recomendDiet/recomendDiet.jsp?dietSeCode=254002&pageNo=9,ccc6e6899bbd6c044a9566b5d8bc548b01a2775b02fcff4e82bae8e3c4dbd4d3
89334,"명란계란찜,팽이버섯된장국,도토리묵무침,소고기깻잎순볶음",https://api.nongsaro.go.kr/sample/rest/recomendDiet/recomendDiet.jsp?cntntsNo=89334,https://api.nongsaro.go.kr/sample/rest/recomendDiet/recomendDiet.jsp?dietSeCode=254002&pageNo=9,ccc6e6899bbd6c044a9566b5d8bc548b01a2775b02fcff4e82bae8e3c4dbd4d3
89335,"해물새싹비빔밥,팽이버섯된장국",https://api.nongsaro.go.kr/sample/rest/recomendDiet/recomendDiet.jsp?cntntsNo=89335,https://api.nongsaro.go.kr/sample/rest/recomendDiet/recomendDiet.jsp?dietSeCode=254002&pageNo=9,ccc6e6899bbd6c044a9566b5d8bc548b01a2775b02fcff4e82bae8e3c4dbd4d3
89336,양배추볶음밥,https://api.nongsaro.go.kr/sample/rest/recomendDiet/recomendDiet.jsp?cntntsNo=89336,https://api.nongsaro.go.kr/sample/rest/recomendDiet/recomendDiet.jsp?dietSeCode=254002&pageNo=9,ccc6e6899bbd6c044a9566b5d8bc548b01a2775b02fcff4e82bae8e3c4dbd4d3
89337,"두부불고기,콩나물국,곤약조림,시금치나물",https://api.nongsaro.go.kr/sample/rest/recomendDiet/recomendDiet.jsp?cntntsNo=89337,https://api.nongsaro.go.kr/sample/rest/recomendDiet/recomendDiet.jsp?dietSeCode=254002&pageNo=8,4cbdea6c77ff9270edceb40f551297ea180becf930ef2b19cede2b5877c35dae
89338,나만의 사과파이,https://api.nongsaro.go.kr/sample/rest/recomendDiet/recomendDiet.jsp?cntntsNo=89338,https://api.nongsaro.go.kr/sample/rest/recomendDiet/recomendDiet.jsp?dietSeCode=254002&pageNo=8,4cbdea6c77ff9270edceb40f551297ea180becf930ef2b19cede2b5877c35dae
89339,"대구맑은찌개,두부채소조림,비름나물,양상추샐러드",https://api.nongsaro.go.kr/sample/rest/recomendDiet/recomendDiet.jsp?cntntsNo=89339,https://api.nongsaro.go.kr/sample/rest/recomendDiet/recomendDiet.jsp?dietSeCode=254002&pageNo=8,4cbdea6c77ff9270edceb40f551297ea180becf930ef2b19cede2b5877c35dae
89340,두부치킨꼬치,https://api.nongsaro.go.kr/sample/rest/recomendDiet/recomendDiet.jsp?cntntsNo=89340,https://api.nongsaro.go.kr/sample/rest/recomendDiet/recomendDiet.jsp?dietSeCode=254002&pageNo=8,4cbdea6c77ff9270edceb40f551297ea180becf930ef2b19cede2b5877c35dae
89341,"두부샐러드,청국장찌개,멸치볶음,상추겉절이",https://api.nongsaro.go.kr/sample/rest/recomendDiet/recomendDiet.jsp?cntntsNo=89341,https://api.nongsaro.go.kr/sample/rest/recomendDiet/recomendDiet.jsp?dietSeCode=254002&pageNo=8,4cbdea6c77ff9270edceb40f551297ea180becf930ef2b19cede2b5877c35dae
89342,두부그라탕,https://api.nongsaro.go.kr/sample/rest/recomendDiet/recomendDiet.jsp?cntntsNo=89342,https://api.nongsaro.go.kr/sample/rest/recomendDiet/recomendDiet.jsp?dietSeCode=254002&pageNo=8,4cbdea6c77ff9270edceb40f551297ea180becf930ef2b19cede2b5877c35dae
89343,"녹차잎오리볶음,도토리묵,콩나물국",https://api.nongsaro.go.kr/sample/rest/recomendDiet/recomendDiet.jsp?cntntsNo=89343,https://api.nongsaro.go.kr/sample/rest/recomendDiet/recomendDiet.jsp?dietSeCode=254002&pageNo=8,4cbdea6c77ff9270edceb40f551297ea180becf930ef2b19cede2b5877c35dae
89344,묵말랭이볶이,https://api.nongsaro.go.kr/sample/rest/recomendDiet/recomendDiet.jsp?cntntsNo=89344,https://api.nongsaro.go.kr/sample/rest/recomendDiet/recomendDiet.jsp?dietSeCode=254002&pageNo=8,4cbdea6c77ff9270edceb40f551297ea180becf930ef2b19cede2b5877c35dae
89345,두부피자,https://api.nongsaro.go.kr/sample/rest/recomendDiet/recomendDiet.jsp?cntntsNo=89345,https://api.nongsaro.go.kr/sample/rest/recomendDiet/recomendDiet.jsp?dietSeCode=254002&pageNo=8,4cbdea6c77ff9270edceb40f551297ea180becf930ef2b19cede2b5877c35dae
89346,"레몬소스를 뿌린 전어구이,들깨무국,오이무침",https://api.nongsaro.go.kr/sample/rest/recomendDiet/recomendDiet.jsp?cntntsNo=89346,https://api.nongsaro.go.kr/sample/rest/recomendDiet/recomendDiet.jsp?dietSeCode=254002&pageNo=8,4cbdea6c77ff9270edceb40f551297ea180becf930ef2b19cede2b5877c35dae
89347,"낙지덮밥,팽이버섯된장국,애호박나물",https://api.nongsaro.go.kr/sample/rest/recomendDiet/recomendDiet.jsp?cntntsNo=89347,https://api.nongsaro.go.kr/sample/rest/recomendDiet/recomendDiet.jsp?dietSeCode=254002&pageNo=7,b586a3d3f7425e2be21bc66b3f5668569bf00760c716184c4a388267105d69d6
89348,"오징어카레,오이냉국",https://api.nongsaro.go.kr/sample/rest/recomendDiet/recomendDiet.jsp?cntntsNo=89348,https://api.nongsaro.go.kr/sample/rest/recomendDiet/recomendDiet.jsp?dietSeCode=254002&pageNo=7,b586a3d3f7425e2be21bc66b3f5668569bf00760c716184c4a388267105d69d6
89349,닭가슴살이 들어간 양배추만두,https://api.nongsaro.go.kr/sample/rest/recomendDiet/recomendDiet.jsp?cntntsNo=89349,https://api.nongsaro.go.kr/sample/rest/recomendDiet/recomendDiet.jsp?dietSeCode=254002&pageNo=7,b586a3d3f7425e2be21bc66b3f5668569bf00760c716184c4a388267105d69d6
89350,"쇠고기은행죽,고추장아찌",https://api.nongsaro.go.kr/sample/rest/recomendDiet/recomendDiet.jsp?cntntsNo=89350,https://api.nongsaro.go.kr/sample/rest/recomendDiet/recomendDiet.jsp?dietSeCode=254002&pageNo=7,b586a3d3f7425e2be21bc66b3f5668569bf00760c716184c4a388267105d69d6
89351,"콩가루드레싱을 곁들인 사과연근 샐러드,잔멸치볶음,고추장아찌",https://api.nongsaro.go.kr/sample/rest/recomendDiet/recomendDiet.jsp?cntntsNo=89351,https://api.nongsaro.go.kr/sample/rest/recomendDiet/recomendDiet.jsp?dietSeCode=254002&pageNo=7,b586a3d3f7425e2be21bc66b3f5668569bf00760c716184c4a388267105d69d6
89352,두부호두빵,https://api.nongsaro.go.kr/sample/rest/recomendDiet/recomendDiet.jsp?cntntsNo=89352,https://api.nongsaro.go.kr/sample/rest/recomendDiet/recomendDiet.jsp?dietSeCode=254002&pageNo=7,b586a3d3f7425e2be21bc66b3f5668569bf00760c716184c4a388267105d69d6
89353,"가지소스를 얹은 닭가슴살구이,무국,도토리묵무침,채소샐러드",https://api.nongsaro.go.kr/sample/rest/recomendDiet/recomendDiet.jsp?cntntsNo=89353,https://api.nongsaro.go.kr/sample/rest/recomendDiet/recomendDiet.jsp?dietSeCode=254002&pageNo=7,b586a3d3f7425e2be21bc66b3f5668569bf00760c716184c4a388267105d69d6
89354,"해파리곤약냉채,버섯된장찌개,애호박볶음,참나물 겉절이",https://api.nongsaro.go.kr/sample/rest/recomendDiet/recomendDiet.jsp?cntntsNo=89354,https://api.nongsaro.go.kr/sample/rest/recomendDiet/recomendDiet.jsp?dietSeCode=254002&pageNo=7,b586a3d3f7425e2be21bc66b3f5668569bf00760c716184c4a388267105d69d6
89355,단호박 현미찹살떡,https://api.nongsaro.go.kr/sample/rest/recomendDiet/recomendDiet.jsp?cntntsNo=89355,https://api.nongsaro.go.kr/sample/rest/recomendDiet/recomendDiet.jsp?dietSeCode=254002&pageNo=7,b586a3d3f7425e2be21bc66b3f5668569bf00760c716184c4a388267105d69d6
89356,"영양 쌈밥,콩나물국,풋사과 겉절이",https://api.nongsaro.go.kr/sample/rest/recomendDiet/recomendDiet.jsp?cntntsNo=89356,https://api.nongsaro.go.kr/sample/rest/recomendDiet/recomendDiet.jsp?dietSeCode=254002&pageNo=7,b586a3d3f7425e2be21bc66b3f5668569bf00760c716184c4a388267105d69d6
89357,"연어된장구이,미역오이냉국,배추청포묵무침,도라지생채",https://api.nongsaro.go.kr/sample/rest/recomendDiet/recomendDiet.jsp?cntntsNo=89357,https://api.nongsaro.go.kr/sample/rest/recomendDiet/recomendDiet.jsp?dietSeCode=254002&pageNo=6,5ad5b5bb88a7fc4280921888425346d891d4967fc30c3f91a61ae5f95750ff22
89358,"시금치오징어무침,팽이버섯된장국,토마토상추겉절이,멸치볶음",https://api.nongsaro.go.kr/sample/rest/recomendDiet/recomendDiet.jsp?cntntsNo=89358,https://api.nongsaro.go.kr/sample/rest/recomendDiet/recomendDiet.jsp?dietSeCode=254002&pageNo=6,5ad5b5bb88a7fc4280921888425346d891d4967fc30c3f91a61ae5f95750ff22
89359,곤약김치스파게티,https://api.nongsaro.go.kr/sample/rest/recomendDiet/recomendDiet.jsp?cntntsNo=89359,https://api.nongsaro.go.kr/sample/rest/recomendDiet/recomendDiet.jsp?dietSeCode=254002&pageNo=6,5ad5b5bb88a7fc4280921888425346d891d4967fc30c3f91a61ae5f95750ff22
89360,과일 시리얼 요거트,https://api.nongsaro.go.kr/sample/rest/recomendDiet/recomendDiet.jsp?cntntsNo=89360,https://api.nongsaro.go.kr/sample/rest/recomendDiet/recomendDiet.jsp?dietSeCode=254002&pageNo=6,5ad5b5bb88a7fc4280921888425346d891d4967fc30c3f91a61ae5f95750ff22
89361,"두부콩나물냉채,배추들깨국,우엉조림,청포묵무침",https://api.nongsaro.go.kr/sample/rest/recomendDiet/recomendDiet.jsp?cntntsNo=89361,https://api.nongsaro.go.kr/sample/rest/recomendDiet/recomendDiet.jsp?dietSeCode=254002&pageNo=6,5ad5b5bb88a7fc4280921888425346d891d4967fc30c3f91a61ae5f95750ff22
89362,"민어구이,감자국,부추무침,버섯볶음",https://api.nongsaro.go.kr/sample/rest/recomendDiet/recomendDiet.jsp?cntntsNo=89362,https://api.nongsaro.go.kr/sample/rest/recomendDiet/recomendDiet.jsp?dietSeCode=254002&pageNo=6,5ad5b5bb88a7fc4280921888425346d891d4967fc30c3f91a61ae5f95750ff22
89363,"깨두부전,청포묵냉채,노각생채,가지나물볶음",https://api.nongsaro.go.kr/sample/rest/recomendDiet/recomendDiet.jsp?cntntsNo=89363,https://api.nongsaro.go.kr/sample/rest/recomendDiet/recomendDiet.jsp?dietSeCode=254002&pageNo=6,5ad5b5bb88a7fc4280921888425346d891d4967fc30c3f91a61ae5f95750ff22
89364,블루베리콩샐러드,https://api.nongsaro.go.kr/sample/rest/recomendDiet/recomendDiet.jsp?cntntsNo=89364,https://api.nongsaro.go.kr/sample/rest/recomendDiet/recomendDiet.jsp?dietSeCode=254002&pageNo=6,5ad5b5bb88a7fc4280921888425346d891d4967fc30c3f91a61ae5f95750ff22
89365,블루베리 요구르트 빙수,https://api.nongsaro.go.kr/sample/rest/recomendDiet/recomendDiet.jsp?cntntsNo=89365,https://api.nongsaro.go.kr/sample/rest/recomendDiet/recomendDiet.jsp?dietSeCode=254002&pageNo=6,5ad5b5bb88a7fc4280921888425346d891d4967fc30c3f91a61ae5f95750ff22
89366,현미표고리조또,https://api.nongsaro.go.kr/sample/rest/recomendDiet/recomendDiet.jsp?cntntsNo=89366,https://api.nongsaro.go.kr/sample/rest/recomendDiet/recomendDiet.jsp?dietSeCode=254002&pageNo=6,5ad5b5bb88a7fc4280921888425346d891d4967fc30c3f91a61ae5f95750ff22
89367,"버섯장조림,가지냉국,치커리무침,미역줄기볶음",https://api.nongsaro.go.kr/sample/rest/recomendDiet/recomendDiet.jsp?cntntsNo=89367,https://api.nongsaro.go.kr/sample/rest/recomendDiet/recomendDiet.jsp?dietSeCode=254002&pageNo=5,c431de09eb06c9ef1727b6d67ddc4129369b5cbf21baef1fb25aea4f02a67876
89368,씨리얼과 해바라기씨를 얹은 자두구이,https://api.nongsaro.go.kr/sample/rest/recomendDiet/recomendDiet.jsp?cntntsNo=89368,https://api.nongsaro.go.kr/sample/rest/recomendDiet/recomendDiet.jsp?dietSeCode=254002&pageNo=5,c431de09eb06c9ef1727b6d67ddc4129369b5cbf21baef1fb25aea4f02a67876
89369,초교탕,https://api.nongsaro.go.kr/sample/rest/recomendDiet/recomendDiet.jsp?cntntsNo=89369,https://api.nongsaro.go.kr/sample/rest/recomendDiet/recomendDiet.jsp?dietSeCode=254002&pageNo=5,c431de09eb06c9ef1727b6d67ddc4129369b5cbf21baef1fb25aea4f02a67876
89370,"레몬감자구이,아이스 매실차",https://api.nongsaro.go.kr/sample/rest/recomendDiet/recomendDiet.jsp?cntntsNo=89370,https://api.nongsaro.go.kr/sample/rest/recomendDiet/recomendDiet.jsp?dietSeCode=254002&pageNo=5,c431de09eb06c9ef1727b6d67ddc4129369b5cbf21baef1fb25aea4f02a67876
89371,"쇠고기김치말이구이,콩나물국,미나리무침,매실장아찌",https://api.nongsaro.go.kr/sample/rest/recomendDiet/recomendDiet.jsp?cntntsNo=89371,https://api.nongsaro.go.kr/sample/rest/recomendDiet/recomendDiet.jsp?dietSeCode=254002&pageNo=5,c431de09eb06c9ef1727b6d67ddc4129369b5cbf21baef1fb25aea4f02a67876
89372,흑미죽,https://api.nongsaro.go.kr/sample/rest/recomendDiet/recomendDiet.jsp?cntntsNo=89372,https://api.nongsaro.go.kr/sample/rest/recomendDiet/recomendDiet.jsp?dietSeCode=254002&pageNo=5,c431de09eb06c9ef1727b6d67ddc4129369b5cbf21baef1fb25aea4f02a67876
89373,모듬버섯샐러드,https://api.nongsaro.go.kr/sample/rest/recomendDiet/recomendDiet.jsp?cntntsNo=89373,https://api.nongsaro.go.kr/sample/rest/recomendDiet/recomendDiet.jsp?dietSeCode=254002&pageNo=5,c431de09eb06c9ef1727b6d67ddc4129369b5cbf21baef1fb25aea4f02a67876
89374,채소 과일칩,https://api.nongsaro.go.kr/sample/rest/recomendDiet/recomendDiet.jsp?cntntsNo=89374,https://api.nongsaro.go.kr/sample/rest/recomendDiet/recomendDiet.jsp?dietSeCode=254002&pageNo=5,c431de09eb06c9ef1727b6d67ddc4129369b5cbf21baef1fb25aea4f02a67876
89375,호밀빵 두부샌드위치,https://api.nongsaro.go.kr/sample/rest/recomendDiet/recomendDiet.jsp?cntntsNo=89375,https://api.nongsaro.go.kr/sample/rest/recomendDiet/recomendDiet.jsp?dietSeCode=254002&pageNo=5,c431de09eb06c9ef1727b6d67ddc4129369b5cbf21baef1fb25aea4f02a67876
89376,"현미오곡죽,닭가슴살장조림",https://api.nongsaro.go.kr/sample/rest/recomendDiet/recomendDiet.jsp?cntntsNo=89376,https://api.nongsaro.go.kr/sample/rest/recomendDiet/recomendDiet.jsp?dietSeCode=254002&pageNo=5,c431de09eb06c9ef1727b6d67ddc4129369b5cbf21baef1fb25aea4f02a67876
89377,"쇠고기 양파찜,시금치된장국,도라지무침,꽈리고추멸치볶음",https://api.nongsaro.go.kr/sample/rest/recomendDiet/recomendDiet.jsp?cntntsNo=89377,https://api.nongsaro.go.kr/sample/rest/recomendDiet/recomendDiet.jsp?dietSeCode=254002&pageNo=4,ed0b124fb4d51a0879c59f8b3f51107c490944936ed79456e42148c092c6fcc0
89378,메밀비빔국수,https://api.nongsaro.go.kr/sample/rest/recomendDiet/recomendDiet.jsp?cntntsNo=89378,https://api.nongsaro.go.kr/sample/rest/recomendDiet/recomendDiet.jsp?dietSeCode=254002&pageNo=4,ed0b124fb4d51a0879c59f8b3f51107c490944936ed79456e42148c092c6fcc0
89379,파프리카 밥 구이,https://api.nongsaro.go.kr/sample/rest/recomendDiet/recomendDiet.jsp?cntntsNo=89379,https://api.nongsaro.go.kr/sample/rest/recomendDiet/recomendDiet.jsp?dietSeCode=254002&pageNo=4,ed0b124fb4d51a0879c59f8b3f51107c490944936ed79456e42148c092c6fcc0
89380,"닭가슴살 마늘볶음,녹차 잡곡밥,맑은 된장국,견과류 조림",https://api.nongsaro.go.kr/sample/rest/recomendDiet/recomendDiet.jsp?cntntsNo=89380,https://api.nongsaro.go.kr/sample/rest/recomendDiet/recomendDiet.jsp?dietSeCode=254002&pageNo=4,ed0b124fb4d51a0879c59f8b3f51107c490944936ed79456e42148c092c6fcc0
89381,"쇠고기 가지볶음,미역냉국,청경채겉절이",https://api.nongsaro.go.kr/sample/rest/recomendDiet/recomendDiet.jsp?cntntsNo=89381,https://api.nongsaro.go.kr/sample/rest/recomendDiet/recomendDiet.jsp?dietSeCode=254002&pageNo=4,ed0b124fb4d51a0879c59f8b3f51107c490944936ed79456e42148c092c6fcc0
89382,키위소스를 끼얹은 연두부샐러드,https://api.nongsaro.go.kr/sample/rest/recomendDiet/recomendDiet.jsp?cntntsNo=89382,https://api.nongsaro.go.kr/sample/rest/recomendDiet/recomendDiet.jsp?dietSeCode=254002&pageNo=4,ed0b124fb4d51a0879c59f8b3f51107c490944936ed79456e42148c092c6fcc0
89383,단호박수제비,https://api.nongsaro.go.kr/sample/rest/recomendDiet/recomendDiet.jsp?cntntsNo=89383,https://api.nongsaro.go.kr/sample/rest/recomendDiet/recomendDiet.jsp?dietSeCode=254002&pageNo=4,ed0b124fb4d51a0879c59f8b3f51107c490944936ed79456e42148c092c6fcc0
89384,녹차 요구르트 빙수,https://api.nongsaro.go.kr/sample/rest/recomendDiet/recomendDiet.jsp?cntntsNo=89384,https://api.nongsaro.go.kr/sample/rest/recomendDiet/recomendDiet.jsp?dietSeCode=254002&pageNo=4,ed0b124fb4d51a0879c59f8b3f51107c490944936ed79456e42148c092c6fcc0
89385,"도미살두부샌드구이,콩나물국,오이부추무침",https://api.nongsaro.go.kr/sample/rest/recomendDiet/recomendDiet.jsp?cntntsNo=89385,https://api.nongsaro.go.kr/sample/rest/recomendDiet/recomendDiet.jsp?dietSeCode=254002&pageNo=4,ed0b124fb4d51a0879c59f8b3f51107c490944936ed79456e42148c092c6fcc0
89386,"가자미구이,미역오이냉국,깻잎나물,매실장아찌",https://api.nongsaro.go.kr/sample/rest/recomendDiet/recomendDiet.jsp?cntntsNo=89386,https://api.nongsaro.go.kr/sample/rest/recomendDiet/recomendDiet.jsp?dietSeCode=254002&pageNo=4,ed0b124fb4d51a0879c59f8b3f51107c490944936ed79456e42148c092c6fcc0
89387,"닭가슴살가지찜,꽃게탕,청경채겉절이,양배추쌈",https://api.nongsaro.go.kr/sample/rest/recomendDiet/recomendDiet.jsp?cntntsNo=89387,https://api.nongsaro.go.kr/sample/rest/recomendDiet/recomendDiet.jsp?dietSeCode=254002&pageNo=3,d8745d4cbab863e2e2dc47fe1574d61c389bc7280c323761415ca4f9d4374a4e
89388,"우무묵냉채,두부계란야채찜,비름나물무침,마늘종장아찌",https://api.nongsaro.go.kr/sample/rest/recomendDiet/recomendDiet.jsp?cntntsNo=89388,https://api.nongsaro.go.kr/sample/rest/recomendDiet/recomendDiet.jsp?dietSeCode=254002&pageNo=3,d8745d4cbab863e2e2dc47fe1574d61c389bc7280c323761415ca4f9d4374a4e
89389,실곤약 닭가슴살 국수,https://api.nongsaro.go.kr/sample/rest/recomendDiet/recomendDiet.jsp?cntntsNo=89389,https://api.nongsaro.go.kr/sample/rest/recomendDiet/recomendDiet.jsp?dietSeCode=254002&pageNo=3,d8745d4cbab863e2e2dc47fe1574d61c389bc7280c323761415ca4f9d4374a4e
89390,"콩나물비빔밥,북어무국,건파래볶음",https://api.nongsaro.go.kr/sample/rest/recomendDiet/recomendDiet.jsp?cntntsNo=89390,https://api.nongsaro.go.kr/sample/rest/recomendDiet/recomendDiet.jsp?dietSeCode=254002&pageNo=3,d8745d4cbab863e2e2dc47fe1574d61c389bc7280c323761415ca4f9d4374a4e
89391,"닭가슴살양배추찜,무국,멸치깻잎찜,겨자곤약무침",https://api.nongsaro.go.kr/sample/rest/recomendDiet/recomendDiet.jsp?cntntsNo=89391,https://api.nongsaro.go.kr/sample/rest/recomendDiet/recomendDiet.jsp?dietSeCode=254002&pageNo=3,d8745d4cbab863e2e2dc47fe1574d61c389bc7280c323761415ca4f9d4374a4e
89392,"아스파라거스와 닭가슴살구이,맑은 된장국,곤약무침",https://api.nongsaro.go.kr/sample/rest/recomendDiet/recomendDiet.jsp?cntntsNo=89392,https://api.nongsaro.go.kr/sample/rest/recomendDiet/recomendDiet.jsp?dietSeCode=254002&pageNo=3,d8745d4cbab863e2e2dc47fe1574d61c389bc7280c323761415ca4f9d4374a4e
89393,"꽁치구이,청국장국,두릅무침,매실장아찌",https://api.nongsaro.go.kr/sample/rest/recomendDiet/recomendDiet.jsp?cntntsNo=89393,https://api.nongsaro.go.kr/sample/rest/recomendDiet/recomendDiet.jsp?dietSeCode=254002&pageNo=3,d8745d4cbab863e2e2dc47fe1574d61c389bc7280c323761415ca4f9d4374a4e
89394,곤약콩국수,https://api.nongsaro.go.kr/sample/rest/recomendDiet/recomendDiet.jsp?cntntsNo=89394,https://api.nongsaro.go.kr/sample/rest/recomendDiet/recomendDiet.jsp?dietSeCode=254002&pageNo=3,d8745d4cbab863e2e2dc47fe1574d61c389bc7280c323761415ca4f9d4374a4e
89395,버섯두부구이,https://api.nongsaro.go.kr/sample/rest/recomendDiet/recomendDiet.jsp?cntntsNo=89395,https://api.nongsaro.go.kr/sample/rest/recomendDiet/recomendDiet.jsp?dietSeCode=254002&pageNo=3,d8745d4cbab863e2e2dc47fe1574d61c389bc7280c323761415ca4f9d4374a4e
89396,"도토리묵잡채,닭가슴살 미역국,깻잎찜",https://api.nongsaro.go.kr/sample/rest/recomendDiet/recomendDiet.jsp?cntntsNo=89396,https://api.nongsaro.go.kr/sample/rest/recomendDiet/recomendDiet.jsp?dietSeCode=254002&pageNo=3,d8745d4cbab863e2e2dc47fe1574d61c389bc7280c323761415ca4f9d4374a4e
89397,"오징어 두릅초회,맑은 콩나물국,곤약무침,버섯볶음",https://api.nongsaro.go.kr/sample/rest/recomendDiet/recomendDiet.jsp?cntntsNo=89397,https://api.nongsaro.go.kr/sample/rest/recomendDiet/recomendDiet.jsp?dietSeCode=254002&pageNo=2,9fcce76602cf7494ffbe173085ff33b06a3e5fb2c56106e2a79054656df74953
89398,"코다리조림,들깨배추국,쑥갓무침",https://api.nongsaro.go.kr/sample/rest/recomendDiet/recomendDiet.jsp?cntntsNo=89398,https://api.nongsaro.go.kr/sample/rest/recomendDiet/recomendDiet.jsp?dietSeCode=254002&pageNo=2,9fcce76602cf7494ffbe173085ff33b06a3e5fb2c56106e2a79054656df74953
89399,닭꼬치,https://api.nongsaro.go.kr/sample/rest/recomendDiet/recomendDiet.jsp?cntntsNo=89399,https://api.nongsaro.go.kr/sample/rest/recomendDiet/recomendDiet.jsp?dietSeCode=254002&pageNo=2,9fcce76602cf7494ffbe173085ff33b06a3e5fb2c56106e2a79054656df74953
89400,사각사각연근우유,https://api.nongsaro.go.kr/sample/rest/recomendDiet/recomendDiet.jsp?cntntsNo=89400,https://api.nongsaro.go.kr/sample/rest/recomendDiet/recomendDiet.jsp?dietSeCode=254002&pageNo=2,9fcce76602cf7494ffbe173085ff33b06a3e5fb2c56106e2a79054656df74953
89401,"해파리냉채,홍합미역국,풋마늘대무침,무말랭이장아찌",https://api.nongsaro.go.kr/sample/rest/recomendDiet/recomendDiet.jsp?cntntsNo=89401,https://api.nongsaro.go.kr/sample/rest/recomendDiet/recomendDiet.jsp?dietSeCode=254002&pageNo=2,9fcce76602cf7494ffbe173085ff33b06a3e5fb2c56106e2a79054656df74953
89402,닭가슴살 너비아니,https://api.nongsaro.go.kr/sample/rest/recomendDiet/recomendDiet.jsp?cntntsNo=89402,https://api.nongsaro.go.kr/sample/rest/recomendDiet/recomendDiet.jsp?dietSeCode=254002&pageNo=10,eb8533648f335336d68ad327e08d6590ca59366c4851c2e9edc8e813f6c7e1ae
89403,닭가슴살 롤,https://api.nongsaro.go.kr/sample/rest/recomendDiet/recomendDiet.jsp?cntntsNo=89403,https://api.nongsaro.go.kr/sample/rest/recomendDiet/recomendDiet.jsp?dietSeCode=254002&pageNo=2,9fcce76602cf7494ffbe173085ff33b06a3e5fb2c56106e2a79054656df74953
89404,"닭가슴살 파프리카 샐러드,두부된장국,뱅어포구이,시금치나물",https://api.nongsaro.go.kr/sample/rest/recomendDiet/recomendDiet.jsp?cntntsNo=89404,https://api.nongsaro.go.kr/sample/rest/recomendDiet/recomendDiet.jsp?dietSeCode=254002&pageNo=2,9fcce76602cf7494ffbe173085ff33b06a3e5fb2c56106e2a79054656df74953
89405,꽃비빔밥,https://api.nongsaro.go.kr/sample/rest/recomendDiet/recomendDiet.jsp?cntntsNo=89405,https://api.nongsaro.go.kr/sample/rest/recomendDiet/recomendDiet.jsp?dietSeCode=254002&pageNo=2,9fcce76602cf7494ffbe173085ff33b06a3e5fb2c56106e2a79054656df74953
89406,"묵밥,부추무침을 곁들인 수육,총각김치",https://api.nongsaro.go.kr/sample/rest/recomendDiet/recomendDiet.jsp?cntntsNo=89406,https://api.nongsaro.go.kr/sample/rest/recomendDiet/recomendDiet.jsp?dietSeCode=254002&pageNo=2,9fcce76602cf7494ffbe173085ff33b06a3e5fb2c56106e2a79054656df74953
89407,"해물잡채,흑미밥,버섯무국,곤약조림,부추무침,배추김치",https://api.nongsaro.go.kr/sample/rest/recomendDiet/recomendDiet.jsp?cntntsNo=89407,https://api.nongsaro.go.kr/sample/rest/recomendDiet/recomendDiet.jsp?dietSeCode=254002&pageNo=2,9fcce76602cf7494ffbe173085ff33b06a3e5fb2c56106e2a79054656df74953
89408,"더덕구이,쌀밥,콩나물김치국,메추리알조림,고구마줄기나물,총각김치",https://api.nongsaro.go.kr/sample/rest/recomendDiet/recomendDiet.jsp?cntntsNo=89408,https://api.nongsaro.go.kr/sample/rest/recomendDiet/recomendDiet.jsp?dietSeCode=254002&pageNo=1,0a7d957856b22f68a70d8ef34bcc38b36686cc429fc51f8149fccaf60dd3e536
89409,"주꾸미매운양념볶음,흑미밥,백김치,봄동팽이버섯된장국,미나리숙주나물,파래무침",https://api.nongsaro.go.kr/sample/rest/recomendDiet/recomendDiet.jsp?cntntsNo=89409,https://api.nongsaro.go.kr/sample/rest/recomendDiet/recomendDiet.jsp?dietSeCode=254002&pageNo=1,0a7d957856b22f68a70d8ef34bcc38b36686cc429fc51f8149fccaf60dd3e536
89410,"새싹비빔밥,동치미",https://api.nongsaro.go.kr/sample/rest/recomendDiet/recomendDiet.jsp?cntntsNo=89410,https://api.nongsaro.go.kr/sample/rest/recomendDiet/recomendDiet.jsp?dietSeCode=254002&pageNo=1,0a7d957856b22f68a70d8ef34bcc38b36686cc429fc51f8149fccaf60dd3e536
89411,"새싹얹은 두부조림,현미밥,오이소박이,쑥무채국,멸치아몬드볶음,느타리버섯무침",https://api.nongsaro.go.kr/sample/rest/recomendDiet/recomendDiet.jsp?cntntsNo=89411,https://api.nongsaro.go.kr/sample/rest/recomendDiet/recomendDiet.jsp?dietSeCode=254002&pageNo=1,0a7d957856b22f68a70d8ef34bcc38b36686cc429fc51f8149fccaf60dd3e536
89412,블루베리쉐이크,https://api.nongsaro.go.kr/sample/rest/recomendDiet/recomendDiet.jsp?cntntsNo=89412,https://api.nongsaro.go.kr/sample/rest/recomendDiet/recomendDiet.jsp?dietSeCode=254002&pageNo=1,0a7d957856b22f68a70d8ef34bcc38b36686cc429fc51f8149fccaf60dd3e536
89413,"닭가슴살죽,나박김치",https://api.nongsaro.go.kr/sample/rest/recomendDiet/recomendDiet.jsp?cntntsNo=89413,https://api.nongsaro.go.kr/sample/rest/recomendDiet/recomendDiet.jsp?dietSeCode=254002&pageNo=1,0a7d957856b22f68a70d8ef34bcc38b36686cc429fc51f8149fccaf60dd3e536
89414,"보리밥,두부팽이버섯된장국,닭가슴살조림,애호박나물,다시마쌈&초고추장,백김치",https://api.nongsaro.go.kr/sample/rest/recomendDiet/recomendDiet.jsp?cntntsNo=89414,https://api.nongsaro.go.kr/sample/rest/recomendDiet/recomendDiet.jsp?dietSeCode=254002&pageNo=1,0a7d957856b22f68a70d8ef34bcc38b36686cc429fc51f8149fccaf60dd3e536
89415,"차조밥,북어국,콩나물 오이냉채,연어조림,연두부&간장양념,배추김치",https://api.nongsaro.go.kr/sample/rest/recomendDiet/recomendDiet.jsp?cntntsNo=89415,https://api.nongsaro.go.kr/sample/rest/recomendDiet/recomendDiet.jsp?dietSeCode=254002&pageNo=1,0a7d957856b22f68a70d8ef34bcc38b36686cc429fc51f8149fccaf60dd3e536
89416,"검은콩밥,맑은 콩나물국,배추김치,닭가슴살 냉채,치커리초무침,김구이",https://api.nongsaro.go.kr/sample/rest/recomendDiet/recomendDiet.jsp?cntntsNo=89416,https://api.nongsaro.go.kr/sample/rest/recomendDiet/recomendDiet.jsp?dietSeCode=254002&pageNo=1,0a7d957856b22f68a70d8ef34bcc38b36686cc429fc51f8149fccaf60dd3e536
89417,"현미잡곡밥,봄동된장국,백김치,고등어무조림,두릅회,도토리묵&청포묵 김무침",https://api.nongsaro.go.kr/sample/rest/recomendDiet/recomendDiet.jsp?cntntsNo=89417,https://api.nongsaro.go.kr/sample/rest/recomendDiet/recomendDiet.jsp?dietSeCode=254002&pageNo=1,0a7d957856b22f68a70d8ef34bcc38b36686cc429fc51f8149fccaf60dd3e536
89418,"현미밥,된장찌개,북어조림,버섯고기볶음,오이생채,배추김치",https://api.nongsaro.go.kr/sample/rest/recomendDiet/recomendDiet.jsp?cntntsNo=89418,https://api.nongsaro.go.kr/sample/rest/recomendDiet/recomendDiet.jsp?dietSeCode=254003&pageNo=5,de4492caa3849a788d8939d79b87c0f02ab78d213e31507f1c7742ac7e9a14b5
89419,"떡만두국,김치전,통마늘장아찌,열무김치",https://api.nongsaro.go.kr/sample/rest/recomendDiet/recomendDiet.jsp?cntntsNo=89419,https://api.nongsaro.go.kr/sample/rest/recomendDiet/recomendDiet.jsp?dietSeCode=254003&pageNo=5,de4492caa3849a788d8939d79b87c0f02ab78d213e31507f1c7742ac7e9a14b5
89420,"콩밥,조개국,닭불고기,다시마쌈,파무침,동치미",https://api.nongsaro.go.kr/sample/rest/recomendDiet/recomendDiet.jsp?cntntsNo=89420,https://api.nongsaro.go.kr/sample/rest/recomendDiet/recomendDiet.jsp?dietSeCode=254003&pageNo=4,c6eaf5d3e04e77a63ae8df367ecc82c0d778f716ffa19ad5fd733fb76f6d2221
89421,"차조밥,쇠고기미역국,두부김치,오징어포조림,가지나물,깍두기",https://api.nongsaro.go.kr/sample/rest/recomendDiet/recomendDiet.jsp?cntntsNo=89421,https://api.nongsaro.go.kr/sample/rest/recomendDiet/recomendDiet.jsp?dietSeCode=254003&pageNo=4,c6eaf5d3e04e77a63ae8df367ecc82c0d778f716ffa19ad5fd733fb76f6d2221
89422,"팥밥,대구매운탕,달걀채소말이,우엉조림,부추무침,배추김치",https://api.nongsaro.go.kr/sample/rest/recomendDiet/recomendDiet.jsp?cntntsNo=89422,https://api.nongsaro.go.kr/sample/rest/recomendDiet/recomendDiet.jsp?dietSeCode=254003&pageNo=4,c6eaf5d3e04e77a63ae8df367ecc82c0d778f716ffa19ad5fd733fb76f6d2221
89423,"보리밥,호박된장국,고등어튀김,풋고추조림,무말랭이무침,열무김치",https://api.nongsaro.go.kr/sample/rest/recomendDiet/recomendDiet.jsp?cntntsNo=89423,https://api.nongsaro.go.kr/sample/rest/recomendDiet/recomendDiet.jsp?dietSeCode=254003&pageNo=4,c6eaf5d3e04e77a63ae8df367ecc82c0d778f716ffa19ad5fd733fb76f6d2221
89424,"참치회덮밥,콩나물국,백김치",https://api.nongsaro.go.kr/sample/rest/recomendDiet/recomendDiet.jsp?cntntsNo=89424,https://api.nongsaro.go.kr/sample/rest/recomendDiet/recomendDiet.jsp?dietSeCode=254003&pageNo=4,c6eaf5d3e04e77a63ae8df367ecc82c0d778f716ffa19ad5fd733fb76f6d2221
89425,"차조밥,우거지국,아구찜,부추전,고사리나물,오이소박이",https://api.nongsaro.go.kr/sample/rest/recomendDiet/recomendDiet.jsp?cntntsNo=89425,https://api.nongsaro.go.kr/sample/rest/recomendDiet/recomendDiet.jsp?dietSeCode=254003&pageNo=4,c6eaf5d3e04e77a63ae8df367ecc82c0d778f716ffa19ad5fd733fb76f6d2221
89426,"현미밥,연두부찌개,돈육장조림,감자당근볶음,미역초무침,배추김치",https://api.nongsaro.go.kr/sample/rest/recomendDiet/recomendDiet.jsp?cntntsNo=89426,https://api.nongsaro.go.kr/sample/rest/recomendDiet/recomendDiet.jsp?dietSeCode=254003&pageNo=4,c6eaf5d3e04e77a63ae8df367ecc82c0d778f716ffa19ad5fd733fb76f6d2221
89427,"수수밥,아욱국,쇠고기산적,굴무침,미나리나물,동치미",https://api.nongsaro.go.kr/sample/rest/recomendDiet/recomendDiet.jsp?cntntsNo=89427,https://api.nongsaro.go.kr/sample/rest/recomendDiet/recomendDiet.jsp?dietSeCode=254003&pageNo=4,c6eaf5d3e04e77a63ae8df367ecc82c0d778f716ffa19ad5fd733fb76f6d2221
89428,"보리밥,돈육김치찌개,삼치구이,도토리묵무침,숙주나물,깍두기",https://api.nongsaro.go.kr/sample/rest/recomendDiet/recomendDiet.jsp?cntntsNo=89428,https://api.nongsaro.go.kr/sample/rest/recomendDiet/recomendDiet.jsp?dietSeCode=254003&pageNo=4,c6eaf5d3e04e77a63ae8df367ecc82c0d778f716ffa19ad5fd733fb76f6d2221
89429,"닭죽,애호박전,깻잎장아찌,배추김치",https://api.nongsaro.go.kr/sample/rest/recomendDiet/recomendDiet.jsp?cntntsNo=89429,https://api.nongsaro.go.kr/sample/rest/recomendDiet/recomendDiet.jsp?dietSeCode=254003&pageNo=4,c6eaf5d3e04e77a63ae8df367ecc82c0d778f716ffa19ad5fd733fb76f6d2221
89430,"콩밥,감자양파국,채소달걀찜,어묵볶음,도라지생채,부추김치",https://api.nongsaro.go.kr/sample/rest/recomendDiet/recomendDiet.jsp?cntntsNo=89430,https://api.nongsaro.go.kr/sample/rest/recomendDiet/recomendDiet.jsp?dietSeCode=254003&pageNo=3,66f4a80190e1dbced274e82fe0dad1b295ec086c90608b4905dfe3476ddae465
89431,"오곡밥,미역국,돼지불고기,양배추쌈,파김치",https://api.nongsaro.go.kr/sample/rest/recomendDiet/recomendDiet.jsp?cntntsNo=89431,https://api.nongsaro.go.kr/sample/rest/recomendDiet/recomendDiet.jsp?dietSeCode=254003&pageNo=3,66f4a80190e1dbced274e82fe0dad1b295ec086c90608b4905dfe3476ddae465
89432,"차조밥,무국,조기찜,두부부침,참나물,배추김치",https://api.nongsaro.go.kr/sample/rest/recomendDiet/recomendDiet.jsp?cntntsNo=89432,https://api.nongsaro.go.kr/sample/rest/recomendDiet/recomendDiet.jsp?dietSeCode=254003&pageNo=3,66f4a80190e1dbced274e82fe0dad1b295ec086c90608b4905dfe3476ddae465
89433,"보리밥,동태찌개,녹두전,미나리무침,동치미",https://api.nongsaro.go.kr/sample/rest/recomendDiet/recomendDiet.jsp?cntntsNo=89433,https://api.nongsaro.go.kr/sample/rest/recomendDiet/recomendDiet.jsp?dietSeCode=254003&pageNo=3,66f4a80190e1dbced274e82fe0dad1b295ec086c90608b4905dfe3476ddae465
89434,"팥밥,콩나물국,갈치조림,잡채,상추겉절이,깍두기",https://api.nongsaro.go.kr/sample/rest/recomendDiet/recomendDiet.jsp?cntntsNo=89434,https://api.nongsaro.go.kr/sample/rest/recomendDiet/recomendDiet.jsp?dietSeCode=254003&pageNo=3,66f4a80190e1dbced274e82fe0dad1b295ec086c90608b4905dfe3476ddae465
89435,"수수밥,근대국,완자전,오징어젓무침,시금치나물,배추김치",https://api.nongsaro.go.kr/sample/rest/recomendDiet/recomendDiet.jsp?cntntsNo=89435,https://api.nongsaro.go.kr/sample/rest/recomendDiet/recomendDiet.jsp?dietSeCode=254003&pageNo=3,66f4a80190e1dbced274e82fe0dad1b295ec086c90608b4905dfe3476ddae465
89436,"차조밥,쇠고기버섯전골,꼬막찜,청포묵무침,무생채,열무김치",https://api.nongsaro.go.kr/sample/rest/recomendDiet/recomendDiet.jsp?cntntsNo=89436,https://api.nongsaro.go.kr/sample/rest/recomendDiet/recomendDiet.jsp?dietSeCode=254003&pageNo=3,66f4a80190e1dbced274e82fe0dad1b295ec086c90608b4905dfe3476ddae465
89437,"콩밥,시래기된장국,닭볶음탕,취나물,배추김치",https://api.nongsaro.go.kr/sample/rest/recomendDiet/recomendDiet.jsp?cntntsNo=89437,https://api.nongsaro.go.kr/sample/rest/recomendDiet/recomendDiet.jsp?dietSeCode=254003&pageNo=3,66f4a80190e1dbced274e82fe0dad1b295ec086c90608b4905dfe3476ddae465
89438,"보리밥,순두부찌개,꽁치구이,파래무침,깍두기",https://api.nongsaro.go.kr/sample/rest/recomendDiet/recomendDiet.jsp?cntntsNo=89438,https://api.nongsaro.go.kr/sample/rest/recomendDiet/recomendDiet.jsp?dietSeCode=254003&pageNo=3,66f4a80190e1dbced274e82fe0dad1b295ec086c90608b4905dfe3476ddae465
89439,"수수밥,달래된장찌개,조기튀김,무생채,마늘쫑볶음,열무김치",https://api.nongsaro.go.kr/sample/rest/recomendDiet/recomendDiet.jsp?cntntsNo=89439,https://api.nongsaro.go.kr/sample/rest/recomendDiet/recomendDiet.jsp?dietSeCode=254003&pageNo=3,66f4a80190e1dbced274e82fe0dad1b295ec086c90608b4905dfe3476ddae465
89440,"보리밥,조개국,닭찜,미나리무침,배추김치",https://api.nongsaro.go.kr/sample/rest/recomendDiet/recomendDiet.jsp?cntntsNo=89440,https://api.nongsaro.go.kr/sample/rest/recomendDiet/recomendDiet.jsp?dietSeCode=254003&pageNo=2,b56cfb2b543a882f99bdec52e815857edb6e623bc6cec8269661ac3234912ff1
89441,"현미밥,콩나물국,뱅어포조림,연두부찜,돌나물무침,총각김치",https://api.nongsaro.go.kr/sample/rest/recomendDiet/recomendDiet.jsp?cntntsNo=89441,https://api.nongsaro.go.kr/sample/rest/recomendDiet/recomendDiet.jsp?dietSeCode=254003&pageNo=2,b56cfb2b543a882f99bdec52e815857edb6e623bc6cec8269661ac3234912ff1
89442,"보리밥,사골곰탕,골뱅이무침,호박나물,섞박지",https://api.nongsaro.go.kr/sample/rest/recomendDiet/recomendDiet.jsp?cntntsNo=89442,https://api.nongsaro.go.kr/sample/rest/recomendDiet/recomendDiet.jsp?dietSeCode=254003&pageNo=2,b56cfb2b543a882f99bdec52e815857edb6e623bc6cec8269661ac3234912ff1
89443,"오곡밥,오징어찌개,마파두부,부추전,머위나물,배추김치",https://api.nongsaro.go.kr/sample/rest/recomendDiet/recomendDiet.jsp?cntntsNo=89443,https://api.nongsaro.go.kr/sample/rest/recomendDiet/recomendDiet.jsp?dietSeCode=254003&pageNo=2,b56cfb2b543a882f99bdec52e815857edb6e623bc6cec8269661ac3234912ff1
89444,"콩밥,달걀파국,돈육장조림,버섯볶음,씀바귀나물,깍두기",https://api.nongsaro.go.kr/sample/rest/recomendDiet/recomendDiet.jsp?cntntsNo=89444,https://api.nongsaro.go.kr/sample/rest/recomendDiet/recomendDiet.jsp?dietSeCode=254003&pageNo=2,b56cfb2b543a882f99bdec52e815857edb6e623bc6cec8269661ac3234912ff1
89445,"팥밥,참치김치국,삶은 돼지고기,상추쌈&풋고추,도토리묵무침,열무김치",https://api.nongsaro.go.kr/sample/rest/recomendDiet/recomendDiet.jsp?cntntsNo=89445,https://api.nongsaro.go.kr/sample/rest/recomendDiet/recomendDiet.jsp?dietSeCode=254003&pageNo=2,b56cfb2b543a882f99bdec52e815857edb6e623bc6cec8269661ac3234912ff1
89446,"비빔밥,홍합미역국,연근조림,백김치",https://api.nongsaro.go.kr/sample/rest/recomendDiet/recomendDiet.jsp?cntntsNo=89446,https://api.nongsaro.go.kr/sample/rest/recomendDiet/recomendDiet.jsp?dietSeCode=254003&pageNo=2,b56cfb2b543a882f99bdec52e815857edb6e623bc6cec8269661ac3234912ff1
89447,"보리밥,냉이국,갈치구이,콩자반,비름나물,배추김치",https://api.nongsaro.go.kr/sample/rest/recomendDiet/recomendDiet.jsp?cntntsNo=89447,https://api.nongsaro.go.kr/sample/rest/recomendDiet/recomendDiet.jsp?dietSeCode=254003&pageNo=2,b56cfb2b543a882f99bdec52e815857edb6e623bc6cec8269661ac3234912ff1
89448,"차조밥,꽃게탕,채소달걀찜,느타리버섯볶음,파무침,총각김치",https://api.nongsaro.go.kr/sample/rest/recomendDiet/recomendDiet.jsp?cntntsNo=89448,https://api.nongsaro.go.kr/sample/rest/recomendDiet/recomendDiet.jsp?dietSeCode=254003&pageNo=2,b56cfb2b543a882f99bdec52e815857edb6e623bc6cec8269661ac3234912ff1
89449,"수수밥,바지락냉이국,완자전,더덕무침,참나물,배추김치",https://api.nongsaro.go.kr/sample/rest/recomendDiet/recomendDiet.jsp?cntntsNo=89449,https://api.nongsaro.go.kr/sample/rest/recomendDiet/recomendDiet.jsp?dietSeCode=254003&pageNo=2,b56cfb2b543a882f99bdec52e815857edb6e623bc6cec8269661ac3234912ff1
89450,"현미밥,감자국,낙지볶음,청포묵무침,달래무침,열무김치",https://api.nongsaro.go.kr/sample/rest/recomendDiet/recomendDiet.jsp?cntntsNo=89450,https://api.nongsaro.go.kr/sample/rest/recomendDiet/recomendDiet.jsp?dietSeCode=254003&pageNo=1,dd39d5f8f5022acf072993d38939ce72cacf3403545bd7338d2f20313f61cde9
89451,"보리밥,콩비지찌개,쇠고기산적,부추무침,무나물,배추김치",https://api.nongsaro.go.kr/sample/rest/recomendDiet/recomendDiet.jsp?cntntsNo=89451,https://api.nongsaro.go.kr/sample/rest/recomendDiet/recomendDiet.jsp?dietSeCode=254003&pageNo=1,dd39d5f8f5022acf072993d38939ce72cacf3403545bd7338d2f20313f61cde9
89452,"찰밥,쇠고기미역국,고등어조림,깻잎찜,두릅무침,깍두기",https://api.nongsaro.go.kr/sample/rest/recomendDiet/recomendDiet.jsp?cntntsNo=89452,https://api.nongsaro.go.kr/sample/rest/recomendDiet/recomendDiet.jsp?dietSeCode=254003&pageNo=1,dd39d5f8f5022acf072993d38939ce72cacf3403545bd7338d2f20313f61cde9
89453,"채소샌드위치,우유,달걀후라이,오렌지",https://api.nongsaro.go.kr/sample/rest/recomendDiet/recomendDiet.jsp?cntntsNo=89453,https://api.nongsaro.go.kr/sample/rest/recomendDiet/recomendDiet.jsp?dietSeCode=254003&pageNo=1,dd39d5f8f5022acf072993d38939ce72cacf3403545bd7338d2f20313f61cde9
89454,"콩밥,쇠고기버섯전골,달걀채소말이,도라지생채,열무김치",https://api.nongsaro.go.kr/sample/rest/recomendDiet/recomendDiet.jsp?cntntsNo=89454,https://api.nongsaro.go.kr/sample/rest/recomendDiet/recomendDiet.jsp?dietSeCode=254003&pageNo=1,dd39d5f8f5022acf072993d38939ce72cacf3403545bd7338d2f20313f61cde9
89455,"김치볶음밥,무국,고추멸치볶음,감자샐러드,나박김치",https://api.nongsaro.go.kr/sample/rest/recomendDiet/recomendDiet.jsp?cntntsNo=89455,https://api.nongsaro.go.kr/sample/rest/recomendDiet/recomendDiet.jsp?dietSeCode=254003&pageNo=1,dd39d5f8f5022acf072993d38939ce72cacf3403545bd7338d2f20313f61cde9
89456,"수수밥,근대국,삼치간장조림,취나물볶음,총각김치",https://api.nongsaro.go.kr/sample/rest/recomendDiet/recomendDiet.jsp?cntntsNo=89456,https://api.nongsaro.go.kr/sample/rest/recomendDiet/recomendDiet.jsp?dietSeCode=254003&pageNo=1,dd39d5f8f5022acf072993d38939ce72cacf3403545bd7338d2f20313f61cde9
89457,"현미밥,냉이된장국,임연수구이,두부조림,마늘쫑무침,배추김치",https://api.nongsaro.go.kr/sample/rest/recomendDiet/recomendDiet.jsp?cntntsNo=89457,https://api.nongsaro.go.kr/sample/rest/recomendDiet/recomendDiet.jsp?dietSeCode=254003&pageNo=1,dd39d5f8f5022acf072993d38939ce72cacf3403545bd7338d2f20313f61cde9
89458,"보리밥,김치찌개,잡채,김구이,오이생채,깍두기",https://api.nongsaro.go.kr/sample/rest/recomendDiet/recomendDiet.jsp?cntntsNo=89458,https://api.nongsaro.go.kr/sample/rest/recomendDiet/recomendDiet.jsp?dietSeCode=254003&pageNo=1,dd39d5f8f5022acf072993d38939ce72cacf3403545bd7338d2f20313f61cde9
89459,"차조밥,조개국,불고기,시금치나물,배추김치",https://api.nongsaro.go.kr/sample/rest/recomendDiet/recomendDiet.jsp?cntntsNo=89459,https://api.nongsaro.go.kr/sample/rest/recomendDiet/recomendDiet.jsp?dietSeCode=254003&pageNo=1,dd39d5f8f5022acf072993d38939ce72cacf3403545bd7338d2f20313f61cde9
89460,초보주부도 두렵지 않아 <집들이 요리>,https://api.nongsaro.go.kr/sample/rest/recomendDiet/recomendDiet.jsp?cntntsNo=89460,https://api.nongsaro.go.kr/sample/rest/recomendDiet/recomendDiet.jsp?dietSeCode=254004&pageNo=3,47312abe70c2538817b6ea07202910bf561df77b7c3fefa610cc7d866792ca2e
89461,밤이 길어 햇살이 그리운 날 <우리네 작은 설 동지(冬至)>,https://api.nongsaro.go.kr/sample/rest/recomendDiet/recomendDiet.jsp?cntntsNo=89461,https://api.nongsaro.go.kr/sample/rest/recomendDiet/recomendDiet.jsp?dietSeCode=254004&pageNo=3,47312abe70c2538817b6ea07202910bf561df77b7c3fefa610cc7d866792ca2e
89462,낭만 가득한 계절에 만나는 <캠핑요리>,https://api.nongsaro.go.kr/sample/rest/recomendDiet/recomendDiet.jsp?cntntsNo=89462,https://api.nongsaro.go.kr/sample/rest/recomendDiet/recomendDiet.jsp?dietSeCode=254004&pageNo=3,47312abe70c2538817b6ea07202910bf561df77b7c3fefa610cc7d866792ca2e
89463,출산을 축하하며 <산모를 위한 요리>,https://api.nongsaro.go.kr/sample/rest/recomendDiet/recomendDiet.jsp?cntntsNo=89463,https://api.nongsaro.go.kr/sample/rest/recomendDiet/recomendDiet.jsp?dietSeCode=254004&pageNo=2,58f56c6238febcd2c35146a856a644baf87908d4638a3779f733b3c8f61e4ab1
89464,11월 11일은 가래떡Day!,https://api.nongsaro.go.kr/sample/rest/recomendDiet/recomendDiet.jsp?cntntsNo=89464,https://api.nongsaro.go.kr/sample/rest/recomendDiet/recomendDiet.jsp?dietSeCode=254004&pageNo=2,58f56c6238febcd2c35146a856a644baf87908d4638a3779f733b3c8f61e4ab1
89465,비 오는 날 즐겨보세요 비의 계절에 어울리는 요리,https://api.nongsaro.go.kr/sample/rest/recomendDiet/recomendDiet.jsp?cntntsNo=89465,https://api.nongsaro.go.kr/sample/rest/recomendDiet/recomendDiet.jsp?dietSeCode=254004&pageNo=2,58f56c6238febcd2c35146a856a644baf87908d4638a3779f733b3c8f61e4ab1
89466,건강의 기본 피를 맑게 하는 식품,https://api.nongsaro.go.kr/sample/rest/recomendDiet/recomendDiet.jsp?cntntsNo=89466,https://api.nongsaro.go.kr/sample/rest/recomendDiet/recomendDiet.jsp?dietSeCode=254004&pageNo=2,58f56c6238febcd2c35146a856a644baf87908d4638a3779f733b3c8f61e4ab1
89467,우리 농산물로 만든 건강한 간식,https://api.nongsaro.go.kr/sample/rest/recomendDiet/recomendDiet.jsp?cntntsNo=89467,https://api.nongsaro.go.kr/sample/rest/recomendDiet/recomendDiet.jsp?dietSeCode=254004&pageNo=2,58f56c6238febcd2c35146a856a644baf87908d4638a3779f733b3c8f61e4ab1
89468,부모님을 위한 원데이 쉐프,https://api.nongsaro.go.kr/sample/rest/recomendDiet/recomendDiet.jsp?cntntsNo=89468,https://api.nongsaro.go.kr/sample/rest/recomendDiet/recomendDiet.jsp?dietSeCode=254004&pageNo=2,58f56c6238febcd2c35146a856a644baf87908d4638a3779f733b3c8f61e4ab1
89469,봄이 오는 길목에서.. <향긋한 하루를 열어주는 봄나물 한상>,https://api.nongsaro.go.kr/sample/rest/recomendDiet/recomendDiet.jsp?cntntsNo=89469,https://api.nongsaro.go.kr/sample/rest/recomendDiet/recomendDiet.jsp?dietSeCode=254004&pageNo=2,58f56c6238febcd2c35146a856a644baf87908d4638a3779f733b3c8f61e4ab1
89470,가족과 함께하는 연말연시 홈파티!,https://api.nongsaro.go.kr/sample/rest/recomendDiet/recomendDiet.jsp?cntntsNo=89470,https://api.nongsaro.go.kr/sample/rest/recomendDiet/recomendDiet.jsp?dietSeCode=254004&pageNo=2,58f56c6238febcd2c35146a856a644baf87908d4638a3779f733b3c8f61e4ab1
89471,송편과 탕국 송편과 탕국,https://api.nongsaro.go.kr/sample/rest/recomendDiet/recomendDiet.jsp?cntntsNo=89471,https://api.nongsaro.go.kr/sample/rest/recomendDiet/recomendDiet.jsp?dietSeCode=254004&pageNo=2,58f56c6238febcd2c35146a856a644baf87908d4638a3779f733b3c8f61e4ab1
89472,"8월 18일은 쌀데이 농부의 손을 88번 거쳐야 식탁에 오르는 영양과 정성이 가득 담긴 쌀, 맛있게 즐기기",https://api.nongsaro.go.kr/sample/rest/recomendDiet/recomendDiet.jsp?cntntsNo=89472,https://api.nongsaro.go.kr/sample/rest/recomendDiet/recomendDiet.jsp?dietSeCode=254004&pageNo=2,58f56c6238febcd2c35146a856a644baf87908d4638a3779f733b3c8f61e4ab1
89473,음력 7월7일은 칠석(七夕) 견우와 직녀의 애틋한 마음을 기리며 먹는 절식 만나기,https://api.nongsaro.go.kr/sample/rest/recomendDiet/recomendDiet.jsp?cntntsNo=89473,https://api.nongsaro.go.kr/sample/rest/recomendDiet/recomendDiet.jsp?dietSeCode=254004&pageNo=1,1e0565afbbe114a6356424a9ac1709b652b858fe3f00d849b19bb1990c44b5b6
89474,오감을 즐기며 먹는 쌈,https://api.nongsaro.go.kr/sample/rest/recomendDiet/recomendDiet.jsp?cntntsNo=89474,https://api.nongsaro.go.kr/sample/rest/recomendDiet/recomendDiet.jsp?dietSeCode=254004&pageNo=1,1e0565afbbe114a6356424a9ac1709b652b858fe3f00d849b19bb1990c44b5b6
89475,"단오에 즐기는 별미, 망개떡",https://api.nongsaro.go.kr/sample/rest/recomendDiet/recomendDiet.jsp?cntntsNo=89475,https://api.nongsaro.go.kr/sample/rest/recomendDiet/recomendDiet.jsp?dietSeCode=254004&pageNo=1,1e0565afbbe114a6356424a9ac1709b652b858fe3f00d849b19bb1990c44b5b6
89476,임금님이 드시던 귀한 물고기 '웅어',https://api.nongsaro.go.kr/sample/rest/recomendDiet/recomendDiet.jsp?cntntsNo=89476,https://api.nongsaro.go.kr/sample/rest/recomendDiet/recomendDiet.jsp?dietSeCode=254004&pageNo=1,1e0565afbbe114a6356424a9ac1709b652b858fe3f00d849b19bb1990c44b5b6
89477,오감만족 오미자 음료(창면)와 쑥굴리,https://api.nongsaro.go.kr/sample/rest/recomendDiet/recomendDiet.jsp?cntntsNo=89477,https://api.nongsaro.go.kr/sample/rest/recomendDiet/recomendDiet.jsp?dietSeCode=254004&pageNo=1,1e0565afbbe114a6356424a9ac1709b652b858fe3f00d849b19bb1990c44b5b6
89478,식탁에 핀 향기로운 봄꽃 두릅,https://api.nongsaro.go.kr/sample/rest/recomendDiet/recomendDiet.jsp?cntntsNo=89478,https://api.nongsaro.go.kr/sample/rest/recomendDiet/recomendDiet.jsp?dietSeCode=254004&pageNo=1,1e0565afbbe114a6356424a9ac1709b652b858fe3f00d849b19bb1990c44b5b6
89479,"장모의 솜씨로 차린 백년손님, 사위 첫 생일상",https://api.nongsaro.go.kr/sample/rest/recomendDiet/recomendDiet.jsp?cntntsNo=89479,https://api.nongsaro.go.kr/sample/rest/recomendDiet/recomendDiet.jsp?dietSeCode=254004&pageNo=1,1e0565afbbe114a6356424a9ac1709b652b858fe3f00d849b19bb1990c44b5b6
89480,"봄철 입맛 돋우는 음식 씀바귀나물, 취나물",https://api.nongsaro.go.kr/sample/rest/recomendDiet/recomendDiet.jsp?cntntsNo=89480,https://api.nongsaro.go.kr/sample/rest/recomendDiet/recomendDiet.jsp?dietSeCode=254004&pageNo=1,1e0565afbbe114a6356424a9ac1709b652b858fe3f00d849b19bb1990c44b5b6
89481,춘곤증을 이기고 새 봄의 미각을 돋우는 음식,https://api.nongsaro.go.kr/sample/rest/recomendDiet/recomendDiet.jsp?cntntsNo=89481,https://api.nongsaro.go.kr/sample/rest/recomendDiet/recomendDiet.jsp?dietSeCode=254004&pageNo=1,1e0565afbbe114a6356424a9ac1709b652b858fe3f00d849b19bb1990c44b5b6
89482,조상의 지혜가 담긴 정월대보름 음식!,https://api.nongsaro.go.kr/sample/rest/recomendDiet/recomendDiet.jsp?cntntsNo=89482,https://api.nongsaro.go.kr/sample/rest/recomendDiet/recomendDiet.jsp?dietSeCode=254004&pageNo=1,1e0565afbbe114a6356424a9ac1709b652b858fe3f00d849b19bb1990c44b5b6
89483,자연으로 치유한다 <힐링푸드>,https://api.nongsaro.go.kr/sample/rest/recomendDiet/recomendDiet.jsp?cntntsNo=89483,https://api.nongsaro.go.kr/sample/rest/recomendDiet/recomendDiet.jsp?dietSeCode=254005&pageNo=1,f92ba1eb6f8b85eb317038b15fb51e4467d4a8ccf8f44b731c850aa187f2541e
89484,화를 다스리는 요리,https://api.nongsaro.go.kr/sample/rest/recomendDiet/recomendDiet.jsp?cntntsNo=89484,https://api.nongsaro.go.kr/sample/rest/recomendDiet/recomendDiet.jsp?dietSeCode=254005&pageNo=1,f92ba1eb6f8b85eb317038b15fb51e4467d4a8ccf8f44b731c850aa187f2541e
89485,우울함은 달래고 기분은 업 시키는 요리,https://api.nongsaro.go.kr/sample/rest/recomendDiet/recomendDiet.jsp?cntntsNo=89485,https://api.nongsaro.go.kr/sample/rest/recomendDiet/recomendDiet.jsp?dietSeCode=254005&pageNo=1,f92ba1eb6f8b85eb317038b15fb51e4467d4a8ccf8f44b731c850aa187f2541e
89486,피로회복에 좋은 요리,https://api.nongsaro.go.kr/sample/rest/recomendDiet/recomendDiet.jsp?cntntsNo=89486,https://api.nongsaro.go.kr/sample/rest/recomendDiet/recomendDiet.jsp?dietSeCode=254005&pageNo=1,f92ba1eb6f8b85eb317038b15fb51e4467d4a8ccf8f44b731c850aa187f2541e
89487,몸과 마음의 면역력을 높이는 컬러푸드,https://api.nongsaro.go.kr/sample/rest/recomendDiet/recomendDiet.jsp?cntntsNo=89487,https://api.nongsaro.go.kr/sample/rest/recomendDiet/recomendDiet.jsp?dietSeCode=254005&pageNo=1,f92ba1eb6f8b85eb317038b15fb51e4467d4a8ccf8f44b731c850aa187f2541e
89488,기분을 좋게 해주는 연어와 시금치,https://api.nongsaro.go.kr/sample/rest/recomendDiet/recomendDiet.jsp?cntntsNo=89488,https://api.nongsaro.go.kr/sample/rest/recomendDiet/recomendDiet.jsp?dietSeCode=254005&pageNo=1,f92ba1eb6f8b85eb317038b15fb51e4467d4a8ccf8f44b731c850aa187f2541e
89489,피로를 완화시켜 주는 음식,https://api.nongsaro.go.kr/sample/rest/recomendDiet/recomendDiet.jsp?cntntsNo=89489,https://api.nongsaro.go.kr/sample/rest/recomendDiet/recomendDiet.jsp?dietSeCode=254005&pageNo=1,f92ba1eb6f8b85eb317038b15fb51e4467d4a8ccf8f44b731c850aa187f2541e
89490,불안감과 초조함을 달래주는 우유,https://api.nongsaro.go.kr/sample/rest/recomendDiet/recomendDiet.jsp?cntntsNo=89490,https://api.nongsaro.go.kr/sample/rest/recomendDiet/recomendDiet.jsp?dietSeCode=254005&pageNo=1,f92ba1eb6f8b85eb317038b15fb51e4467d4a8ccf8f44b731c850aa187f2541e
89491,우울함을 달래주는 음식,https://api.nongsaro.go.kr/sample/rest/recomendDiet/recomendDiet.jsp?cntntsNo=89491,https://api.nongsaro.go.kr/sample/rest/recomendDiet/recomendDiet.jsp?dietSeCode=254005&pageNo=1,f92ba1eb6f8b85eb317038b15fb51e4467d4a8ccf8f44b731c850aa187f2541e
89492,시력에 도움을 주는 음식,https://api.nongsaro.go.kr/sample/rest/recomendDiet/recomendDiet.jsp?cntntsNo=89492,https://api.nongsaro.go.kr/sample/rest/recomendDiet/recomendDiet.jsp?dietSeCode=254005&pageNo=1,f92ba1eb6f8b85eb317038b15fb51e4467d4a8ccf8f44b731c850aa187f2541e
