recipeId,name,mainIngredientText,additionalIngredientText,cookingText,sourceName,sourceUrl,sourceReference,sourceSha256,checkedAt,parserVersion,observedCookingStyle
RDA-DIET-89238-1,김치찌개,"김치 70g, 돼지고기 30g, 두부 30g, 양파 20g, 대파 10g, 청양고추 5g, 멸치 7g, 김치 국물 20g (양념) 들기름 3g, 고춧가루 1g, 후춧가루 약간, 소금 약간",,,농촌진흥청 공개 추천식단 개별 조리자료,https://api.nongsaro.go.kr/sample/rest/recomendDiet/recomendDiet.jsp?cntntsNo=89238&tabNo=1,공개 추천식단 89238 메뉴 1,87103c01bde1f4636e51e0479b27aed944a807d8c3ae472fae48481aea034bdc,2026-10-04,rda-public-diet-followup-v1,SIMMERED
RDA-DIET-89239-1,감자국,"감자 40g, 마늘 2g, 청, 홍고추 8g, 멸치 4g, 소금 약간",,,농촌진흥청 공개 추천식단 개별 조리자료,https://api.nongsaro.go.kr/sample/rest/recomendDiet/recomendDiet.jsp?cntntsNo=89239&tabNo=1,공개 추천식단 89239 메뉴 1,6aaf600acc86a5be6035b817850d28b780cff62eefa0331709a79940dda7b97f,2026-10-04,rda-public-diet-followup-v1,SIMMERED
RDA-DIET-89243-1,청국장찌개,"청국장 50g, 모시조개 50g, 두부 50g, 배추김치 30g, 풋고추 5g, 대파 8g, 다진 마늘 5g (육수) 쌀뜬 물 500ml, 다시마 5g, 멸치 6g (양념) 고춧가루 5g, 소금 약간",,,농촌진흥청 공개 추천식단 개별 조리자료,https://api.nongsaro.go.kr/sample/rest/recomendDiet/recomendDiet.jsp?cntntsNo=89243&tabNo=1,공개 추천식단 89243 메뉴 1,4db1f1ab7dae003a172df50dec5726f657ebe9ec99f2fbd21ba0037204515a3d,2026-10-04,rda-public-diet-followup-v1,SIMMERED
RDA-DIET-89243-2,멸치볶음,"멸치 10g, 올리고당 5g, 식용유 4g, 통깨 약간",,,농촌진흥청 공개 추천식단 개별 조리자료,https://api.nongsaro.go.kr/sample/rest/recomendDiet/recomendDiet.jsp?cntntsNo=89243&tabNo=2,공개 추천식단 89243 메뉴 2,deb262b0d341fc691710f7ab8c281b1c0395a4a7bb4b17236a094e46ec084a33,2026-10-04,rda-public-diet-followup-v1,PAN_COOKED
RDA-DIET-89252-1,오이냉국,"오이 30g, 양파 10g, 당근 10g, 건미역 1g, 소금 1g, 홍고추 2g, 통깨 약간 (양념장1) 청장 4g, 다진 파 1g, 다진 마늘 1g (양념장2) 청장 4g, 소금 1g, 식초 11g, 찬물 220g",,,농촌진흥청 공개 추천식단 개별 조리자료,https://api.nongsaro.go.kr/sample/rest/recomendDiet/recomendDiet.jsp?cntntsNo=89252&tabNo=1,공개 추천식단 89252 메뉴 1,1546739ffdc098916732b1fbb88b6b793bee05ac12a1bde07ecd0f12b2f5d585,2026-10-04,rda-public-diet-followup-v1,UNKNOWN
RDA-DIET-89255-1,미역국,"건미역 5g, 대파 4g, 국간장 4g, 다진 마늘 2g, 참기름 1g, 소금 약간, 후춧가루 약간",,,농촌진흥청 공개 추천식단 개별 조리자료,https://api.nongsaro.go.kr/sample/rest/recomendDiet/recomendDiet.jsp?cntntsNo=89255&tabNo=1,공개 추천식단 89255 메뉴 1,2b246ef3ecba8d02e0f3e7b1e2818220cd40ab0c1ed0672222544a738fb1a315,2026-10-04,rda-public-diet-followup-v1,PAN_COOKED
RDA-DIET-89257-2,애호박볶음,"애호박 60g, 양파 20g, 홍고추 4g (양념) 다진 대파 3g, 다진 마늘 1g, 들기름 3g, 새우젓 4g, 소금 약간, 통깨 약간",,,농촌진흥청 공개 추천식단 개별 조리자료,https://api.nongsaro.go.kr/sample/rest/recomendDiet/recomendDiet.jsp?cntntsNo=89257&tabNo=2,공개 추천식단 89257 메뉴 2,7b95b3b22764d0a1f53ef8aa50cd5a60a40ae9b06350f061edcc64ae84b16dcb,2026-10-04,rda-public-diet-followup-v1,PAN_COOKED
RDA-DIET-89261-1,멸치볶음,"잔멸치 10g, 슬라이스아몬드 3g, 올리고당 5g, 올리브유 4g, 통깨 약간",,,농촌진흥청 공개 추천식단 개별 조리자료,https://api.nongsaro.go.kr/sample/rest/recomendDiet/recomendDiet.jsp?cntntsNo=89261&tabNo=1,공개 추천식단 89261 메뉴 1,f107d19db9bfb7470c281b90b64d5ac661b4d478e204a69a7bfaa47d27228cd4,2026-10-04,rda-public-diet-followup-v1,PAN_COOKED
RDA-DIET-89267-0,감자국,"감자 40g, 청,홍고추 8g, 멸치 4g, 소금 약간",,,농촌진흥청 공개 추천식단 개별 조리자료,https://api.nongsaro.go.kr/sample/rest/recomendDiet/recomendDiet.jsp?cntntsNo=89267&tabNo=0,공개 추천식단 89267 메뉴 0,f79632f0fe67268959a58739cb79ff58e285fad41fb4a0c2188056742f9b7ebb,2026-10-04,rda-public-diet-followup-v1,SIMMERED
RDA-DIET-89269-1,미역줄기볶음,"미역줄기 40g, 양파 20g, 식용유 10g, 다진 마늘 3g, 소금 약간, 통깨 약간",,,농촌진흥청 공개 추천식단 개별 조리자료,https://api.nongsaro.go.kr/sample/rest/recomendDiet/recomendDiet.jsp?cntntsNo=89269&tabNo=1,공개 추천식단 89269 메뉴 1,7c26f94d731113203f597074739e6bfa33771fea996f7080381b54300ffb43eb,2026-10-04,rda-public-diet-followup-v1,PAN_COOKED
RDA-DIET-89270-0,콩국수,"국수 70g, 흰콩 50g, 콩 가는 물 280g, 오이 20g, 토마토 30g, 계란 30g, 소금 약간",,,농촌진흥청 공개 추천식단 개별 조리자료,https://api.nongsaro.go.kr/sample/rest/recomendDiet/recomendDiet.jsp?cntntsNo=89270&tabNo=0,공개 추천식단 89270 메뉴 0,bdb0991c9116077db81f5f22927ee4555fa0b7222b5a2ec93df35be96c7588cb,2026-10-04,rda-public-diet-followup-v1,UNKNOWN
RDA-DIET-89275-0,두부조림,"두부 80g, 소금 약간 (양념) 고춧가루 1g, 간장 6g, 설탕 1g, 다진 마늘 1g, 다진 파 1.5g, 통깨 0.25g, 참기름 1g, 후춧가루 약간",,,농촌진흥청 공개 추천식단 개별 조리자료,https://api.nongsaro.go.kr/sample/rest/recomendDiet/recomendDiet.jsp?cntntsNo=89275&tabNo=0,공개 추천식단 89275 메뉴 0,63a6fe6569d870c1c2a5a1d86a8b87060fefa5fde031ee4557c310492b06446d,2026-10-04,rda-public-diet-followup-v1,SIMMERED
RDA-DIET-89287-2,가자미조림,"가자미 80g, 무 50g, 양파 20g, 청고추 3g, 홍고추 3g, 대파 2g (양념장) 간장 9g, 고춧가루 2g, 다진 파 3g, 다진 마늘 2g, 생강즙 1.5g, 깨소금 0.7g, 참기름 2g",,,농촌진흥청 공개 추천식단 개별 조리자료,https://api.nongsaro.go.kr/sample/rest/recomendDiet/recomendDiet.jsp?cntntsNo=89287&tabNo=2,공개 추천식단 89287 메뉴 2,73fcc89e979e60387ec9b86682358bbffea722ae4d624bf57527a125ec15a67c,2026-10-04,rda-public-diet-followup-v1,SIMMERED
RDA-DIET-89289-0,김밥,"쌀 80g, 김 1.5g, 쇠고기 16g, 깻잎 5g, 단무지 15g, 당근 15g, 오이 13g, 우엉 10g, 치즈 3g, 계란 30g, 식용유 5g (쇠고기양념) 간장 1.6g, 설탕 1g, 다진 마늘 0.5g, 참기름 0.3g, 후춧가루 약간 (밥 양념) 참기름 약간, 소금 약간",,,농촌진흥청 공개 추천식단 개별 조리자료,https://api.nongsaro.go.kr/sample/rest/recomendDiet/recomendDiet.jsp?cntntsNo=89289&tabNo=0,공개 추천식단 89289 메뉴 0,bcc44f9b00b92ed4c4954098d38d1a714a34c57f343cdf48f12163e3d8010897,2026-10-04,rda-public-diet-followup-v1,PAN_COOKED
RDA-DIET-89302-2,감자국,"감자 40g, 멸치 4g, 대파 4g, 소금 1g",,,농촌진흥청 공개 추천식단 개별 조리자료,https://api.nongsaro.go.kr/sample/rest/recomendDiet/recomendDiet.jsp?cntntsNo=89302&tabNo=2,공개 추천식단 89302 메뉴 2,d44fd4df7a41e11a61e22a11d4acf60bb23bd9f813566787468a980e206f40b0,2026-10-04,rda-public-diet-followup-v1,UNKNOWN
RDA-DIET-89305-0,전복죽,"전복 40g, 멥쌀 50g, 당근 10g, 양파 10g, 애호박 10g, 참기름 3g, 소금 0.5g",,,농촌진흥청 공개 추천식단 개별 조리자료,https://api.nongsaro.go.kr/sample/rest/recomendDiet/recomendDiet.jsp?cntntsNo=89305&tabNo=0,공개 추천식단 89305 메뉴 0,d356643763e211cc44859c0235f3f01fa3f2fa74fbbbfd30cb7feb81e855deed,2026-10-04,rda-public-diet-followup-v1,SIMMERED
RDA-DIET-89306-3,마파두부,"두부 50g, 다진 돼지고기 20g (양념장) 소금 1g, 홍고추 2g, 마늘 4g, 생강 4g, 두반장 3g, 청주 6g, 간장 6g, 굴소스 2g, 치킨파우더 2g, 설탕 1g, 녹말물 8g, 고추기름 12g, 물 160g, 후춧가루 약간",,,농촌진흥청 공개 추천식단 개별 조리자료,https://api.nongsaro.go.kr/sample/rest/recomendDiet/recomendDiet.jsp?cntntsNo=89306&tabNo=3,공개 추천식단 89306 메뉴 3,6f43c2f2271a9d0686613fae333efd0b77f74956fa7ed154933e4e35b8c52805,2026-10-04,rda-public-diet-followup-v1,SIMMERED
RDA-DIET-89309-1,보리밥,"백미 90(g), 보리 10(g)",,,농촌진흥청 공개 추천식단 개별 조리자료,https://api.nongsaro.go.kr/sample/rest/recomendDiet/recomendDiet.jsp?cntntsNo=89309&tabNo=1,공개 추천식단 89309 메뉴 1,71f3ab08ad5d213863a0484b596106761d46dc9260e0ec5506b174a7335a28d6,2026-10-04,rda-public-diet-followup-v1,UNKNOWN
RDA-DIET-89309-2,미역국,"건미역3(g), 다진 마늘4(g), 참기름1(g), 소금0.5(g), 대파4(g)",,,농촌진흥청 공개 추천식단 개별 조리자료,https://api.nongsaro.go.kr/sample/rest/recomendDiet/recomendDiet.jsp?cntntsNo=89309&tabNo=2,공개 추천식단 89309 메뉴 2,c15a9b1804334ba18b30b7b4c5fea4ecebcfa5987a9f582999b52885677b4362,2026-10-04,rda-public-diet-followup-v1,PAN_COOKED
RDA-DIET-89313-0,돼지갈비찜,"돼지갈비100(g), 조랭이떡20(g), 당근20(g), 양파20(g), 양배추20(g), <양념장>간장8(g), 설탕3(g), 다진 마늘4(g), 다진 파4(g), 고추장5(g), 후춧가루0.1(g), 참기름2(g), 청주4(g), 생강즙1.2(g)",,,농촌진흥청 공개 추천식단 개별 조리자료,https://api.nongsaro.go.kr/sample/rest/recomendDiet/recomendDiet.jsp?cntntsNo=89313&tabNo=0,공개 추천식단 89313 메뉴 0,6d63ff2deb15d564bfa8aa96e1463f5332df5a18a55cfe903859b39f26b6ddaa,2026-10-04,rda-public-diet-followup-v1,SIMMERED
RDA-DIET-89313-1,쌀밥,쌀(백미) 107(g),,,농촌진흥청 공개 추천식단 개별 조리자료,https://api.nongsaro.go.kr/sample/rest/recomendDiet/recomendDiet.jsp?cntntsNo=89313&tabNo=1,공개 추천식단 89313 메뉴 1,bdf4f4aed9667a627b80e718e276cbe0cdf959a5af2abcd92d9006a2d1236ba2,2026-10-04,rda-public-diet-followup-v1,UNKNOWN
RDA-DIET-89315-1,쌀밥,쌀(백미) 107(g),,,농촌진흥청 공개 추천식단 개별 조리자료,https://api.nongsaro.go.kr/sample/rest/recomendDiet/recomendDiet.jsp?cntntsNo=89315&tabNo=1,공개 추천식단 89315 메뉴 1,005fc0d9ae8cdc7c7ecf15024c3640f19e7979e503a9641eaef54c72308aabb7,2026-10-04,rda-public-diet-followup-v1,UNKNOWN
RDA-DIET-89315-3,땅콩조림,"생땅콩25(g), 간장7(g), 물엿5(g), 설탕3(g), 참기름5(g), 다진 마늘4(g), 통깨약간",,,농촌진흥청 공개 추천식단 개별 조리자료,https://api.nongsaro.go.kr/sample/rest/recomendDiet/recomendDiet.jsp?cntntsNo=89315&tabNo=3,공개 추천식단 89315 메뉴 3,cef57b693f4417ad58ff5f3d99263c8979f0e08a245c9045a6df62253fa0b617,2026-10-04,rda-public-diet-followup-v1,SIMMERED
RDA-DIET-89319-5,땅콩조림,"생땅콩30(g), 간장8(g), 올리고당7(g), 설탕5(g), 참기름3(g), 다진 마늘약간, 통깨약간",,,농촌진흥청 공개 추천식단 개별 조리자료,https://api.nongsaro.go.kr/sample/rest/recomendDiet/recomendDiet.jsp?cntntsNo=89319&tabNo=5,공개 추천식단 89319 메뉴 5,0927eb73d51f1182b97e46646413ec5d70d14bdd0de49d71dce5ad123eb9faf1,2026-10-04,rda-public-diet-followup-v1,SIMMERED
RDA-DIET-89322-0,보리밥,"백미 90(g), 보리 10(g)",,,농촌진흥청 공개 추천식단 개별 조리자료,https://api.nongsaro.go.kr/sample/rest/recomendDiet/recomendDiet.jsp?cntntsNo=89322&tabNo=0,공개 추천식단 89322 메뉴 0,553fd9e4748edb6b0e0d16502da6fb0a7dc0cb2439ed6491a7925cee99c3c2d7,2026-10-04,rda-public-diet-followup-v1,UNKNOWN
RDA-DIET-89322-5,미역줄기볶음,"미역줄기50(g) 양파20(g), 식용유10(g), 다진마늘4(g), 올리브유5(g), 통깨약간",,,농촌진흥청 공개 추천식단 개별 조리자료,https://api.nongsaro.go.kr/sample/rest/recomendDiet/recomendDiet.jsp?cntntsNo=89322&tabNo=5,공개 추천식단 89322 메뉴 5,3cc1489102cf2e1b81c533da8b719e3511b5011b93818fb6554f3ce7a710e9e0,2026-10-04,rda-public-diet-followup-v1,PAN_COOKED
RDA-DIET-89323-0,차조밥,"백미 80g(찹쌀 10g), 차조 10g",,,농촌진흥청 공개 추천식단 개별 조리자료,https://api.nongsaro.go.kr/sample/rest/recomendDiet/recomendDiet.jsp?cntntsNo=89323&tabNo=0,공개 추천식단 89323 메뉴 0,54df2d27d73f32ee2f5d84f0cb3dd8215b3fdb4687acf67292f58cdcdd26b54d,2026-10-04,rda-public-diet-followup-v1,UNKNOWN
RDA-DIET-89323-1,북어국,"북어 25g, 무 20g, 계란 20g, 참기름 5g, 대파 5g, 마늘 2g, 소금, 후추1",,,농촌진흥청 공개 추천식단 개별 조리자료,https://api.nongsaro.go.kr/sample/rest/recomendDiet/recomendDiet.jsp?cntntsNo=89323&tabNo=1,공개 추천식단 89323 메뉴 1,9817ec63df290315e9d946983f59a6ffaf3a9d1b09caf303a9ebbb405e159b43,2026-10-04,rda-public-diet-followup-v1,SIMMERED
RDA-DIET-89324-3,삼치구이,"삼치 2토막(60g), 간장 5g, 물엿 7g, 상추, 레몬",,,농촌진흥청 공개 추천식단 개별 조리자료,https://api.nongsaro.go.kr/sample/rest/recomendDiet/recomendDiet.jsp?cntntsNo=89324&tabNo=3,공개 추천식단 89324 메뉴 3,e916393bb12d1fb0e057e3f2d89a60314f858c2a61b78d5bfee33b3f047075e8,2026-10-04,rda-public-diet-followup-v1,GRILLED
RDA-DIET-89324-4,굴전,"굴 50g, 달걀 1개(50g), 찹쌀가루 7g, 청고추, 홍고추, 상추",,,농촌진흥청 공개 추천식단 개별 조리자료,https://api.nongsaro.go.kr/sample/rest/recomendDiet/recomendDiet.jsp?cntntsNo=89324&tabNo=4,공개 추천식단 89324 메뉴 4,9980ac60223080d0a47a989c05b5c3cfb4e0844c8509ffe5b56e3c3e6eb6456a,2026-10-04,rda-public-diet-followup-v1,PAN_COOKED
RDA-DIET-89326-3,차조밥,"백미 50(g), 찹쌀 10(g), 차조 10(g)",,,농촌진흥청 공개 추천식단 개별 조리자료,https://api.nongsaro.go.kr/sample/rest/recomendDiet/recomendDiet.jsp?cntntsNo=89326&tabNo=3,공개 추천식단 89326 메뉴 3,658066cdb34af91b006906a02b65e2d096aab5cbc33eef08fdd17a73a5785bed,2026-10-04,rda-public-diet-followup-v1,UNKNOWN
RDA-DIET-89326-5,감자조림,"감자 37(g), 간장 1.7(g), 물엿 1(g), 파 0.8(g), 콩기름 0.7(g), 깨 0.4(g), 마늘 0.4(g), 설탕 0.3(g)",,,농촌진흥청 공개 추천식단 개별 조리자료,https://api.nongsaro.go.kr/sample/rest/recomendDiet/recomendDiet.jsp?cntntsNo=89326&tabNo=5,공개 추천식단 89326 메뉴 5,29f9169c0f9dfd42d55c53f79bde44b847abdc96bf8f7f54828e2f9535e1379a,2026-10-04,rda-public-diet-followup-v1,SIMMERED
RDA-DIET-89329-4,애호박볶음,"애호박70g, 양파20g, 홍고추3g, 다진 파3g, 다진 마늘1g, 참기름2g, 새우젓4g, 소금약간",,,농촌진흥청 공개 추천식단 개별 조리자료,https://api.nongsaro.go.kr/sample/rest/recomendDiet/recomendDiet.jsp?cntntsNo=89329&tabNo=4,공개 추천식단 89329 메뉴 4,d065532902d3ee1f9cae4fb1c44ca7d213ab71a6d1a068f0e309b440d40f1c5b,2026-10-04,rda-public-diet-followup-v1,PAN_COOKED
RDA-DIET-89332-3,곤드레나물밥,"곤드레나물(말린 것) 10g, 백미 60g, 현미 30g, 참기름 2g, 소금 1.5g",,,농촌진흥청 공개 추천식단 개별 조리자료,https://api.nongsaro.go.kr/sample/rest/recomendDiet/recomendDiet.jsp?cntntsNo=89332&tabNo=3,공개 추천식단 89332 메뉴 3,4655bcc805eb3dbf6e7ba99bfa7542fffab1816cfd2963135e87e3ad86cc9a3b,2026-10-04,rda-public-diet-followup-v1,UNKNOWN
RDA-DIET-89341-1,청국장찌개,"청국장 50g, 모시조개 50g, 두부 50g, 배추김치 30g, 풋고추 5g, 대파 8g, 다진 마늘 5g (육수) 쌀뜬 물 500ml, 다시마 5g, 멸치 6g (양념) 고춧가루 5g, 소금 약간",,,농촌진흥청 공개 추천식단 개별 조리자료,https://api.nongsaro.go.kr/sample/rest/recomendDiet/recomendDiet.jsp?cntntsNo=89341&tabNo=1,공개 추천식단 89341 메뉴 1,ff744d3a9afc5f1b3bd06b3ca33dc6bccae4ad55049fe3dc58941b4966ca3395,2026-10-04,rda-public-diet-followup-v1,SIMMERED
RDA-DIET-89341-2,멸치볶음,"멸치 10g, 올리고당 5g, 식용유 4g, 통깨 약간",,,농촌진흥청 공개 추천식단 개별 조리자료,https://api.nongsaro.go.kr/sample/rest/recomendDiet/recomendDiet.jsp?cntntsNo=89341&tabNo=2,공개 추천식단 89341 메뉴 2,a6705579227700f5dda4f385f6457886645aeba3ee90f255931baf5d0db8e687,2026-10-04,rda-public-diet-followup-v1,PAN_COOKED
RDA-DIET-89348-1,오이냉국,"오이 30g, 양파 10g, 당근 10g, 건미역 1g, 소금 1g, 홍고추 2g, 통깨 약간 (양념장1) 청장 4g, 다진 파 1g, 다진 마늘 1g (양념장2) 청장 4g, 소금 1g, 식초 11g, 찬물 220g",,,농촌진흥청 공개 추천식단 개별 조리자료,https://api.nongsaro.go.kr/sample/rest/recomendDiet/recomendDiet.jsp?cntntsNo=89348&tabNo=1,공개 추천식단 89348 메뉴 1,86b7c0f0fb0d00dd3e5fff70ba74151fdfe438721f93ade031ede36fd3186270,2026-10-04,rda-public-diet-followup-v1,UNKNOWN
RDA-DIET-89354-1,애호박볶음,"애호박 60g, 양파 20g, 홍고추 5g (양념) 다진 대파 5g, 다진 마늘 2g, 들기름 3g, 새우젓 1g, 소금 약간, 통깨 약간",,,농촌진흥청 공개 추천식단 개별 조리자료,https://api.nongsaro.go.kr/sample/rest/recomendDiet/recomendDiet.jsp?cntntsNo=89354&tabNo=1,공개 추천식단 89354 메뉴 1,efbe791b5b763a2f103eb3a84bb9565f7d0784d4384fa09ee4a2fe0f862a3761,2026-10-04,rda-public-diet-followup-v1,PAN_COOKED
RDA-DIET-89358-3,멸치볶음,"잔멸치 10g, 슬라이스 아몬드 3g, 올리고당 5g, 올리브유 4g, 통깨 약간",,,농촌진흥청 공개 추천식단 개별 조리자료,https://api.nongsaro.go.kr/sample/rest/recomendDiet/recomendDiet.jsp?cntntsNo=89358&tabNo=3,공개 추천식단 89358 메뉴 3,651aba6824404c7c0a56e8a3df59ca444a80617090296810d5259f044c903322,2026-10-04,rda-public-diet-followup-v1,PAN_COOKED
RDA-DIET-89362-1,감자국,"감자 40g, 청, 홍고추 8g, 멸치 8g, 소금 약간",,,농촌진흥청 공개 추천식단 개별 조리자료,https://api.nongsaro.go.kr/sample/rest/recomendDiet/recomendDiet.jsp?cntntsNo=89362&tabNo=1,공개 추천식단 89362 메뉴 1,41605f7acffd0ed71f4f0257dead6e5cb7ad4f2add9c543d3fa719fe1c181787,2026-10-04,rda-public-diet-followup-v1,SIMMERED
RDA-DIET-89367-3,미역줄기볶음,"미역줄기 40g, 양파 20g, 올리브유 5g, 다진 마늘 3g, 소금 약간, 통깨 약간",,,농촌진흥청 공개 추천식단 개별 조리자료,https://api.nongsaro.go.kr/sample/rest/recomendDiet/recomendDiet.jsp?cntntsNo=89367&tabNo=3,공개 추천식단 89367 메뉴 3,7e33e33bb5587a06eff0cefe34fc62df7b4356b6c0bd884ede65b741b83fea46,2026-10-04,rda-public-diet-followup-v1,PAN_COOKED
RDA-DIET-89386-0,가자미구이,"가자미 80g, 소금 약간, 후춧가루 약간, 올리브유 3g (간장소스) 간장 5g, 올리고당 4g, 생강즙 2g, 참기름 1g",,,농촌진흥청 공개 추천식단 개별 조리자료,https://api.nongsaro.go.kr/sample/rest/recomendDiet/recomendDiet.jsp?cntntsNo=89386&tabNo=0,공개 추천식단 89386 메뉴 0,178b4ee080c778b2bfc32d0d040067a5b511e459af22574501fd7f45c18a77ad,2026-10-04,rda-public-diet-followup-v1,GRILLED
RDA-DIET-89387-1,꽃게탕,"꽃게 100g, 새우 30g, 애호박 20g, 무 30g, 미나리 10g, 홍고추 4g (양념) 된장 4g, 고춧가루 1.5g, 다진 마늘 2g, 소금 약간",,,농촌진흥청 공개 추천식단 개별 조리자료,https://api.nongsaro.go.kr/sample/rest/recomendDiet/recomendDiet.jsp?cntntsNo=89387&tabNo=1,공개 추천식단 89387 메뉴 1,a2b7dfa545f38c944a236522144a772d9f29012f72908e664cc1705cb927053b,2026-10-04,rda-public-diet-followup-v1,UNKNOWN
RDA-DIET-89396-2,깻잎찜,"깻잎 15g, 양파 8g, 당근 8g (양념) 간장 8g, 다진 마늘 2g, 조청 4g, 고춧가루 2g, 통깨 1g, 참기름 0.7g, 물 13g",,,농촌진흥청 공개 추천식단 개별 조리자료,https://api.nongsaro.go.kr/sample/rest/recomendDiet/recomendDiet.jsp?cntntsNo=89396&tabNo=2,공개 추천식단 89396 메뉴 2,a7b6ae207082ff66c757bc056c72d0421fdbd89b8593aa8eef5ca2f9183404d1,2026-10-04,rda-public-diet-followup-v1,STEAMED
RDA-DIET-89404-2,뱅어포구이,"뱅어포 10g (양념장) 고추장 10g, 고춧가루 1g, 올리고단 5g, 다진 마늘 2g, 간장 4g, 참기름 2g, 통깨 약간",,,농촌진흥청 공개 추천식단 개별 조리자료,https://api.nongsaro.go.kr/sample/rest/recomendDiet/recomendDiet.jsp?cntntsNo=89404&tabNo=2,공개 추천식단 89404 메뉴 2,ac99f15e964ad66c47c87034e5a7791300b67f5299be14eaedd8b6f1d65d6877,2026-10-04,rda-public-diet-followup-v1,GRILLED
RDA-DIET-89406-0,묵밥,"<육수>다시마3(g), 멸치5(g), 양파15(g), 대파10(g), 통마늘8(g), 무25(g), 식초2(g), 설탕2(g), 다진마늘2(g), 연겨자약간, 소금약간",,,농촌진흥청 공개 추천식단 개별 조리자료,https://api.nongsaro.go.kr/sample/rest/recomendDiet/recomendDiet.jsp?cntntsNo=89406&tabNo=0,공개 추천식단 89406 메뉴 0,1e53855318da12ea8a9ffebd854864d0c941b114c5e4c6830df9dc35926d1b7f,2026-10-04,rda-public-diet-followup-v1,SIMMERED
RDA-DIET-89408-0,더덕구이,"더덕50(g), 고추장15(g), 간장8(g), 올리고당5(g), 다진 대파4(g), 다진 마늘4(g), 깨소금약간, 참기름약간",,,농촌진흥청 공개 추천식단 개별 조리자료,https://api.nongsaro.go.kr/sample/rest/recomendDiet/recomendDiet.jsp?cntntsNo=89408&tabNo=0,공개 추천식단 89408 메뉴 0,cd72ab4fb5a0502bb1663265060d9ba3ce511b019b2b95ede18d1d098d09c125,2026-10-04,rda-public-diet-followup-v1,GRILLED
RDA-DIET-89408-2,쌀밥,쌀(백미) 107(g),,,농촌진흥청 공개 추천식단 개별 조리자료,https://api.nongsaro.go.kr/sample/rest/recomendDiet/recomendDiet.jsp?cntntsNo=89408&tabNo=2,공개 추천식단 89408 메뉴 2,bcfa9cd590f8523a89e291ae824e17c2956a648f2540c18a8b74c9d165b9c434,2026-10-04,rda-public-diet-followup-v1,UNKNOWN
RDA-DIET-89414-4,보리밥,"백미 60(g), 현미 10(g), 보리 10(g)",,,농촌진흥청 공개 추천식단 개별 조리자료,https://api.nongsaro.go.kr/sample/rest/recomendDiet/recomendDiet.jsp?cntntsNo=89414&tabNo=4,공개 추천식단 89414 메뉴 4,55f731f8623cf6ec9ba064ebf2b5a09f7da62b5f1343d690924feda2163be77d,2026-10-04,rda-public-diet-followup-v1,UNKNOWN
RDA-DIET-89415-2,북어국,"북어 25g, 무 20g, 계란 20g, 참기름 5g, 대파 5g, 마늘 2g, 소금, 후추",,,농촌진흥청 공개 추천식단 개별 조리자료,https://api.nongsaro.go.kr/sample/rest/recomendDiet/recomendDiet.jsp?cntntsNo=89415&tabNo=2,공개 추천식단 89415 메뉴 2,afa420f3668a43b669f83616fb83bdb4a3ba7316d9e7410b58a37e917492fe34,2026-10-04,rda-public-diet-followup-v1,SIMMERED
RDA-DIET-89415-4,차조밥,"백미 50g(찹쌀 10g), 차조 10g",,,농촌진흥청 공개 추천식단 개별 조리자료,https://api.nongsaro.go.kr/sample/rest/recomendDiet/recomendDiet.jsp?cntntsNo=89415&tabNo=4,공개 추천식단 89415 메뉴 4,1b51dece03345c621ab459a91e9f4bf82631ce9fb373804dfab32170c1ad5d79,2026-10-04,rda-public-diet-followup-v1,UNKNOWN
RDA-DIET-89418-0,된장찌개,"두부 27.1(g), 애호박 12.7(g), 된장 12.4(g), 양파 9.4(g), 감자 7.9(g), 풋고추 4.0(g), 파 3.8(g), 멸치(건) 1.6(g), 마늘 1.4(g), 고춧가루 0.5(g)",,,농촌진흥청 공개 추천식단 개별 조리자료,https://api.nongsaro.go.kr/sample/rest/recomendDiet/recomendDiet.jsp?cntntsNo=89418&tabNo=0,공개 추천식단 89418 메뉴 0,49d5271509e628a2e08e9b767e12b62460d38a7592e06376f2c8b5aa2f303ef3,2026-10-04,rda-public-diet-followup-v1,SIMMERED
RDA-DIET-89419-0,떡만두국,"가래떡 99.6(g), 냉동만두 91.7(g), 달걀 7.7(g), 쇠고기(양지) 5.5(g), 양파 5.3(g), 파 4.1(g), 간장 3.1(g), 마늘 1.7(g), 소금 0.9(g), 참기름 0.8(g), 분말조미료(멸치) 0.6(g), 김 0.2(g)",,,농촌진흥청 공개 추천식단 개별 조리자료,https://api.nongsaro.go.kr/sample/rest/recomendDiet/recomendDiet.jsp?cntntsNo=89419&tabNo=0,공개 추천식단 89419 메뉴 0,89f4a07f86c9edc2cd99f3088f3848e632d90fbd16c1693a6307938e69c0e021,2026-10-04,rda-public-diet-followup-v1,UNKNOWN
RDA-DIET-89419-3,김치전,"배추김치 47.3(g), 밀가루(중력분) 21.1(g), 달걀 10.1(g), 콩기름 3.5(g), 소금 0.8(g)",,,농촌진흥청 공개 추천식단 개별 조리자료,https://api.nongsaro.go.kr/sample/rest/recomendDiet/recomendDiet.jsp?cntntsNo=89419&tabNo=3,공개 추천식단 89419 메뉴 3,551c8f09edb296c362f18c624acf8c1d750cca65a58a20381dab05a7ce464d94,2026-10-04,rda-public-diet-followup-v1,GRILLED
RDA-DIET-89421-0,두부김치,"두부 94.7(g), 배추김치 31.5(g), 돼지고기(등심) 12.8(g), 양파 5.3(g), 마늘 2.7(g), 풋고추 2.7(g), 참기름 2.6(g), 파 2.2(g), 붉은고추 1.3(g), 설탕 0.8(g), 깨소금 0.6(g), 고춧가루 0.3(g)",,,농촌진흥청 공개 추천식단 개별 조리자료,https://api.nongsaro.go.kr/sample/rest/recomendDiet/recomendDiet.jsp?cntntsNo=89421&tabNo=0,공개 추천식단 89421 메뉴 0,f9cbec28d18127967ac01cde02e8b460ac03b438794954336de66fbbfe0e005b,2026-10-04,rda-public-diet-followup-v1,UNKNOWN
RDA-DIET-89421-3,차조밥,"쌀(백미) 95.3(g), 차조 11.0(g)",,,농촌진흥청 공개 추천식단 개별 조리자료,https://api.nongsaro.go.kr/sample/rest/recomendDiet/recomendDiet.jsp?cntntsNo=89421&tabNo=3,공개 추천식단 89421 메뉴 3,6d59ff335c62a62a166fa0fa2570b15f8a6957b4635fe4f4bfd15e4d033df388,2026-10-04,rda-public-diet-followup-v1,UNKNOWN
RDA-DIET-89423-3,보리밥,"쌀(백미) 91.8, 보리 14.3",,,농촌진흥청 공개 추천식단 개별 조리자료,https://api.nongsaro.go.kr/sample/rest/recomendDiet/recomendDiet.jsp?cntntsNo=89423&tabNo=3,공개 추천식단 89423 메뉴 3,d5be7ce8b5f8c7bd31ab8709d32c5f84207905d98521da5575bf4ab2e5585d0e,2026-10-04,rda-public-diet-followup-v1,UNKNOWN
RDA-DIET-89425-4,차조밥,"쌀(백미) 95.3(g), 차조 11.0(g)",,,농촌진흥청 공개 추천식단 개별 조리자료,https://api.nongsaro.go.kr/sample/rest/recomendDiet/recomendDiet.jsp?cntntsNo=89425&tabNo=4,공개 추천식단 89425 메뉴 4,2451d574abe681c679129b84cd38d7202caddb8dbece830a8eb15d6572a24e8f,2026-10-04,rda-public-diet-followup-v1,UNKNOWN
RDA-DIET-89427-1,수수밥,"쌀(백미) 111.5, 수수 19.0",,,농촌진흥청 공개 추천식단 개별 조리자료,https://api.nongsaro.go.kr/sample/rest/recomendDiet/recomendDiet.jsp?cntntsNo=89427&tabNo=1,공개 추천식단 89427 메뉴 1,765081dffb4a8cb70897a97dc5705d01e05328ca42d7677ef5ddae1417f8f211,2026-10-04,rda-public-diet-followup-v1,UNKNOWN
RDA-DIET-89427-4,굴무침,"굴 15.7, 무 6.6, 양파 2.8, 참기름 1.0, 파 0.7, 고춧가루 0.7, 마늘 0.4, 소금 0.4",,,농촌진흥청 공개 추천식단 개별 조리자료,https://api.nongsaro.go.kr/sample/rest/recomendDiet/recomendDiet.jsp?cntntsNo=89427&tabNo=4,공개 추천식단 89427 메뉴 4,6ba4d40f48682ac260d18146d29a877990f48ed8d3431f045461739a5015c9d3,2026-10-04,rda-public-diet-followup-v1,UNKNOWN
RDA-DIET-89428-0,삼치구이,"삼치 45.2, 콩기름 1.7, 소금 0.8",,,농촌진흥청 공개 추천식단 개별 조리자료,https://api.nongsaro.go.kr/sample/rest/recomendDiet/recomendDiet.jsp?cntntsNo=89428&tabNo=0,공개 추천식단 89428 메뉴 0,54b652549167de1c03f7225f2543e09e249657d6f18fba4e034bf55771f2e3de,2026-10-04,rda-public-diet-followup-v1,GRILLED
RDA-DIET-89428-2,보리밥,"쌀(백미) 91.8, 보리 14.3",,,농촌진흥청 공개 추천식단 개별 조리자료,https://api.nongsaro.go.kr/sample/rest/recomendDiet/recomendDiet.jsp?cntntsNo=89428&tabNo=2,공개 추천식단 89428 메뉴 2,a4e00be14299022f49211678c25ee3865934836d49636543a69eb95918162e3c,2026-10-04,rda-public-diet-followup-v1,UNKNOWN
RDA-DIET-89429-3,닭죽,"닭고기 139.8, 찹쌀(백미) 42.9, 쌀(백미) 29.3, 마늘 8.9, 밤 8.2, 대추(건) 7.0, 수삼 1.1, 소금 0.8",,,농촌진흥청 공개 추천식단 개별 조리자료,https://api.nongsaro.go.kr/sample/rest/recomendDiet/recomendDiet.jsp?cntntsNo=89429&tabNo=3,공개 추천식단 89429 메뉴 3,380436cf442e610597859f1a16fe62982f889c121a7fddc603b2afdff0e34e02,2026-10-04,rda-public-diet-followup-v1,SIMMERED
RDA-DIET-89431-1,미역국,"미역 5.3, 간장 3.2, 멸치 1.6, 마늘 0.9, 참기름 0.9, 소금 0.6",,,농촌진흥청 공개 추천식단 개별 조리자료,https://api.nongsaro.go.kr/sample/rest/recomendDiet/recomendDiet.jsp?cntntsNo=89431&tabNo=1,공개 추천식단 89431 메뉴 1,e3aeefca5b590bc626d7b46a7f3a2983e0d4093d32ef9bb402d8ea56525ed1c7,2026-10-04,rda-public-diet-followup-v1,UNKNOWN
RDA-DIET-89431-4,오곡밥,"쌀(백미) 66.4, 찹쌀(백미) 13.6, 붉은팥 4.2, 수수 3.4, 조 3.4, 검정콩 1.6, 소금 0.6",,,농촌진흥청 공개 추천식단 개별 조리자료,https://api.nongsaro.go.kr/sample/rest/recomendDiet/recomendDiet.jsp?cntntsNo=89431&tabNo=4,공개 추천식단 89431 메뉴 4,712d1f881e52829422c0657547324fa53ea4ce4be3448613393be8f637a14b35,2026-10-04,rda-public-diet-followup-v1,UNKNOWN
RDA-DIET-89432-0,두부부침,"두부 44.6, 콩기름 1.4, 소금 0.3",,,농촌진흥청 공개 추천식단 개별 조리자료,https://api.nongsaro.go.kr/sample/rest/recomendDiet/recomendDiet.jsp?cntntsNo=89432&tabNo=0,공개 추천식단 89432 메뉴 0,e3346af1a1a4d45b9a3b5c4a369df92b22b1966809ffa2d623b9f33c9298b390,2026-10-04,rda-public-diet-followup-v1,GRILLED
RDA-DIET-89432-5,차조밥,"쌀(백미) 95.3(g), 차조 11.0(g)",,,농촌진흥청 공개 추천식단 개별 조리자료,https://api.nongsaro.go.kr/sample/rest/recomendDiet/recomendDiet.jsp?cntntsNo=89432&tabNo=5,공개 추천식단 89432 메뉴 5,1ed8b6a6fc98994f0c5b7d7365f6346a1178cf1b0c0df6f3a0796f0519634c9a,2026-10-04,rda-public-diet-followup-v1,UNKNOWN
RDA-DIET-89433-1,동태찌개,"동태 53.9, 무 21.3, 두부 17.4, 양파 8.9, 쑥갓 2.5, 파 2.0, 마늘 2.0, 고추장 2.0, 고춧가루 1.5, 소금 0.8",,,농촌진흥청 공개 추천식단 개별 조리자료,https://api.nongsaro.go.kr/sample/rest/recomendDiet/recomendDiet.jsp?cntntsNo=89433&tabNo=1,공개 추천식단 89433 메뉴 1,5af467344ebbb0b013bbd35ef8a4a7ca8dc646c5521813cb15bb175532a8f016,2026-10-04,rda-public-diet-followup-v1,SIMMERED
RDA-DIET-89433-3,보리밥,"쌀(백미) 91.8, 보리 14.3",,,농촌진흥청 공개 추천식단 개별 조리자료,https://api.nongsaro.go.kr/sample/rest/recomendDiet/recomendDiet.jsp?cntntsNo=89433&tabNo=3,공개 추천식단 89433 메뉴 3,42227c04df455432e1b0891fea6f7ecf382a77a72526a2794c27d3b12f72f06d,2026-10-04,rda-public-diet-followup-v1,UNKNOWN
RDA-DIET-89435-1,수수밥,"쌀(백미) 111.5, 수수 19.0",,,농촌진흥청 공개 추천식단 개별 조리자료,https://api.nongsaro.go.kr/sample/rest/recomendDiet/recomendDiet.jsp?cntntsNo=89435&tabNo=1,공개 추천식단 89435 메뉴 1,4d5d71e2deefc30702fa01c0a312883e9840f761816a0022f3cd0ae31adf9081,2026-10-04,rda-public-diet-followup-v1,UNKNOWN
RDA-DIET-89436-2,차조밥,"쌀(백미) 95.3(g), 차조 11.0(g)",,,농촌진흥청 공개 추천식단 개별 조리자료,https://api.nongsaro.go.kr/sample/rest/recomendDiet/recomendDiet.jsp?cntntsNo=89436&tabNo=2,공개 추천식단 89436 메뉴 2,1db85a115b40f55fd3eea251165c0fc979fabd70ebec237aff5dff4e4390eedf,2026-10-04,rda-public-diet-followup-v1,UNKNOWN
RDA-DIET-89436-5,꼬막찜,"꼬막 25.7, 파 1.5, 간장 1.2, 설탕 0.8, 마늘 0.8, 고춧가루 0.8, 참기름 0.5, 깨소금 0.2",,,농촌진흥청 공개 추천식단 개별 조리자료,https://api.nongsaro.go.kr/sample/rest/recomendDiet/recomendDiet.jsp?cntntsNo=89436&tabNo=5,공개 추천식단 89436 메뉴 5,52096cc4f7e2bbfc5d2c138f033a40fd9a5d78aeae726159528e25971974cb5d,2026-10-04,rda-public-diet-followup-v1,UNKNOWN
RDA-DIET-89437-4,닭볶음탕,"닭고기 78.7, 감자 37.1, 양파 18.7, 당근 8.5, 고추장 3.8, 파 3.7, 간장 2.2, 마늘 1.9, 고춧가루 1.7, 참기름 1.1, 소금 0.7, 생강 0.2, 설탕 0.2, 후추 0.2",,,농촌진흥청 공개 추천식단 개별 조리자료,https://api.nongsaro.go.kr/sample/rest/recomendDiet/recomendDiet.jsp?cntntsNo=89437&tabNo=4,공개 추천식단 89437 메뉴 4,133892704f9323d65be5db13df76201b6f9290967f2ff21428aedcf7f530d378,2026-10-04,rda-public-diet-followup-v1,SIMMERED
RDA-DIET-89438-1,보리밥,"쌀(백미) 91.8, 보리 14.3",,,농촌진흥청 공개 추천식단 개별 조리자료,https://api.nongsaro.go.kr/sample/rest/recomendDiet/recomendDiet.jsp?cntntsNo=89438&tabNo=1,공개 추천식단 89438 메뉴 1,6a0d59d769f36eb74b1a0c2649f25c5e5270307ed6e04a181256dadf4bfedd26,2026-10-04,rda-public-diet-followup-v1,UNKNOWN
RDA-DIET-89439-0,마늘쫑볶음,"마늘쫑 23.8, 콩기름 1.5, 파 1.0, 간장 1.0, 깨소금 0.6, 설탕 0.4",,,농촌진흥청 공개 추천식단 개별 조리자료,https://api.nongsaro.go.kr/sample/rest/recomendDiet/recomendDiet.jsp?cntntsNo=89439&tabNo=0,공개 추천식단 89439 메뉴 0,1c942aa5664117423853e81fee0d973845832a628771f59b2ccb4663fbc098df,2026-10-04,rda-public-diet-followup-v1,PAN_COOKED
RDA-DIET-89439-2,수수밥,"쌀(백미) 111.5, 수수 19.0",,,농촌진흥청 공개 추천식단 개별 조리자료,https://api.nongsaro.go.kr/sample/rest/recomendDiet/recomendDiet.jsp?cntntsNo=89439&tabNo=2,공개 추천식단 89439 메뉴 2,08777ce6e04f3485e5185278131390a51ef813cc5353fcdf59d3bdcdea8268b3,2026-10-04,rda-public-diet-followup-v1,UNKNOWN
RDA-DIET-89440-2,보리밥,"쌀(백미) 91.8, 보리 14.3",,,농촌진흥청 공개 추천식단 개별 조리자료,https://api.nongsaro.go.kr/sample/rest/recomendDiet/recomendDiet.jsp?cntntsNo=89440&tabNo=2,공개 추천식단 89440 메뉴 2,a20b5894f35644d52cdc3a17364c5dd30efbc408861cf24b0947fe393a5dd9df,2026-10-04,rda-public-diet-followup-v1,UNKNOWN
RDA-DIET-89440-4,닭찜,"닭고기 101.5, 감자 60.4, 양파 17.0, 당근 12.8, 간장 7.3, 마늘 2.4, 풋고추 2.0, 파 1.5, 고춧가루 1.4, 설탕 1.0, 참기름 0.7",,,농촌진흥청 공개 추천식단 개별 조리자료,https://api.nongsaro.go.kr/sample/rest/recomendDiet/recomendDiet.jsp?cntntsNo=89440&tabNo=4,공개 추천식단 89440 메뉴 4,efee5e43596fe8aed93f27819d81da157759e9b7abf8a580af7ad5cc709e25af,2026-10-04,rda-public-diet-followup-v1,SIMMERED
RDA-DIET-89442-2,보리밥,"쌀(백미) 91.8, 보리 14.3",,,농촌진흥청 공개 추천식단 개별 조리자료,https://api.nongsaro.go.kr/sample/rest/recomendDiet/recomendDiet.jsp?cntntsNo=89442&tabNo=2,공개 추천식단 89442 메뉴 2,dba5e92bdcdbaa76223f2118d5c6e1263306338630fe8e59a802771ee409545a,2026-10-04,rda-public-diet-followup-v1,UNKNOWN
RDA-DIET-89442-3,골뱅이무침,"골뱅이(통조림) 36.9, 오이 17.9, 양파 12.3, 파 4.2, 고추장 4.1, 당근 4.1, 국수 3.0, 대구(포) 2.4, 식초 2.0, 설탕 1.6, 마늘 1.2, 고춧가루 1.2, 참기름 0.5",,,농촌진흥청 공개 추천식단 개별 조리자료,https://api.nongsaro.go.kr/sample/rest/recomendDiet/recomendDiet.jsp?cntntsNo=89442&tabNo=3,공개 추천식단 89442 메뉴 3,a2a76b4e961f3aef474948e3d9038ebf006d1a3efcbca86a17e16f23148f79c1,2026-10-04,rda-public-diet-followup-v1,UNKNOWN
RDA-DIET-89443-0,마파두부,"두부 25.3, 굴소스 6.1, 돼지고기(등심) 4.6, 고추장 2.4, 참기름 1.3, 고춧가루 0.9, 마늘 0.7, 파 0.7, 붉은고추 0.5, 청주 0.3, 생강 0.1, 후추 0.02",,,농촌진흥청 공개 추천식단 개별 조리자료,https://api.nongsaro.go.kr/sample/rest/recomendDiet/recomendDiet.jsp?cntntsNo=89443&tabNo=0,공개 추천식단 89443 메뉴 0,44905a3af6d962d7e99078226d8c16c4ad0de3062a62209371d174c684de346b,2026-10-04,rda-public-diet-followup-v1,UNKNOWN
RDA-DIET-89443-4,오곡밥,"쌀(백미) 66.4, 찹쌀(백미) 13.6, 붉은팥 4.2, 수수 3.4, 조 3.4, 검정콩 1.6, 소금 0.6",,,농촌진흥청 공개 추천식단 개별 조리자료,https://api.nongsaro.go.kr/sample/rest/recomendDiet/recomendDiet.jsp?cntntsNo=89443&tabNo=4,공개 추천식단 89443 메뉴 4,ba1cffc44c4536eb13fb55e502c0bff11583e54fbe3cfa556693ca2fe621f3f0,2026-10-04,rda-public-diet-followup-v1,UNKNOWN
RDA-DIET-89443-5,오징어찌개,"오징어 31.9, 무 10.9, 파 2.0, 양파 1.5, 고추장 1.1, 마늘 1.0, 고춧가루 0.6, 소금 0.4",,,농촌진흥청 공개 추천식단 개별 조리자료,https://api.nongsaro.go.kr/sample/rest/recomendDiet/recomendDiet.jsp?cntntsNo=89443&tabNo=5,공개 추천식단 89443 메뉴 5,cecf8f27830077f8d08bc8e7d3958fd9e2119efa9bd32e14d1705ddeb050bcf6,2026-10-04,rda-public-diet-followup-v1,UNKNOWN
RDA-DIET-89446-2,비빔밥,"쌀(백미) 102.5, 달걀 42.3, 콩나물 33.3, 시금치 30.5, 쇠고기(등심) 24.2, 고사리 20.1, 당근 15.9, 고추장 14.4, 간장 3.5, 참기름 3.5, 콩기름 2.9, 파 0.9, 깨 0.7, 마늘 0.6, 후추 0.1",,,농촌진흥청 공개 추천식단 개별 조리자료,https://api.nongsaro.go.kr/sample/rest/recomendDiet/recomendDiet.jsp?cntntsNo=89446&tabNo=2,공개 추천식단 89446 메뉴 2,51c1b1854ad10ccd7f919e69fe1305a9f2fc4c138666386ca5681e5b9fd4e8ca,2026-10-04,rda-public-diet-followup-v1,PAN_COOKED
RDA-DIET-89447-1,보리밥,"쌀(백미) 91.8, 보리 14.3",,,농촌진흥청 공개 추천식단 개별 조리자료,https://api.nongsaro.go.kr/sample/rest/recomendDiet/recomendDiet.jsp?cntntsNo=89447&tabNo=1,공개 추천식단 89447 메뉴 1,45e0d0e16d448f4ab400c822e8e14c744c9218f11085a3c446ebaa0231da6fe5,2026-10-04,rda-public-diet-followup-v1,UNKNOWN
RDA-DIET-89448-1,차조밥,"쌀(백미) 95.3(g), 차조 11.0(g)",,,농촌진흥청 공개 추천식단 개별 조리자료,https://api.nongsaro.go.kr/sample/rest/recomendDiet/recomendDiet.jsp?cntntsNo=89448&tabNo=1,공개 추천식단 89448 메뉴 1,f3217e085445f47d78df9d9f91c8b6400dc4c5dfd0aa551c171d8230940f64cc,2026-10-04,rda-public-diet-followup-v1,UNKNOWN
RDA-DIET-89448-4,꽃게탕,"꽃게 88.1, 무 14.3, 양파 8.2, 애호박 7.4, 된장 7.1, 두부 6.6, 쑥갓 5.3, 파 4.5, 고추 3.2, 마늘 2.0, 고추장 1.3, 고춧가루 0.8, 간장 0.6, 소금 0.5",,,농촌진흥청 공개 추천식단 개별 조리자료,https://api.nongsaro.go.kr/sample/rest/recomendDiet/recomendDiet.jsp?cntntsNo=89448&tabNo=4,공개 추천식단 89448 메뉴 4,86dde57ea54379cb74ba93878b5be667707f92cc1f3cf467b276b3499704ec63,2026-10-04,rda-public-diet-followup-v1,UNKNOWN
RDA-DIET-89448-5,느타리버섯볶음,"느타리버섯 22.7, 양파 12.0, 간장 1.5, 마늘 0.8, 파 0.8, 참기름 0.7, 콩기름 0.6, 소금 0.4, 깨소금 0.1",,,농촌진흥청 공개 추천식단 개별 조리자료,https://api.nongsaro.go.kr/sample/rest/recomendDiet/recomendDiet.jsp?cntntsNo=89448&tabNo=5,공개 추천식단 89448 메뉴 5,54a9fbfcfbad8e19f8942d9b3f69f56f180e823bd3d7ef69d8be205c74f4b09c,2026-10-04,rda-public-diet-followup-v1,UNKNOWN
RDA-DIET-89449-0,수수밥,"쌀(백미) 111.5, 수수 19.0",,,농촌진흥청 공개 추천식단 개별 조리자료,https://api.nongsaro.go.kr/sample/rest/recomendDiet/recomendDiet.jsp?cntntsNo=89449&tabNo=0,공개 추천식단 89449 메뉴 0,542b9fd9496e2ae17ba25f42b96c9f9f68f533fed0b24f99e4b10108cea74375,2026-10-04,rda-public-diet-followup-v1,UNKNOWN
RDA-DIET-89450-2,감자국,"감자 71.3, 양파 6.1, 파 3.2, 멸치(건) 1.2, 간장 1.1, 마늘 0.6, 소금 0.4, 분말조미료(멸치) 0.1",,,농촌진흥청 공개 추천식단 개별 조리자료,https://api.nongsaro.go.kr/sample/rest/recomendDiet/recomendDiet.jsp?cntntsNo=89450&tabNo=2,공개 추천식단 89450 메뉴 2,9ae7c77b8acd1e44a421ad398e3ca2c7729560c2b754936b2f4cba4896ea05a8,2026-10-04,rda-public-diet-followup-v1,SIMMERED
RDA-DIET-89450-4,낙지볶음,"낙지 48.5, 양배추 19.1, 양파 13.4, 고추장 9.2, 파 3.8, 고추 3.3, 설탕 2.5, 콩기름 2.4, 마늘 1.8, 붉은고추 1.8, 고춧가루 1.4, 간장 1.3, 당근 1.1, 소금 0.9, 생강 0.5",,,농촌진흥청 공개 추천식단 개별 조리자료,https://api.nongsaro.go.kr/sample/rest/recomendDiet/recomendDiet.jsp?cntntsNo=89450&tabNo=4,공개 추천식단 89450 메뉴 4,c194843372e0a263225142e1fcc30882dc1350e77ee5d4e470bc9916f27e097c,2026-10-04,rda-public-diet-followup-v1,PAN_COOKED
RDA-DIET-89451-3,보리밥,"쌀(백미) 91.8, 보리 14.3",,,농촌진흥청 공개 추천식단 개별 조리자료,https://api.nongsaro.go.kr/sample/rest/recomendDiet/recomendDiet.jsp?cntntsNo=89451&tabNo=3,공개 추천식단 89451 메뉴 3,957b863d57b7ea90888d3abc70bc97182dc7090c237dde3c41cb503c93b98f2a,2026-10-04,rda-public-diet-followup-v1,UNKNOWN
RDA-DIET-89452-2,찰밥,"찹쌀(백미) 57.2, 쌀(백미) 48.2",,,농촌진흥청 공개 추천식단 개별 조리자료,https://api.nongsaro.go.kr/sample/rest/recomendDiet/recomendDiet.jsp?cntntsNo=89452&tabNo=2,공개 추천식단 89452 메뉴 2,6435feeb9add12d589721f537ae7f805fd1a8ed7a8f333bef26e759023520547,2026-10-04,rda-public-diet-followup-v1,UNKNOWN
RDA-DIET-89452-3,고등어조림,"고등어 50.4, 무 29.5, 간장 3.5, 파 3.2, 마늘 1.7, 고추장 1.1, 고춧가루 1.1",,,농촌진흥청 공개 추천식단 개별 조리자료,https://api.nongsaro.go.kr/sample/rest/recomendDiet/recomendDiet.jsp?cntntsNo=89452&tabNo=3,공개 추천식단 89452 메뉴 3,1010e2fdfb65bc637d66fe63a90e2b41803c002ec960d1e769f4b8137c8e701c,2026-10-04,rda-public-diet-followup-v1,SIMMERED
RDA-DIET-89452-5,깻잎찜,"깻잎 8, 고추가루 3, 간장 1.5, 붉은고추 1, 실파 1, 마늘 0.5, 참기름 0.5",,,농촌진흥청 공개 추천식단 개별 조리자료,https://api.nongsaro.go.kr/sample/rest/recomendDiet/recomendDiet.jsp?cntntsNo=89452&tabNo=5,공개 추천식단 89452 메뉴 5,c6a64451ac7c052d46759fd6295383b2afe853de0c455e9e93ff5f5d653e3a9f,2026-10-04,rda-public-diet-followup-v1,STEAMED
RDA-DIET-89455-1,감자샐러드,"감자 55.1, 오이 6.8 ,당근 4.3, 마요네즈 3.3, 소금 0.9, 후추 0.1",,,농촌진흥청 공개 추천식단 개별 조리자료,https://api.nongsaro.go.kr/sample/rest/recomendDiet/recomendDiet.jsp?cntntsNo=89455&tabNo=1,공개 추천식단 89455 메뉴 1,c0e02e28f91689ad29feb95eb55e1ed9c471c5a68ded435293521f441273bcca,2026-10-04,rda-public-diet-followup-v1,STEAMED
RDA-DIET-89456-1,수수밥,"쌀(백미) 111.5, 수수 19.0",,,농촌진흥청 공개 추천식단 개별 조리자료,https://api.nongsaro.go.kr/sample/rest/recomendDiet/recomendDiet.jsp?cntntsNo=89456&tabNo=1,공개 추천식단 89456 메뉴 1,c429a4fbe6e64cbbe218b5bad5f9c643b0732edc371abb59ff7d218870a6067e,2026-10-04,rda-public-diet-followup-v1,UNKNOWN
RDA-DIET-89457-0,두부조림,"두부 77.7, 간장 6.0, 파 2.4, 마늘 1.4, 고춧가루 1.2, 콩기름 1.0, 깨 0.9, 설탕 0.5",,,농촌진흥청 공개 추천식단 개별 조리자료,https://api.nongsaro.go.kr/sample/rest/recomendDiet/recomendDiet.jsp?cntntsNo=89457&tabNo=0,공개 추천식단 89457 메뉴 0,d95b849e78d7655987cd8c2b6ac668f51dfeb03eaa3c3050b02cc10af09050d3,2026-10-04,rda-public-diet-followup-v1,GRILLED
RDA-DIET-89457-4,임연수구이,"임연수어 52.1, 콩기름 1.7, 소금 0.4",,,농촌진흥청 공개 추천식단 개별 조리자료,https://api.nongsaro.go.kr/sample/rest/recomendDiet/recomendDiet.jsp?cntntsNo=89457&tabNo=4,공개 추천식단 89457 메뉴 4,c3b662a24f7658a3e19b556f03a30675f2f91f14927a37b0894d9eb8dceb894b,2026-10-04,rda-public-diet-followup-v1,GRILLED
RDA-DIET-89458-0,보리밥,"쌀(백미) 91.8, 보리 14.3",,,농촌진흥청 공개 추천식단 개별 조리자료,https://api.nongsaro.go.kr/sample/rest/recomendDiet/recomendDiet.jsp?cntntsNo=89458&tabNo=0,공개 추천식단 89458 메뉴 0,60383ea0c77de6197d096be22254d542be4dfc2c47c4a8e3da2c9c825fb0d5a5,2026-10-04,rda-public-diet-followup-v1,UNKNOWN
RDA-DIET-89458-4,김치찌개,"배추김치 71.8, 두부 21.3, 돼지고기(등심) 20.8, 파 4.7, 마늘 1.3, 소금 0.3",,,농촌진흥청 공개 추천식단 개별 조리자료,https://api.nongsaro.go.kr/sample/rest/recomendDiet/recomendDiet.jsp?cntntsNo=89458&tabNo=4,공개 추천식단 89458 메뉴 4,263c443320e199e7909b26909f3f03dcd2e5c8a9dfefe803512ae17a04d0988d,2026-10-04,rda-public-diet-followup-v1,SIMMERED
RDA-DIET-89459-2,차조밥,"쌀(백미) 95.3(g), 차조 11.0(g)",,,농촌진흥청 공개 추천식단 개별 조리자료,https://api.nongsaro.go.kr/sample/rest/recomendDiet/recomendDiet.jsp?cntntsNo=89459&tabNo=2,공개 추천식단 89459 메뉴 2,109e0243fd52ee0bb420d91e41ffe8f0e483cbc0105b48148610411489fac8c9,2026-10-04,rda-public-diet-followup-v1,UNKNOWN
