"stableTemplateId","menuName","sourceFoodCode","sourceType","sourceName","referenceServing","kcal","carbohydrateGrams","proteinGrams","fatGrams","macroCompleteness","missingNutrients","ingredients","ingredientCompleteness","allergenTags","allergenCompleteness","sourceUrlOrIdentifier","verifiedAt","notes","imageMapping"
"kfind-breakfast-cook-1","깨죽","D304-180000000-0001","K-FIND","식품영양성분 데이터베이스 (K-FIND) 2026-08-28","800g","512","79.3","13.7","15.9","COMPLETE","","깨죽","COMPLETE","|참깨|","COMPLETE","K-FIND:D304-180000000-0001","2026-09-27","기존 검증 완료 template metadata와 K-FIND source food 연결 유지","DEDICATED"
"kfind-breakfast-cook-2","카레라이스","D101-044000000-0001","K-FIND","식품영양성분 데이터베이스 (K-FIND) 2026-08-28","480g","518.4","99.6","14.9","6.7","COMPLETE","","카레라이스","COMPLETE","|밀|대두|","COMPLETE","K-FIND:D101-044000000-0001","2026-09-27","기존 검증 완료 template metadata와 K-FIND source food 연결 유지","DEDICATED"
"kfind-breakfast-cook-3","곤드레나물밥","D301-002000000-0001","K-FIND","식품영양성분 데이터베이스 (K-FIND) 2026-08-28","350g","521.5","98.9","10.3","9.5","COMPLETE","","곤드레나물밥","COMPLETE","|대두|밀|","COMPLETE","K-FIND:D301-002000000-0001","2026-09-27","기존 검증 완료 template metadata와 K-FIND source food 연결 유지","DEDICATED"
"kfind-breakfast-dining_out-1","냉면 · 비빔냉면","D103-144280000-0001","K-FIND","식품영양성분 데이터베이스 (K-FIND) 2026-08-28","500g","500","66.8","28.4","13.2","COMPLETE","","냉면_비빔냉면","COMPLETE","|메밀|밀|대두|","COMPLETE","K-FIND:D103-144280000-0001","2026-09-27","기존 검증 완료 template metadata와 K-FIND source food 연결 유지","DEDICATED"
"kfind-breakfast-dining_out-2","샌드위치 · 참치","D102-096280000-0001","K-FIND","식품영양성분 데이터베이스 (K-FIND) 2026-08-28","250g","505","34.4","26.4","29.1","COMPLETE","","샌드위치_참치","COMPLETE","|밀|달걀|우유|대두|참치|","COMPLETE","K-FIND:D102-096280000-0001","2026-09-27","기존 검증 완료 template metadata와 K-FIND source food 연결 유지","DEDICATED"
"kfind-breakfast-dining_out-3","김밥 · 풋고추","D101-007520000-0001","K-FIND","식품영양성분 데이터베이스 (K-FIND) 2026-08-28","290g","490.1","79.8","14.2","12.8","COMPLETE","","김밥_풋고추","COMPLETE","|달걀|대두|","COMPLETE","K-FIND:D101-007520000-0001","2026-09-27","기존 검증 완료 template metadata와 K-FIND source food 연결 유지","DEDICATED"
"kfind-breakfast-convenience-1","샌드위치 · 닭가슴살 프레시 샌드위치","D202-096060000-0001","K-FIND","식품영양성분 데이터베이스 (K-FIND) 2026-08-28","237g","421.9",,"21",,"PARTIAL","carbohydrate|fat","샌드위치_닭가슴살 프레시 샌드위치","COMPLETE","|밀|달걀|우유|대두|닭고기|","COMPLETE","K-FIND:D202-096060000-0001","2026-09-27","기존 검증 완료 template metadata와 K-FIND source food 연결 유지","DEDICATED"
"kfind-breakfast-convenience-2","토스트 · 햄 치즈 프렌치 토스트","D202-115000000-0021","K-FIND","식품영양성분 데이터베이스 (K-FIND) 2026-08-28","160g","499.2","45","16","28","COMPLETE","","토스트_햄 치즈 프렌치 토스트","COMPLETE","|밀|달걀|우유|돼지고기|","COMPLETE","K-FIND:D202-115000000-0021","2026-09-27","기존 검증 완료 template metadata와 K-FIND source food 연결 유지","DEDICATED"
"kfind-breakfast-convenience-3","또띠아 · 싱그러운치킨텐더그린랩","D202-083000000-0022","K-FIND","식품영양성분 데이터베이스 (K-FIND) 2026-08-28","270g","499.5",,"19",,"PARTIAL","carbohydrate|fat","또띠아_싱그러운치킨텐더그린랩","COMPLETE","|밀|달걀|우유|대두|닭고기|","COMPLETE","K-FIND:D202-083000000-0022","2026-09-27","기존 검증 완료 template metadata와 K-FIND source food 연결 유지","DEDICATED"
"kfind-lunch-cook-1","볶음밥 · 해물","D301-017550000-0001","K-FIND","식품영양성분 데이터베이스 (K-FIND) 2026-08-28","400g","704","90.4","25.1","27","COMPLETE","","볶음밥_해물","COMPLETE","|새우|오징어|조개류|달걀|대두|","COMPLETE","K-FIND:D301-017550000-0001","2026-09-27","기존 검증 완료 template metadata와 K-FIND source food 연결 유지","DEDICATED"
"kfind-lunch-cook-2","오므라이스","D101-028000000-0001","K-FIND","식품영양성분 데이터베이스 (K-FIND) 2026-08-28","400g","692","82.2","26","28.9","COMPLETE","","오므라이스","COMPLETE","|달걀|우유|밀|대두|","COMPLETE","K-FIND:D101-028000000-0001","2026-09-27","기존 검증 완료 template metadata와 K-FIND source food 연결 유지","DEDICATED"
"kfind-lunch-cook-3","볶음밥 · 삼선","D301-017250000-0001","K-FIND","식품영양성분 데이터베이스 (K-FIND) 2026-08-28","400g","688","85.8","26.2","26.5","COMPLETE","","볶음밥_삼선","COMPLETE","|새우|오징어|조개류|달걀|대두|","COMPLETE","K-FIND:D301-017250000-0001","2026-09-27","기존 검증 완료 template metadata와 K-FIND source food 연결 유지","DEDICATED"
"kfind-lunch-dining_out-1","쫄면","D103-173000000-0001","K-FIND","식품영양성분 데이터베이스 (K-FIND) 2026-08-28","550g","709.5","127.9","17.7","13.9","COMPLETE","","쫄면","COMPLETE","|밀|대두|","COMPLETE","K-FIND:D103-173000000-0001","2026-09-27","기존 검증 완료 template metadata와 K-FIND source food 연결 유지","DEDICATED"
"kfind-lunch-dining_out-2","해장국 · 뼈다귀","D305-256210000-0001","K-FIND","식품영양성분 데이터베이스 (K-FIND) 2026-08-28","1000g","710","23.4","74.6","35.7","COMPLETE","","해장국_뼈다귀","COMPLETE","|돼지고기|대두|","COMPLETE","K-FIND:D305-256210000-0001","2026-09-27","기존 검증 완료 template metadata와 K-FIND source food 연결 유지","DEDICATED"
"kfind-lunch-dining_out-3","우동 · 삼선","D303-164310000-0001","K-FIND","식품영양성분 데이터베이스 (K-FIND) 2026-08-28","1000g","690","105.9","47.9","8.5","COMPLETE","","우동_삼선","COMPLETE","|밀|새우|오징어|조개류|대두|","COMPLETE","K-FIND:D303-164310000-0001","2026-09-27","기존 검증 완료 template metadata와 K-FIND source food 연결 유지","DEDICATED"
"kfind-lunch-convenience-1","불낙전골 · 간편조리세트 · 이게불낙이야","D306-286000000-0001","K-FIND","식품영양성분 데이터베이스 (K-FIND) 2026-08-28","1114g","701.8","59.3","73.5","19.5","COMPLETE","","불낙전골_간편조리세트_이게불낙이야","COMPLETE","|소고기|낙지|대두|","COMPLETE","K-FIND:D306-286000000-0001","2026-09-27","기존 검증 완료 template metadata와 K-FIND source food 연결 유지","DEDICATED"
"kfind-lunch-convenience-2","밀푀유나베 · 간편조리세트 · 매콤 밀푀유나베","D306-281000000-0001","K-FIND","식품영양성분 데이터베이스 (K-FIND) 2026-08-28","1269g","698","32","52.4","39.5","COMPLETE","","밀푀유나베_간편조리세트_매콤 밀푀유나베","COMPLETE","|소고기|대두|","COMPLETE","K-FIND:D306-281000000-0001","2026-09-27","기존 검증 완료 template metadata와 K-FIND source food 연결 유지","DEDICATED"
"kfind-lunch-convenience-3","김치 볶음밥 · 치즈오븐김치볶음밥","D201-059200000-0002","K-FIND","식품영양성분 데이터베이스 (K-FIND) 2026-08-28","356g","697.8",,"28",,"PARTIAL","carbohydrate|fat","김치 볶음밥_치즈오븐김치볶음밥","COMPLETE","|우유|대두|","COMPLETE","K-FIND:D201-059200000-0002","2026-09-27","기존 검증 완료 template metadata와 K-FIND source food 연결 유지","DEDICATED"
"kfind-dinner-cook-1","고등어찌개","D306-262000000-0001","K-FIND","식품영양성분 데이터베이스 (K-FIND) 2026-08-28","600g","600","25.6","48.9","33.7","COMPLETE","","고등어찌개","COMPLETE","|고등어|대두|","COMPLETE","K-FIND:D306-262000000-0001","2026-09-27","기존 검증 완료 template metadata와 K-FIND source food 연결 유지","DEDICATED"
"kfind-dinner-cook-2","볶음밥 · 계란","D101-017030000-0001","K-FIND","식품영양성분 데이터베이스 (K-FIND) 2026-08-28","260g","585","63","17.2","29.3","COMPLETE","","볶음밥_계란","COMPLETE","|달걀|대두|","COMPLETE","K-FIND:D101-017030000-0001","2026-09-27","기존 검증 완료 template metadata와 K-FIND source food 연결 유지","DEDICATED"
"kfind-dinner-cook-3","떡국","D103-145000000-0001","K-FIND","식품영양성분 데이터베이스 (K-FIND) 2026-08-28","700g","588","114.6","24","3.7","COMPLETE","","떡국","COMPLETE","|달걀|소고기|대두|","COMPLETE","K-FIND:D103-145000000-0001","2026-09-27","기존 검증 완료 template metadata와 K-FIND source food 연결 유지","DEDICATED"
"kfind-dinner-dining_out-1","회덮밥 · 모듬","D101-051200000-0001","K-FIND","식품영양성분 데이터베이스 (K-FIND) 2026-08-28","410g","594.5","72.8","37.3","17","COMPLETE","","회덮밥_모듬","COMPLETE","|생선|대두|","COMPLETE","K-FIND:D101-051200000-0001","2026-09-27","기존 검증 완료 template metadata와 K-FIND source food 연결 유지","DEDICATED"
"kfind-dinner-dining_out-2","초밥 · 모듬","D101-042200000-0001","K-FIND","식품영양성분 데이터베이스 (K-FIND) 2026-08-28","380g","608","101.5","36.7","6","COMPLETE","","초밥_모듬","COMPLETE","|생선|새우|달걀|대두|","COMPLETE","K-FIND:D101-042200000-0001","2026-09-27","기존 검증 완료 template metadata와 K-FIND source food 연결 유지","DEDICATED"
"kfind-dinner-dining_out-3","만두국 · 사골","D103-151300000-0001","K-FIND","식품영양성분 데이터베이스 (K-FIND) 2026-08-28","700g","609","62.6","26.2","28","COMPLETE","","만두국_사골","COMPLETE","|밀|돼지고기|소고기|대두|","COMPLETE","K-FIND:D103-151300000-0001","2026-09-27","기존 검증 완료 template metadata와 K-FIND source food 연결 유지","DEDICATED"
"kfind-dinner-convenience-1","샌드위치 · 통밀크랜베리치킨샌드위치","D202-096000000-0183","BRAND_OFFICIAL_PAGE","뚜레쥬르 공식 제품 페이지","242g","600.2",,"20",,"PARTIAL","carbohydrate|fat","통밀빵 | 크랜베리 치킨 | 오이","COMPLETE","|달걀|우유|대두|밀|아황산류|닭고기|쇠고기|","COMPLETE","https://www.tlj.co.kr/product/detail.asp?prod_num=3861","2026-09-27","공식 제품 설명에서 주요 구성, 공식 알레르기 정보에서 함유 항목 확인","DEDICATED"
"kfind-dinner-convenience-2","오븐스파게티 · 치즈오븐스파게티","D203-194000000-0004","K-FIND","식품영양성분 데이터베이스 (K-FIND) 2026-08-28","420g","600.6",,"29",,"PARTIAL","carbohydrate|fat","오븐스파게티_치즈오븐스파게티","COMPLETE","|밀|우유|대두|","COMPLETE","K-FIND:D203-194000000-0004","2026-09-27","기존 검증 완료 template metadata와 K-FIND source food 연결 유지","DEDICATED"
"kfind-dinner-convenience-3","떡볶이 · 국물떡볶이","D210-467000000-0008","K-FIND","식품영양성분 데이터베이스 (K-FIND) 2026-08-28","415g","601.8",,"20.8",,"PARTIAL","carbohydrate|fat","떡볶이_국물떡볶이","COMPLETE","|밀|대두|어묵|","COMPLETE","K-FIND:D210-467000000-0008","2026-09-27","기존 검증 완료 template metadata와 K-FIND source food 연결 유지","DEDICATED"
"kfind-snack-cook-1","호박죽","D104-197000000-0001","K-FIND","식품영양성분 데이터베이스 (K-FIND) 2026-08-28","400g","196","26.3","7.7","6.8","COMPLETE","","호박죽","COMPLETE","","COMPLETE","K-FIND:D104-197000000-0001","2026-09-27","기존 검증 완료 template metadata와 K-FIND source food 연결 유지","DEDICATED"
"kfind-snack-cook-2","미숫가루","D120-730000000-0001","K-FIND","식품영양성분 데이터베이스 (K-FIND) 2026-08-28","300g","210","31.3","6.2","6.8","COMPLETE","","미숫가루","COMPLETE","|대두|","COMPLETE","K-FIND:D120-730000000-0001","2026-09-27","기존 검증 완료 template metadata와 K-FIND source food 연결 유지","DEDICATED"
"kfind-snack-cook-3","가래떡","D102-053000000-0001","K-FIND","식품영양성분 데이터베이스 (K-FIND) 2026-08-28","100g","195","43.7","3.9","0.5","COMPLETE","","가래떡","COMPLETE","","COMPLETE","K-FIND:D102-053000000-0001","2026-09-27","기존 검증 완료 template metadata와 K-FIND source food 연결 유지","DEDICATED"
"kfind-snack-dining_out-1","증편","D102-072000000-0001","K-FIND","식품영양성분 데이터베이스 (K-FIND) 2026-08-28","100g","200","44.2","3.2","1.2","COMPLETE","","증편","COMPLETE","","COMPLETE","K-FIND:D102-072000000-0001","2026-09-27","기존 검증 완료 template metadata와 K-FIND source food 연결 유지","DEDICATED"
"kfind-snack-dining_out-2","도넛 · 찹쌀","D102-082290000-0001","K-FIND","식품영양성분 데이터베이스 (K-FIND) 2026-08-28","70g","201.6","38.9","4.2","3.2","COMPLETE","","도넛_찹쌀","COMPLETE","|밀|달걀|우유|대두|","COMPLETE","K-FIND:D102-082290000-0001","2026-09-27","기존 검증 완료 template metadata와 K-FIND source food 연결 유지","DEDICATED"
"kfind-snack-dining_out-3","아이스크림 · 썬대","D319-711030000-0001","K-FIND","식품영양성분 데이터베이스 (K-FIND) 2026-08-28","100g","196","30.4","3.2","6.9","COMPLETE","","아이스크림_썬대","COMPLETE","|우유|","COMPLETE","K-FIND:D319-711030000-0001","2026-09-27","기존 검증 완료 template metadata와 K-FIND source food 연결 유지","DEDICATED"
"kfind-snack-convenience-1","커피 · 빽’s 카페 라떼 아이스(ICED)","D220-748000000-0209","K-FIND","식품영양성분 데이터베이스 (K-FIND) 2026-08-28","625g","200",,"10",,"PARTIAL","carbohydrate|fat","커피_빽’s 카페 라떼 아이스(ICED)","COMPLETE","|우유|","COMPLETE","K-FIND:D220-748000000-0209","2026-09-27","기존 검증 완료 template metadata와 K-FIND source food 연결 유지","DEDICATED"
"kfind-snack-convenience-2","과ㆍ채주스 · 자몽 주스 핫(HOT)","D220-716000000-0249","K-FIND","식품영양성분 데이터베이스 (K-FIND) 2026-08-28","290g","200.1",,"0",,"PARTIAL","carbohydrate|fat","과ㆍ채주스_자몽 주스 핫(HOT)","COMPLETE","","COMPLETE","K-FIND:D220-716000000-0249","2026-09-27","기존 검증 완료 template metadata와 K-FIND source food 연결 유지","DEDICATED"
"kfind-snack-convenience-3","케이크 · 플레인 저당 그릭요거트 컵케이크","D202-110000000-0545","K-FIND","식품영양성분 데이터베이스 (K-FIND) 2026-08-28","75g","200.2",,"4",,"PARTIAL","carbohydrate|fat","케이크_플레인 저당 그릭요거트 컵케이크","COMPLETE","|밀|달걀|우유|","COMPLETE","K-FIND:D202-110000000-0545","2026-09-27","기존 검증 완료 template metadata와 K-FIND source food 연결 유지","DEDICATED"
"kfind-catalog-d301-001000000-0001","계란덮밥","D301-001000000-0001","K-FIND","식품영양성분 데이터베이스 (K-FIND) 2026-08-28","300g","429","75.4","12.9","8.5","COMPLETE","","","UNKNOWN","|UNKNOWN|","UNKNOWN","K-FIND:D301-001000000-0001","2026-09-27","K-FIND 영양 DB에는 구성 원재료/알레르기 전용 필드가 없어 근거 없는 값은 UNKNOWN 유지","DEDICATED"
"kfind-catalog-d301-004000000-0001","국밥","D301-004000000-0001","K-FIND","식품영양성분 데이터베이스 (K-FIND) 2026-08-28","300g","156","22","10.4","3.1","COMPLETE","","","UNKNOWN","|UNKNOWN|","UNKNOWN","K-FIND:D301-004000000-0001","2026-09-27","K-FIND 영양 DB에는 구성 원재료/알레르기 전용 필드가 없어 근거 없는 값은 UNKNOWN 유지","DEDICATED"
"kfind-catalog-d301-005000000-0001","귀리밥","D301-005000000-0001","K-FIND","식품영양성분 데이터베이스 (K-FIND) 2026-08-28","300g","486","103.6","11.7","2.6","COMPLETE","","","UNKNOWN","|UNKNOWN|","UNKNOWN","K-FIND:D301-005000000-0001","2026-09-27","K-FIND 영양 DB에는 구성 원재료/알레르기 전용 필드가 없어 근거 없는 값은 UNKNOWN 유지","DEDICATED"
"kfind-catalog-d101-006000000-0001","기장밥","D101-006000000-0001","K-FIND","식품영양성분 데이터베이스 (K-FIND) 2026-08-28","300g","498","110.3","10.3","1.7","COMPLETE","","","UNKNOWN","|UNKNOWN|","UNKNOWN","K-FIND:D101-006000000-0001","2026-09-27","K-FIND 영양 DB에는 구성 원재료/알레르기 전용 필드가 없어 근거 없는 값은 UNKNOWN 유지","DEDICATED"
"kfind-catalog-d101-007000000-0001","김밥","D101-007000000-0001","K-FIND","식품영양성분 데이터베이스 (K-FIND) 2026-08-28","300g","420","59.9","14.5","13.6","COMPLETE","","","UNKNOWN","|UNKNOWN|","UNKNOWN","K-FIND:D101-007000000-0001","2026-09-27","K-FIND 영양 DB에는 구성 원재료/알레르기 전용 필드가 없어 근거 없는 값은 UNKNOWN 유지","DEDICATED"
"kfind-catalog-d301-015000000-0001","묵밥","D301-015000000-0001","K-FIND","식품영양성분 데이터베이스 (K-FIND) 2026-08-28","300g","204","40.6","4.7","2.4","COMPLETE","","","UNKNOWN","|UNKNOWN|","UNKNOWN","K-FIND:D301-015000000-0001","2026-09-27","K-FIND 영양 DB에는 구성 원재료/알레르기 전용 필드가 없어 근거 없는 값은 UNKNOWN 유지","DEDICATED"
"kfind-catalog-d101-016000000-0001","보리밥","D101-016000000-0001","K-FIND","식품영양성분 데이터베이스 (K-FIND) 2026-08-28","300g","483","110.3","8.7","0.7","COMPLETE","","","UNKNOWN","|UNKNOWN|","UNKNOWN","K-FIND:D101-016000000-0001","2026-09-27","K-FIND 영양 DB에는 구성 원재료/알레르기 전용 필드가 없어 근거 없는 값은 UNKNOWN 유지","DEDICATED"
"kfind-catalog-d101-017000000-0001","볶음밥","D101-017000000-0001","K-FIND","식품영양성분 데이터베이스 (K-FIND) 2026-08-28","300g","549","101.9","16.7","8.3","COMPLETE","","","UNKNOWN","|UNKNOWN|","UNKNOWN","K-FIND:D101-017000000-0001","2026-09-27","K-FIND 영양 DB에는 구성 원재료/알레르기 전용 필드가 없어 근거 없는 값은 UNKNOWN 유지","DEDICATED"
"kfind-catalog-d101-018000000-0001","비빔밥","D101-018000000-0001","K-FIND","식품영양성분 데이터베이스 (K-FIND) 2026-08-28","300g","426","56.5","20.6","13","COMPLETE","","","UNKNOWN","|UNKNOWN|","UNKNOWN","K-FIND:D101-018000000-0001","2026-09-27","K-FIND 영양 DB에는 구성 원재료/알레르기 전용 필드가 없어 근거 없는 값은 UNKNOWN 유지","DEDICATED"
"kfind-catalog-d301-020000000-0001","새우튀김롤","D301-020000000-0001","K-FIND","식품영양성분 데이터베이스 (K-FIND) 2026-08-28","300g","606","96.3","14.5","18.2","COMPLETE","","","UNKNOWN","|UNKNOWN|","UNKNOWN","K-FIND:D301-020000000-0001","2026-09-27","K-FIND 영양 DB에는 구성 원재료/알레르기 전용 필드가 없어 근거 없는 값은 UNKNOWN 유지","DEDICATED"
"kfind-catalog-d101-021000000-0001","수수밥","D101-021000000-0001","K-FIND","식품영양성분 데이터베이스 (K-FIND) 2026-08-28","300g","483","105.1","9.5","2.8","COMPLETE","","","UNKNOWN","|UNKNOWN|","UNKNOWN","K-FIND:D101-021000000-0001","2026-09-27","K-FIND 영양 DB에는 구성 원재료/알레르기 전용 필드가 없어 근거 없는 값은 UNKNOWN 유지","DEDICATED"
"kfind-catalog-d301-022000000-0001","쌀밥","D301-022000000-0001","K-FIND","식품영양성분 데이터베이스 (K-FIND) 2026-08-28","300g","498","112","10.1","1","COMPLETE","","","UNKNOWN","|UNKNOWN|","UNKNOWN","K-FIND:D301-022000000-0001","2026-09-27","K-FIND 영양 DB에는 구성 원재료/알레르기 전용 필드가 없어 근거 없는 값은 UNKNOWN 유지","DEDICATED"
"kfind-catalog-d101-023000000-0001","알밥","D101-023000000-0001","K-FIND","식품영양성분 데이터베이스 (K-FIND) 2026-08-28","300g","384","47.2","14.2","15.3","COMPLETE","","","UNKNOWN","|UNKNOWN|","UNKNOWN","K-FIND:D101-023000000-0001","2026-09-27","K-FIND 영양 DB에는 구성 원재료/알레르기 전용 필드가 없어 근거 없는 값은 UNKNOWN 유지","DEDICATED"
"kfind-catalog-d301-024000000-0001","연어롤","D301-024000000-0001","K-FIND","식품영양성분 데이터베이스 (K-FIND) 2026-08-28","300g","510","74.3","18.6","15.4","COMPLETE","","","UNKNOWN","|UNKNOWN|","UNKNOWN","K-FIND:D301-024000000-0001","2026-09-27","K-FIND 영양 DB에는 구성 원재료/알레르기 전용 필드가 없어 근거 없는 값은 UNKNOWN 유지","DEDICATED"
"kfind-catalog-d301-025000000-0001","연잎밥","D301-025000000-0001","K-FIND","식품영양성분 데이터베이스 (K-FIND) 2026-08-28","300g","621","141","12","0.9","COMPLETE","","","UNKNOWN","|UNKNOWN|","UNKNOWN","K-FIND:D301-025000000-0001","2026-09-27","K-FIND 영양 DB에는 구성 원재료/알레르기 전용 필드가 없어 근거 없는 값은 UNKNOWN 유지","DEDICATED"
"kfind-catalog-d101-026000000-0001","영양돌솥밥","D101-026000000-0001","K-FIND","식품영양성분 데이터베이스 (K-FIND) 2026-08-28","300g","552","108.2","10.3","8.6","COMPLETE","","","UNKNOWN","|UNKNOWN|","UNKNOWN","K-FIND:D101-026000000-0001","2026-09-27","K-FIND 영양 DB에는 구성 원재료/알레르기 전용 필드가 없어 근거 없는 값은 UNKNOWN 유지","DEDICATED"
"kfind-catalog-d301-027000000-0001","오곡밥","D301-027000000-0001","K-FIND","식품영양성분 데이터베이스 (K-FIND) 2026-08-28","300g","468","98.8","14.3","1.6","COMPLETE","","","UNKNOWN","|UNKNOWN|","UNKNOWN","K-FIND:D301-027000000-0001","2026-09-27","K-FIND 영양 DB에는 구성 원재료/알레르기 전용 필드가 없어 근거 없는 값은 UNKNOWN 유지","DEDICATED"
"kfind-catalog-d101-031000000-0001","자장밥","D101-031000000-0001","K-FIND","식품영양성분 데이터베이스 (K-FIND) 2026-08-28","300g","366","46.7","12.8","14.2","COMPLETE","","","UNKNOWN","|UNKNOWN|","UNKNOWN","K-FIND:D101-031000000-0001","2026-09-27","K-FIND 영양 DB에는 구성 원재료/알레르기 전용 필드가 없어 근거 없는 값은 UNKNOWN 유지","DEDICATED"
"kfind-catalog-d101-032000000-0001","잡곡밥","D101-032000000-0001","K-FIND","식품영양성분 데이터베이스 (K-FIND) 2026-08-28","300g","438","88","15.9","2.6","COMPLETE","","","UNKNOWN","|UNKNOWN|","UNKNOWN","K-FIND:D101-032000000-0001","2026-09-27","K-FIND 영양 DB에는 구성 원재료/알레르기 전용 필드가 없어 근거 없는 값은 UNKNOWN 유지","DEDICATED"
"kfind-catalog-d101-033000000-0001","잡채밥","D101-033000000-0001","K-FIND","식품영양성분 데이터베이스 (K-FIND) 2026-08-28","300g","450","77.4","12.1","10.3","COMPLETE","","","UNKNOWN","|UNKNOWN|","UNKNOWN","K-FIND:D101-033000000-0001","2026-09-27","K-FIND 영양 DB에는 구성 원재료/알레르기 전용 필드가 없어 근거 없는 값은 UNKNOWN 유지","DEDICATED"
"kfind-catalog-d301-034000000-0001","잡탕밥","D301-034000000-0001","K-FIND","식품영양성분 데이터베이스 (K-FIND) 2026-08-28","300g","312","42","17.6","8","COMPLETE","","","UNKNOWN","|UNKNOWN|","UNKNOWN","K-FIND:D301-034000000-0001","2026-09-27","K-FIND 영양 DB에는 구성 원재료/알레르기 전용 필드가 없어 근거 없는 값은 UNKNOWN 유지","DEDICATED"
"kfind-catalog-d101-037000000-0001","짬뽕밥","D101-037000000-0001","K-FIND","식품영양성분 데이터베이스 (K-FIND) 2026-08-28","300g","216","35","9.6","4.2","COMPLETE","","","UNKNOWN","|UNKNOWN|","UNKNOWN","K-FIND:D101-037000000-0001","2026-09-27","K-FIND 영양 DB에는 구성 원재료/알레르기 전용 필드가 없어 근거 없는 값은 UNKNOWN 유지","DEDICATED"
"kfind-catalog-d101-038000000-0001","차조밥","D101-038000000-0001","K-FIND","식품영양성분 데이터베이스 (K-FIND) 2026-08-28","300g","471","104.6","8.5","2","COMPLETE","","","UNKNOWN","|UNKNOWN|","UNKNOWN","K-FIND:D101-038000000-0001","2026-09-27","K-FIND 영양 DB에는 구성 원재료/알레르기 전용 필드가 없어 근거 없는 값은 UNKNOWN 유지","DEDICATED"
"kfind-catalog-d101-039000000-0001","찰밥","D101-039000000-0001","K-FIND","식품영양성분 데이터베이스 (K-FIND) 2026-08-28","300g","459","100.7","13.2","0.5","COMPLETE","","","UNKNOWN","|UNKNOWN|","UNKNOWN","K-FIND:D101-039000000-0001","2026-09-27","K-FIND 영양 DB에는 구성 원재료/알레르기 전용 필드가 없어 근거 없는 값은 UNKNOWN 유지","DEDICATED"
"kfind-catalog-d301-043000000-0001","충무김밥","D301-043000000-0001","K-FIND","식품영양성분 데이터베이스 (K-FIND) 2026-08-28","300g","438","81.9","17.6","4.5","COMPLETE","","","UNKNOWN","|UNKNOWN|","UNKNOWN","K-FIND:D301-043000000-0001","2026-09-27","K-FIND 영양 DB에는 구성 원재료/알레르기 전용 필드가 없어 근거 없는 값은 UNKNOWN 유지","DEDICATED"
"kfind-catalog-d301-045000000-0001","캘리포니아롤","D301-045000000-0001","K-FIND","식품영양성분 데이터베이스 (K-FIND) 2026-08-28","300g","489","89.2","12.3","9.1","COMPLETE","","","UNKNOWN","|UNKNOWN|","UNKNOWN","K-FIND:D301-045000000-0001","2026-09-27","K-FIND 영양 DB에는 구성 원재료/알레르기 전용 필드가 없어 근거 없는 값은 UNKNOWN 유지","DEDICATED"
"kfind-catalog-d101-047000000-0001","콩나물밥","D101-047000000-0001","K-FIND","식품영양성분 데이터베이스 (K-FIND) 2026-08-28","300g","369","67.2","14","4.7","COMPLETE","","","UNKNOWN","|UNKNOWN|","UNKNOWN","K-FIND:D101-047000000-0001","2026-09-27","K-FIND 영양 DB에는 구성 원재료/알레르기 전용 필드가 없어 근거 없는 값은 UNKNOWN 유지","DEDICATED"
"kfind-catalog-d101-049000000-0001","하이라이스","D101-049000000-0001","K-FIND","식품영양성분 데이터베이스 (K-FIND) 2026-08-28","300g","336","64","12.1","3.4","COMPLETE","","","UNKNOWN","|UNKNOWN|","UNKNOWN","K-FIND:D101-049000000-0001","2026-09-27","K-FIND 영양 DB에는 구성 원재료/알레르기 전용 필드가 없어 근거 없는 값은 UNKNOWN 유지","DEDICATED"
"kfind-catalog-d304-179000000-0001","게살죽","D304-179000000-0001","K-FIND","식품영양성분 데이터베이스 (K-FIND) 2026-08-28","400g","284","53.7","9","3.6","COMPLETE","","","UNKNOWN","|UNKNOWN|","UNKNOWN","K-FIND:D304-179000000-0001","2026-09-27","K-FIND 영양 DB에는 구성 원재료/알레르기 전용 필드가 없어 근거 없는 값은 UNKNOWN 유지","DEDICATED"
"kfind-catalog-d104-181000000-0001","닭죽","D104-181000000-0001","K-FIND","식품영양성분 데이터베이스 (K-FIND) 2026-08-28","400g","176","28.6","10.7","2.3","COMPLETE","","","UNKNOWN","|UNKNOWN|","UNKNOWN","K-FIND:D104-181000000-0001","2026-09-27","K-FIND 영양 DB에는 구성 원재료/알레르기 전용 필드가 없어 근거 없는 값은 UNKNOWN 유지","DEDICATED"
"kfind-catalog-d304-182000000-0001","미음","D304-182000000-0001","K-FIND","식품영양성분 데이터베이스 (K-FIND) 2026-08-28","400g","76","18.8","1.2","0","COMPLETE","","","UNKNOWN","|UNKNOWN|","UNKNOWN","K-FIND:D304-182000000-0001","2026-09-27","K-FIND 영양 DB에는 구성 원재료/알레르기 전용 필드가 없어 근거 없는 값은 UNKNOWN 유지","DEDICATED"
"kfind-catalog-d304-183000000-0001","백합죽","D304-183000000-0001","K-FIND","식품영양성분 데이터베이스 (K-FIND) 2026-08-28","400g","260","48.4","9.4","3.2","COMPLETE","","","UNKNOWN","|UNKNOWN|","UNKNOWN","K-FIND:D304-183000000-0001","2026-09-27","K-FIND 영양 DB에는 구성 원재료/알레르기 전용 필드가 없어 근거 없는 값은 UNKNOWN 유지","DEDICATED"
"kfind-catalog-d304-184000000-0001","소고기버섯죽","D304-184000000-0001","K-FIND","식품영양성분 데이터베이스 (K-FIND) 2026-08-28","400g","288","54.5","9.4","3.7","COMPLETE","","","UNKNOWN","|UNKNOWN|","UNKNOWN","K-FIND:D304-184000000-0001","2026-09-27","K-FIND 영양 DB에는 구성 원재료/알레르기 전용 필드가 없어 근거 없는 값은 UNKNOWN 유지","DEDICATED"
"kfind-catalog-d304-186000000-0001","쌀죽(흰죽)","D304-186000000-0001","K-FIND","식품영양성분 데이터베이스 (K-FIND) 2026-08-28","400g","212","45.8","4","0.6","COMPLETE","","","UNKNOWN","|UNKNOWN|","UNKNOWN","K-FIND:D304-186000000-0001","2026-09-27","K-FIND 영양 DB에는 구성 원재료/알레르기 전용 필드가 없어 근거 없는 값은 UNKNOWN 유지","DEDICATED"
"kfind-catalog-d304-187000000-0001","어죽","D304-187000000-0001","K-FIND","식품영양성분 데이터베이스 (K-FIND) 2026-08-28","400g","276","50.4","10.2","3.8","COMPLETE","","","UNKNOWN","|UNKNOWN|","UNKNOWN","K-FIND:D304-187000000-0001","2026-09-27","K-FIND 영양 DB에는 구성 원재료/알레르기 전용 필드가 없어 근거 없는 값은 UNKNOWN 유지","DEDICATED"
"kfind-catalog-d104-188000000-0001","오리죽","D104-188000000-0001","K-FIND","식품영양성분 데이터베이스 (K-FIND) 2026-08-28","400g","620","79.8","30","20","COMPLETE","","","UNKNOWN","|UNKNOWN|","UNKNOWN","K-FIND:D104-188000000-0001","2026-09-27","K-FIND 영양 DB에는 구성 원재료/알레르기 전용 필드가 없어 근거 없는 값은 UNKNOWN 유지","DEDICATED"
"kfind-catalog-d304-189000000-0001","율무죽","D304-189000000-0001","K-FIND","식품영양성분 데이터베이스 (K-FIND) 2026-08-28","400g","308","55","13","3.9","COMPLETE","","","UNKNOWN","|UNKNOWN|","UNKNOWN","K-FIND:D304-189000000-0001","2026-09-27","K-FIND 영양 DB에는 구성 원재료/알레르기 전용 필드가 없어 근거 없는 값은 UNKNOWN 유지","DEDICATED"
"kfind-catalog-d304-190000000-0001","잣죽","D304-190000000-0001","K-FIND","식품영양성분 데이터베이스 (K-FIND) 2026-08-28","400g","500","88.7","11","11.2","COMPLETE","","","UNKNOWN","|UNKNOWN|","UNKNOWN","K-FIND:D304-190000000-0001","2026-09-27","K-FIND 영양 DB에는 구성 원재료/알레르기 전용 필드가 없어 근거 없는 값은 UNKNOWN 유지","DEDICATED"
"kfind-catalog-d104-191000000-0001","전복죽","D104-191000000-0001","K-FIND","식품영양성분 데이터베이스 (K-FIND) 2026-08-28","400g","316","38.5","7.3","14.9","COMPLETE","","","UNKNOWN","|UNKNOWN|","UNKNOWN","K-FIND:D104-191000000-0001","2026-09-27","K-FIND 영양 DB에는 구성 원재료/알레르기 전용 필드가 없어 근거 없는 값은 UNKNOWN 유지","DEDICATED"
"kfind-catalog-d304-192000000-0001","참깨죽","D304-192000000-0001","K-FIND","식품영양성분 데이터베이스 (K-FIND) 2026-08-28","400g","152","23.6","4","4.8","COMPLETE","","","UNKNOWN","|UNKNOWN|","UNKNOWN","K-FIND:D304-192000000-0001","2026-09-27","K-FIND 영양 DB에는 구성 원재료/알레르기 전용 필드가 없어 근거 없는 값은 UNKNOWN 유지","DEDICATED"
"kfind-catalog-d304-193000000-0001","참치죽","D304-193000000-0001","K-FIND","식품영양성분 데이터베이스 (K-FIND) 2026-08-28","400g","328","52.3","12.1","8","COMPLETE","","","UNKNOWN","|UNKNOWN|","UNKNOWN","K-FIND:D304-193000000-0001","2026-09-27","K-FIND 영양 DB에는 구성 원재료/알레르기 전용 필드가 없어 근거 없는 값은 UNKNOWN 유지","DEDICATED"
"kfind-catalog-d104-194000000-0001","채소죽","D104-194000000-0001","K-FIND","식품영양성분 데이터베이스 (K-FIND) 2026-08-28","400g","172","30.5","6.8","2.8","COMPLETE","","","UNKNOWN","|UNKNOWN|","UNKNOWN","K-FIND:D104-194000000-0001","2026-09-27","K-FIND 영양 DB에는 구성 원재료/알레르기 전용 필드가 없어 근거 없는 값은 UNKNOWN 유지","DEDICATED"
"kfind-catalog-d104-195000000-0001","팥죽","D104-195000000-0001","K-FIND","식품영양성분 데이터베이스 (K-FIND) 2026-08-28","400g","324","66.6","12.7","0.8","COMPLETE","","","UNKNOWN","|UNKNOWN|","UNKNOWN","K-FIND:D104-195000000-0001","2026-09-27","K-FIND 영양 DB에는 구성 원재료/알레르기 전용 필드가 없어 근거 없는 값은 UNKNOWN 유지","DEDICATED"
"kfind-catalog-d103-141000000-0001","간자장","D103-141000000-0001","K-FIND","식품영양성분 데이터베이스 (K-FIND) 2026-08-28","450g","562.5","68.1","23","22","COMPLETE","","","UNKNOWN","|UNKNOWN|","UNKNOWN","K-FIND:D103-141000000-0001","2026-09-27","K-FIND 영양 DB에는 구성 원재료/알레르기 전용 필드가 없어 근거 없는 값은 UNKNOWN 유지","DEDICATED"
"kfind-catalog-d303-143000000-0001","기스면","D303-143000000-0001","K-FIND","식품영양성분 데이터베이스 (K-FIND) 2026-08-28","450g","274.5","40.4","17","4.8","COMPLETE","","","UNKNOWN","|UNKNOWN|","UNKNOWN","K-FIND:D303-143000000-0001","2026-09-27","K-FIND 영양 DB에는 구성 원재료/알레르기 전용 필드가 없어 근거 없는 값은 UNKNOWN 유지","DEDICATED"
"kfind-catalog-d103-146000000-0001","떡만두국","D103-146000000-0001","K-FIND","식품영양성분 데이터베이스 (K-FIND) 2026-08-28","450g","499.5","69.6","15.9","17.6","COMPLETE","","","UNKNOWN","|UNKNOWN|","UNKNOWN","K-FIND:D103-146000000-0001","2026-09-27","K-FIND 영양 DB에는 구성 원재료/알레르기 전용 필드가 없어 근거 없는 값은 UNKNOWN 유지","DEDICATED"
"kfind-catalog-d103-148000000-0001","라면","D103-148000000-0001","K-FIND","식품영양성분 데이터베이스 (K-FIND) 2026-08-28","450g","369","61.4","7.7","10.3","COMPLETE","","","UNKNOWN","|UNKNOWN|","UNKNOWN","K-FIND:D103-148000000-0001","2026-09-27","K-FIND 영양 DB에는 구성 원재료/알레르기 전용 필드가 없어 근거 없는 값은 UNKNOWN 유지","DEDICATED"
"kfind-catalog-d303-151000000-0001","만두국","D303-151000000-0001","K-FIND","식품영양성분 데이터베이스 (K-FIND) 2026-08-28","450g","279","30.7","13.8","11.2","COMPLETE","","","UNKNOWN","|UNKNOWN|","UNKNOWN","K-FIND:D303-151000000-0001","2026-09-27","K-FIND 영양 DB에는 구성 원재료/알레르기 전용 필드가 없어 근거 없는 값은 UNKNOWN 유지","DEDICATED"
"kfind-catalog-d303-156000000-0001","분짜","D303-156000000-0001","K-FIND","식품영양성분 데이터베이스 (K-FIND) 2026-08-28","450g","612","88.9","26.6","16.5","COMPLETE","","","UNKNOWN","|UNKNOWN|","UNKNOWN","K-FIND:D303-156000000-0001","2026-09-27","K-FIND 영양 DB에는 구성 원재료/알레르기 전용 필드가 없어 근거 없는 값은 UNKNOWN 유지","DEDICATED"
"kfind-catalog-d303-157000000-0001","비빔국수","D303-157000000-0001","K-FIND","식품영양성분 데이터베이스 (K-FIND) 2026-08-28","450g","508.5","90","15.3","9.4","COMPLETE","","","UNKNOWN","|UNKNOWN|","UNKNOWN","K-FIND:D303-157000000-0001","2026-09-27","K-FIND 영양 DB에는 구성 원재료/알레르기 전용 필드가 없어 근거 없는 값은 UNKNOWN 유지","DEDICATED"
"kfind-catalog-d103-160000000-0001","수제비","D103-160000000-0001","K-FIND","식품영양성분 데이터베이스 (K-FIND) 2026-08-28","450g","261","49.9","10.4","2.3","COMPLETE","","","UNKNOWN","|UNKNOWN|","UNKNOWN","K-FIND:D103-160000000-0001","2026-09-27","K-FIND 영양 DB에는 구성 원재료/알레르기 전용 필드가 없어 근거 없는 값은 UNKNOWN 유지","DEDICATED"
"kfind-catalog-d303-162000000-0001","쌀국수","D303-162000000-0001","K-FIND","식품영양성분 데이터베이스 (K-FIND) 2026-08-28","450g","238.5","41.3","11.7","3.2","COMPLETE","","","UNKNOWN","|UNKNOWN|","UNKNOWN","K-FIND:D303-162000000-0001","2026-09-27","K-FIND 영양 DB에는 구성 원재료/알레르기 전용 필드가 없어 근거 없는 값은 UNKNOWN 유지","DEDICATED"
"kfind-catalog-d303-163000000-0001","올갱이국수","D303-163000000-0001","K-FIND","식품영양성분 데이터베이스 (K-FIND) 2026-08-28","450g","171","33.5","3.4","2.5","COMPLETE","","","UNKNOWN","|UNKNOWN|","UNKNOWN","K-FIND:D303-163000000-0001","2026-09-27","K-FIND 영양 DB에는 구성 원재료/알레르기 전용 필드가 없어 근거 없는 값은 UNKNOWN 유지","DEDICATED"
"kfind-catalog-d103-165000000-0001","우동볶음","D103-165000000-0001","K-FIND","식품영양성분 데이터베이스 (K-FIND) 2026-08-28","450g","576","111.6","12.6","9","COMPLETE","","","UNKNOWN","|UNKNOWN|","UNKNOWN","K-FIND:D103-165000000-0001","2026-09-27","K-FIND 영양 DB에는 구성 원재료/알레르기 전용 필드가 없어 근거 없는 값은 UNKNOWN 유지","DEDICATED"
"kfind-catalog-d303-166000000-0001","울면","D303-166000000-0001","K-FIND","식품영양성분 데이터베이스 (K-FIND) 2026-08-28","450g","328.5","57.7","16.9","3.3","COMPLETE","","","UNKNOWN","|UNKNOWN|","UNKNOWN","K-FIND:D303-166000000-0001","2026-09-27","K-FIND 영양 DB에는 구성 원재료/알레르기 전용 필드가 없어 근거 없는 값은 UNKNOWN 유지","DEDICATED"
"kfind-catalog-d103-167000000-0001","월남쌈","D103-167000000-0001","K-FIND","식품영양성분 데이터베이스 (K-FIND) 2026-08-28","450g","531","55.1","26.7","22.4","COMPLETE","","","UNKNOWN","|UNKNOWN|","UNKNOWN","K-FIND:D103-167000000-0001","2026-09-27","K-FIND 영양 DB에는 구성 원재료/알레르기 전용 필드가 없어 근거 없는 값은 UNKNOWN 유지","DEDICATED"
"kfind-catalog-d103-168000000-0001","자장면","D103-168000000-0001","K-FIND","식품영양성분 데이터베이스 (K-FIND) 2026-08-28","450g","396","64.7","12.1","10","COMPLETE","","","UNKNOWN","|UNKNOWN|","UNKNOWN","K-FIND:D103-168000000-0001","2026-09-27","K-FIND 영양 DB에는 구성 원재료/알레르기 전용 필드가 없어 근거 없는 값은 UNKNOWN 유지","DEDICATED"
"kfind-catalog-d103-172000000-0001","짬뽕","D103-172000000-0001","K-FIND","식품영양성분 데이터베이스 (K-FIND) 2026-08-28","450g","261","37.2","12.6","6.9","COMPLETE","","","UNKNOWN","|UNKNOWN|","UNKNOWN","K-FIND:D103-172000000-0001","2026-09-27","K-FIND 영양 DB에는 구성 원재료/알레르기 전용 필드가 없어 근거 없는 값은 UNKNOWN 유지","DEDICATED"
"kfind-catalog-d103-174000000-0001","칼국수","D103-174000000-0001","K-FIND","식품영양성분 데이터베이스 (K-FIND) 2026-08-28","450g","346.5","67","14.8","2.2","COMPLETE","","","UNKNOWN","|UNKNOWN|","UNKNOWN","K-FIND:D103-174000000-0001","2026-09-27","K-FIND 영양 DB에는 구성 원재료/알레르기 전용 필드가 없어 근거 없는 값은 UNKNOWN 유지","DEDICATED"
"kfind-catalog-d103-175000000-0001","콩국수","D103-175000000-0001","K-FIND","식품영양성분 데이터베이스 (K-FIND) 2026-08-28","450g","364.5","40.1","17.6","15.1","COMPLETE","","","UNKNOWN","|UNKNOWN|","UNKNOWN","K-FIND:D103-175000000-0001","2026-09-27","K-FIND 영양 DB에는 구성 원재료/알레르기 전용 필드가 없어 근거 없는 값은 UNKNOWN 유지","DEDICATED"
"kfind-catalog-d303-177000000-0002","팟타이","D303-177000000-0002","K-FIND","식품영양성분 데이터베이스 (K-FIND) 2026-08-28","450g","657","83.4","17.9","27.9","COMPLETE","","","UNKNOWN","|UNKNOWN|","UNKNOWN","K-FIND:D303-177000000-0002","2026-09-27","K-FIND 영양 DB에는 구성 원재료/알레르기 전용 필드가 없어 근거 없는 값은 UNKNOWN 유지","DEDICATED"
"kfind-catalog-d105-199000000-0001","갈비탕","D105-199000000-0001","K-FIND","식품영양성분 데이터베이스 (K-FIND) 2026-08-28","400g","216","1.6","34","8.2","COMPLETE","","","UNKNOWN","|UNKNOWN|","UNKNOWN","K-FIND:D105-199000000-0001","2026-09-27","K-FIND 영양 DB에는 구성 원재료/알레르기 전용 필드가 없어 근거 없는 값은 UNKNOWN 유지","DEDICATED"
"kfind-catalog-d105-200000000-0001","감자국","D105-200000000-0001","K-FIND","식품영양성분 데이터베이스 (K-FIND) 2026-08-28","400g","84","14.7","3.6","1","COMPLETE","","","UNKNOWN","|UNKNOWN|","UNKNOWN","K-FIND:D105-200000000-0001","2026-09-27","K-FIND 영양 DB에는 구성 원재료/알레르기 전용 필드가 없어 근거 없는 값은 UNKNOWN 유지","DEDICATED"
"kfind-catalog-d305-201000000-0001","게국지","D305-201000000-0001","K-FIND","식품영양성분 데이터베이스 (K-FIND) 2026-08-28","400g","152","11.5","16.3","4.4","COMPLETE","","","UNKNOWN","|UNKNOWN|","UNKNOWN","K-FIND:D305-201000000-0001","2026-09-27","K-FIND 영양 DB에는 구성 원재료/알레르기 전용 필드가 없어 근거 없는 값은 UNKNOWN 유지","DEDICATED"
"kfind-catalog-d305-202000000-0001","곰치국","D305-202000000-0001","K-FIND","식품영양성분 데이터베이스 (K-FIND) 2026-08-28","400g","168","9.6","21.7","4.7","COMPLETE","","","UNKNOWN","|UNKNOWN|","UNKNOWN","K-FIND:D305-202000000-0001","2026-09-27","K-FIND 영양 DB에는 구성 원재료/알레르기 전용 필드가 없어 근거 없는 값은 UNKNOWN 유지","DEDICATED"
"kfind-catalog-d105-203000000-0001","곰탕","D105-203000000-0001","K-FIND","식품영양성분 데이터베이스 (K-FIND) 2026-08-28","400g","96","0.4","13.7","4.5","COMPLETE","","","UNKNOWN","|UNKNOWN|","UNKNOWN","K-FIND:D105-203000000-0001","2026-09-27","K-FIND 영양 DB에는 구성 원재료/알레르기 전용 필드가 없어 근거 없는 값은 UNKNOWN 유지","DEDICATED"
"kfind-catalog-d105-205000000-0001","김치국","D105-205000000-0001","K-FIND","식품영양성분 데이터베이스 (K-FIND) 2026-08-28","400g","92","10.5","5.4","3","COMPLETE","","","UNKNOWN","|UNKNOWN|","UNKNOWN","K-FIND:D105-205000000-0001","2026-09-27","K-FIND 영양 DB에는 구성 원재료/알레르기 전용 필드가 없어 근거 없는 값은 UNKNOWN 유지","DEDICATED"
"kfind-catalog-d305-207000000-0001","낙지탕","D305-207000000-0001","K-FIND","식품영양성분 데이터베이스 (K-FIND) 2026-08-28","400g","124","6.9","19.6","2.1","COMPLETE","","","UNKNOWN","|UNKNOWN|","UNKNOWN","K-FIND:D305-207000000-0001","2026-09-27","K-FIND 영양 DB에는 구성 원재료/알레르기 전용 필드가 없어 근거 없는 값은 UNKNOWN 유지","DEDICATED"
"kfind-catalog-d105-208000000-0001","내장탕","D105-208000000-0001","K-FIND","식품영양성분 데이터베이스 (K-FIND) 2026-08-28","400g","284","6.7","23.3","18.1","COMPLETE","","","UNKNOWN","|UNKNOWN|","UNKNOWN","K-FIND:D105-208000000-0001","2026-09-27","K-FIND 영양 DB에는 구성 원재료/알레르기 전용 필드가 없어 근거 없는 값은 UNKNOWN 유지","DEDICATED"
"kfind-catalog-d105-210000000-0001","달걀국","D105-210000000-0001","K-FIND","식품영양성분 데이터베이스 (K-FIND) 2026-08-28","400g","52","2.8","3.7","3","COMPLETE","","","UNKNOWN","|UNKNOWN|","UNKNOWN","K-FIND:D105-210000000-0001","2026-09-27","K-FIND 영양 DB에는 구성 원재료/알레르기 전용 필드가 없어 근거 없는 값은 UNKNOWN 유지","DEDICATED"
"kfind-catalog-d105-213000000-0001","닭곰탕","D105-213000000-0001","K-FIND","식품영양성분 데이터베이스 (K-FIND) 2026-08-28","400g","204","8","30","5.7","COMPLETE","","","UNKNOWN","|UNKNOWN|","UNKNOWN","K-FIND:D105-213000000-0001","2026-09-27","K-FIND 영양 DB에는 구성 원재료/알레르기 전용 필드가 없어 근거 없는 값은 UNKNOWN 유지","DEDICATED"
"kfind-catalog-d105-215000000-0001","도가니탕","D105-215000000-0001","K-FIND","식품영양성분 데이터베이스 (K-FIND) 2026-08-28","400g","160","3.3","33.4","1.3","COMPLETE","","","UNKNOWN","|UNKNOWN|","UNKNOWN","K-FIND:D105-215000000-0001","2026-09-27","K-FIND 영양 DB에는 구성 원재료/알레르기 전용 필드가 없어 근거 없는 값은 UNKNOWN 유지","DEDICATED"
"kfind-catalog-d105-272000000-0001","동태국","D105-272000000-0001","K-FIND","식품영양성분 데이터베이스 (K-FIND) 2026-08-28","400g","68","5.6","9.7","0.6","COMPLETE","","","UNKNOWN","|UNKNOWN|","UNKNOWN","K-FIND:D105-272000000-0001","2026-09-27","K-FIND 영양 DB에는 구성 원재료/알레르기 전용 필드가 없어 근거 없는 값은 UNKNOWN 유지","DEDICATED"
"kfind-catalog-d305-218000000-0001","매생이국","D305-218000000-0001","K-FIND","식품영양성분 데이터베이스 (K-FIND) 2026-08-28","400g","96","10.7","8","2.2","COMPLETE","","","UNKNOWN","|UNKNOWN|","UNKNOWN","K-FIND:D305-218000000-0001","2026-09-27","K-FIND 영양 DB에는 구성 원재료/알레르기 전용 필드가 없어 근거 없는 값은 UNKNOWN 유지","DEDICATED"
"kfind-catalog-d305-259000000-0001","무국물","D305-259000000-0001","K-FIND","식품영양성분 데이터베이스 (K-FIND) 2026-08-28","400g","12","2.2","0.6","0","COMPLETE","","","UNKNOWN","|UNKNOWN|","UNKNOWN","K-FIND:D305-259000000-0001","2026-09-27","K-FIND 영양 DB에는 구성 원재료/알레르기 전용 필드가 없어 근거 없는 값은 UNKNOWN 유지","DEDICATED"
"kfind-catalog-d305-222000000-0001","미소된장국","D305-222000000-0001","K-FIND","식품영양성분 데이터베이스 (K-FIND) 2026-08-28","400g","100","7.5","7.5","4.8","COMPLETE","","","UNKNOWN","|UNKNOWN|","UNKNOWN","K-FIND:D305-222000000-0001","2026-09-27","K-FIND 영양 DB에는 구성 원재료/알레르기 전용 필드가 없어 근거 없는 값은 UNKNOWN 유지","DEDICATED"
"kfind-catalog-d105-223000000-0001","미역국","D105-223000000-0001","K-FIND","식품영양성분 데이터베이스 (K-FIND) 2026-08-28","400g","48","3.5","2.6","2.4","COMPLETE","","","UNKNOWN","|UNKNOWN|","UNKNOWN","K-FIND:D105-223000000-0001","2026-09-27","K-FIND 영양 DB에는 구성 원재료/알레르기 전용 필드가 없어 근거 없는 값은 UNKNOWN 유지","DEDICATED"
"kfind-catalog-d105-226000000-0001","북어국","D105-226000000-0001","K-FIND","식품영양성분 데이터베이스 (K-FIND) 2026-08-28","400g","112","3.4","15.6","3.9","COMPLETE","","","UNKNOWN","|UNKNOWN|","UNKNOWN","K-FIND:D105-226000000-0001","2026-09-27","K-FIND 영양 DB에는 구성 원재료/알레르기 전용 필드가 없어 근거 없는 값은 UNKNOWN 유지","DEDICATED"
"kfind-catalog-d105-227000000-0001","사골국","D105-227000000-0001","K-FIND","식품영양성분 데이터베이스 (K-FIND) 2026-08-28","400g","220","11.2","22.2","9.7","COMPLETE","","","UNKNOWN","|UNKNOWN|","UNKNOWN","K-FIND:D105-227000000-0001","2026-09-27","K-FIND 영양 DB에는 구성 원재료/알레르기 전용 필드가 없어 근거 없는 값은 UNKNOWN 유지","DEDICATED"
"kfind-catalog-d105-228000000-0001","삼계탕","D105-228000000-0001","K-FIND","식품영양성분 데이터베이스 (K-FIND) 2026-08-28","400g","404","15.4","42.7","19.2","COMPLETE","","","UNKNOWN","|UNKNOWN|","UNKNOWN","K-FIND:D105-228000000-0001","2026-09-27","K-FIND 영양 DB에는 구성 원재료/알레르기 전용 필드가 없어 근거 없는 값은 UNKNOWN 유지","DEDICATED"
"kfind-catalog-d105-229000000-0001","새우탕","D105-229000000-0001","K-FIND","식품영양성분 데이터베이스 (K-FIND) 2026-08-28","400g","132","8","20.7","1.8","COMPLETE","","","UNKNOWN","|UNKNOWN|","UNKNOWN","K-FIND:D105-229000000-0001","2026-09-27","K-FIND 영양 DB에는 구성 원재료/알레르기 전용 필드가 없어 근거 없는 값은 UNKNOWN 유지","DEDICATED"
"kfind-catalog-d105-231000000-0001","설렁탕","D105-231000000-0001","K-FIND","식품영양성분 데이터베이스 (K-FIND) 2026-08-28","400g","96","1.4","17","2.3","COMPLETE","","","UNKNOWN","|UNKNOWN|","UNKNOWN","K-FIND:D105-231000000-0001","2026-09-27","K-FIND 영양 DB에는 구성 원재료/알레르기 전용 필드가 없어 근거 없는 값은 UNKNOWN 유지","DEDICATED"
"kfind-catalog-d305-233000000-0001","소탕","D305-233000000-0001","K-FIND","식품영양성분 데이터베이스 (K-FIND) 2026-08-28","400g","232","5.1","20.4","14.3","COMPLETE","","","UNKNOWN","|UNKNOWN|","UNKNOWN","K-FIND:D305-233000000-0001","2026-09-27","K-FIND 영양 DB에는 구성 원재료/알레르기 전용 필드가 없어 근거 없는 값은 UNKNOWN 유지","DEDICATED"
"kfind-catalog-d105-234000000-0001","순대국","D105-234000000-0001","K-FIND","식품영양성분 데이터베이스 (K-FIND) 2026-08-28","400g","340","59.8","9.4","7","COMPLETE","","","UNKNOWN","|UNKNOWN|","UNKNOWN","K-FIND:D105-234000000-0001","2026-09-27","K-FIND 영양 DB에는 구성 원재료/알레르기 전용 필드가 없어 근거 없는 값은 UNKNOWN 유지","DEDICATED"
"kfind-catalog-d305-235000000-0001","아구탕","D305-235000000-0001","K-FIND","식품영양성분 데이터베이스 (K-FIND) 2026-08-28","400g","164","8.5","25.2","3.3","COMPLETE","","","UNKNOWN","|UNKNOWN|","UNKNOWN","K-FIND:D305-235000000-0001","2026-09-27","K-FIND 영양 DB에는 구성 원재료/알레르기 전용 필드가 없어 근거 없는 값은 UNKNOWN 유지","DEDICATED"
"kfind-catalog-d105-237000000-0001","어묵국(어묵탕)","D105-237000000-0001","K-FIND","식품영양성분 데이터베이스 (K-FIND) 2026-08-28","400g","124","15.3","6","4.1","COMPLETE","","","UNKNOWN","|UNKNOWN|","UNKNOWN","K-FIND:D105-237000000-0001","2026-09-27","K-FIND 영양 DB에는 구성 원재료/알레르기 전용 필드가 없어 근거 없는 값은 UNKNOWN 유지","DEDICATED"
"kfind-catalog-d305-239000000-0001","어탕","D305-239000000-0001","K-FIND","식품영양성분 데이터베이스 (K-FIND) 2026-08-28","400g","228","4.8","33.9","8.2","COMPLETE","","","UNKNOWN","|UNKNOWN|","UNKNOWN","K-FIND:D305-239000000-0001","2026-09-27","K-FIND 영양 DB에는 구성 원재료/알레르기 전용 필드가 없어 근거 없는 값은 UNKNOWN 유지","DEDICATED"
"kfind-catalog-d305-240000000-0001","연포탕","D305-240000000-0001","K-FIND","식품영양성분 데이터베이스 (K-FIND) 2026-08-28","400g","216","8.1","38","3.6","COMPLETE","","","UNKNOWN","|UNKNOWN|","UNKNOWN","K-FIND:D305-240000000-0001","2026-09-27","K-FIND 영양 DB에는 구성 원재료/알레르기 전용 필드가 없어 근거 없는 값은 UNKNOWN 유지","DEDICATED"
"kfind-catalog-d305-241000000-0001","오이냉국","D305-241000000-0001","K-FIND","식품영양성분 데이터베이스 (K-FIND) 2026-08-28","400g","76","15.7","2","0.4","COMPLETE","","","UNKNOWN","|UNKNOWN|","UNKNOWN","K-FIND:D305-241000000-0001","2026-09-27","K-FIND 영양 DB에는 구성 원재료/알레르기 전용 필드가 없어 근거 없는 값은 UNKNOWN 유지","DEDICATED"
"kfind-catalog-d106-259000000-0001","갈치찌개","D106-259000000-0001","K-FIND","식품영양성분 데이터베이스 (K-FIND) 2026-08-28","400g","152","7.8","21.1","4","COMPLETE","","","UNKNOWN","|UNKNOWN|","UNKNOWN","K-FIND:D106-259000000-0001","2026-09-27","K-FIND 영양 DB에는 구성 원재료/알레르기 전용 필드가 없어 근거 없는 값은 UNKNOWN 유지","DEDICATED"
"kfind-catalog-d106-260000000-0001","감자탕","D106-260000000-0001","K-FIND","식품영양성분 데이터베이스 (K-FIND) 2026-08-28","400g","284","9.1","25.2","16.2","COMPLETE","","","UNKNOWN","|UNKNOWN|","UNKNOWN","K-FIND:D106-260000000-0001","2026-09-27","K-FIND 영양 DB에는 구성 원재료/알레르기 전용 필드가 없어 근거 없는 값은 UNKNOWN 유지","DEDICATED"
"kfind-catalog-d106-265000000-0001","김치전골","D106-265000000-0001","K-FIND","식품영양성분 데이터베이스 (K-FIND) 2026-08-28","400g","292","22.7","12.5","16.9","COMPLETE","","","UNKNOWN","|UNKNOWN|","UNKNOWN","K-FIND:D106-265000000-0001","2026-09-27","K-FIND 영양 DB에는 구성 원재료/알레르기 전용 필드가 없어 근거 없는 값은 UNKNOWN 유지","DEDICATED"
"kfind-catalog-d306-266000000-0001","김치찌개","D306-266000000-0001","K-FIND","식품영양성분 데이터베이스 (K-FIND) 2026-08-28","400g","244","11.9","15.1","15","COMPLETE","","","UNKNOWN","|UNKNOWN|","UNKNOWN","K-FIND:D306-266000000-0001","2026-09-27","K-FIND 영양 DB에는 구성 원재료/알레르기 전용 필드가 없어 근거 없는 값은 UNKNOWN 유지","DEDICATED"
"kfind-catalog-d306-267000000-0001","꽁치찌개","D306-267000000-0001","K-FIND","식품영양성분 데이터베이스 (K-FIND) 2026-08-28","400g","472","16.3","32","31.1","COMPLETE","","","UNKNOWN","|UNKNOWN|","UNKNOWN","K-FIND:D306-267000000-0001","2026-09-27","K-FIND 영양 DB에는 구성 원재료/알레르기 전용 필드가 없어 근거 없는 값은 UNKNOWN 유지","DEDICATED"
"kfind-catalog-d106-268000000-0001","꽃게탕","D106-268000000-0001","K-FIND","식품영양성분 데이터베이스 (K-FIND) 2026-08-28","400g","68","5.8","7.4","1.6","COMPLETE","","","UNKNOWN","|UNKNOWN|","UNKNOWN","K-FIND:D106-268000000-0001","2026-09-27","K-FIND 영양 DB에는 구성 원재료/알레르기 전용 필드가 없어 근거 없는 값은 UNKNOWN 유지","DEDICATED"
"kfind-catalog-d106-270000000-0001","낙지전골","D106-270000000-0001","K-FIND","식품영양성분 데이터베이스 (K-FIND) 2026-08-28","400g","204","14.9","26","4.6","COMPLETE","","","UNKNOWN","|UNKNOWN|","UNKNOWN","K-FIND:D106-270000000-0001","2026-09-27","K-FIND 영양 DB에는 구성 원재료/알레르기 전용 필드가 없어 근거 없는 값은 UNKNOWN 유지","DEDICATED"
"kfind-catalog-d106-273000000-0001","동태찌개","D106-273000000-0001","K-FIND","식품영양성분 데이터베이스 (K-FIND) 2026-08-28","400g","176","6.9","24.4","5.5","COMPLETE","","","UNKNOWN","|UNKNOWN|","UNKNOWN","K-FIND:D106-273000000-0001","2026-09-27","K-FIND 영양 DB에는 구성 원재료/알레르기 전용 필드가 없어 근거 없는 값은 UNKNOWN 유지","DEDICATED"
"kfind-catalog-d106-274000000-0001","돼지고기찌개","D106-274000000-0001","K-FIND","식품영양성분 데이터베이스 (K-FIND) 2026-08-28","400g","192","9","25","6","COMPLETE","","","UNKNOWN","|UNKNOWN|","UNKNOWN","K-FIND:D106-274000000-0001","2026-09-27","K-FIND 영양 DB에는 구성 원재료/알레르기 전용 필드가 없어 근거 없는 값은 UNKNOWN 유지","DEDICATED"
"kfind-catalog-d106-275000000-0001","된장찌개","D106-275000000-0001","K-FIND","식품영양성분 데이터베이스 (K-FIND) 2026-08-28","400g","184","17.8","13.5","6.5","COMPLETE","","","UNKNOWN","|UNKNOWN|","UNKNOWN","K-FIND:D106-275000000-0001","2026-09-27","K-FIND 영양 DB에는 구성 원재료/알레르기 전용 필드가 없어 근거 없는 값은 UNKNOWN 유지","DEDICATED"
"kfind-catalog-d306-276000000-0001","두부전골","D306-276000000-0001","K-FIND","식품영양성분 데이터베이스 (K-FIND) 2026-08-28","400g","252","13.7","20.5","12.9","COMPLETE","","","UNKNOWN","|UNKNOWN|","UNKNOWN","K-FIND:D306-276000000-0001","2026-09-27","K-FIND 영양 DB에는 구성 원재료/알레르기 전용 필드가 없어 근거 없는 값은 UNKNOWN 유지","DEDICATED"
"kfind-catalog-d306-278000000-0002","마라탕","D306-278000000-0002","K-FIND","식품영양성분 데이터베이스 (K-FIND) 2026-08-28","400g","264","20.4","15.6","13.1","COMPLETE","","","UNKNOWN","|UNKNOWN|","UNKNOWN","K-FIND:D306-278000000-0002","2026-09-27","K-FIND 영양 DB에는 구성 원재료/알레르기 전용 필드가 없어 근거 없는 값은 UNKNOWN 유지","DEDICATED"
"kfind-catalog-d306-279000000-0002","만두전골","D306-279000000-0002","K-FIND","식품영양성분 데이터베이스 (K-FIND) 2026-08-28","400g","228","22.2","14.4","8.9","COMPLETE","","","UNKNOWN","|UNKNOWN|","UNKNOWN","K-FIND:D306-279000000-0002","2026-09-27","K-FIND 영양 DB에는 구성 원재료/알레르기 전용 필드가 없어 근거 없는 값은 UNKNOWN 유지","DEDICATED"
"kfind-catalog-d106-282000000-0001","버섯전골","D106-282000000-0001","K-FIND","식품영양성분 데이터베이스 (K-FIND) 2026-08-28","400g","312","19.1","20.6","17","COMPLETE","","","UNKNOWN","|UNKNOWN|","UNKNOWN","K-FIND:D106-282000000-0001","2026-09-27","K-FIND 영양 DB에는 구성 원재료/알레르기 전용 필드가 없어 근거 없는 값은 UNKNOWN 유지","DEDICATED"
"kfind-catalog-d306-283000000-0001","버섯찌개","D306-283000000-0001","K-FIND","식품영양성분 데이터베이스 (K-FIND) 2026-08-28","400g","168","15.4","14.7","5.2","COMPLETE","","","UNKNOWN","|UNKNOWN|","UNKNOWN","K-FIND:D306-283000000-0001","2026-09-27","K-FIND 영양 DB에는 구성 원재료/알레르기 전용 필드가 없어 근거 없는 값은 UNKNOWN 유지","DEDICATED"
"kfind-catalog-d106-284000000-0001","부대찌개","D106-284000000-0001","K-FIND","식품영양성분 데이터베이스 (K-FIND) 2026-08-28","400g","492","41.1","23.4","26","COMPLETE","","","UNKNOWN","|UNKNOWN|","UNKNOWN","K-FIND:D106-284000000-0001","2026-09-27","K-FIND 영양 DB에는 구성 원재료/알레르기 전용 필드가 없어 근거 없는 값은 UNKNOWN 유지","DEDICATED"
"kfind-catalog-d106-289000000-0001","소고기전골","D106-289000000-0001","K-FIND","식품영양성분 데이터베이스 (K-FIND) 2026-08-28","400g","252","1.8","31.6","13","COMPLETE","","","UNKNOWN","|UNKNOWN|","UNKNOWN","K-FIND:D106-289000000-0001","2026-09-27","K-FIND 영양 DB에는 구성 원재료/알레르기 전용 필드가 없어 근거 없는 값은 UNKNOWN 유지","DEDICATED"
"kfind-catalog-d106-293000000-0001","알탕","D106-293000000-0001","K-FIND","식품영양성분 데이터베이스 (K-FIND) 2026-08-28","400g","156","7","25.5","3","COMPLETE","","","UNKNOWN","|UNKNOWN|","UNKNOWN","K-FIND:D106-293000000-0001","2026-09-27","K-FIND 영양 DB에는 구성 원재료/알레르기 전용 필드가 없어 근거 없는 값은 UNKNOWN 유지","DEDICATED"
"kfind-catalog-d106-294000000-0001","오리백숙","D106-294000000-0001","K-FIND","식품영양성분 데이터베이스 (K-FIND) 2026-08-28","400g","448","2","42.4","30","COMPLETE","","","UNKNOWN","|UNKNOWN|","UNKNOWN","K-FIND:D106-294000000-0001","2026-09-27","K-FIND 영양 DB에는 구성 원재료/알레르기 전용 필드가 없어 근거 없는 값은 UNKNOWN 유지","DEDICATED"
"kfind-catalog-d106-295000000-0001","오리탕","D106-295000000-0001","K-FIND","식품영양성분 데이터베이스 (K-FIND) 2026-08-28","400g","484","24.3","38","26.2","COMPLETE","","","UNKNOWN","|UNKNOWN|","UNKNOWN","K-FIND:D106-295000000-0001","2026-09-27","K-FIND 영양 DB에는 구성 원재료/알레르기 전용 필드가 없어 근거 없는 값은 UNKNOWN 유지","DEDICATED"
"kfind-catalog-d106-296000000-0001","오징어찌개","D106-296000000-0001","K-FIND","식품영양성분 데이터베이스 (K-FIND) 2026-08-28","400g","136","19.1","13.2","0.9","COMPLETE","","","UNKNOWN","|UNKNOWN|","UNKNOWN","K-FIND:D106-296000000-0001","2026-09-27","K-FIND 영양 DB에는 구성 원재료/알레르기 전용 필드가 없어 근거 없는 값은 UNKNOWN 유지","DEDICATED"
"kfind-catalog-d106-297000000-0001","청국장찌개","D106-297000000-0001","K-FIND","식품영양성분 데이터베이스 (K-FIND) 2026-08-28","400g","188","7.7","20.1","8.4","COMPLETE","","","UNKNOWN","|UNKNOWN|","UNKNOWN","K-FIND:D106-297000000-0001","2026-09-27","K-FIND 영양 DB에는 구성 원재료/알레르기 전용 필드가 없어 근거 없는 값은 UNKNOWN 유지","DEDICATED"
"kfind-catalog-d108-352000000-0001","가자미구이","D108-352000000-0001","K-FIND","식품영양성분 데이터베이스 (K-FIND) 2026-08-28","250g","307.5","1.6","46.8","12.6","COMPLETE","","","UNKNOWN","|UNKNOWN|","UNKNOWN","K-FIND:D108-352000000-0001","2026-09-27","K-FIND 영양 DB에는 구성 원재료/알레르기 전용 필드가 없어 근거 없는 값은 UNKNOWN 유지","DEDICATED"
"kfind-catalog-d308-364000000-0001","꿩불고기","D308-364000000-0001","K-FIND","식품영양성분 데이터베이스 (K-FIND) 2026-08-28","250g","185","19.8","16.8","4.2","COMPLETE","","","UNKNOWN","|UNKNOWN|","UNKNOWN","K-FIND:D308-364000000-0001","2026-09-27","K-FIND 영양 DB에는 구성 원재료/알레르기 전용 필드가 없어 근거 없는 값은 UNKNOWN 유지","DEDICATED"
"kfind-catalog-d108-365000000-0001","닭구이","D108-365000000-0001","K-FIND","식품영양성분 데이터베이스 (K-FIND) 2026-08-28","250g","642.5","19.5","65.5","33.5","COMPLETE","","","UNKNOWN","|UNKNOWN|","UNKNOWN","K-FIND:D108-365000000-0001","2026-09-27","K-FIND 영양 DB에는 구성 원재료/알레르기 전용 필드가 없어 근거 없는 값은 UNKNOWN 유지","DEDICATED"
"kfind-catalog-d108-368000000-0001","닭발구이","D108-368000000-0001","K-FIND","식품영양성분 데이터베이스 (K-FIND) 2026-08-28","250g","490","24.2","45.4","23.5","COMPLETE","","","UNKNOWN","|UNKNOWN|","UNKNOWN","K-FIND:D108-368000000-0001","2026-09-27","K-FIND 영양 DB에는 구성 원재료/알레르기 전용 필드가 없어 근거 없는 값은 UNKNOWN 유지","DEDICATED"
"kfind-catalog-d308-371000000-0001","더덕구이","D308-371000000-0001","K-FIND","식품영양성분 데이터베이스 (K-FIND) 2026-08-28","250g","460","77.8","7.8","13","COMPLETE","","","UNKNOWN","|UNKNOWN|","UNKNOWN","K-FIND:D308-371000000-0001","2026-09-27","K-FIND 영양 DB에는 구성 원재료/알레르기 전용 필드가 없어 근거 없는 값은 UNKNOWN 유지","DEDICATED"
"kfind-catalog-d308-374000000-0001","돼지껍데기구이","D308-374000000-0001","K-FIND","식품영양성분 데이터베이스 (K-FIND) 2026-08-28","250g","870","8.4","59.4","66.6","COMPLETE","","","UNKNOWN","|UNKNOWN|","UNKNOWN","K-FIND:D308-374000000-0001","2026-09-27","K-FIND 영양 DB에는 구성 원재료/알레르기 전용 필드가 없어 근거 없는 값은 UNKNOWN 유지","DEDICATED"
"kfind-catalog-d108-376000000-0001","떡갈비","D108-376000000-0001","K-FIND","식품영양성분 데이터베이스 (K-FIND) 2026-08-28","250g","505","6.2","53.4","29.6","COMPLETE","","","UNKNOWN","|UNKNOWN|","UNKNOWN","K-FIND:D108-376000000-0001","2026-09-27","K-FIND 영양 DB에는 구성 원재료/알레르기 전용 필드가 없어 근거 없는 값은 UNKNOWN 유지","DEDICATED"
"kfind-catalog-d108-377000000-0001","런천미트구이","D108-377000000-0001","K-FIND","식품영양성분 데이터베이스 (K-FIND) 2026-08-28","250g","757.5","8.2","43.9","61","COMPLETE","","","UNKNOWN","|UNKNOWN|","UNKNOWN","K-FIND:D108-377000000-0001","2026-09-27","K-FIND 영양 DB에는 구성 원재료/알레르기 전용 필드가 없어 근거 없는 값은 UNKNOWN 유지","DEDICATED"
"kfind-catalog-d108-379000000-0001","뱅어포구이","D108-379000000-0001","K-FIND","식품영양성분 데이터베이스 (K-FIND) 2026-08-28","250g","935","62.7","85.9","37.9","COMPLETE","","","UNKNOWN","|UNKNOWN|","UNKNOWN","K-FIND:D108-379000000-0001","2026-09-27","K-FIND 영양 DB에는 구성 원재료/알레르기 전용 필드가 없어 근거 없는 값은 UNKNOWN 유지","DEDICATED"
"kfind-catalog-d108-380000000-0001","버섯구이","D108-380000000-0001","K-FIND","식품영양성분 데이터베이스 (K-FIND) 2026-08-28","250g","130","12","12.9","3.4","COMPLETE","","","UNKNOWN","|UNKNOWN|","UNKNOWN","K-FIND:D108-380000000-0001","2026-09-27","K-FIND 영양 DB에는 구성 원재료/알레르기 전용 필드가 없어 근거 없는 값은 UNKNOWN 유지","DEDICATED"
"kfind-catalog-d108-381000000-0001","버섯구이표고버섯","D108-381000000-0001","K-FIND","식품영양성분 데이터베이스 (K-FIND) 2026-08-28","250g","250","45.4","10.8","2.6","COMPLETE","","","UNKNOWN","|UNKNOWN|","UNKNOWN","K-FIND:D108-381000000-0001","2026-09-27","K-FIND 영양 DB에는 구성 원재료/알레르기 전용 필드가 없어 근거 없는 값은 UNKNOWN 유지","DEDICATED"
"kfind-catalog-d108-382000000-0001","삼겹살구이","D108-382000000-0001","K-FIND","식품영양성분 데이터베이스 (K-FIND) 2026-08-28","250g","1167.5","0.9","56.4","104.2","COMPLETE","","","UNKNOWN","|UNKNOWN|","UNKNOWN","K-FIND:D108-382000000-0001","2026-09-27","K-FIND 영양 DB에는 구성 원재료/알레르기 전용 필드가 없어 근거 없는 값은 UNKNOWN 유지","DEDICATED"
"kfind-catalog-d108-383000000-0001","삼치구이","D108-383000000-0001","K-FIND","식품영양성분 데이터베이스 (K-FIND) 2026-08-28","250g","445","3.6","53.6","23.9","COMPLETE","","","UNKNOWN","|UNKNOWN|","UNKNOWN","K-FIND:D108-383000000-0001","2026-09-27","K-FIND 영양 DB에는 구성 원재료/알레르기 전용 필드가 없어 근거 없는 값은 UNKNOWN 유지","DEDICATED"
"kfind-catalog-d108-384000000-0001","새우구이","D108-384000000-0001","K-FIND","식품영양성분 데이터베이스 (K-FIND) 2026-08-28","250g","362.5","7","58.5","11.1","COMPLETE","","","UNKNOWN","|UNKNOWN|","UNKNOWN","K-FIND:D108-384000000-0001","2026-09-27","K-FIND 영양 DB에는 구성 원재료/알레르기 전용 필드가 없어 근거 없는 값은 UNKNOWN 유지","DEDICATED"
"kfind-catalog-d108-386000000-0001","소불고기","D108-386000000-0001","K-FIND","식품영양성분 데이터베이스 (K-FIND) 2026-08-28","250g","425","10.6","41","24.2","COMPLETE","","","UNKNOWN","|UNKNOWN|","UNKNOWN","K-FIND:D108-386000000-0001","2026-09-27","K-FIND 영양 DB에는 구성 원재료/알레르기 전용 필드가 없어 근거 없는 값은 UNKNOWN 유지","DEDICATED"
"kfind-catalog-d308-388000000-0001","연어구이","D308-388000000-0001","K-FIND","식품영양성분 데이터베이스 (K-FIND) 2026-08-28","250g","585","0.5","62","37.4","COMPLETE","","","UNKNOWN","|UNKNOWN|","UNKNOWN","K-FIND:D308-388000000-0001","2026-09-27","K-FIND 영양 DB에는 구성 원재료/알레르기 전용 필드가 없어 근거 없는 값은 UNKNOWN 유지","DEDICATED"
"kfind-catalog-d108-390000000-0001","오리고기구이","D108-390000000-0001","K-FIND","식품영양성분 데이터베이스 (K-FIND) 2026-08-28","250g","732.5","12.2","60.2","49.2","COMPLETE","","","UNKNOWN","|UNKNOWN|","UNKNOWN","K-FIND:D108-390000000-0001","2026-09-27","K-FIND 영양 DB에는 구성 원재료/알레르기 전용 필드가 없어 근거 없는 값은 UNKNOWN 유지","DEDICATED"
"kfind-catalog-d108-392000000-0001","오리불고기","D108-392000000-0001","K-FIND","식품영양성분 데이터베이스 (K-FIND) 2026-08-28","250g","362.5","22.6","16.9","22.6","COMPLETE","","","UNKNOWN","|UNKNOWN|","UNKNOWN","K-FIND:D108-392000000-0001","2026-09-27","K-FIND 영양 DB에는 구성 원재료/알레르기 전용 필드가 없어 근거 없는 값은 UNKNOWN 유지","DEDICATED"
"kfind-catalog-d308-395000000-0001","임연수구이","D308-395000000-0001","K-FIND","식품영양성분 데이터베이스 (K-FIND) 2026-08-28","250g","495","3.5","53.8","29.4","COMPLETE","","","UNKNOWN","|UNKNOWN|","UNKNOWN","K-FIND:D308-395000000-0001","2026-09-27","K-FIND 영양 DB에는 구성 원재료/알레르기 전용 필드가 없어 근거 없는 값은 UNKNOWN 유지","DEDICATED"
"kfind-catalog-d108-399000000-0001","조기구이","D108-399000000-0001","K-FIND","식품영양성분 데이터베이스 (K-FIND) 2026-08-28","250g","442.5","1.1","48.3","27.2","COMPLETE","","","UNKNOWN","|UNKNOWN|","UNKNOWN","K-FIND:D108-399000000-0001","2026-09-27","K-FIND 영양 DB에는 구성 원재료/알레르기 전용 필드가 없어 근거 없는 값은 UNKNOWN 유지","DEDICATED"
"kfind-catalog-d110-450000000-0001","감자볶음","D110-450000000-0001","K-FIND","식품영양성분 데이터베이스 (K-FIND) 2026-08-28","250g","250","31","4.4","12.1","COMPLETE","","","UNKNOWN","|UNKNOWN|","UNKNOWN","K-FIND:D110-450000000-0001","2026-09-27","K-FIND 영양 DB에는 구성 원재료/알레르기 전용 필드가 없어 근거 없는 값은 UNKNOWN 유지","DEDICATED"
"kfind-catalog-d110-451000000-0001","건새우볶음","D110-451000000-0001","K-FIND","식품영양성분 데이터베이스 (K-FIND) 2026-08-28","250g","760","13.5","103.9","32.4","COMPLETE","","","UNKNOWN","|UNKNOWN|","UNKNOWN","K-FIND:D110-451000000-0001","2026-09-27","K-FIND 영양 DB에는 구성 원재료/알레르기 전용 필드가 없어 근거 없는 값은 UNKNOWN 유지","DEDICATED"
"kfind-catalog-d110-456000000-0001","김치볶음","D110-456000000-0001","K-FIND","식품영양성분 데이터베이스 (K-FIND) 2026-08-28","250g","265","18.2","3.4","19.8","COMPLETE","","","UNKNOWN","|UNKNOWN|","UNKNOWN","K-FIND:D110-456000000-0001","2026-09-27","K-FIND 영양 DB에는 구성 원재료/알레르기 전용 필드가 없어 근거 없는 값은 UNKNOWN 유지","DEDICATED"
"kfind-catalog-d110-457000000-0001","낙지볶음","D110-457000000-0001","K-FIND","식품영양성분 데이터베이스 (K-FIND) 2026-08-28","250g","227.5","21.5","14.4","9.4","COMPLETE","","","UNKNOWN","|UNKNOWN|","UNKNOWN","K-FIND:D110-457000000-0001","2026-09-27","K-FIND 영양 DB에는 구성 원재료/알레르기 전용 필드가 없어 근거 없는 값은 UNKNOWN 유지","DEDICATED"
"kfind-catalog-d310-459000000-0001","느타리버섯볶음","D310-459000000-0001","K-FIND","식품영양성분 데이터베이스 (K-FIND) 2026-08-28","250g","217.5","19.2","9","11.6","COMPLETE","","","UNKNOWN","|UNKNOWN|","UNKNOWN","K-FIND:D310-459000000-0001","2026-09-27","K-FIND 영양 DB에는 구성 원재료/알레르기 전용 필드가 없어 근거 없는 값은 UNKNOWN 유지","DEDICATED"
"kfind-catalog-d310-460000000-0001","닭모래집볶음","D310-460000000-0001","K-FIND","식품영양성분 데이터베이스 (K-FIND) 2026-08-28","250g","440","7","70.3","14.5","COMPLETE","","","UNKNOWN","|UNKNOWN|","UNKNOWN","K-FIND:D310-460000000-0001","2026-09-27","K-FIND 영양 DB에는 구성 원재료/알레르기 전용 필드가 없어 근거 없는 값은 UNKNOWN 유지","DEDICATED"
"kfind-catalog-d110-461000000-0001","닭발볶음","D110-461000000-0001","K-FIND","식품영양성분 데이터베이스 (K-FIND) 2026-08-28","250g","465","29.3","34.5","23.4","COMPLETE","","","UNKNOWN","|UNKNOWN|","UNKNOWN","K-FIND:D110-461000000-0001","2026-09-27","K-FIND 영양 DB에는 구성 원재료/알레르기 전용 필드가 없어 근거 없는 값은 UNKNOWN 유지","DEDICATED"
"kfind-catalog-d110-462000000-0001","닭볶음(닭갈비)","D110-462000000-0001","K-FIND","식품영양성분 데이터베이스 (K-FIND) 2026-08-28","250g","465","19.8","35","27.4","COMPLETE","","","UNKNOWN","|UNKNOWN|","UNKNOWN","K-FIND:D110-462000000-0001","2026-09-27","K-FIND 영양 DB에는 구성 원재료/알레르기 전용 필드가 없어 근거 없는 값은 UNKNOWN 유지","DEDICATED"
"kfind-catalog-d110-463000000-0001","당근볶음","D110-463000000-0001","K-FIND","식품영양성분 데이터베이스 (K-FIND) 2026-08-28","250g","237.5","19.5","2.3","16.6","COMPLETE","","","UNKNOWN","|UNKNOWN|","UNKNOWN","K-FIND:D110-463000000-0001","2026-09-27","K-FIND 영양 DB에는 구성 원재료/알레르기 전용 필드가 없어 근거 없는 값은 UNKNOWN 유지","DEDICATED"
"kfind-catalog-d310-464000000-0002","돼지고기볶음","D310-464000000-0002","K-FIND","식품영양성분 데이터베이스 (K-FIND) 2026-08-28","250g","437.5","22.8","28.7","25.8","COMPLETE","","","UNKNOWN","|UNKNOWN|","UNKNOWN","K-FIND:D310-464000000-0002","2026-09-27","K-FIND 영양 DB에는 구성 원재료/알레르기 전용 필드가 없어 근거 없는 값은 UNKNOWN 유지","DEDICATED"
"kfind-catalog-d110-465000000-0001","돼지고기볶음(제육볶음)","D110-465000000-0001","K-FIND","식품영양성분 데이터베이스 (K-FIND) 2026-08-28","250g","487.5","11.8","30.4","35.5","COMPLETE","","","UNKNOWN","|UNKNOWN|","UNKNOWN","K-FIND:D110-465000000-0001","2026-09-27","K-FIND 영양 DB에는 구성 원재료/알레르기 전용 필드가 없어 근거 없는 값은 UNKNOWN 유지","DEDICATED"
"kfind-catalog-d310-466000000-0001","두부김치","D310-466000000-0001","K-FIND","식품영양성분 데이터베이스 (K-FIND) 2026-08-28","250g","287.5","14.1","19.5","17.1","COMPLETE","","","UNKNOWN","|UNKNOWN|","UNKNOWN","K-FIND:D310-466000000-0001","2026-09-27","K-FIND 영양 DB에는 구성 원재료/알레르기 전용 필드가 없어 근거 없는 값은 UNKNOWN 유지","DEDICATED"
"kfind-catalog-d110-467000000-0001","떡볶이","D110-467000000-0001","K-FIND","식품영양성분 데이터베이스 (K-FIND) 2026-08-28","250g","360","64.9","8.8","7.4","COMPLETE","","","UNKNOWN","|UNKNOWN|","UNKNOWN","K-FIND:D110-467000000-0001","2026-09-27","K-FIND 영양 DB에는 구성 원재료/알레르기 전용 필드가 없어 근거 없는 값은 UNKNOWN 유지","DEDICATED"
"kfind-catalog-d110-468000000-0001","라볶이","D110-468000000-0001","K-FIND","식품영양성분 데이터베이스 (K-FIND) 2026-08-28","250g","335","50.4","7.1","11.8","COMPLETE","","","UNKNOWN","|UNKNOWN|","UNKNOWN","K-FIND:D110-468000000-0001","2026-09-27","K-FIND 영양 DB에는 구성 원재료/알레르기 전용 필드가 없어 근거 없는 값은 UNKNOWN 유지","DEDICATED"
"kfind-catalog-d110-469000000-0001","마늘쫑볶음","D110-469000000-0001","K-FIND","식품영양성분 데이터베이스 (K-FIND) 2026-08-28","250g","222.5","32.9","8.1","6.4","COMPLETE","","","UNKNOWN","|UNKNOWN|","UNKNOWN","K-FIND:D110-469000000-0001","2026-09-27","K-FIND 영양 DB에는 구성 원재료/알레르기 전용 필드가 없어 근거 없는 값은 UNKNOWN 유지","DEDICATED"
"kfind-catalog-d110-470000000-0001","마파두부","D110-470000000-0001","K-FIND","식품영양성분 데이터베이스 (K-FIND) 2026-08-28","250g","272.5","13.4","18.2","16.2","COMPLETE","","","UNKNOWN","|UNKNOWN|","UNKNOWN","K-FIND:D110-470000000-0001","2026-09-27","K-FIND 영양 DB에는 구성 원재료/알레르기 전용 필드가 없어 근거 없는 값은 UNKNOWN 유지","DEDICATED"
"kfind-catalog-d310-471000000-0001","머위나물볶음","D310-471000000-0001","K-FIND","식품영양성분 데이터베이스 (K-FIND) 2026-08-28","250g","180","12.7","5.8","11.7","COMPLETE","","","UNKNOWN","|UNKNOWN|","UNKNOWN","K-FIND:D310-471000000-0001","2026-09-27","K-FIND 영양 DB에는 구성 원재료/알레르기 전용 필드가 없어 근거 없는 값은 UNKNOWN 유지","DEDICATED"
"kfind-catalog-d110-472000000-0001","멸치볶음","D110-472000000-0001","K-FIND","식품영양성분 데이터베이스 (K-FIND) 2026-08-28","250g","690","34","98.6","17.7","COMPLETE","","","UNKNOWN","|UNKNOWN|","UNKNOWN","K-FIND:D110-472000000-0001","2026-09-27","K-FIND 영양 DB에는 구성 원재료/알레르기 전용 필드가 없어 근거 없는 값은 UNKNOWN 유지","DEDICATED"
"kfind-catalog-d110-475000000-0001","미역줄기볶음","D110-475000000-0001","K-FIND","식품영양성분 데이터베이스 (K-FIND) 2026-08-28","250g","192.5","12.1","2.4","14.9","COMPLETE","","","UNKNOWN","|UNKNOWN|","UNKNOWN","K-FIND:D110-475000000-0001","2026-09-27","K-FIND 영양 DB에는 구성 원재료/알레르기 전용 필드가 없어 근거 없는 값은 UNKNOWN 유지","DEDICATED"
"kfind-catalog-d110-477000000-0001","브로콜리볶음","D110-477000000-0001","K-FIND","식품영양성분 데이터베이스 (K-FIND) 2026-08-28","250g","127.5","13.8","11","3.2","COMPLETE","","","UNKNOWN","|UNKNOWN|","UNKNOWN","K-FIND:D110-477000000-0001","2026-09-27","K-FIND 영양 DB에는 구성 원재료/알레르기 전용 필드가 없어 근거 없는 값은 UNKNOWN 유지","DEDICATED"
"kfind-catalog-d110-480000000-0001","새우볶음","D110-480000000-0001","K-FIND","식품영양성분 데이터베이스 (K-FIND) 2026-08-28","250g","207.5","14.9","24.8","5.5","COMPLETE","","","UNKNOWN","|UNKNOWN|","UNKNOWN","K-FIND:D110-480000000-0001","2026-09-27","K-FIND 영양 DB에는 구성 원재료/알레르기 전용 필드가 없어 근거 없는 값은 UNKNOWN 유지","DEDICATED"
"kfind-catalog-d110-482000000-0001","소시지볶음","D110-482000000-0001","K-FIND","식품영양성분 데이터베이스 (K-FIND) 2026-08-28","250g","700","36","29.8","48.4","COMPLETE","","","UNKNOWN","|UNKNOWN|","UNKNOWN","K-FIND:D110-482000000-0001","2026-09-27","K-FIND 영양 DB에는 구성 원재료/알레르기 전용 필드가 없어 근거 없는 값은 UNKNOWN 유지","DEDICATED"
"kfind-catalog-d310-483000000-0004","순대볶음","D310-483000000-0004","K-FIND","식품영양성분 데이터베이스 (K-FIND) 2026-08-28","250g","365","48","13","13.3","COMPLETE","","","UNKNOWN","|UNKNOWN|","UNKNOWN","K-FIND:D310-483000000-0004","2026-09-27","K-FIND 영양 DB에는 구성 원재료/알레르기 전용 필드가 없어 근거 없는 값은 UNKNOWN 유지","DEDICATED"
"kfind-catalog-d110-484000000-0001","애호박볶음","D110-484000000-0001","K-FIND","식품영양성분 데이터베이스 (K-FIND) 2026-08-28","250g","147.5","13.2","3.3","9","COMPLETE","","","UNKNOWN","|UNKNOWN|","UNKNOWN","K-FIND:D110-484000000-0001","2026-09-27","K-FIND 영양 DB에는 구성 원재료/알레르기 전용 필드가 없어 근거 없는 값은 UNKNOWN 유지","DEDICATED"
"kfind-catalog-d110-485000000-0001","양파볶음","D110-485000000-0001","K-FIND","식품영양성분 데이터베이스 (K-FIND) 2026-08-28","250g","140","23.8","2.5","3.8","COMPLETE","","","UNKNOWN","|UNKNOWN|","UNKNOWN","K-FIND:D110-485000000-0001","2026-09-27","K-FIND 영양 DB에는 구성 원재료/알레르기 전용 필드가 없어 근거 없는 값은 UNKNOWN 유지","DEDICATED"
"kfind-catalog-d311-506000000-0001","가자미조림","D311-506000000-0001","K-FIND","식품영양성분 데이터베이스 (K-FIND) 2026-08-28","250g","247.5","17.9","30.9","5.9","COMPLETE","","","UNKNOWN","|UNKNOWN|","UNKNOWN","K-FIND:D311-506000000-0001","2026-09-27","K-FIND 영양 DB에는 구성 원재료/알레르기 전용 필드가 없어 근거 없는 값은 UNKNOWN 유지","DEDICATED"
"kfind-catalog-d111-508000000-0001","감자조림","D111-508000000-0001","K-FIND","식품영양성분 데이터베이스 (K-FIND) 2026-08-28","250g","285","45.2","6","8.8","COMPLETE","","","UNKNOWN","|UNKNOWN|","UNKNOWN","K-FIND:D111-508000000-0001","2026-09-27","K-FIND 영양 DB에는 구성 원재료/알레르기 전용 필드가 없어 근거 없는 값은 UNKNOWN 유지","DEDICATED"
"kfind-catalog-d111-509000000-0001","고등어조림","D111-509000000-0001","K-FIND","식품영양성분 데이터베이스 (K-FIND) 2026-08-28","250g","352.5","10.2","28.1","22.1","COMPLETE","","","UNKNOWN","|UNKNOWN|","UNKNOWN","K-FIND:D111-509000000-0001","2026-09-27","K-FIND 영양 DB에는 구성 원재료/알레르기 전용 필드가 없어 근거 없는 값은 UNKNOWN 유지","DEDICATED"
"kfind-catalog-d311-510000000-0001","고추조림","D311-510000000-0001","K-FIND","식품영양성분 데이터베이스 (K-FIND) 2026-08-28","250g","277.5","33.5","8.2","12.2","COMPLETE","","","UNKNOWN","|UNKNOWN|","UNKNOWN","K-FIND:D311-510000000-0001","2026-09-27","K-FIND 영양 DB에는 구성 원재료/알레르기 전용 필드가 없어 근거 없는 값은 UNKNOWN 유지","DEDICATED"
"kfind-catalog-d111-511000000-0001","꽁치조림","D111-511000000-0001","K-FIND","식품영양성분 데이터베이스 (K-FIND) 2026-08-28","250g","610","12.8","38.8","44.7","COMPLETE","","","UNKNOWN","|UNKNOWN|","UNKNOWN","K-FIND:D111-511000000-0001","2026-09-27","K-FIND 영양 DB에는 구성 원재료/알레르기 전용 필드가 없어 근거 없는 값은 UNKNOWN 유지","DEDICATED"
"kfind-catalog-d111-514000000-0001","닭볶음탕","D111-514000000-0001","K-FIND","식품영양성분 데이터베이스 (K-FIND) 2026-08-28","250g","277.5","21.3","29.8","8","COMPLETE","","","UNKNOWN","|UNKNOWN|","UNKNOWN","K-FIND:D111-514000000-0001","2026-09-27","K-FIND 영양 DB에는 구성 원재료/알레르기 전용 필드가 없어 근거 없는 값은 UNKNOWN 유지","DEDICATED"
"kfind-catalog-d111-515000000-0001","닭조림","D111-515000000-0001","K-FIND","식품영양성분 데이터베이스 (K-FIND) 2026-08-28","250g","492.5","16.4","45.1","27.2","COMPLETE","","","UNKNOWN","|UNKNOWN|","UNKNOWN","K-FIND:D111-515000000-0001","2026-09-27","K-FIND 영양 DB에는 구성 원재료/알레르기 전용 필드가 없어 근거 없는 값은 UNKNOWN 유지","DEDICATED"
"kfind-catalog-d311-516000000-0001","동태조림","D311-516000000-0001","K-FIND","식품영양성분 데이터베이스 (K-FIND) 2026-08-28","250g","275","17.4","40.8","4.7","COMPLETE","","","UNKNOWN","|UNKNOWN|","UNKNOWN","K-FIND:D311-516000000-0001","2026-09-27","K-FIND 영양 DB에는 구성 원재료/알레르기 전용 필드가 없어 근거 없는 값은 UNKNOWN 유지","DEDICATED"
"kfind-catalog-d111-517000000-0001","두부조림","D111-517000000-0001","K-FIND","식품영양성분 데이터베이스 (K-FIND) 2026-08-28","250g","357.5","11","24.1","24.2","COMPLETE","","","UNKNOWN","|UNKNOWN|","UNKNOWN","K-FIND:D111-517000000-0001","2026-09-27","K-FIND 영양 DB에는 구성 원재료/알레르기 전용 필드가 없어 근거 없는 값은 UNKNOWN 유지","DEDICATED"
"kfind-catalog-d111-518000000-0001","땅콩조림","D111-518000000-0001","K-FIND","식품영양성분 데이터베이스 (K-FIND) 2026-08-28","250g","1207.5","49.9","46.9","91","COMPLETE","","","UNKNOWN","|UNKNOWN|","UNKNOWN","K-FIND:D111-518000000-0001","2026-09-27","K-FIND 영양 DB에는 구성 원재료/알레르기 전용 필드가 없어 근거 없는 값은 UNKNOWN 유지","DEDICATED"
"kfind-catalog-d111-519000000-0001","멸치조림","D111-519000000-0001","K-FIND","식품영양성분 데이터베이스 (K-FIND) 2026-08-28","250g","795","22.3","102.3","33","COMPLETE","","","UNKNOWN","|UNKNOWN|","UNKNOWN","K-FIND:D111-519000000-0001","2026-09-27","K-FIND 영양 DB에는 구성 원재료/알레르기 전용 필드가 없어 근거 없는 값은 UNKNOWN 유지","DEDICATED"
"kfind-catalog-d111-520000000-0001","무조림","D111-520000000-0001","K-FIND","식품영양성분 데이터베이스 (K-FIND) 2026-08-28","250g","120","10.7","5.6","6","COMPLETE","","","UNKNOWN","|UNKNOWN|","UNKNOWN","K-FIND:D111-520000000-0001","2026-09-27","K-FIND 영양 DB에는 구성 원재료/알레르기 전용 필드가 없어 근거 없는 값은 UNKNOWN 유지","DEDICATED"
"kfind-catalog-d111-521000000-0001","미트볼조림","D111-521000000-0001","K-FIND","식품영양성분 데이터베이스 (K-FIND) 2026-08-28","250g","552.5","32.4","45.4","26.8","COMPLETE","","","UNKNOWN","|UNKNOWN|","UNKNOWN","K-FIND:D111-521000000-0001","2026-09-27","K-FIND 영양 DB에는 구성 원재료/알레르기 전용 필드가 없어 근거 없는 값은 UNKNOWN 유지","DEDICATED"
"kfind-catalog-d111-522000000-0001","버섯조림","D111-522000000-0001","K-FIND","식품영양성분 데이터베이스 (K-FIND) 2026-08-28","250g","150","15.6","11","5","COMPLETE","","","UNKNOWN","|UNKNOWN|","UNKNOWN","K-FIND:D111-522000000-0001","2026-09-27","K-FIND 영양 DB에는 구성 원재료/알레르기 전용 필드가 없어 근거 없는 값은 UNKNOWN 유지","DEDICATED"
"kfind-catalog-d111-523000000-0001","병어조림","D111-523000000-0001","K-FIND","식품영양성분 데이터베이스 (K-FIND) 2026-08-28","250g","280","12.2","31.2","12","COMPLETE","","","UNKNOWN","|UNKNOWN|","UNKNOWN","K-FIND:D111-523000000-0001","2026-09-27","K-FIND 영양 DB에는 구성 원재료/알레르기 전용 필드가 없어 근거 없는 값은 UNKNOWN 유지","DEDICATED"
"kfind-catalog-d107-304000000-0001","가오리찜","D107-304000000-0001","K-FIND","식품영양성분 데이터베이스 (K-FIND) 2026-08-28","250g","255","1.2","55","3.5","COMPLETE","","","UNKNOWN","|UNKNOWN|","UNKNOWN","K-FIND:D107-304000000-0001","2026-09-27","K-FIND 영양 DB에는 구성 원재료/알레르기 전용 필드가 없어 근거 없는 값은 UNKNOWN 유지","DEDICATED"
"kfind-catalog-d107-310000000-0001","깻잎찜","D107-310000000-0001","K-FIND","식품영양성분 데이터베이스 (K-FIND) 2026-08-28","250g","242.5","14.9","13","14.6","COMPLETE","","","UNKNOWN","|UNKNOWN|","UNKNOWN","K-FIND:D107-310000000-0001","2026-09-27","K-FIND 영양 DB에는 구성 원재료/알레르기 전용 필드가 없어 근거 없는 값은 UNKNOWN 유지","DEDICATED"
"kfind-catalog-d307-311000000-0001","꼬막무침","D307-311000000-0001","K-FIND","식품영양성분 데이터베이스 (K-FIND) 2026-08-28","250g","267.5","19.2","20.8","11.8","COMPLETE","","","UNKNOWN","|UNKNOWN|","UNKNOWN","K-FIND:D307-311000000-0001","2026-09-27","K-FIND 영양 DB에는 구성 원재료/알레르기 전용 필드가 없어 근거 없는 값은 UNKNOWN 유지","DEDICATED"
"kfind-catalog-d107-312000000-0001","꼬막찜","D107-312000000-0001","K-FIND","식품영양성분 데이터베이스 (K-FIND) 2026-08-28","250g","240","17.4","30.1","5.7","COMPLETE","","","UNKNOWN","|UNKNOWN|","UNKNOWN","K-FIND:D107-312000000-0001","2026-09-27","K-FIND 영양 DB에는 구성 원재료/알레르기 전용 필드가 없어 근거 없는 값은 UNKNOWN 유지","DEDICATED"
"kfind-catalog-d107-314000000-0001","꽈리고추찜","D107-314000000-0001","K-FIND","식품영양성분 데이터베이스 (K-FIND) 2026-08-28","250g","260","44.2","9","5.2","COMPLETE","","","UNKNOWN","|UNKNOWN|","UNKNOWN","K-FIND:D107-314000000-0001","2026-09-27","K-FIND 영양 DB에는 구성 원재료/알레르기 전용 필드가 없어 근거 없는 값은 UNKNOWN 유지","DEDICATED"
"kfind-catalog-d107-318000000-0001","닭찜","D107-318000000-0001","K-FIND","식품영양성분 데이터베이스 (K-FIND) 2026-08-28","250g","267.5","1.5","30.9","15.2","COMPLETE","","","UNKNOWN","|UNKNOWN|","UNKNOWN","K-FIND:D107-318000000-0001","2026-09-27","K-FIND 영양 DB에는 구성 원재료/알레르기 전용 필드가 없어 근거 없는 값은 UNKNOWN 유지","DEDICATED"
"kfind-catalog-d307-320000000-0001","대구찜","D307-320000000-0001","K-FIND","식품영양성분 데이터베이스 (K-FIND) 2026-08-28","250g","187.5","12.4","25.8","4","COMPLETE","","","UNKNOWN","|UNKNOWN|","UNKNOWN","K-FIND:D307-320000000-0001","2026-09-27","K-FIND 영양 DB에는 구성 원재료/알레르기 전용 필드가 없어 근거 없는 값은 UNKNOWN 유지","DEDICATED"
"kfind-catalog-d307-322000000-0001","동태찜","D307-322000000-0001","K-FIND","식품영양성분 데이터베이스 (K-FIND) 2026-08-28","250g","197.5","12.9","25.4","4.8","COMPLETE","","","UNKNOWN","|UNKNOWN|","UNKNOWN","K-FIND:D307-322000000-0001","2026-09-27","K-FIND 영양 DB에는 구성 원재료/알레르기 전용 필드가 없어 근거 없는 값은 UNKNOWN 유지","DEDICATED"
"kfind-catalog-d307-323000000-0001","동파육","D307-323000000-0001","K-FIND","식품영양성분 데이터베이스 (K-FIND) 2026-08-28","250g","477.5","10.4","22.5","38.5","COMPLETE","","","UNKNOWN","|UNKNOWN|","UNKNOWN","K-FIND:D307-323000000-0001","2026-09-27","K-FIND 영양 DB에는 구성 원재료/알레르기 전용 필드가 없어 근거 없는 값은 UNKNOWN 유지","DEDICATED"
"kfind-catalog-d107-324000000-0001","돼지갈비찜","D107-324000000-0001","K-FIND","식품영양성분 데이터베이스 (K-FIND) 2026-08-28","250g","485","18.6","33.2","30.8","COMPLETE","","","UNKNOWN","|UNKNOWN|","UNKNOWN","K-FIND:D107-324000000-0001","2026-09-27","K-FIND 영양 DB에는 구성 원재료/알레르기 전용 필드가 없어 근거 없는 값은 UNKNOWN 유지","DEDICATED"
"kfind-catalog-d307-327000000-0001","돼지등갈비찜","D307-327000000-0001","K-FIND","식품영양성분 데이터베이스 (K-FIND) 2026-08-28","250g","535","31.9","40","27.3","COMPLETE","","","UNKNOWN","|UNKNOWN|","UNKNOWN","K-FIND:D307-327000000-0001","2026-09-27","K-FIND 영양 DB에는 구성 원재료/알레르기 전용 필드가 없어 근거 없는 값은 UNKNOWN 유지","DEDICATED"
"kfind-catalog-d307-330000000-0001","북어찜","D307-330000000-0001","K-FIND","식품영양성분 데이터베이스 (K-FIND) 2026-08-28","250g","392.5","30","46.8","9.5","COMPLETE","","","UNKNOWN","|UNKNOWN|","UNKNOWN","K-FIND:D307-330000000-0001","2026-09-27","K-FIND 영양 DB에는 구성 원재료/알레르기 전용 필드가 없어 근거 없는 값은 UNKNOWN 유지","DEDICATED"
"kfind-catalog-d109-407000000-0001","가지전","D109-407000000-0001","K-FIND","식품영양성분 데이터베이스 (K-FIND) 2026-08-28","250g","307.5","22.2","13.7","18.2","COMPLETE","","","UNKNOWN","|UNKNOWN|","UNKNOWN","K-FIND:D109-407000000-0001","2026-09-27","K-FIND 영양 DB에는 구성 원재료/알레르기 전용 필드가 없어 근거 없는 값은 UNKNOWN 유지","DEDICATED"
"kfind-catalog-d109-408000000-0001","감자전","D109-408000000-0001","K-FIND","식품영양성분 데이터베이스 (K-FIND) 2026-08-28","250g","332.5","42","4.3","16.4","COMPLETE","","","UNKNOWN","|UNKNOWN|","UNKNOWN","K-FIND:D109-408000000-0001","2026-09-27","K-FIND 영양 DB에는 구성 원재료/알레르기 전용 필드가 없어 근거 없는 값은 UNKNOWN 유지","DEDICATED"
"kfind-catalog-d109-409000000-0001","고구마전","D109-409000000-0001","K-FIND","식품영양성분 데이터베이스 (K-FIND) 2026-08-28","250g","567.5","90","7.3","20","COMPLETE","","","UNKNOWN","|UNKNOWN|","UNKNOWN","K-FIND:D109-409000000-0001","2026-09-27","K-FIND 영양 DB에는 구성 원재료/알레르기 전용 필드가 없어 근거 없는 값은 UNKNOWN 유지","DEDICATED"
"kfind-catalog-d309-410000000-0001","고추전","D309-410000000-0001","K-FIND","식품영양성분 데이터베이스 (K-FIND) 2026-08-28","250g","457.5","28.4","21.5","28.7","COMPLETE","","","UNKNOWN","|UNKNOWN|","UNKNOWN","K-FIND:D309-410000000-0001","2026-09-27","K-FIND 영양 DB에는 구성 원재료/알레르기 전용 필드가 없어 근거 없는 값은 UNKNOWN 유지","DEDICATED"
"kfind-catalog-d309-411000000-0001","굴전","D309-411000000-0001","K-FIND","식품영양성분 데이터베이스 (K-FIND) 2026-08-28","250g","487.5","36.2","26.5","26.2","COMPLETE","","","UNKNOWN","|UNKNOWN|","UNKNOWN","K-FIND:D309-411000000-0001","2026-09-27","K-FIND 영양 DB에는 구성 원재료/알레르기 전용 필드가 없어 근거 없는 값은 UNKNOWN 유지","DEDICATED"
"kfind-catalog-d109-412000000-0001","김치전","D109-412000000-0001","K-FIND","식품영양성분 데이터베이스 (K-FIND) 2026-08-28","250g","335","47.5","12.6","10.5","COMPLETE","","","UNKNOWN","|UNKNOWN|","UNKNOWN","K-FIND:D109-412000000-0001","2026-09-27","K-FIND 영양 DB에는 구성 원재료/알레르기 전용 필드가 없어 근거 없는 값은 UNKNOWN 유지","DEDICATED"
"kfind-catalog-d309-413000000-0001","깻잎전","D309-413000000-0001","K-FIND","식품영양성분 데이터베이스 (K-FIND) 2026-08-28","250g","602.5","24.2","29.6","43","COMPLETE","","","UNKNOWN","|UNKNOWN|","UNKNOWN","K-FIND:D309-413000000-0001","2026-09-27","K-FIND 영양 DB에는 구성 원재료/알레르기 전용 필드가 없어 근거 없는 값은 UNKNOWN 유지","DEDICATED"
"kfind-catalog-d309-415000000-0001","녹두빈대떡","D309-415000000-0001","K-FIND","식품영양성분 데이터베이스 (K-FIND) 2026-08-28","250g","520","52.3","19.8","25.7","COMPLETE","","","UNKNOWN","|UNKNOWN|","UNKNOWN","K-FIND:D309-415000000-0001","2026-09-27","K-FIND 영양 DB에는 구성 원재료/알레르기 전용 필드가 없어 근거 없는 값은 UNKNOWN 유지","DEDICATED"
"kfind-catalog-d109-416000000-0001","달걀말이","D109-416000000-0001","K-FIND","식품영양성분 데이터베이스 (K-FIND) 2026-08-28","250g","482.5","3.6","43","33","COMPLETE","","","UNKNOWN","|UNKNOWN|","UNKNOWN","K-FIND:D109-416000000-0001","2026-09-27","K-FIND 영양 DB에는 구성 원재료/알레르기 전용 필드가 없어 근거 없는 값은 UNKNOWN 유지","DEDICATED"
"kfind-catalog-d109-417000000-0001","달걀부침(달걀후라이)","D109-417000000-0001","K-FIND","식품영양성분 데이터베이스 (K-FIND) 2026-08-28","250g","520","12.9","39.3","34.4","COMPLETE","","","UNKNOWN","|UNKNOWN|","UNKNOWN","K-FIND:D109-417000000-0001","2026-09-27","K-FIND 영양 DB에는 구성 원재료/알레르기 전용 필드가 없어 근거 없는 값은 UNKNOWN 유지","DEDICATED"
"kfind-catalog-d309-418000000-0001","동태전","D309-418000000-0001","K-FIND","식품영양성분 데이터베이스 (K-FIND) 2026-08-28","250g","487.5","15.3","41.2","29.1","COMPLETE","","","UNKNOWN","|UNKNOWN|","UNKNOWN","K-FIND:D309-418000000-0001","2026-09-27","K-FIND 영양 DB에는 구성 원재료/알레르기 전용 필드가 없어 근거 없는 값은 UNKNOWN 유지","DEDICATED"
"kfind-catalog-d109-419000000-0001","두부부침","D109-419000000-0001","K-FIND","식품영양성분 데이터베이스 (K-FIND) 2026-08-28","250g","350","5.2","27.3","24.4","COMPLETE","","","UNKNOWN","|UNKNOWN|","UNKNOWN","K-FIND:D109-419000000-0001","2026-09-27","K-FIND 영양 DB에는 구성 원재료/알레르기 전용 필드가 없어 근거 없는 값은 UNKNOWN 유지","DEDICATED"
"kfind-catalog-d309-420000000-0001","두부전","D309-420000000-0001","K-FIND","식품영양성분 데이터베이스 (K-FIND) 2026-08-28","250g","425","12.5","34.1","26.4","COMPLETE","","","UNKNOWN","|UNKNOWN|","UNKNOWN","K-FIND:D309-420000000-0001","2026-09-27","K-FIND 영양 DB에는 구성 원재료/알레르기 전용 필드가 없어 근거 없는 값은 UNKNOWN 유지","DEDICATED"
"kfind-catalog-d109-421000000-0001","맛살전","D109-421000000-0001","K-FIND","식품영양성분 데이터베이스 (K-FIND) 2026-08-28","250g","412.5","49.2","18.7","15.6","COMPLETE","","","UNKNOWN","|UNKNOWN|","UNKNOWN","K-FIND:D109-421000000-0001","2026-09-27","K-FIND 영양 DB에는 구성 원재료/알레르기 전용 필드가 없어 근거 없는 값은 UNKNOWN 유지","DEDICATED"
"kfind-catalog-d109-422000000-0001","메밀전","D109-422000000-0001","K-FIND","식품영양성분 데이터베이스 (K-FIND) 2026-08-28","250g","402.5","87","10","1.6","COMPLETE","","","UNKNOWN","|UNKNOWN|","UNKNOWN","K-FIND:D109-422000000-0001","2026-09-27","K-FIND 영양 DB에는 구성 원재료/알레르기 전용 필드가 없어 근거 없는 값은 UNKNOWN 유지","DEDICATED"
"kfind-catalog-d112-537000000-0001","감자튀김","D112-537000000-0001","K-FIND","식품영양성분 데이터베이스 (K-FIND) 2026-08-28","250g","780","87.9","11.4","42.5","COMPLETE","","","UNKNOWN","|UNKNOWN|","UNKNOWN","K-FIND:D112-537000000-0001","2026-09-27","K-FIND 영양 DB에는 구성 원재료/알레르기 전용 필드가 없어 근거 없는 값은 UNKNOWN 유지","DEDICATED"
"kfind-catalog-d312-538000000-0001","고구마맛탕","D312-538000000-0001","K-FIND","식품영양성분 데이터베이스 (K-FIND) 2026-08-28","250g","615","118.2","4.1","13.8","COMPLETE","","","UNKNOWN","|UNKNOWN|","UNKNOWN","K-FIND:D312-538000000-0001","2026-09-27","K-FIND 영양 DB에는 구성 원재료/알레르기 전용 필드가 없어 근거 없는 값은 UNKNOWN 유지","DEDICATED"
"kfind-catalog-d312-539000000-0001","고구마튀김","D312-539000000-0001","K-FIND","식품영양성분 데이터베이스 (K-FIND) 2026-08-28","250g","632.5","84.5","6.8","29.7","COMPLETE","","","UNKNOWN","|UNKNOWN|","UNKNOWN","K-FIND:D312-539000000-0001","2026-09-27","K-FIND 영양 DB에는 구성 원재료/알레르기 전용 필드가 없어 근거 없는 값은 UNKNOWN 유지","DEDICATED"
"kfind-catalog-d312-540000000-0001","고추튀김","D312-540000000-0001","K-FIND","식품영양성분 데이터베이스 (K-FIND) 2026-08-28","250g","505","36.5","19","31.5","COMPLETE","","","UNKNOWN","|UNKNOWN|","UNKNOWN","K-FIND:D312-540000000-0001","2026-09-27","K-FIND 영양 DB에는 구성 원재료/알레르기 전용 필드가 없어 근거 없는 값은 UNKNOWN 유지","DEDICATED"
"kfind-catalog-d312-541000000-0001","김말이튀김","D312-541000000-0001","K-FIND","식품영양성분 데이터베이스 (K-FIND) 2026-08-28","250g","487.5","76.3","5.1","18","COMPLETE","","","UNKNOWN","|UNKNOWN|","UNKNOWN","K-FIND:D312-541000000-0001","2026-09-27","K-FIND 영양 DB에는 구성 원재료/알레르기 전용 필드가 없어 근거 없는 값은 UNKNOWN 유지","DEDICATED"
"kfind-catalog-d112-542000000-0001","김튀김","D112-542000000-0001","K-FIND","식품영양성분 데이터베이스 (K-FIND) 2026-08-28","250g","1305","135.9","27.5","72.2","COMPLETE","","","UNKNOWN","|UNKNOWN|","UNKNOWN","K-FIND:D112-542000000-0001","2026-09-27","K-FIND 영양 DB에는 구성 원재료/알레르기 전용 필드가 없어 근거 없는 값은 UNKNOWN 유지","DEDICATED"
"kfind-catalog-d312-545000000-0001","깐풍새우","D312-545000000-0001","K-FIND","식품영양성분 데이터베이스 (K-FIND) 2026-08-28","250g","600","51.4","20.4","34.6","COMPLETE","","","UNKNOWN","|UNKNOWN|","UNKNOWN","K-FIND:D312-545000000-0001","2026-09-27","K-FIND 영양 DB에는 구성 원재료/알레르기 전용 필드가 없어 근거 없는 값은 UNKNOWN 유지","DEDICATED"
"kfind-catalog-d312-584000000-0001","난자완스","D312-584000000-0001","K-FIND","식품영양성분 데이터베이스 (K-FIND) 2026-08-28","250g","432.5","23.9","27","25.4","COMPLETE","","","UNKNOWN","|UNKNOWN|","UNKNOWN","K-FIND:D312-584000000-0001","2026-09-27","K-FIND 영양 DB에는 구성 원재료/알레르기 전용 필드가 없어 근거 없는 값은 UNKNOWN 유지","DEDICATED"
"kfind-catalog-d302-054000000-0001","개피떡(바람떡)","D302-054000000-0001","K-FIND","식품영양성분 데이터베이스 (K-FIND) 2026-08-28","150g","309","66.4","8","1.2","COMPLETE","","","UNKNOWN","|UNKNOWN|","UNKNOWN","K-FIND:D302-054000000-0001","2026-09-27","K-FIND 영양 DB에는 구성 원재료/알레르기 전용 필드가 없어 근거 없는 값은 UNKNOWN 유지","DEDICATED"
"kfind-catalog-d302-056000000-0001","기피편","D302-056000000-0001","K-FIND","식품영양성분 데이터베이스 (K-FIND) 2026-08-28","150g","330","73.5","8.2","0.4","COMPLETE","","","UNKNOWN","|UNKNOWN|","UNKNOWN","K-FIND:D302-056000000-0001","2026-09-27","K-FIND 영양 DB에는 구성 원재료/알레르기 전용 필드가 없어 근거 없는 값은 UNKNOWN 유지","DEDICATED"
"kfind-catalog-d102-057000000-0001","꿀떡","D102-057000000-0001","K-FIND","식품영양성분 데이터베이스 (K-FIND) 2026-08-28","150g","342","74.2","5.6","2.6","COMPLETE","","","UNKNOWN","|UNKNOWN|","UNKNOWN","K-FIND:D102-057000000-0001","2026-09-27","K-FIND 영양 DB에는 구성 원재료/알레르기 전용 필드가 없어 근거 없는 값은 UNKNOWN 유지","DEDICATED"
"kfind-catalog-d302-081000000-0001","다쿠아즈","D302-081000000-0001","K-FIND","식품영양성분 데이터베이스 (K-FIND) 2026-08-28","150g","670.5","65.1","12.5","40","COMPLETE","","","UNKNOWN","|UNKNOWN|","UNKNOWN","K-FIND:D302-081000000-0001","2026-09-27","K-FIND 영양 DB에는 구성 원재료/알레르기 전용 필드가 없어 근거 없는 값은 UNKNOWN 유지","DEDICATED"
"kfind-catalog-d102-085000000-0001","마늘빵","D102-085000000-0001","K-FIND","식품영양성분 데이터베이스 (K-FIND) 2026-08-28","150g","657","86.9","18.1","26.4","COMPLETE","","","UNKNOWN","|UNKNOWN|","UNKNOWN","K-FIND:D102-085000000-0001","2026-09-27","K-FIND 영양 DB에는 구성 원재료/알레르기 전용 필드가 없어 근거 없는 값은 UNKNOWN 유지","DEDICATED"
"kfind-catalog-d302-086000000-0001","마카롱","D302-086000000-0001","K-FIND","식품영양성분 데이터베이스 (K-FIND) 2026-08-28","150g","720","67.8","10.4","45.2","COMPLETE","","","UNKNOWN","|UNKNOWN|","UNKNOWN","K-FIND:D302-086000000-0001","2026-09-27","K-FIND 영양 DB에는 구성 원재료/알레르기 전용 필드가 없어 근거 없는 값은 UNKNOWN 유지","DEDICATED"
"kfind-catalog-d302-129000000-0001","매작과","D302-129000000-0001","K-FIND","식품영양성분 데이터베이스 (K-FIND) 2026-08-28","150g","619.5","99.2","11.3","19.7","COMPLETE","","","UNKNOWN","|UNKNOWN|","UNKNOWN","K-FIND:D302-129000000-0001","2026-09-27","K-FIND 영양 DB에는 구성 원재료/알레르기 전용 필드가 없어 근거 없는 값은 UNKNOWN 유지","DEDICATED"
"kfind-catalog-d102-087000000-0001","머핀","D102-087000000-0001","K-FIND","식품영양성분 데이터베이스 (K-FIND) 2026-08-28","150g","576","88.7","8.6","20.8","COMPLETE","","","UNKNOWN","|UNKNOWN|","UNKNOWN","K-FIND:D102-087000000-0001","2026-09-27","K-FIND 영양 DB에는 구성 원재료/알레르기 전용 필드가 없어 근거 없는 값은 UNKNOWN 유지","DEDICATED"
"kfind-catalog-d114-601000000-0001","가죽나물무침","D114-601000000-0001","K-FIND","식품영양성분 데이터베이스 (K-FIND) 2026-08-28","250g","190","25.1","14.6","3.4","COMPLETE","","","UNKNOWN","|UNKNOWN|","UNKNOWN","K-FIND:D114-601000000-0001","2026-09-27","K-FIND 영양 DB에는 구성 원재료/알레르기 전용 필드가 없어 근거 없는 값은 UNKNOWN 유지","DEDICATED"
"kfind-catalog-d314-607000000-0001","골뱅이무침","D314-607000000-0001","K-FIND","식품영양성분 데이터베이스 (K-FIND) 2026-08-28","250g","272.5","39.2","17.7","4.9","COMPLETE","","","UNKNOWN","|UNKNOWN|","UNKNOWN","K-FIND:D314-607000000-0001","2026-09-27","K-FIND 영양 DB에는 구성 원재료/알레르기 전용 필드가 없어 근거 없는 값은 UNKNOWN 유지","DEDICATED"
"kfind-catalog-d114-609000000-0001","굴무침","D114-609000000-0001","K-FIND","식품영양성분 데이터베이스 (K-FIND) 2026-08-28","250g","192.5","18.2","16.7","5.8","COMPLETE","","","UNKNOWN","|UNKNOWN|","UNKNOWN","K-FIND:D114-609000000-0001","2026-09-27","K-FIND 영양 DB에는 구성 원재료/알레르기 전용 필드가 없어 근거 없는 값은 UNKNOWN 유지","DEDICATED"
"kfind-catalog-d114-610000000-0001","김무침","D114-610000000-0001","K-FIND","식품영양성분 데이터베이스 (K-FIND) 2026-08-28","250g","647.5","48.3","52.9","26.8","COMPLETE","","","UNKNOWN","|UNKNOWN|","UNKNOWN","K-FIND:D114-610000000-0001","2026-09-27","K-FIND 영양 DB에는 구성 원재료/알레르기 전용 필드가 없어 근거 없는 값은 UNKNOWN 유지","DEDICATED"
"kfind-catalog-d114-611000000-0001","낙지무침","D114-611000000-0001","K-FIND","식품영양성분 데이터베이스 (K-FIND) 2026-08-28","250g","192.5","9.9","31","3.1","COMPLETE","","","UNKNOWN","|UNKNOWN|","UNKNOWN","K-FIND:D114-611000000-0001","2026-09-27","K-FIND 영양 DB에는 구성 원재료/알레르기 전용 필드가 없어 근거 없는 값은 UNKNOWN 유지","DEDICATED"
"kfind-catalog-d314-613000000-0001","노각무침","D314-613000000-0001","K-FIND","식품영양성분 데이터베이스 (K-FIND) 2026-08-28","250g","140","23.8","4.3","3","COMPLETE","","","UNKNOWN","|UNKNOWN|","UNKNOWN","K-FIND:D314-613000000-0001","2026-09-27","K-FIND 영양 DB에는 구성 원재료/알레르기 전용 필드가 없어 근거 없는 값은 UNKNOWN 유지","DEDICATED"
"kfind-catalog-d314-640000000-0001","콥샐러드&시저드레싱","D314-640000000-0001","K-FIND","식품영양성분 데이터베이스 (K-FIND) 2026-08-28","250g","322.5","11.4","21.9","21","COMPLETE","","","UNKNOWN","|UNKNOWN|","UNKNOWN","K-FIND:D314-640000000-0001","2026-09-27","K-FIND 영양 DB에는 구성 원재료/알레르기 전용 필드가 없어 근거 없는 값은 UNKNOWN 유지","DEDICATED"
"kfind-catalog-d114-640020000-0001","감자 샐러드","D114-640020000-0001","K-FIND","식품영양성분 데이터베이스 (K-FIND) 2026-08-28","250g","315","30.6","3.3","20","COMPLETE","","","UNKNOWN","|UNKNOWN|","UNKNOWN","K-FIND:D114-640020000-0001","2026-09-27","K-FIND 영양 DB에는 구성 원재료/알레르기 전용 필드가 없어 근거 없는 값은 UNKNOWN 유지","DEDICATED"
"kfind-catalog-d314-640030000-0001","고구마 샐러드","D314-640030000-0001","K-FIND","식품영양성분 데이터베이스 (K-FIND) 2026-08-28","250g","462.5","67.1","4.5","19.5","COMPLETE","","","UNKNOWN","|UNKNOWN|","UNKNOWN","K-FIND:D314-640030000-0001","2026-09-27","K-FIND 영양 DB에는 구성 원재료/알레르기 전용 필드가 없어 근거 없는 값은 UNKNOWN 유지","DEDICATED"
"kfind-catalog-d214-640000000-0019","과일리코타 샐러드","D214-640000000-0019","K-FIND","식품영양성분 데이터베이스 (K-FIND) 2026-08-28","250g","277.5","28.5","8","14.5","COMPLETE","","","UNKNOWN","|UNKNOWN|","UNKNOWN","K-FIND:D214-640000000-0019","2026-09-27","K-FIND 영양 DB에는 구성 원재료/알레르기 전용 필드가 없어 근거 없는 값은 UNKNOWN 유지","DEDICATED"
"kfind-catalog-d214-640000000-0001","과카몰리치킨 샐러드","D214-640000000-0001","K-FIND","식품영양성분 데이터베이스 (K-FIND) 2026-08-28","250g","235",,"10.4",,"PARTIAL","carbohydrate|fat","","UNKNOWN","|UNKNOWN|","UNKNOWN","K-FIND:D214-640000000-0001","2026-09-27","K-FIND 영양 DB에는 구성 원재료/알레르기 전용 필드가 없어 근거 없는 값은 UNKNOWN 유지","DEDICATED"
"kfind-catalog-d214-640000000-0002","그릴드 치킨 샐러드","D214-640000000-0002","BRAND_OFFICIAL_PAGE","할리스 공식 메뉴 페이지","250g","247.5",,"16",,"PARTIAL","carbohydrate|fat","그릴드 치킨 | 오리엔탈소스","PARTIAL","|밀|우유|대두|달걀|토마토|닭고기|","COMPLETE","https://m.hollys.co.kr/menu/menuView.do?idx=665&menuDiv=BAKERY","2026-09-27","공식 설명에 풍성한 재료가 구체적으로 열거되지 않아 원재료는 PARTIAL 유지; 공식 알레르기 표시는 COMPLETE","DEDICATED"
"kfind-catalog-d214-640000000-0003","그릴드치킨 시저 샐러드","D214-640000000-0003","K-FIND","식품영양성분 데이터베이스 (K-FIND) 2026-08-28","250g","260",,"18.7",,"PARTIAL","carbohydrate|fat","","UNKNOWN","|UNKNOWN|","UNKNOWN","K-FIND:D214-640000000-0003","2026-09-27","K-FIND 영양 DB에는 구성 원재료/알레르기 전용 필드가 없어 근거 없는 값은 UNKNOWN 유지","DEDICATED"
"kfind-catalog-d214-640000000-0028","그릴치킨오렌지샐러드","D214-640000000-0028","K-FIND","식품영양성분 데이터베이스 (K-FIND) 2026-08-28","250g","177.5",,"13.2",,"PARTIAL","carbohydrate|fat","","UNKNOWN","|UNKNOWN|","UNKNOWN","K-FIND:D214-640000000-0028","2026-09-27","K-FIND 영양 DB에는 구성 원재료/알레르기 전용 필드가 없어 근거 없는 값은 UNKNOWN 유지","DEDICATED"
"kfind-catalog-d302-096070000-0002","닭고기또띠아샌드위치","D302-096070000-0002","K-FIND","식품영양성분 데이터베이스 (K-FIND) 2026-08-28","150g","376.5","38.1","15.6","18","COMPLETE","","","UNKNOWN","|UNKNOWN|","UNKNOWN","K-FIND:D302-096070000-0002","2026-09-27","K-FIND 영양 DB에는 구성 원재료/알레르기 전용 필드가 없어 근거 없는 값은 UNKNOWN 유지","DEDICATED"
"kfind-catalog-d202-096000000-0193","게살듬뿍모닝 샌드위치","D202-096000000-0193","K-FIND","식품영양성분 데이터베이스 (K-FIND) 2026-08-28","150g","210","13.9","5.4","14.5","COMPLETE","","","UNKNOWN","|UNKNOWN|","UNKNOWN","K-FIND:D202-096000000-0193","2026-09-27","K-FIND 영양 DB에는 구성 원재료/알레르기 전용 필드가 없어 근거 없는 값은 UNKNOWN 유지","DEDICATED"
"kfind-catalog-d202-096000000-0009","고르곤졸라 불고기 파니니","D202-096000000-0009","K-FIND","식품영양성분 데이터베이스 (K-FIND) 2026-08-28","150g","342",,"13.5","2.2","PARTIAL","carbohydrate","","UNKNOWN","|UNKNOWN|","UNKNOWN","K-FIND:D202-096000000-0009","2026-09-27","K-FIND 영양 DB에는 구성 원재료/알레르기 전용 필드가 없어 근거 없는 값은 UNKNOWN 유지","DEDICATED"
"kfind-catalog-d202-096000000-0158","고소한햄에그샌드위치","D202-096000000-0158","K-FIND","식품영양성분 데이터베이스 (K-FIND) 2026-08-28","150g","313.5",,"13.7",,"PARTIAL","carbohydrate|fat","","UNKNOWN","|UNKNOWN|","UNKNOWN","K-FIND:D202-096000000-0158","2026-09-27","K-FIND 영양 DB에는 구성 원재료/알레르기 전용 필드가 없어 근거 없는 값은 UNKNOWN 유지","DEDICATED"
"kfind-catalog-d202-096000000-0010","그릭치킨 샌드위치","D202-096000000-0010","K-FIND","식품영양성분 데이터베이스 (K-FIND) 2026-08-28","150g","276","33.3","18.3","7.5","COMPLETE","","","UNKNOWN","|UNKNOWN|","UNKNOWN","K-FIND:D202-096000000-0010","2026-09-27","K-FIND 영양 DB에는 구성 원재료/알레르기 전용 필드가 없어 근거 없는 값은 UNKNOWN 유지","DEDICATED"
"kfind-catalog-d202-096000000-0117","그릴치킨 당근라페 샌드위치","D202-096000000-0117","K-FIND","식품영양성분 데이터베이스 (K-FIND) 2026-08-28","150g","250.5",,"15.4",,"PARTIAL","carbohydrate|fat","","UNKNOWN","|UNKNOWN|","UNKNOWN","K-FIND:D202-096000000-0117","2026-09-27","K-FIND 영양 DB에는 구성 원재료/알레르기 전용 필드가 없어 근거 없는 값은 UNKNOWN 유지","DEDICATED"
"kfind-catalog-d202-083000000-0020","매콤치킨랩","D202-083000000-0020","K-FIND","식품영양성분 데이터베이스 (K-FIND) 2026-08-28","150g","249",,"12",,"PARTIAL","carbohydrate|fat","","UNKNOWN","|UNKNOWN|","UNKNOWN","K-FIND:D202-083000000-0020","2026-09-27","K-FIND 영양 DB에는 구성 원재료/알레르기 전용 필드가 없어 근거 없는 값은 UNKNOWN 유지","DEDICATED"
"kfind-catalog-d202-083000000-0021","베지텐더밸런스랩","D202-083000000-0021","K-FIND","식품영양성분 데이터베이스 (K-FIND) 2026-08-28","150g","294",,"6.4",,"PARTIAL","carbohydrate|fat","","UNKNOWN","|UNKNOWN|","UNKNOWN","K-FIND:D202-083000000-0021","2026-09-27","K-FIND 영양 DB에는 구성 원재료/알레르기 전용 필드가 없어 근거 없는 값은 UNKNOWN 유지","DEDICATED"
"kfind-catalog-d202-083000000-0022","싱그러운치킨텐더그린랩","D202-083000000-0022","K-FIND","식품영양성분 데이터베이스 (K-FIND) 2026-08-28","150g","277.5",,"10.6",,"PARTIAL","carbohydrate|fat","","UNKNOWN","|UNKNOWN|","UNKNOWN","K-FIND:D202-083000000-0022","2026-09-27","K-FIND 영양 DB에는 구성 원재료/알레르기 전용 필드가 없어 근거 없는 값은 UNKNOWN 유지","DEDICATED"
"kfind-catalog-d202-083000000-0023","크리스퍼랩","D202-083000000-0023","K-FIND","식품영양성분 데이터베이스 (K-FIND) 2026-08-28","150g","405",,"13.5",,"PARTIAL","carbohydrate|fat","","UNKNOWN","|UNKNOWN|","UNKNOWN","K-FIND:D202-083000000-0023","2026-09-27","K-FIND 영양 DB에는 구성 원재료/알레르기 전용 필드가 없어 근거 없는 값은 UNKNOWN 유지","DEDICATED"
"kfind-catalog-d202-115000000-0001","갈릭스틱토스트","D202-115000000-0001","K-FIND","식품영양성분 데이터베이스 (K-FIND) 2026-08-28","150g","567",,"7.3",,"PARTIAL","carbohydrate|fat","","UNKNOWN","|UNKNOWN|","UNKNOWN","K-FIND:D202-115000000-0001","2026-09-27","K-FIND 영양 DB에는 구성 원재료/알레르기 전용 필드가 없어 근거 없는 값은 UNKNOWN 유지","DEDICATED"
"kfind-catalog-d202-115000000-0002","갈릭치즈토스트","D202-115000000-0002","K-FIND","식품영양성분 데이터베이스 (K-FIND) 2026-08-28","150g","610.5",,"10.7",,"PARTIAL","carbohydrate|fat","","UNKNOWN","|UNKNOWN|","UNKNOWN","K-FIND:D202-115000000-0002","2026-09-27","K-FIND 영양 DB에는 구성 원재료/알레르기 전용 필드가 없어 근거 없는 값은 UNKNOWN 유지","DEDICATED"
"kfind-catalog-d202-115000000-0003","구운햄치즈 토스트","D202-115000000-0003","K-FIND","식품영양성분 데이터베이스 (K-FIND) 2026-08-28","150g","456",,"16.5",,"PARTIAL","carbohydrate|fat","","UNKNOWN","|UNKNOWN|","UNKNOWN","K-FIND:D202-115000000-0003","2026-09-27","K-FIND 영양 DB에는 구성 원재료/알레르기 전용 필드가 없어 근거 없는 값은 UNKNOWN 유지","DEDICATED"
"kfind-catalog-d202-115000000-0024","누텔라 바나나 토스트","D202-115000000-0024","K-FIND","식품영양성분 데이터베이스 (K-FIND) 2026-08-28","150g","312","54.4","5.1","8.2","COMPLETE","","","UNKNOWN","|UNKNOWN|","UNKNOWN","K-FIND:D202-115000000-0024","2026-09-27","K-FIND 영양 DB에는 구성 원재료/알레르기 전용 필드가 없어 근거 없는 값은 UNKNOWN 유지","DEDICATED"
"kfind-catalog-d303-161000000-0002","바질크림 빠네 파스타","D303-161000000-0002","K-FIND","식품영양성분 데이터베이스 (K-FIND) 2026-08-28","450g","967.5","122.9","24.3","42.2","COMPLETE","","","UNKNOWN","|UNKNOWN|","UNKNOWN","K-FIND:D303-161000000-0002","2026-09-27","K-FIND 영양 DB에는 구성 원재료/알레르기 전용 필드가 없어 근거 없는 값은 UNKNOWN 유지","DEDICATED"
"kfind-catalog-d303-161000000-0004","볼로네제라구파스타","D303-161000000-0004","K-FIND","식품영양성분 데이터베이스 (K-FIND) 2026-08-28","450g","805.5","76.2","36.4","39.4","COMPLETE","","","UNKNOWN","|UNKNOWN|","UNKNOWN","K-FIND:D303-161000000-0004","2026-09-27","K-FIND 영양 DB에는 구성 원재료/알레르기 전용 필드가 없어 근거 없는 값은 UNKNOWN 유지","DEDICATED"
"kfind-catalog-d303-161000000-0005","쉬림프 로제파스타","D303-161000000-0005","K-FIND","식품영양성분 데이터베이스 (K-FIND) 2026-08-28","450g","648","66.4","19.1","34.1","COMPLETE","","","UNKNOWN","|UNKNOWN|","UNKNOWN","K-FIND:D303-161000000-0005","2026-09-27","K-FIND 영양 DB에는 구성 원재료/알레르기 전용 필드가 없어 근거 없는 값은 UNKNOWN 유지","DEDICATED"
"kfind-catalog-d303-161000000-0007","쉬림프 크림파스타","D303-161000000-0007","K-FIND","식품영양성분 데이터베이스 (K-FIND) 2026-08-28","450g","1017","58.8","21.6","77.4","COMPLETE","","","UNKNOWN","|UNKNOWN|","UNKNOWN","K-FIND:D303-161000000-0007","2026-09-27","K-FIND 영양 DB에는 구성 원재료/알레르기 전용 필드가 없어 근거 없는 값은 UNKNOWN 유지","DEDICATED"
"kfind-catalog-d303-161000000-0008","알리오올리오파스타","D303-161000000-0008","K-FIND","식품영양성분 데이터베이스 (K-FIND) 2026-08-28","450g","1408.5","120.2","29.1","90.3","COMPLETE","","","UNKNOWN","|UNKNOWN|","UNKNOWN","K-FIND:D303-161000000-0008","2026-09-27","K-FIND 영양 DB에는 구성 원재료/알레르기 전용 필드가 없어 근거 없는 값은 UNKNOWN 유지","DEDICATED"
"kfind-catalog-d303-161000000-0009","에그인헬파스타","D303-161000000-0009","K-FIND","식품영양성분 데이터베이스 (K-FIND) 2026-08-28","450g","576","68.2","23.8","23","COMPLETE","","","UNKNOWN","|UNKNOWN|","UNKNOWN","K-FIND:D303-161000000-0009","2026-09-27","K-FIND 영양 DB에는 구성 원재료/알레르기 전용 필드가 없어 근거 없는 값은 UNKNOWN 유지","DEDICATED"
"kfind-catalog-d220-718000000-0015","마시는 요거트 딸기","D220-718000000-0015","K-FIND","식품영양성분 데이터베이스 (K-FIND) 2026-08-28","250g","335",,"6.2",,"PARTIAL","carbohydrate|fat","","UNKNOWN","|UNKNOWN|","UNKNOWN","K-FIND:D220-718000000-0015","2026-09-27","K-FIND 영양 DB에는 구성 원재료/알레르기 전용 필드가 없어 근거 없는 값은 UNKNOWN 유지","DEDICATED"
"kfind-catalog-d220-718000000-0016","마시는 요거트 망고","D220-718000000-0016","K-FIND","식품영양성분 데이터베이스 (K-FIND) 2026-08-28","250g","337.5",,"6.2",,"PARTIAL","carbohydrate|fat","","UNKNOWN","|UNKNOWN|","UNKNOWN","K-FIND:D220-718000000-0016","2026-09-27","K-FIND 영양 DB에는 구성 원재료/알레르기 전용 필드가 없어 근거 없는 값은 UNKNOWN 유지","DEDICATED"
"kfind-catalog-d220-718000000-0017","마시는 요거트 블루베리","D220-718000000-0017","K-FIND","식품영양성분 데이터베이스 (K-FIND) 2026-08-28","250g","332.5",,"5.4",,"PARTIAL","carbohydrate|fat","","UNKNOWN","|UNKNOWN|","UNKNOWN","K-FIND:D220-718000000-0017","2026-09-27","K-FIND 영양 DB에는 구성 원재료/알레르기 전용 필드가 없어 근거 없는 값은 UNKNOWN 유지","DEDICATED"
"kfind-catalog-d220-718000000-0018","마시는 요거트 자몽","D220-718000000-0018","K-FIND","식품영양성분 데이터베이스 (K-FIND) 2026-08-28","250g","297.5",,"6.4",,"PARTIAL","carbohydrate|fat","","UNKNOWN","|UNKNOWN|","UNKNOWN","K-FIND:D220-718000000-0018","2026-09-27","K-FIND 영양 DB에는 구성 원재료/알레르기 전용 필드가 없어 근거 없는 값은 UNKNOWN 유지","DEDICATED"
"kfind-catalog-d220-716000000-0018","딸기 생과일주스","D220-716000000-0018","K-FIND","식품영양성분 데이터베이스 (K-FIND) 2026-08-28","250g","105",,"1.4",,"PARTIAL","carbohydrate|fat","","UNKNOWN","|UNKNOWN|","UNKNOWN","K-FIND:D220-716000000-0018","2026-09-27","K-FIND 영양 DB에는 구성 원재료/알레르기 전용 필드가 없어 근거 없는 값은 UNKNOWN 유지","DEDICATED"
"kfind-catalog-d220-716000000-0052","바나나 생과일 주스","D220-716000000-0052","K-FIND","식품영양성분 데이터베이스 (K-FIND) 2026-08-28","250g","147.5",,"2.8",,"PARTIAL","carbohydrate|fat","","UNKNOWN","|UNKNOWN|","UNKNOWN","K-FIND:D220-716000000-0052","2026-09-27","K-FIND 영양 DB에는 구성 원재료/알레르기 전용 필드가 없어 근거 없는 값은 UNKNOWN 유지","DEDICATED"
"kfind-catalog-d220-716000000-0065","생과일 수박 주스","D220-716000000-0065","K-FIND","식품영양성분 데이터베이스 (K-FIND) 2026-08-28","250g","82.5",,"1.2",,"PARTIAL","carbohydrate|fat","","UNKNOWN","|UNKNOWN|","UNKNOWN","K-FIND:D220-716000000-0065","2026-09-27","K-FIND 영양 DB에는 구성 원재료/알레르기 전용 필드가 없어 근거 없는 값은 UNKNOWN 유지","DEDICATED"
"kfind-catalog-d220-716000000-0066","생과일 토마토 주스","D220-716000000-0066","K-FIND","식품영양성분 데이터베이스 (K-FIND) 2026-08-28","250g","77.5",,"1.2",,"PARTIAL","carbohydrate|fat","","UNKNOWN","|UNKNOWN|","UNKNOWN","K-FIND:D220-716000000-0066","2026-09-27","K-FIND 영양 DB에는 구성 원재료/알레르기 전용 필드가 없어 근거 없는 값은 UNKNOWN 유지","DEDICATED"
