"stableTemplateId","menuName","missing","reason","sourceUrlOrIdentifier"
"kfind-catalog-d301-001000000-0001","계란덮밥","ingredients:UNKNOWN|allergens:UNKNOWN","K-FIND 영양 DB에는 구성 원재료/알레르기 전용 필드가 없어 근거 없는 값은 UNKNOWN 유지","K-FIND:D301-001000000-0001"
"kfind-catalog-d301-004000000-0001","국밥","ingredients:UNKNOWN|allergens:UNKNOWN","K-FIND 영양 DB에는 구성 원재료/알레르기 전용 필드가 없어 근거 없는 값은 UNKNOWN 유지","K-FIND:D301-004000000-0001"
"kfind-catalog-d301-005000000-0001","귀리밥","ingredients:UNKNOWN|allergens:UNKNOWN","K-FIND 영양 DB에는 구성 원재료/알레르기 전용 필드가 없어 근거 없는 값은 UNKNOWN 유지","K-FIND:D301-005000000-0001"
"kfind-catalog-d101-006000000-0001","기장밥","ingredients:UNKNOWN|allergens:UNKNOWN","K-FIND 영양 DB에는 구성 원재료/알레르기 전용 필드가 없어 근거 없는 값은 UNKNOWN 유지","K-FIND:D101-006000000-0001"
"kfind-catalog-d101-007000000-0001","김밥","ingredients:UNKNOWN|allergens:UNKNOWN","K-FIND 영양 DB에는 구성 원재료/알레르기 전용 필드가 없어 근거 없는 값은 UNKNOWN 유지","K-FIND:D101-007000000-0001"
"kfind-catalog-d301-015000000-0001","묵밥","ingredients:UNKNOWN|allergens:UNKNOWN","K-FIND 영양 DB에는 구성 원재료/알레르기 전용 필드가 없어 근거 없는 값은 UNKNOWN 유지","K-FIND:D301-015000000-0001"
"kfind-catalog-d101-016000000-0001","보리밥","ingredients:UNKNOWN|allergens:UNKNOWN","K-FIND 영양 DB에는 구성 원재료/알레르기 전용 필드가 없어 근거 없는 값은 UNKNOWN 유지","K-FIND:D101-016000000-0001"
"kfind-catalog-d101-017000000-0001","볶음밥","ingredients:UNKNOWN|allergens:UNKNOWN","K-FIND 영양 DB에는 구성 원재료/알레르기 전용 필드가 없어 근거 없는 값은 UNKNOWN 유지","K-FIND:D101-017000000-0001"
"kfind-catalog-d101-018000000-0001","비빔밥","ingredients:UNKNOWN|allergens:UNKNOWN","K-FIND 영양 DB에는 구성 원재료/알레르기 전용 필드가 없어 근거 없는 값은 UNKNOWN 유지","K-FIND:D101-018000000-0001"
"kfind-catalog-d301-020000000-0001","새우튀김롤","ingredients:UNKNOWN|allergens:UNKNOWN","K-FIND 영양 DB에는 구성 원재료/알레르기 전용 필드가 없어 근거 없는 값은 UNKNOWN 유지","K-FIND:D301-020000000-0001"
"kfind-catalog-d101-021000000-0001","수수밥","ingredients:UNKNOWN|allergens:UNKNOWN","K-FIND 영양 DB에는 구성 원재료/알레르기 전용 필드가 없어 근거 없는 값은 UNKNOWN 유지","K-FIND:D101-021000000-0001"
"kfind-catalog-d301-022000000-0001","쌀밥","ingredients:UNKNOWN|allergens:UNKNOWN","K-FIND 영양 DB에는 구성 원재료/알레르기 전용 필드가 없어 근거 없는 값은 UNKNOWN 유지","K-FIND:D301-022000000-0001"
"kfind-catalog-d101-023000000-0001","알밥","ingredients:UNKNOWN|allergens:UNKNOWN","K-FIND 영양 DB에는 구성 원재료/알레르기 전용 필드가 없어 근거 없는 값은 UNKNOWN 유지","K-FIND:D101-023000000-0001"
"kfind-catalog-d301-024000000-0001","연어롤","ingredients:UNKNOWN|allergens:UNKNOWN","K-FIND 영양 DB에는 구성 원재료/알레르기 전용 필드가 없어 근거 없는 값은 UNKNOWN 유지","K-FIND:D301-024000000-0001"
"kfind-catalog-d301-025000000-0001","연잎밥","ingredients:UNKNOWN|allergens:UNKNOWN","K-FIND 영양 DB에는 구성 원재료/알레르기 전용 필드가 없어 근거 없는 값은 UNKNOWN 유지","K-FIND:D301-025000000-0001"
"kfind-catalog-d101-026000000-0001","영양돌솥밥","ingredients:UNKNOWN|allergens:UNKNOWN","K-FIND 영양 DB에는 구성 원재료/알레르기 전용 필드가 없어 근거 없는 값은 UNKNOWN 유지","K-FIND:D101-026000000-0001"
"kfind-catalog-d301-027000000-0001","오곡밥","ingredients:UNKNOWN|allergens:UNKNOWN","K-FIND 영양 DB에는 구성 원재료/알레르기 전용 필드가 없어 근거 없는 값은 UNKNOWN 유지","K-FIND:D301-027000000-0001"
"kfind-catalog-d101-031000000-0001","자장밥","ingredients:UNKNOWN|allergens:UNKNOWN","K-FIND 영양 DB에는 구성 원재료/알레르기 전용 필드가 없어 근거 없는 값은 UNKNOWN 유지","K-FIND:D101-031000000-0001"
"kfind-catalog-d101-032000000-0001","잡곡밥","ingredients:UNKNOWN|allergens:UNKNOWN","K-FIND 영양 DB에는 구성 원재료/알레르기 전용 필드가 없어 근거 없는 값은 UNKNOWN 유지","K-FIND:D101-032000000-0001"
"kfind-catalog-d101-033000000-0001","잡채밥","ingredients:UNKNOWN|allergens:UNKNOWN","K-FIND 영양 DB에는 구성 원재료/알레르기 전용 필드가 없어 근거 없는 값은 UNKNOWN 유지","K-FIND:D101-033000000-0001"
"kfind-catalog-d301-034000000-0001","잡탕밥","ingredients:UNKNOWN|allergens:UNKNOWN","K-FIND 영양 DB에는 구성 원재료/알레르기 전용 필드가 없어 근거 없는 값은 UNKNOWN 유지","K-FIND:D301-034000000-0001"
"kfind-catalog-d101-037000000-0001","짬뽕밥","ingredients:UNKNOWN|allergens:UNKNOWN","K-FIND 영양 DB에는 구성 원재료/알레르기 전용 필드가 없어 근거 없는 값은 UNKNOWN 유지","K-FIND:D101-037000000-0001"
"kfind-catalog-d101-038000000-0001","차조밥","ingredients:UNKNOWN|allergens:UNKNOWN","K-FIND 영양 DB에는 구성 원재료/알레르기 전용 필드가 없어 근거 없는 값은 UNKNOWN 유지","K-FIND:D101-038000000-0001"
"kfind-catalog-d101-039000000-0001","찰밥","ingredients:UNKNOWN|allergens:UNKNOWN","K-FIND 영양 DB에는 구성 원재료/알레르기 전용 필드가 없어 근거 없는 값은 UNKNOWN 유지","K-FIND:D101-039000000-0001"
"kfind-catalog-d301-043000000-0001","충무김밥","ingredients:UNKNOWN|allergens:UNKNOWN","K-FIND 영양 DB에는 구성 원재료/알레르기 전용 필드가 없어 근거 없는 값은 UNKNOWN 유지","K-FIND:D301-043000000-0001"
"kfind-catalog-d301-045000000-0001","캘리포니아롤","ingredients:UNKNOWN|allergens:UNKNOWN","K-FIND 영양 DB에는 구성 원재료/알레르기 전용 필드가 없어 근거 없는 값은 UNKNOWN 유지","K-FIND:D301-045000000-0001"
"kfind-catalog-d101-047000000-0001","콩나물밥","ingredients:UNKNOWN|allergens:UNKNOWN","K-FIND 영양 DB에는 구성 원재료/알레르기 전용 필드가 없어 근거 없는 값은 UNKNOWN 유지","K-FIND:D101-047000000-0001"
"kfind-catalog-d101-049000000-0001","하이라이스","ingredients:UNKNOWN|allergens:UNKNOWN","K-FIND 영양 DB에는 구성 원재료/알레르기 전용 필드가 없어 근거 없는 값은 UNKNOWN 유지","K-FIND:D101-049000000-0001"
"kfind-catalog-d304-179000000-0001","게살죽","ingredients:UNKNOWN|allergens:UNKNOWN","K-FIND 영양 DB에는 구성 원재료/알레르기 전용 필드가 없어 근거 없는 값은 UNKNOWN 유지","K-FIND:D304-179000000-0001"
"kfind-catalog-d104-181000000-0001","닭죽","ingredients:UNKNOWN|allergens:UNKNOWN","K-FIND 영양 DB에는 구성 원재료/알레르기 전용 필드가 없어 근거 없는 값은 UNKNOWN 유지","K-FIND:D104-181000000-0001"
"kfind-catalog-d304-182000000-0001","미음","ingredients:UNKNOWN|allergens:UNKNOWN","K-FIND 영양 DB에는 구성 원재료/알레르기 전용 필드가 없어 근거 없는 값은 UNKNOWN 유지","K-FIND:D304-182000000-0001"
"kfind-catalog-d304-183000000-0001","백합죽","ingredients:UNKNOWN|allergens:UNKNOWN","K-FIND 영양 DB에는 구성 원재료/알레르기 전용 필드가 없어 근거 없는 값은 UNKNOWN 유지","K-FIND:D304-183000000-0001"
"kfind-catalog-d304-184000000-0001","소고기버섯죽","ingredients:UNKNOWN|allergens:UNKNOWN","K-FIND 영양 DB에는 구성 원재료/알레르기 전용 필드가 없어 근거 없는 값은 UNKNOWN 유지","K-FIND:D304-184000000-0001"
"kfind-catalog-d304-186000000-0001","쌀죽(흰죽)","ingredients:UNKNOWN|allergens:UNKNOWN","K-FIND 영양 DB에는 구성 원재료/알레르기 전용 필드가 없어 근거 없는 값은 UNKNOWN 유지","K-FIND:D304-186000000-0001"
"kfind-catalog-d304-187000000-0001","어죽","ingredients:UNKNOWN|allergens:UNKNOWN","K-FIND 영양 DB에는 구성 원재료/알레르기 전용 필드가 없어 근거 없는 값은 UNKNOWN 유지","K-FIND:D304-187000000-0001"
"kfind-catalog-d104-188000000-0001","오리죽","ingredients:UNKNOWN|allergens:UNKNOWN","K-FIND 영양 DB에는 구성 원재료/알레르기 전용 필드가 없어 근거 없는 값은 UNKNOWN 유지","K-FIND:D104-188000000-0001"
"kfind-catalog-d304-189000000-0001","율무죽","ingredients:UNKNOWN|allergens:UNKNOWN","K-FIND 영양 DB에는 구성 원재료/알레르기 전용 필드가 없어 근거 없는 값은 UNKNOWN 유지","K-FIND:D304-189000000-0001"
"kfind-catalog-d304-190000000-0001","잣죽","ingredients:UNKNOWN|allergens:UNKNOWN","K-FIND 영양 DB에는 구성 원재료/알레르기 전용 필드가 없어 근거 없는 값은 UNKNOWN 유지","K-FIND:D304-190000000-0001"
"kfind-catalog-d104-191000000-0001","전복죽","ingredients:UNKNOWN|allergens:UNKNOWN","K-FIND 영양 DB에는 구성 원재료/알레르기 전용 필드가 없어 근거 없는 값은 UNKNOWN 유지","K-FIND:D104-191000000-0001"
"kfind-catalog-d304-192000000-0001","참깨죽","ingredients:UNKNOWN|allergens:UNKNOWN","K-FIND 영양 DB에는 구성 원재료/알레르기 전용 필드가 없어 근거 없는 값은 UNKNOWN 유지","K-FIND:D304-192000000-0001"
"kfind-catalog-d304-193000000-0001","참치죽","ingredients:UNKNOWN|allergens:UNKNOWN","K-FIND 영양 DB에는 구성 원재료/알레르기 전용 필드가 없어 근거 없는 값은 UNKNOWN 유지","K-FIND:D304-193000000-0001"
"kfind-catalog-d104-194000000-0001","채소죽","ingredients:UNKNOWN|allergens:UNKNOWN","K-FIND 영양 DB에는 구성 원재료/알레르기 전용 필드가 없어 근거 없는 값은 UNKNOWN 유지","K-FIND:D104-194000000-0001"
"kfind-catalog-d104-195000000-0001","팥죽","ingredients:UNKNOWN|allergens:UNKNOWN","K-FIND 영양 DB에는 구성 원재료/알레르기 전용 필드가 없어 근거 없는 값은 UNKNOWN 유지","K-FIND:D104-195000000-0001"
"kfind-catalog-d103-141000000-0001","간자장","ingredients:UNKNOWN|allergens:UNKNOWN","K-FIND 영양 DB에는 구성 원재료/알레르기 전용 필드가 없어 근거 없는 값은 UNKNOWN 유지","K-FIND:D103-141000000-0001"
"kfind-catalog-d303-143000000-0001","기스면","ingredients:UNKNOWN|allergens:UNKNOWN","K-FIND 영양 DB에는 구성 원재료/알레르기 전용 필드가 없어 근거 없는 값은 UNKNOWN 유지","K-FIND:D303-143000000-0001"
"kfind-catalog-d103-146000000-0001","떡만두국","ingredients:UNKNOWN|allergens:UNKNOWN","K-FIND 영양 DB에는 구성 원재료/알레르기 전용 필드가 없어 근거 없는 값은 UNKNOWN 유지","K-FIND:D103-146000000-0001"
"kfind-catalog-d103-148000000-0001","라면","ingredients:UNKNOWN|allergens:UNKNOWN","K-FIND 영양 DB에는 구성 원재료/알레르기 전용 필드가 없어 근거 없는 값은 UNKNOWN 유지","K-FIND:D103-148000000-0001"
"kfind-catalog-d303-151000000-0001","만두국","ingredients:UNKNOWN|allergens:UNKNOWN","K-FIND 영양 DB에는 구성 원재료/알레르기 전용 필드가 없어 근거 없는 값은 UNKNOWN 유지","K-FIND:D303-151000000-0001"
"kfind-catalog-d303-156000000-0001","분짜","ingredients:UNKNOWN|allergens:UNKNOWN","K-FIND 영양 DB에는 구성 원재료/알레르기 전용 필드가 없어 근거 없는 값은 UNKNOWN 유지","K-FIND:D303-156000000-0001"
"kfind-catalog-d303-157000000-0001","비빔국수","ingredients:UNKNOWN|allergens:UNKNOWN","K-FIND 영양 DB에는 구성 원재료/알레르기 전용 필드가 없어 근거 없는 값은 UNKNOWN 유지","K-FIND:D303-157000000-0001"
"kfind-catalog-d103-160000000-0001","수제비","ingredients:UNKNOWN|allergens:UNKNOWN","K-FIND 영양 DB에는 구성 원재료/알레르기 전용 필드가 없어 근거 없는 값은 UNKNOWN 유지","K-FIND:D103-160000000-0001"
"kfind-catalog-d303-162000000-0001","쌀국수","ingredients:UNKNOWN|allergens:UNKNOWN","K-FIND 영양 DB에는 구성 원재료/알레르기 전용 필드가 없어 근거 없는 값은 UNKNOWN 유지","K-FIND:D303-162000000-0001"
"kfind-catalog-d303-163000000-0001","올갱이국수","ingredients:UNKNOWN|allergens:UNKNOWN","K-FIND 영양 DB에는 구성 원재료/알레르기 전용 필드가 없어 근거 없는 값은 UNKNOWN 유지","K-FIND:D303-163000000-0001"
"kfind-catalog-d103-165000000-0001","우동볶음","ingredients:UNKNOWN|allergens:UNKNOWN","K-FIND 영양 DB에는 구성 원재료/알레르기 전용 필드가 없어 근거 없는 값은 UNKNOWN 유지","K-FIND:D103-165000000-0001"
"kfind-catalog-d303-166000000-0001","울면","ingredients:UNKNOWN|allergens:UNKNOWN","K-FIND 영양 DB에는 구성 원재료/알레르기 전용 필드가 없어 근거 없는 값은 UNKNOWN 유지","K-FIND:D303-166000000-0001"
"kfind-catalog-d103-167000000-0001","월남쌈","ingredients:UNKNOWN|allergens:UNKNOWN","K-FIND 영양 DB에는 구성 원재료/알레르기 전용 필드가 없어 근거 없는 값은 UNKNOWN 유지","K-FIND:D103-167000000-0001"
"kfind-catalog-d103-168000000-0001","자장면","ingredients:UNKNOWN|allergens:UNKNOWN","K-FIND 영양 DB에는 구성 원재료/알레르기 전용 필드가 없어 근거 없는 값은 UNKNOWN 유지","K-FIND:D103-168000000-0001"
"kfind-catalog-d103-172000000-0001","짬뽕","ingredients:UNKNOWN|allergens:UNKNOWN","K-FIND 영양 DB에는 구성 원재료/알레르기 전용 필드가 없어 근거 없는 값은 UNKNOWN 유지","K-FIND:D103-172000000-0001"
"kfind-catalog-d103-174000000-0001","칼국수","ingredients:UNKNOWN|allergens:UNKNOWN","K-FIND 영양 DB에는 구성 원재료/알레르기 전용 필드가 없어 근거 없는 값은 UNKNOWN 유지","K-FIND:D103-174000000-0001"
"kfind-catalog-d103-175000000-0001","콩국수","ingredients:UNKNOWN|allergens:UNKNOWN","K-FIND 영양 DB에는 구성 원재료/알레르기 전용 필드가 없어 근거 없는 값은 UNKNOWN 유지","K-FIND:D103-175000000-0001"
"kfind-catalog-d303-177000000-0002","팟타이","ingredients:UNKNOWN|allergens:UNKNOWN","K-FIND 영양 DB에는 구성 원재료/알레르기 전용 필드가 없어 근거 없는 값은 UNKNOWN 유지","K-FIND:D303-177000000-0002"
"kfind-catalog-d105-199000000-0001","갈비탕","ingredients:UNKNOWN|allergens:UNKNOWN","K-FIND 영양 DB에는 구성 원재료/알레르기 전용 필드가 없어 근거 없는 값은 UNKNOWN 유지","K-FIND:D105-199000000-0001"
"kfind-catalog-d105-200000000-0001","감자국","ingredients:UNKNOWN|allergens:UNKNOWN","K-FIND 영양 DB에는 구성 원재료/알레르기 전용 필드가 없어 근거 없는 값은 UNKNOWN 유지","K-FIND:D105-200000000-0001"
"kfind-catalog-d305-201000000-0001","게국지","ingredients:UNKNOWN|allergens:UNKNOWN","K-FIND 영양 DB에는 구성 원재료/알레르기 전용 필드가 없어 근거 없는 값은 UNKNOWN 유지","K-FIND:D305-201000000-0001"
"kfind-catalog-d305-202000000-0001","곰치국","ingredients:UNKNOWN|allergens:UNKNOWN","K-FIND 영양 DB에는 구성 원재료/알레르기 전용 필드가 없어 근거 없는 값은 UNKNOWN 유지","K-FIND:D305-202000000-0001"
"kfind-catalog-d105-203000000-0001","곰탕","ingredients:UNKNOWN|allergens:UNKNOWN","K-FIND 영양 DB에는 구성 원재료/알레르기 전용 필드가 없어 근거 없는 값은 UNKNOWN 유지","K-FIND:D105-203000000-0001"
"kfind-catalog-d105-205000000-0001","김치국","ingredients:UNKNOWN|allergens:UNKNOWN","K-FIND 영양 DB에는 구성 원재료/알레르기 전용 필드가 없어 근거 없는 값은 UNKNOWN 유지","K-FIND:D105-205000000-0001"
"kfind-catalog-d305-207000000-0001","낙지탕","ingredients:UNKNOWN|allergens:UNKNOWN","K-FIND 영양 DB에는 구성 원재료/알레르기 전용 필드가 없어 근거 없는 값은 UNKNOWN 유지","K-FIND:D305-207000000-0001"
"kfind-catalog-d105-208000000-0001","내장탕","ingredients:UNKNOWN|allergens:UNKNOWN","K-FIND 영양 DB에는 구성 원재료/알레르기 전용 필드가 없어 근거 없는 값은 UNKNOWN 유지","K-FIND:D105-208000000-0001"
"kfind-catalog-d105-210000000-0001","달걀국","ingredients:UNKNOWN|allergens:UNKNOWN","K-FIND 영양 DB에는 구성 원재료/알레르기 전용 필드가 없어 근거 없는 값은 UNKNOWN 유지","K-FIND:D105-210000000-0001"
"kfind-catalog-d105-213000000-0001","닭곰탕","ingredients:UNKNOWN|allergens:UNKNOWN","K-FIND 영양 DB에는 구성 원재료/알레르기 전용 필드가 없어 근거 없는 값은 UNKNOWN 유지","K-FIND:D105-213000000-0001"
"kfind-catalog-d105-215000000-0001","도가니탕","ingredients:UNKNOWN|allergens:UNKNOWN","K-FIND 영양 DB에는 구성 원재료/알레르기 전용 필드가 없어 근거 없는 값은 UNKNOWN 유지","K-FIND:D105-215000000-0001"
"kfind-catalog-d105-272000000-0001","동태국","ingredients:UNKNOWN|allergens:UNKNOWN","K-FIND 영양 DB에는 구성 원재료/알레르기 전용 필드가 없어 근거 없는 값은 UNKNOWN 유지","K-FIND:D105-272000000-0001"
"kfind-catalog-d305-218000000-0001","매생이국","ingredients:UNKNOWN|allergens:UNKNOWN","K-FIND 영양 DB에는 구성 원재료/알레르기 전용 필드가 없어 근거 없는 값은 UNKNOWN 유지","K-FIND:D305-218000000-0001"
"kfind-catalog-d305-259000000-0001","무국물","ingredients:UNKNOWN|allergens:UNKNOWN","K-FIND 영양 DB에는 구성 원재료/알레르기 전용 필드가 없어 근거 없는 값은 UNKNOWN 유지","K-FIND:D305-259000000-0001"
"kfind-catalog-d305-222000000-0001","미소된장국","ingredients:UNKNOWN|allergens:UNKNOWN","K-FIND 영양 DB에는 구성 원재료/알레르기 전용 필드가 없어 근거 없는 값은 UNKNOWN 유지","K-FIND:D305-222000000-0001"
"kfind-catalog-d105-223000000-0001","미역국","ingredients:UNKNOWN|allergens:UNKNOWN","K-FIND 영양 DB에는 구성 원재료/알레르기 전용 필드가 없어 근거 없는 값은 UNKNOWN 유지","K-FIND:D105-223000000-0001"
"kfind-catalog-d105-226000000-0001","북어국","ingredients:UNKNOWN|allergens:UNKNOWN","K-FIND 영양 DB에는 구성 원재료/알레르기 전용 필드가 없어 근거 없는 값은 UNKNOWN 유지","K-FIND:D105-226000000-0001"
"kfind-catalog-d105-227000000-0001","사골국","ingredients:UNKNOWN|allergens:UNKNOWN","K-FIND 영양 DB에는 구성 원재료/알레르기 전용 필드가 없어 근거 없는 값은 UNKNOWN 유지","K-FIND:D105-227000000-0001"
"kfind-catalog-d105-228000000-0001","삼계탕","ingredients:UNKNOWN|allergens:UNKNOWN","K-FIND 영양 DB에는 구성 원재료/알레르기 전용 필드가 없어 근거 없는 값은 UNKNOWN 유지","K-FIND:D105-228000000-0001"
"kfind-catalog-d105-229000000-0001","새우탕","ingredients:UNKNOWN|allergens:UNKNOWN","K-FIND 영양 DB에는 구성 원재료/알레르기 전용 필드가 없어 근거 없는 값은 UNKNOWN 유지","K-FIND:D105-229000000-0001"
"kfind-catalog-d105-231000000-0001","설렁탕","ingredients:UNKNOWN|allergens:UNKNOWN","K-FIND 영양 DB에는 구성 원재료/알레르기 전용 필드가 없어 근거 없는 값은 UNKNOWN 유지","K-FIND:D105-231000000-0001"
"kfind-catalog-d305-233000000-0001","소탕","ingredients:UNKNOWN|allergens:UNKNOWN","K-FIND 영양 DB에는 구성 원재료/알레르기 전용 필드가 없어 근거 없는 값은 UNKNOWN 유지","K-FIND:D305-233000000-0001"
"kfind-catalog-d105-234000000-0001","순대국","ingredients:UNKNOWN|allergens:UNKNOWN","K-FIND 영양 DB에는 구성 원재료/알레르기 전용 필드가 없어 근거 없는 값은 UNKNOWN 유지","K-FIND:D105-234000000-0001"
"kfind-catalog-d305-235000000-0001","아구탕","ingredients:UNKNOWN|allergens:UNKNOWN","K-FIND 영양 DB에는 구성 원재료/알레르기 전용 필드가 없어 근거 없는 값은 UNKNOWN 유지","K-FIND:D305-235000000-0001"
"kfind-catalog-d105-237000000-0001","어묵국(어묵탕)","ingredients:UNKNOWN|allergens:UNKNOWN","K-FIND 영양 DB에는 구성 원재료/알레르기 전용 필드가 없어 근거 없는 값은 UNKNOWN 유지","K-FIND:D105-237000000-0001"
"kfind-catalog-d305-239000000-0001","어탕","ingredients:UNKNOWN|allergens:UNKNOWN","K-FIND 영양 DB에는 구성 원재료/알레르기 전용 필드가 없어 근거 없는 값은 UNKNOWN 유지","K-FIND:D305-239000000-0001"
"kfind-catalog-d305-240000000-0001","연포탕","ingredients:UNKNOWN|allergens:UNKNOWN","K-FIND 영양 DB에는 구성 원재료/알레르기 전용 필드가 없어 근거 없는 값은 UNKNOWN 유지","K-FIND:D305-240000000-0001"
"kfind-catalog-d305-241000000-0001","오이냉국","ingredients:UNKNOWN|allergens:UNKNOWN","K-FIND 영양 DB에는 구성 원재료/알레르기 전용 필드가 없어 근거 없는 값은 UNKNOWN 유지","K-FIND:D305-241000000-0001"
"kfind-catalog-d106-259000000-0001","갈치찌개","ingredients:UNKNOWN|allergens:UNKNOWN","K-FIND 영양 DB에는 구성 원재료/알레르기 전용 필드가 없어 근거 없는 값은 UNKNOWN 유지","K-FIND:D106-259000000-0001"
"kfind-catalog-d106-260000000-0001","감자탕","ingredients:UNKNOWN|allergens:UNKNOWN","K-FIND 영양 DB에는 구성 원재료/알레르기 전용 필드가 없어 근거 없는 값은 UNKNOWN 유지","K-FIND:D106-260000000-0001"
"kfind-catalog-d106-265000000-0001","김치전골","ingredients:UNKNOWN|allergens:UNKNOWN","K-FIND 영양 DB에는 구성 원재료/알레르기 전용 필드가 없어 근거 없는 값은 UNKNOWN 유지","K-FIND:D106-265000000-0001"
"kfind-catalog-d306-266000000-0001","김치찌개","ingredients:UNKNOWN|allergens:UNKNOWN","K-FIND 영양 DB에는 구성 원재료/알레르기 전용 필드가 없어 근거 없는 값은 UNKNOWN 유지","K-FIND:D306-266000000-0001"
"kfind-catalog-d306-267000000-0001","꽁치찌개","ingredients:UNKNOWN|allergens:UNKNOWN","K-FIND 영양 DB에는 구성 원재료/알레르기 전용 필드가 없어 근거 없는 값은 UNKNOWN 유지","K-FIND:D306-267000000-0001"
"kfind-catalog-d106-268000000-0001","꽃게탕","ingredients:UNKNOWN|allergens:UNKNOWN","K-FIND 영양 DB에는 구성 원재료/알레르기 전용 필드가 없어 근거 없는 값은 UNKNOWN 유지","K-FIND:D106-268000000-0001"
"kfind-catalog-d106-270000000-0001","낙지전골","ingredients:UNKNOWN|allergens:UNKNOWN","K-FIND 영양 DB에는 구성 원재료/알레르기 전용 필드가 없어 근거 없는 값은 UNKNOWN 유지","K-FIND:D106-270000000-0001"
"kfind-catalog-d106-273000000-0001","동태찌개","ingredients:UNKNOWN|allergens:UNKNOWN","K-FIND 영양 DB에는 구성 원재료/알레르기 전용 필드가 없어 근거 없는 값은 UNKNOWN 유지","K-FIND:D106-273000000-0001"
"kfind-catalog-d106-274000000-0001","돼지고기찌개","ingredients:UNKNOWN|allergens:UNKNOWN","K-FIND 영양 DB에는 구성 원재료/알레르기 전용 필드가 없어 근거 없는 값은 UNKNOWN 유지","K-FIND:D106-274000000-0001"
"kfind-catalog-d106-275000000-0001","된장찌개","ingredients:UNKNOWN|allergens:UNKNOWN","K-FIND 영양 DB에는 구성 원재료/알레르기 전용 필드가 없어 근거 없는 값은 UNKNOWN 유지","K-FIND:D106-275000000-0001"
"kfind-catalog-d306-276000000-0001","두부전골","ingredients:UNKNOWN|allergens:UNKNOWN","K-FIND 영양 DB에는 구성 원재료/알레르기 전용 필드가 없어 근거 없는 값은 UNKNOWN 유지","K-FIND:D306-276000000-0001"
"kfind-catalog-d306-278000000-0002","마라탕","ingredients:UNKNOWN|allergens:UNKNOWN","K-FIND 영양 DB에는 구성 원재료/알레르기 전용 필드가 없어 근거 없는 값은 UNKNOWN 유지","K-FIND:D306-278000000-0002"
"kfind-catalog-d306-279000000-0002","만두전골","ingredients:UNKNOWN|allergens:UNKNOWN","K-FIND 영양 DB에는 구성 원재료/알레르기 전용 필드가 없어 근거 없는 값은 UNKNOWN 유지","K-FIND:D306-279000000-0002"
"kfind-catalog-d106-282000000-0001","버섯전골","ingredients:UNKNOWN|allergens:UNKNOWN","K-FIND 영양 DB에는 구성 원재료/알레르기 전용 필드가 없어 근거 없는 값은 UNKNOWN 유지","K-FIND:D106-282000000-0001"
"kfind-catalog-d306-283000000-0001","버섯찌개","ingredients:UNKNOWN|allergens:UNKNOWN","K-FIND 영양 DB에는 구성 원재료/알레르기 전용 필드가 없어 근거 없는 값은 UNKNOWN 유지","K-FIND:D306-283000000-0001"
"kfind-catalog-d106-284000000-0001","부대찌개","ingredients:UNKNOWN|allergens:UNKNOWN","K-FIND 영양 DB에는 구성 원재료/알레르기 전용 필드가 없어 근거 없는 값은 UNKNOWN 유지","K-FIND:D106-284000000-0001"
"kfind-catalog-d106-289000000-0001","소고기전골","ingredients:UNKNOWN|allergens:UNKNOWN","K-FIND 영양 DB에는 구성 원재료/알레르기 전용 필드가 없어 근거 없는 값은 UNKNOWN 유지","K-FIND:D106-289000000-0001"
"kfind-catalog-d106-293000000-0001","알탕","ingredients:UNKNOWN|allergens:UNKNOWN","K-FIND 영양 DB에는 구성 원재료/알레르기 전용 필드가 없어 근거 없는 값은 UNKNOWN 유지","K-FIND:D106-293000000-0001"
"kfind-catalog-d106-294000000-0001","오리백숙","ingredients:UNKNOWN|allergens:UNKNOWN","K-FIND 영양 DB에는 구성 원재료/알레르기 전용 필드가 없어 근거 없는 값은 UNKNOWN 유지","K-FIND:D106-294000000-0001"
"kfind-catalog-d106-295000000-0001","오리탕","ingredients:UNKNOWN|allergens:UNKNOWN","K-FIND 영양 DB에는 구성 원재료/알레르기 전용 필드가 없어 근거 없는 값은 UNKNOWN 유지","K-FIND:D106-295000000-0001"
"kfind-catalog-d106-296000000-0001","오징어찌개","ingredients:UNKNOWN|allergens:UNKNOWN","K-FIND 영양 DB에는 구성 원재료/알레르기 전용 필드가 없어 근거 없는 값은 UNKNOWN 유지","K-FIND:D106-296000000-0001"
"kfind-catalog-d106-297000000-0001","청국장찌개","ingredients:UNKNOWN|allergens:UNKNOWN","K-FIND 영양 DB에는 구성 원재료/알레르기 전용 필드가 없어 근거 없는 값은 UNKNOWN 유지","K-FIND:D106-297000000-0001"
"kfind-catalog-d108-352000000-0001","가자미구이","ingredients:UNKNOWN|allergens:UNKNOWN","K-FIND 영양 DB에는 구성 원재료/알레르기 전용 필드가 없어 근거 없는 값은 UNKNOWN 유지","K-FIND:D108-352000000-0001"
"kfind-catalog-d308-364000000-0001","꿩불고기","ingredients:UNKNOWN|allergens:UNKNOWN","K-FIND 영양 DB에는 구성 원재료/알레르기 전용 필드가 없어 근거 없는 값은 UNKNOWN 유지","K-FIND:D308-364000000-0001"
"kfind-catalog-d108-365000000-0001","닭구이","ingredients:UNKNOWN|allergens:UNKNOWN","K-FIND 영양 DB에는 구성 원재료/알레르기 전용 필드가 없어 근거 없는 값은 UNKNOWN 유지","K-FIND:D108-365000000-0001"
"kfind-catalog-d108-368000000-0001","닭발구이","ingredients:UNKNOWN|allergens:UNKNOWN","K-FIND 영양 DB에는 구성 원재료/알레르기 전용 필드가 없어 근거 없는 값은 UNKNOWN 유지","K-FIND:D108-368000000-0001"
"kfind-catalog-d308-371000000-0001","더덕구이","ingredients:UNKNOWN|allergens:UNKNOWN","K-FIND 영양 DB에는 구성 원재료/알레르기 전용 필드가 없어 근거 없는 값은 UNKNOWN 유지","K-FIND:D308-371000000-0001"
"kfind-catalog-d308-374000000-0001","돼지껍데기구이","ingredients:UNKNOWN|allergens:UNKNOWN","K-FIND 영양 DB에는 구성 원재료/알레르기 전용 필드가 없어 근거 없는 값은 UNKNOWN 유지","K-FIND:D308-374000000-0001"
"kfind-catalog-d108-376000000-0001","떡갈비","ingredients:UNKNOWN|allergens:UNKNOWN","K-FIND 영양 DB에는 구성 원재료/알레르기 전용 필드가 없어 근거 없는 값은 UNKNOWN 유지","K-FIND:D108-376000000-0001"
"kfind-catalog-d108-377000000-0001","런천미트구이","ingredients:UNKNOWN|allergens:UNKNOWN","K-FIND 영양 DB에는 구성 원재료/알레르기 전용 필드가 없어 근거 없는 값은 UNKNOWN 유지","K-FIND:D108-377000000-0001"
"kfind-catalog-d108-379000000-0001","뱅어포구이","ingredients:UNKNOWN|allergens:UNKNOWN","K-FIND 영양 DB에는 구성 원재료/알레르기 전용 필드가 없어 근거 없는 값은 UNKNOWN 유지","K-FIND:D108-379000000-0001"
"kfind-catalog-d108-380000000-0001","버섯구이","ingredients:UNKNOWN|allergens:UNKNOWN","K-FIND 영양 DB에는 구성 원재료/알레르기 전용 필드가 없어 근거 없는 값은 UNKNOWN 유지","K-FIND:D108-380000000-0001"
"kfind-catalog-d108-381000000-0001","버섯구이표고버섯","ingredients:UNKNOWN|allergens:UNKNOWN","K-FIND 영양 DB에는 구성 원재료/알레르기 전용 필드가 없어 근거 없는 값은 UNKNOWN 유지","K-FIND:D108-381000000-0001"
"kfind-catalog-d108-382000000-0001","삼겹살구이","ingredients:UNKNOWN|allergens:UNKNOWN","K-FIND 영양 DB에는 구성 원재료/알레르기 전용 필드가 없어 근거 없는 값은 UNKNOWN 유지","K-FIND:D108-382000000-0001"
"kfind-catalog-d108-383000000-0001","삼치구이","ingredients:UNKNOWN|allergens:UNKNOWN","K-FIND 영양 DB에는 구성 원재료/알레르기 전용 필드가 없어 근거 없는 값은 UNKNOWN 유지","K-FIND:D108-383000000-0001"
"kfind-catalog-d108-384000000-0001","새우구이","ingredients:UNKNOWN|allergens:UNKNOWN","K-FIND 영양 DB에는 구성 원재료/알레르기 전용 필드가 없어 근거 없는 값은 UNKNOWN 유지","K-FIND:D108-384000000-0001"
"kfind-catalog-d108-386000000-0001","소불고기","ingredients:UNKNOWN|allergens:UNKNOWN","K-FIND 영양 DB에는 구성 원재료/알레르기 전용 필드가 없어 근거 없는 값은 UNKNOWN 유지","K-FIND:D108-386000000-0001"
"kfind-catalog-d308-388000000-0001","연어구이","ingredients:UNKNOWN|allergens:UNKNOWN","K-FIND 영양 DB에는 구성 원재료/알레르기 전용 필드가 없어 근거 없는 값은 UNKNOWN 유지","K-FIND:D308-388000000-0001"
"kfind-catalog-d108-390000000-0001","오리고기구이","ingredients:UNKNOWN|allergens:UNKNOWN","K-FIND 영양 DB에는 구성 원재료/알레르기 전용 필드가 없어 근거 없는 값은 UNKNOWN 유지","K-FIND:D108-390000000-0001"
"kfind-catalog-d108-392000000-0001","오리불고기","ingredients:UNKNOWN|allergens:UNKNOWN","K-FIND 영양 DB에는 구성 원재료/알레르기 전용 필드가 없어 근거 없는 값은 UNKNOWN 유지","K-FIND:D108-392000000-0001"
"kfind-catalog-d308-395000000-0001","임연수구이","ingredients:UNKNOWN|allergens:UNKNOWN","K-FIND 영양 DB에는 구성 원재료/알레르기 전용 필드가 없어 근거 없는 값은 UNKNOWN 유지","K-FIND:D308-395000000-0001"
"kfind-catalog-d108-399000000-0001","조기구이","ingredients:UNKNOWN|allergens:UNKNOWN","K-FIND 영양 DB에는 구성 원재료/알레르기 전용 필드가 없어 근거 없는 값은 UNKNOWN 유지","K-FIND:D108-399000000-0001"
"kfind-catalog-d110-450000000-0001","감자볶음","ingredients:UNKNOWN|allergens:UNKNOWN","K-FIND 영양 DB에는 구성 원재료/알레르기 전용 필드가 없어 근거 없는 값은 UNKNOWN 유지","K-FIND:D110-450000000-0001"
"kfind-catalog-d110-451000000-0001","건새우볶음","ingredients:UNKNOWN|allergens:UNKNOWN","K-FIND 영양 DB에는 구성 원재료/알레르기 전용 필드가 없어 근거 없는 값은 UNKNOWN 유지","K-FIND:D110-451000000-0001"
"kfind-catalog-d110-456000000-0001","김치볶음","ingredients:UNKNOWN|allergens:UNKNOWN","K-FIND 영양 DB에는 구성 원재료/알레르기 전용 필드가 없어 근거 없는 값은 UNKNOWN 유지","K-FIND:D110-456000000-0001"
"kfind-catalog-d110-457000000-0001","낙지볶음","ingredients:UNKNOWN|allergens:UNKNOWN","K-FIND 영양 DB에는 구성 원재료/알레르기 전용 필드가 없어 근거 없는 값은 UNKNOWN 유지","K-FIND:D110-457000000-0001"
"kfind-catalog-d310-459000000-0001","느타리버섯볶음","ingredients:UNKNOWN|allergens:UNKNOWN","K-FIND 영양 DB에는 구성 원재료/알레르기 전용 필드가 없어 근거 없는 값은 UNKNOWN 유지","K-FIND:D310-459000000-0001"
"kfind-catalog-d310-460000000-0001","닭모래집볶음","ingredients:UNKNOWN|allergens:UNKNOWN","K-FIND 영양 DB에는 구성 원재료/알레르기 전용 필드가 없어 근거 없는 값은 UNKNOWN 유지","K-FIND:D310-460000000-0001"
"kfind-catalog-d110-461000000-0001","닭발볶음","ingredients:UNKNOWN|allergens:UNKNOWN","K-FIND 영양 DB에는 구성 원재료/알레르기 전용 필드가 없어 근거 없는 값은 UNKNOWN 유지","K-FIND:D110-461000000-0001"
"kfind-catalog-d110-462000000-0001","닭볶음(닭갈비)","ingredients:UNKNOWN|allergens:UNKNOWN","K-FIND 영양 DB에는 구성 원재료/알레르기 전용 필드가 없어 근거 없는 값은 UNKNOWN 유지","K-FIND:D110-462000000-0001"
"kfind-catalog-d110-463000000-0001","당근볶음","ingredients:UNKNOWN|allergens:UNKNOWN","K-FIND 영양 DB에는 구성 원재료/알레르기 전용 필드가 없어 근거 없는 값은 UNKNOWN 유지","K-FIND:D110-463000000-0001"
"kfind-catalog-d310-464000000-0002","돼지고기볶음","ingredients:UNKNOWN|allergens:UNKNOWN","K-FIND 영양 DB에는 구성 원재료/알레르기 전용 필드가 없어 근거 없는 값은 UNKNOWN 유지","K-FIND:D310-464000000-0002"
"kfind-catalog-d110-465000000-0001","돼지고기볶음(제육볶음)","ingredients:UNKNOWN|allergens:UNKNOWN","K-FIND 영양 DB에는 구성 원재료/알레르기 전용 필드가 없어 근거 없는 값은 UNKNOWN 유지","K-FIND:D110-465000000-0001"
"kfind-catalog-d310-466000000-0001","두부김치","ingredients:UNKNOWN|allergens:UNKNOWN","K-FIND 영양 DB에는 구성 원재료/알레르기 전용 필드가 없어 근거 없는 값은 UNKNOWN 유지","K-FIND:D310-466000000-0001"
"kfind-catalog-d110-467000000-0001","떡볶이","ingredients:UNKNOWN|allergens:UNKNOWN","K-FIND 영양 DB에는 구성 원재료/알레르기 전용 필드가 없어 근거 없는 값은 UNKNOWN 유지","K-FIND:D110-467000000-0001"
"kfind-catalog-d110-468000000-0001","라볶이","ingredients:UNKNOWN|allergens:UNKNOWN","K-FIND 영양 DB에는 구성 원재료/알레르기 전용 필드가 없어 근거 없는 값은 UNKNOWN 유지","K-FIND:D110-468000000-0001"
"kfind-catalog-d110-469000000-0001","마늘쫑볶음","ingredients:UNKNOWN|allergens:UNKNOWN","K-FIND 영양 DB에는 구성 원재료/알레르기 전용 필드가 없어 근거 없는 값은 UNKNOWN 유지","K-FIND:D110-469000000-0001"
"kfind-catalog-d110-470000000-0001","마파두부","ingredients:UNKNOWN|allergens:UNKNOWN","K-FIND 영양 DB에는 구성 원재료/알레르기 전용 필드가 없어 근거 없는 값은 UNKNOWN 유지","K-FIND:D110-470000000-0001"
"kfind-catalog-d310-471000000-0001","머위나물볶음","ingredients:UNKNOWN|allergens:UNKNOWN","K-FIND 영양 DB에는 구성 원재료/알레르기 전용 필드가 없어 근거 없는 값은 UNKNOWN 유지","K-FIND:D310-471000000-0001"
"kfind-catalog-d110-472000000-0001","멸치볶음","ingredients:UNKNOWN|allergens:UNKNOWN","K-FIND 영양 DB에는 구성 원재료/알레르기 전용 필드가 없어 근거 없는 값은 UNKNOWN 유지","K-FIND:D110-472000000-0001"
"kfind-catalog-d110-475000000-0001","미역줄기볶음","ingredients:UNKNOWN|allergens:UNKNOWN","K-FIND 영양 DB에는 구성 원재료/알레르기 전용 필드가 없어 근거 없는 값은 UNKNOWN 유지","K-FIND:D110-475000000-0001"
"kfind-catalog-d110-477000000-0001","브로콜리볶음","ingredients:UNKNOWN|allergens:UNKNOWN","K-FIND 영양 DB에는 구성 원재료/알레르기 전용 필드가 없어 근거 없는 값은 UNKNOWN 유지","K-FIND:D110-477000000-0001"
"kfind-catalog-d110-480000000-0001","새우볶음","ingredients:UNKNOWN|allergens:UNKNOWN","K-FIND 영양 DB에는 구성 원재료/알레르기 전용 필드가 없어 근거 없는 값은 UNKNOWN 유지","K-FIND:D110-480000000-0001"
"kfind-catalog-d110-482000000-0001","소시지볶음","ingredients:UNKNOWN|allergens:UNKNOWN","K-FIND 영양 DB에는 구성 원재료/알레르기 전용 필드가 없어 근거 없는 값은 UNKNOWN 유지","K-FIND:D110-482000000-0001"
"kfind-catalog-d310-483000000-0004","순대볶음","ingredients:UNKNOWN|allergens:UNKNOWN","K-FIND 영양 DB에는 구성 원재료/알레르기 전용 필드가 없어 근거 없는 값은 UNKNOWN 유지","K-FIND:D310-483000000-0004"
"kfind-catalog-d110-484000000-0001","애호박볶음","ingredients:UNKNOWN|allergens:UNKNOWN","K-FIND 영양 DB에는 구성 원재료/알레르기 전용 필드가 없어 근거 없는 값은 UNKNOWN 유지","K-FIND:D110-484000000-0001"
"kfind-catalog-d110-485000000-0001","양파볶음","ingredients:UNKNOWN|allergens:UNKNOWN","K-FIND 영양 DB에는 구성 원재료/알레르기 전용 필드가 없어 근거 없는 값은 UNKNOWN 유지","K-FIND:D110-485000000-0001"
"kfind-catalog-d311-506000000-0001","가자미조림","ingredients:UNKNOWN|allergens:UNKNOWN","K-FIND 영양 DB에는 구성 원재료/알레르기 전용 필드가 없어 근거 없는 값은 UNKNOWN 유지","K-FIND:D311-506000000-0001"
"kfind-catalog-d111-508000000-0001","감자조림","ingredients:UNKNOWN|allergens:UNKNOWN","K-FIND 영양 DB에는 구성 원재료/알레르기 전용 필드가 없어 근거 없는 값은 UNKNOWN 유지","K-FIND:D111-508000000-0001"
"kfind-catalog-d111-509000000-0001","고등어조림","ingredients:UNKNOWN|allergens:UNKNOWN","K-FIND 영양 DB에는 구성 원재료/알레르기 전용 필드가 없어 근거 없는 값은 UNKNOWN 유지","K-FIND:D111-509000000-0001"
"kfind-catalog-d311-510000000-0001","고추조림","ingredients:UNKNOWN|allergens:UNKNOWN","K-FIND 영양 DB에는 구성 원재료/알레르기 전용 필드가 없어 근거 없는 값은 UNKNOWN 유지","K-FIND:D311-510000000-0001"
"kfind-catalog-d111-511000000-0001","꽁치조림","ingredients:UNKNOWN|allergens:UNKNOWN","K-FIND 영양 DB에는 구성 원재료/알레르기 전용 필드가 없어 근거 없는 값은 UNKNOWN 유지","K-FIND:D111-511000000-0001"
"kfind-catalog-d111-514000000-0001","닭볶음탕","ingredients:UNKNOWN|allergens:UNKNOWN","K-FIND 영양 DB에는 구성 원재료/알레르기 전용 필드가 없어 근거 없는 값은 UNKNOWN 유지","K-FIND:D111-514000000-0001"
"kfind-catalog-d111-515000000-0001","닭조림","ingredients:UNKNOWN|allergens:UNKNOWN","K-FIND 영양 DB에는 구성 원재료/알레르기 전용 필드가 없어 근거 없는 값은 UNKNOWN 유지","K-FIND:D111-515000000-0001"
"kfind-catalog-d311-516000000-0001","동태조림","ingredients:UNKNOWN|allergens:UNKNOWN","K-FIND 영양 DB에는 구성 원재료/알레르기 전용 필드가 없어 근거 없는 값은 UNKNOWN 유지","K-FIND:D311-516000000-0001"
"kfind-catalog-d111-517000000-0001","두부조림","ingredients:UNKNOWN|allergens:UNKNOWN","K-FIND 영양 DB에는 구성 원재료/알레르기 전용 필드가 없어 근거 없는 값은 UNKNOWN 유지","K-FIND:D111-517000000-0001"
"kfind-catalog-d111-518000000-0001","땅콩조림","ingredients:UNKNOWN|allergens:UNKNOWN","K-FIND 영양 DB에는 구성 원재료/알레르기 전용 필드가 없어 근거 없는 값은 UNKNOWN 유지","K-FIND:D111-518000000-0001"
"kfind-catalog-d111-519000000-0001","멸치조림","ingredients:UNKNOWN|allergens:UNKNOWN","K-FIND 영양 DB에는 구성 원재료/알레르기 전용 필드가 없어 근거 없는 값은 UNKNOWN 유지","K-FIND:D111-519000000-0001"
"kfind-catalog-d111-520000000-0001","무조림","ingredients:UNKNOWN|allergens:UNKNOWN","K-FIND 영양 DB에는 구성 원재료/알레르기 전용 필드가 없어 근거 없는 값은 UNKNOWN 유지","K-FIND:D111-520000000-0001"
"kfind-catalog-d111-521000000-0001","미트볼조림","ingredients:UNKNOWN|allergens:UNKNOWN","K-FIND 영양 DB에는 구성 원재료/알레르기 전용 필드가 없어 근거 없는 값은 UNKNOWN 유지","K-FIND:D111-521000000-0001"
"kfind-catalog-d111-522000000-0001","버섯조림","ingredients:UNKNOWN|allergens:UNKNOWN","K-FIND 영양 DB에는 구성 원재료/알레르기 전용 필드가 없어 근거 없는 값은 UNKNOWN 유지","K-FIND:D111-522000000-0001"
"kfind-catalog-d111-523000000-0001","병어조림","ingredients:UNKNOWN|allergens:UNKNOWN","K-FIND 영양 DB에는 구성 원재료/알레르기 전용 필드가 없어 근거 없는 값은 UNKNOWN 유지","K-FIND:D111-523000000-0001"
"kfind-catalog-d107-304000000-0001","가오리찜","ingredients:UNKNOWN|allergens:UNKNOWN","K-FIND 영양 DB에는 구성 원재료/알레르기 전용 필드가 없어 근거 없는 값은 UNKNOWN 유지","K-FIND:D107-304000000-0001"
"kfind-catalog-d107-310000000-0001","깻잎찜","ingredients:UNKNOWN|allergens:UNKNOWN","K-FIND 영양 DB에는 구성 원재료/알레르기 전용 필드가 없어 근거 없는 값은 UNKNOWN 유지","K-FIND:D107-310000000-0001"
"kfind-catalog-d307-311000000-0001","꼬막무침","ingredients:UNKNOWN|allergens:UNKNOWN","K-FIND 영양 DB에는 구성 원재료/알레르기 전용 필드가 없어 근거 없는 값은 UNKNOWN 유지","K-FIND:D307-311000000-0001"
"kfind-catalog-d107-312000000-0001","꼬막찜","ingredients:UNKNOWN|allergens:UNKNOWN","K-FIND 영양 DB에는 구성 원재료/알레르기 전용 필드가 없어 근거 없는 값은 UNKNOWN 유지","K-FIND:D107-312000000-0001"
"kfind-catalog-d107-314000000-0001","꽈리고추찜","ingredients:UNKNOWN|allergens:UNKNOWN","K-FIND 영양 DB에는 구성 원재료/알레르기 전용 필드가 없어 근거 없는 값은 UNKNOWN 유지","K-FIND:D107-314000000-0001"
"kfind-catalog-d107-318000000-0001","닭찜","ingredients:UNKNOWN|allergens:UNKNOWN","K-FIND 영양 DB에는 구성 원재료/알레르기 전용 필드가 없어 근거 없는 값은 UNKNOWN 유지","K-FIND:D107-318000000-0001"
"kfind-catalog-d307-320000000-0001","대구찜","ingredients:UNKNOWN|allergens:UNKNOWN","K-FIND 영양 DB에는 구성 원재료/알레르기 전용 필드가 없어 근거 없는 값은 UNKNOWN 유지","K-FIND:D307-320000000-0001"
"kfind-catalog-d307-322000000-0001","동태찜","ingredients:UNKNOWN|allergens:UNKNOWN","K-FIND 영양 DB에는 구성 원재료/알레르기 전용 필드가 없어 근거 없는 값은 UNKNOWN 유지","K-FIND:D307-322000000-0001"
"kfind-catalog-d307-323000000-0001","동파육","ingredients:UNKNOWN|allergens:UNKNOWN","K-FIND 영양 DB에는 구성 원재료/알레르기 전용 필드가 없어 근거 없는 값은 UNKNOWN 유지","K-FIND:D307-323000000-0001"
"kfind-catalog-d107-324000000-0001","돼지갈비찜","ingredients:UNKNOWN|allergens:UNKNOWN","K-FIND 영양 DB에는 구성 원재료/알레르기 전용 필드가 없어 근거 없는 값은 UNKNOWN 유지","K-FIND:D107-324000000-0001"
"kfind-catalog-d307-327000000-0001","돼지등갈비찜","ingredients:UNKNOWN|allergens:UNKNOWN","K-FIND 영양 DB에는 구성 원재료/알레르기 전용 필드가 없어 근거 없는 값은 UNKNOWN 유지","K-FIND:D307-327000000-0001"
"kfind-catalog-d307-330000000-0001","북어찜","ingredients:UNKNOWN|allergens:UNKNOWN","K-FIND 영양 DB에는 구성 원재료/알레르기 전용 필드가 없어 근거 없는 값은 UNKNOWN 유지","K-FIND:D307-330000000-0001"
"kfind-catalog-d109-407000000-0001","가지전","ingredients:UNKNOWN|allergens:UNKNOWN","K-FIND 영양 DB에는 구성 원재료/알레르기 전용 필드가 없어 근거 없는 값은 UNKNOWN 유지","K-FIND:D109-407000000-0001"
"kfind-catalog-d109-408000000-0001","감자전","ingredients:UNKNOWN|allergens:UNKNOWN","K-FIND 영양 DB에는 구성 원재료/알레르기 전용 필드가 없어 근거 없는 값은 UNKNOWN 유지","K-FIND:D109-408000000-0001"
"kfind-catalog-d109-409000000-0001","고구마전","ingredients:UNKNOWN|allergens:UNKNOWN","K-FIND 영양 DB에는 구성 원재료/알레르기 전용 필드가 없어 근거 없는 값은 UNKNOWN 유지","K-FIND:D109-409000000-0001"
"kfind-catalog-d309-410000000-0001","고추전","ingredients:UNKNOWN|allergens:UNKNOWN","K-FIND 영양 DB에는 구성 원재료/알레르기 전용 필드가 없어 근거 없는 값은 UNKNOWN 유지","K-FIND:D309-410000000-0001"
"kfind-catalog-d309-411000000-0001","굴전","ingredients:UNKNOWN|allergens:UNKNOWN","K-FIND 영양 DB에는 구성 원재료/알레르기 전용 필드가 없어 근거 없는 값은 UNKNOWN 유지","K-FIND:D309-411000000-0001"
"kfind-catalog-d109-412000000-0001","김치전","ingredients:UNKNOWN|allergens:UNKNOWN","K-FIND 영양 DB에는 구성 원재료/알레르기 전용 필드가 없어 근거 없는 값은 UNKNOWN 유지","K-FIND:D109-412000000-0001"
"kfind-catalog-d309-413000000-0001","깻잎전","ingredients:UNKNOWN|allergens:UNKNOWN","K-FIND 영양 DB에는 구성 원재료/알레르기 전용 필드가 없어 근거 없는 값은 UNKNOWN 유지","K-FIND:D309-413000000-0001"
"kfind-catalog-d309-415000000-0001","녹두빈대떡","ingredients:UNKNOWN|allergens:UNKNOWN","K-FIND 영양 DB에는 구성 원재료/알레르기 전용 필드가 없어 근거 없는 값은 UNKNOWN 유지","K-FIND:D309-415000000-0001"
"kfind-catalog-d109-416000000-0001","달걀말이","ingredients:UNKNOWN|allergens:UNKNOWN","K-FIND 영양 DB에는 구성 원재료/알레르기 전용 필드가 없어 근거 없는 값은 UNKNOWN 유지","K-FIND:D109-416000000-0001"
"kfind-catalog-d109-417000000-0001","달걀부침(달걀후라이)","ingredients:UNKNOWN|allergens:UNKNOWN","K-FIND 영양 DB에는 구성 원재료/알레르기 전용 필드가 없어 근거 없는 값은 UNKNOWN 유지","K-FIND:D109-417000000-0001"
"kfind-catalog-d309-418000000-0001","동태전","ingredients:UNKNOWN|allergens:UNKNOWN","K-FIND 영양 DB에는 구성 원재료/알레르기 전용 필드가 없어 근거 없는 값은 UNKNOWN 유지","K-FIND:D309-418000000-0001"
"kfind-catalog-d109-419000000-0001","두부부침","ingredients:UNKNOWN|allergens:UNKNOWN","K-FIND 영양 DB에는 구성 원재료/알레르기 전용 필드가 없어 근거 없는 값은 UNKNOWN 유지","K-FIND:D109-419000000-0001"
"kfind-catalog-d309-420000000-0001","두부전","ingredients:UNKNOWN|allergens:UNKNOWN","K-FIND 영양 DB에는 구성 원재료/알레르기 전용 필드가 없어 근거 없는 값은 UNKNOWN 유지","K-FIND:D309-420000000-0001"
"kfind-catalog-d109-421000000-0001","맛살전","ingredients:UNKNOWN|allergens:UNKNOWN","K-FIND 영양 DB에는 구성 원재료/알레르기 전용 필드가 없어 근거 없는 값은 UNKNOWN 유지","K-FIND:D109-421000000-0001"
"kfind-catalog-d109-422000000-0001","메밀전","ingredients:UNKNOWN|allergens:UNKNOWN","K-FIND 영양 DB에는 구성 원재료/알레르기 전용 필드가 없어 근거 없는 값은 UNKNOWN 유지","K-FIND:D109-422000000-0001"
"kfind-catalog-d112-537000000-0001","감자튀김","ingredients:UNKNOWN|allergens:UNKNOWN","K-FIND 영양 DB에는 구성 원재료/알레르기 전용 필드가 없어 근거 없는 값은 UNKNOWN 유지","K-FIND:D112-537000000-0001"
"kfind-catalog-d312-538000000-0001","고구마맛탕","ingredients:UNKNOWN|allergens:UNKNOWN","K-FIND 영양 DB에는 구성 원재료/알레르기 전용 필드가 없어 근거 없는 값은 UNKNOWN 유지","K-FIND:D312-538000000-0001"
"kfind-catalog-d312-539000000-0001","고구마튀김","ingredients:UNKNOWN|allergens:UNKNOWN","K-FIND 영양 DB에는 구성 원재료/알레르기 전용 필드가 없어 근거 없는 값은 UNKNOWN 유지","K-FIND:D312-539000000-0001"
"kfind-catalog-d312-540000000-0001","고추튀김","ingredients:UNKNOWN|allergens:UNKNOWN","K-FIND 영양 DB에는 구성 원재료/알레르기 전용 필드가 없어 근거 없는 값은 UNKNOWN 유지","K-FIND:D312-540000000-0001"
"kfind-catalog-d312-541000000-0001","김말이튀김","ingredients:UNKNOWN|allergens:UNKNOWN","K-FIND 영양 DB에는 구성 원재료/알레르기 전용 필드가 없어 근거 없는 값은 UNKNOWN 유지","K-FIND:D312-541000000-0001"
"kfind-catalog-d112-542000000-0001","김튀김","ingredients:UNKNOWN|allergens:UNKNOWN","K-FIND 영양 DB에는 구성 원재료/알레르기 전용 필드가 없어 근거 없는 값은 UNKNOWN 유지","K-FIND:D112-542000000-0001"
"kfind-catalog-d312-545000000-0001","깐풍새우","ingredients:UNKNOWN|allergens:UNKNOWN","K-FIND 영양 DB에는 구성 원재료/알레르기 전용 필드가 없어 근거 없는 값은 UNKNOWN 유지","K-FIND:D312-545000000-0001"
"kfind-catalog-d312-584000000-0001","난자완스","ingredients:UNKNOWN|allergens:UNKNOWN","K-FIND 영양 DB에는 구성 원재료/알레르기 전용 필드가 없어 근거 없는 값은 UNKNOWN 유지","K-FIND:D312-584000000-0001"
"kfind-catalog-d302-054000000-0001","개피떡(바람떡)","ingredients:UNKNOWN|allergens:UNKNOWN","K-FIND 영양 DB에는 구성 원재료/알레르기 전용 필드가 없어 근거 없는 값은 UNKNOWN 유지","K-FIND:D302-054000000-0001"
"kfind-catalog-d302-056000000-0001","기피편","ingredients:UNKNOWN|allergens:UNKNOWN","K-FIND 영양 DB에는 구성 원재료/알레르기 전용 필드가 없어 근거 없는 값은 UNKNOWN 유지","K-FIND:D302-056000000-0001"
"kfind-catalog-d102-057000000-0001","꿀떡","ingredients:UNKNOWN|allergens:UNKNOWN","K-FIND 영양 DB에는 구성 원재료/알레르기 전용 필드가 없어 근거 없는 값은 UNKNOWN 유지","K-FIND:D102-057000000-0001"
"kfind-catalog-d302-081000000-0001","다쿠아즈","ingredients:UNKNOWN|allergens:UNKNOWN","K-FIND 영양 DB에는 구성 원재료/알레르기 전용 필드가 없어 근거 없는 값은 UNKNOWN 유지","K-FIND:D302-081000000-0001"
"kfind-catalog-d102-085000000-0001","마늘빵","ingredients:UNKNOWN|allergens:UNKNOWN","K-FIND 영양 DB에는 구성 원재료/알레르기 전용 필드가 없어 근거 없는 값은 UNKNOWN 유지","K-FIND:D102-085000000-0001"
"kfind-catalog-d302-086000000-0001","마카롱","ingredients:UNKNOWN|allergens:UNKNOWN","K-FIND 영양 DB에는 구성 원재료/알레르기 전용 필드가 없어 근거 없는 값은 UNKNOWN 유지","K-FIND:D302-086000000-0001"
"kfind-catalog-d302-129000000-0001","매작과","ingredients:UNKNOWN|allergens:UNKNOWN","K-FIND 영양 DB에는 구성 원재료/알레르기 전용 필드가 없어 근거 없는 값은 UNKNOWN 유지","K-FIND:D302-129000000-0001"
"kfind-catalog-d102-087000000-0001","머핀","ingredients:UNKNOWN|allergens:UNKNOWN","K-FIND 영양 DB에는 구성 원재료/알레르기 전용 필드가 없어 근거 없는 값은 UNKNOWN 유지","K-FIND:D102-087000000-0001"
"kfind-catalog-d114-601000000-0001","가죽나물무침","ingredients:UNKNOWN|allergens:UNKNOWN","K-FIND 영양 DB에는 구성 원재료/알레르기 전용 필드가 없어 근거 없는 값은 UNKNOWN 유지","K-FIND:D114-601000000-0001"
"kfind-catalog-d314-607000000-0001","골뱅이무침","ingredients:UNKNOWN|allergens:UNKNOWN","K-FIND 영양 DB에는 구성 원재료/알레르기 전용 필드가 없어 근거 없는 값은 UNKNOWN 유지","K-FIND:D314-607000000-0001"
"kfind-catalog-d114-609000000-0001","굴무침","ingredients:UNKNOWN|allergens:UNKNOWN","K-FIND 영양 DB에는 구성 원재료/알레르기 전용 필드가 없어 근거 없는 값은 UNKNOWN 유지","K-FIND:D114-609000000-0001"
"kfind-catalog-d114-610000000-0001","김무침","ingredients:UNKNOWN|allergens:UNKNOWN","K-FIND 영양 DB에는 구성 원재료/알레르기 전용 필드가 없어 근거 없는 값은 UNKNOWN 유지","K-FIND:D114-610000000-0001"
"kfind-catalog-d114-611000000-0001","낙지무침","ingredients:UNKNOWN|allergens:UNKNOWN","K-FIND 영양 DB에는 구성 원재료/알레르기 전용 필드가 없어 근거 없는 값은 UNKNOWN 유지","K-FIND:D114-611000000-0001"
"kfind-catalog-d314-613000000-0001","노각무침","ingredients:UNKNOWN|allergens:UNKNOWN","K-FIND 영양 DB에는 구성 원재료/알레르기 전용 필드가 없어 근거 없는 값은 UNKNOWN 유지","K-FIND:D314-613000000-0001"
"kfind-catalog-d314-640000000-0001","콥샐러드&시저드레싱","ingredients:UNKNOWN|allergens:UNKNOWN","K-FIND 영양 DB에는 구성 원재료/알레르기 전용 필드가 없어 근거 없는 값은 UNKNOWN 유지","K-FIND:D314-640000000-0001"
"kfind-catalog-d114-640020000-0001","감자 샐러드","ingredients:UNKNOWN|allergens:UNKNOWN","K-FIND 영양 DB에는 구성 원재료/알레르기 전용 필드가 없어 근거 없는 값은 UNKNOWN 유지","K-FIND:D114-640020000-0001"
"kfind-catalog-d314-640030000-0001","고구마 샐러드","ingredients:UNKNOWN|allergens:UNKNOWN","K-FIND 영양 DB에는 구성 원재료/알레르기 전용 필드가 없어 근거 없는 값은 UNKNOWN 유지","K-FIND:D314-640030000-0001"
"kfind-catalog-d214-640000000-0019","과일리코타 샐러드","ingredients:UNKNOWN|allergens:UNKNOWN","K-FIND 영양 DB에는 구성 원재료/알레르기 전용 필드가 없어 근거 없는 값은 UNKNOWN 유지","K-FIND:D214-640000000-0019"
"kfind-catalog-d214-640000000-0001","과카몰리치킨 샐러드","ingredients:UNKNOWN|allergens:UNKNOWN","K-FIND 영양 DB에는 구성 원재료/알레르기 전용 필드가 없어 근거 없는 값은 UNKNOWN 유지","K-FIND:D214-640000000-0001"
"kfind-catalog-d214-640000000-0002","그릴드 치킨 샐러드","ingredients:PARTIAL","공식 설명에 풍성한 재료가 구체적으로 열거되지 않아 원재료는 PARTIAL 유지; 공식 알레르기 표시는 COMPLETE","https://m.hollys.co.kr/menu/menuView.do?idx=665&menuDiv=BAKERY"
"kfind-catalog-d214-640000000-0003","그릴드치킨 시저 샐러드","ingredients:UNKNOWN|allergens:UNKNOWN","K-FIND 영양 DB에는 구성 원재료/알레르기 전용 필드가 없어 근거 없는 값은 UNKNOWN 유지","K-FIND:D214-640000000-0003"
"kfind-catalog-d214-640000000-0028","그릴치킨오렌지샐러드","ingredients:UNKNOWN|allergens:UNKNOWN","K-FIND 영양 DB에는 구성 원재료/알레르기 전용 필드가 없어 근거 없는 값은 UNKNOWN 유지","K-FIND:D214-640000000-0028"
"kfind-catalog-d302-096070000-0002","닭고기또띠아샌드위치","ingredients:UNKNOWN|allergens:UNKNOWN","K-FIND 영양 DB에는 구성 원재료/알레르기 전용 필드가 없어 근거 없는 값은 UNKNOWN 유지","K-FIND:D302-096070000-0002"
"kfind-catalog-d202-096000000-0193","게살듬뿍모닝 샌드위치","ingredients:UNKNOWN|allergens:UNKNOWN","K-FIND 영양 DB에는 구성 원재료/알레르기 전용 필드가 없어 근거 없는 값은 UNKNOWN 유지","K-FIND:D202-096000000-0193"
"kfind-catalog-d202-096000000-0009","고르곤졸라 불고기 파니니","ingredients:UNKNOWN|allergens:UNKNOWN","K-FIND 영양 DB에는 구성 원재료/알레르기 전용 필드가 없어 근거 없는 값은 UNKNOWN 유지","K-FIND:D202-096000000-0009"
"kfind-catalog-d202-096000000-0158","고소한햄에그샌드위치","ingredients:UNKNOWN|allergens:UNKNOWN","K-FIND 영양 DB에는 구성 원재료/알레르기 전용 필드가 없어 근거 없는 값은 UNKNOWN 유지","K-FIND:D202-096000000-0158"
"kfind-catalog-d202-096000000-0010","그릭치킨 샌드위치","ingredients:UNKNOWN|allergens:UNKNOWN","K-FIND 영양 DB에는 구성 원재료/알레르기 전용 필드가 없어 근거 없는 값은 UNKNOWN 유지","K-FIND:D202-096000000-0010"
"kfind-catalog-d202-096000000-0117","그릴치킨 당근라페 샌드위치","ingredients:UNKNOWN|allergens:UNKNOWN","K-FIND 영양 DB에는 구성 원재료/알레르기 전용 필드가 없어 근거 없는 값은 UNKNOWN 유지","K-FIND:D202-096000000-0117"
"kfind-catalog-d202-083000000-0020","매콤치킨랩","ingredients:UNKNOWN|allergens:UNKNOWN","K-FIND 영양 DB에는 구성 원재료/알레르기 전용 필드가 없어 근거 없는 값은 UNKNOWN 유지","K-FIND:D202-083000000-0020"
"kfind-catalog-d202-083000000-0021","베지텐더밸런스랩","ingredients:UNKNOWN|allergens:UNKNOWN","K-FIND 영양 DB에는 구성 원재료/알레르기 전용 필드가 없어 근거 없는 값은 UNKNOWN 유지","K-FIND:D202-083000000-0021"
"kfind-catalog-d202-083000000-0022","싱그러운치킨텐더그린랩","ingredients:UNKNOWN|allergens:UNKNOWN","K-FIND 영양 DB에는 구성 원재료/알레르기 전용 필드가 없어 근거 없는 값은 UNKNOWN 유지","K-FIND:D202-083000000-0022"
"kfind-catalog-d202-083000000-0023","크리스퍼랩","ingredients:UNKNOWN|allergens:UNKNOWN","K-FIND 영양 DB에는 구성 원재료/알레르기 전용 필드가 없어 근거 없는 값은 UNKNOWN 유지","K-FIND:D202-083000000-0023"
"kfind-catalog-d202-115000000-0001","갈릭스틱토스트","ingredients:UNKNOWN|allergens:UNKNOWN","K-FIND 영양 DB에는 구성 원재료/알레르기 전용 필드가 없어 근거 없는 값은 UNKNOWN 유지","K-FIND:D202-115000000-0001"
"kfind-catalog-d202-115000000-0002","갈릭치즈토스트","ingredients:UNKNOWN|allergens:UNKNOWN","K-FIND 영양 DB에는 구성 원재료/알레르기 전용 필드가 없어 근거 없는 값은 UNKNOWN 유지","K-FIND:D202-115000000-0002"
"kfind-catalog-d202-115000000-0003","구운햄치즈 토스트","ingredients:UNKNOWN|allergens:UNKNOWN","K-FIND 영양 DB에는 구성 원재료/알레르기 전용 필드가 없어 근거 없는 값은 UNKNOWN 유지","K-FIND:D202-115000000-0003"
"kfind-catalog-d202-115000000-0024","누텔라 바나나 토스트","ingredients:UNKNOWN|allergens:UNKNOWN","K-FIND 영양 DB에는 구성 원재료/알레르기 전용 필드가 없어 근거 없는 값은 UNKNOWN 유지","K-FIND:D202-115000000-0024"
"kfind-catalog-d303-161000000-0002","바질크림 빠네 파스타","ingredients:UNKNOWN|allergens:UNKNOWN","K-FIND 영양 DB에는 구성 원재료/알레르기 전용 필드가 없어 근거 없는 값은 UNKNOWN 유지","K-FIND:D303-161000000-0002"
"kfind-catalog-d303-161000000-0004","볼로네제라구파스타","ingredients:UNKNOWN|allergens:UNKNOWN","K-FIND 영양 DB에는 구성 원재료/알레르기 전용 필드가 없어 근거 없는 값은 UNKNOWN 유지","K-FIND:D303-161000000-0004"
"kfind-catalog-d303-161000000-0005","쉬림프 로제파스타","ingredients:UNKNOWN|allergens:UNKNOWN","K-FIND 영양 DB에는 구성 원재료/알레르기 전용 필드가 없어 근거 없는 값은 UNKNOWN 유지","K-FIND:D303-161000000-0005"
"kfind-catalog-d303-161000000-0007","쉬림프 크림파스타","ingredients:UNKNOWN|allergens:UNKNOWN","K-FIND 영양 DB에는 구성 원재료/알레르기 전용 필드가 없어 근거 없는 값은 UNKNOWN 유지","K-FIND:D303-161000000-0007"
"kfind-catalog-d303-161000000-0008","알리오올리오파스타","ingredients:UNKNOWN|allergens:UNKNOWN","K-FIND 영양 DB에는 구성 원재료/알레르기 전용 필드가 없어 근거 없는 값은 UNKNOWN 유지","K-FIND:D303-161000000-0008"
"kfind-catalog-d303-161000000-0009","에그인헬파스타","ingredients:UNKNOWN|allergens:UNKNOWN","K-FIND 영양 DB에는 구성 원재료/알레르기 전용 필드가 없어 근거 없는 값은 UNKNOWN 유지","K-FIND:D303-161000000-0009"
"kfind-catalog-d220-718000000-0015","마시는 요거트 딸기","ingredients:UNKNOWN|allergens:UNKNOWN","K-FIND 영양 DB에는 구성 원재료/알레르기 전용 필드가 없어 근거 없는 값은 UNKNOWN 유지","K-FIND:D220-718000000-0015"
"kfind-catalog-d220-718000000-0016","마시는 요거트 망고","ingredients:UNKNOWN|allergens:UNKNOWN","K-FIND 영양 DB에는 구성 원재료/알레르기 전용 필드가 없어 근거 없는 값은 UNKNOWN 유지","K-FIND:D220-718000000-0016"
"kfind-catalog-d220-718000000-0017","마시는 요거트 블루베리","ingredients:UNKNOWN|allergens:UNKNOWN","K-FIND 영양 DB에는 구성 원재료/알레르기 전용 필드가 없어 근거 없는 값은 UNKNOWN 유지","K-FIND:D220-718000000-0017"
"kfind-catalog-d220-718000000-0018","마시는 요거트 자몽","ingredients:UNKNOWN|allergens:UNKNOWN","K-FIND 영양 DB에는 구성 원재료/알레르기 전용 필드가 없어 근거 없는 값은 UNKNOWN 유지","K-FIND:D220-718000000-0018"
"kfind-catalog-d220-716000000-0018","딸기 생과일주스","ingredients:UNKNOWN|allergens:UNKNOWN","K-FIND 영양 DB에는 구성 원재료/알레르기 전용 필드가 없어 근거 없는 값은 UNKNOWN 유지","K-FIND:D220-716000000-0018"
"kfind-catalog-d220-716000000-0052","바나나 생과일 주스","ingredients:UNKNOWN|allergens:UNKNOWN","K-FIND 영양 DB에는 구성 원재료/알레르기 전용 필드가 없어 근거 없는 값은 UNKNOWN 유지","K-FIND:D220-716000000-0052"
"kfind-catalog-d220-716000000-0065","생과일 수박 주스","ingredients:UNKNOWN|allergens:UNKNOWN","K-FIND 영양 DB에는 구성 원재료/알레르기 전용 필드가 없어 근거 없는 값은 UNKNOWN 유지","K-FIND:D220-716000000-0065"
"kfind-catalog-d220-716000000-0066","생과일 토마토 주스","ingredients:UNKNOWN|allergens:UNKNOWN","K-FIND 영양 DB에는 구성 원재료/알레르기 전용 필드가 없어 근거 없는 값은 UNKNOWN 유지","K-FIND:D220-716000000-0066"
