stableTemplateId,menuName,ingredients,foodGroups,grainType,proteinSources,cookingStyle,sourceName,sourceUrl,evidenceScope,verifiedAt,slowStyleEligible,notes,evidenceRecipeId,negativeSignals,sourceSha256
kfind-breakfast-cook-2,카레라이스,백미|카레가루|감자|당근|양파|고기,REFINED_GRAIN|ROOT_STARCH|VEGETABLE|MEAT_UNSPECIFIED,RICE_OR_FLOUR,MEAT_UNSPECIFIED,SIMMERED,한국관광공사 공식 음식 소개,https://english.visitkorea.or.kr/svc/sp/food/ext/special_view.do?menuSn=913&vcontsId=231502,PUBLIC_DISH_DEFINITION,2026-10-04,false,본문의 한국 카레라이스 조리 설명만 사용; 일본식 루의 밀가루는 한국 음식 구성으로 복사하지 않음; 고기 종류 미확정,KTO-231502,,bdfd5ed4c8def1c1b48f00e10905174ddee534d724fef2180f162e2c47b659ed
kfind-lunch-cook-2,오므라이스,쌀|채소|햄|고기|달걀,GRAIN_UNSPECIFIED|VEGETABLE|PROCESSED_MEAT|EGG|MEAT_UNSPECIFIED,RICE_OR_FLOUR,EGG|MEAT_UNSPECIFIED|PROCESSED_MEAT,PAN_COOKED,한국관광공사 공식 음식 소개,https://english.visitkorea.or.kr/svc/sp/food/ext/special_view.do?menuSn=913&vcontsId=231562,PUBLIC_DISH_DEFINITION,2026-10-04,false,전형적 볶음밥 구성의 햄 확인; 케첩/데미글라스/카레 소스는 변형으로 기술되어 포함 여부 미확정,KTO-231562,,b63534eb2149240a23927993b5ba6c1bcb76a5d23eff4293922ffb0ac5662129
kfind-catalog-d310-466000000-0001,두부김치,두부|김치,LEGUME_SOY|VEGETABLE,NONE,LEGUME_SOY,ASSEMBLED,한국관광공사 공식 음식 소개,https://english.visitkorea.or.kr/svc/sp/food/ext/special_view.do?menuSn=913&vcontsId=179834,PUBLIC_DISH_DEFINITION,2026-10-04,false,데운 두부와 익은 김치라는 본문 구성; 볶음김치는 선택 대체 구성,KTO-179834,,794061b66794cf714ffa7aa1ff7da9f7112407520fd4f882c7a1fde2837153fc
kfind-catalog-d305-201000000-0001,게국지,꽃게|김치,SEAFOOD|VEGETABLE,NONE,SEAFOOD,SIMMERED,한국관광공사 공식 음식 소개,https://english.visitkorea.or.kr/svc/sp/food/ext/special_view.do?menuSn=913&vcontsId=179219,PUBLIC_DISH_DEFINITION,2026-10-04,false,본문에 명시된 주요 구성만 연결; 실제 조리법별 전체 원재료·알레르기·영양·제공량은 확정하지 않음,KTO-179219,,79ef76287557cb1738a370398dcb970cc7d178b8e065c24d2b54edced84f97d0
kfind-catalog-d307-320000000-0001,대구찜,대구|콩나물|미나리,FISH|VEGETABLE,NONE,FISH,BRAISED,한국관광공사 공식 음식 소개,https://english.visitkorea.or.kr/svc/sp/food/ext/special_view.do?menuSn=913&vcontsId=178299,PUBLIC_DISH_DEFINITION,2026-10-04,false,본문에 명시된 주요 구성만 연결; 실제 조리법별 전체 원재료·알레르기·영양·제공량은 확정하지 않음,KTO-178299,,8a8023ae4019d6c4343efd519b04da3c94ec144bc4e76991b1403a63abddb9f0
kfind-catalog-d301-015000000-0001,묵밥,도토리묵|쌀|김치|오이|김|멸치육수,ROOT_STARCH|GRAIN_UNSPECIFIED|VEGETABLE,RICE_OR_FLOUR,UNKNOWN,ASSEMBLED,한국관광공사 공식 음식 소개,https://english.visitkorea.or.kr/svc/sp/food/ext/special_view.do?menuSn=913&vcontsId=178046,PUBLIC_DISH_DEFINITION,2026-10-04,false,조는 선택 재료라 MIXED_GRAIN 태그를 추가하지 않음; 육수용 멸치만으로 생선 주재료 태그를 추가하지 않음,KTO-178046,,bc4ce4d22ad65f40905ba62e4bdbd18bf1c182b3231585a6a12294cb2814f99a
kfind-catalog-d312-540000000-0001,고추튀김,풋고추|튀김옷,VEGETABLE,NONE,UNKNOWN,DEEP_FRIED,한국관광공사 공식 음식 소개,https://english.visitkorea.or.kr/svc/sp/food/ext/special_view.do?menuSn=913&vcontsId=231392,PUBLIC_DISH_DEFINITION,2026-10-04,false,당면·채소·고기는 소의 가능한 종류이므로 해당 구성은 추정하지 않음,KTO-231392,,9031b54a0ed987864ec7e62d9543095acdfb2f72543b36858291b85ccd42501a
kfind-catalog-d312-538000000-0001,고구마맛탕,고구마|당류 시럽,ROOT_STARCH,NONE,UNKNOWN,DEEP_FRIED,한국관광공사 공식 음식 소개,https://english.visitkorea.or.kr/svc/sp/food/ext/special_view.do?menuSn=913&vcontsId=179919,PUBLIC_DISH_DEFINITION,2026-10-04,false,본문에 튀긴 고구마를 설탕·물엿·꿀 기반 시럽으로 코팅한 디저트로 명시; 개별 당류 종류/함량은 미확정,KTO-179919,SUGAR_HEAVY_DESSERT,4d657855c9e9b4ca09c3509c872f45fcc658eb6243a382970927529dd0f17bbb
kfind-catalog-d108-392000000-0001,오리불고기,오리고기|채소|부추,POULTRY|VEGETABLE,NONE,POULTRY,PAN_COOKED,한국관광공사 공식 음식 소개,https://english.visitkorea.or.kr/svc/sp/food/ext/special_view.do?menuSn=913&vcontsId=180155,PUBLIC_DISH_DEFINITION,2026-10-04,false,본문의 생오리고기 불고기 조리 부분만 사용; 훈제오리는 다른 섭취 방법이며 건강효과 설명은 반영하지 않음,KTO-180155,,defbba439a411c240c4c61a2dac2c2d21555a31c2f781f305b2df831687c7742
kfind-catalog-d101-023000000-0001,알밥,쌀|날치알|당근|오이|단무지|김,GRAIN_UNSPECIFIED|FISH|VEGETABLE,RICE_OR_FLOUR,FISH,ASSEMBLED,한국관광공사 공식 음식 소개,https://english.visitkorea.or.kr/svc/sp/food/ext/special_view.do?menuSn=913&vcontsId=181465,PUBLIC_DISH_DEFINITION,2026-10-04,false,본문에 명시된 날치알밥의 일반 구성만 사용; 연어알·성게알·문어는 다른 변형이므로 추가하지 않음,KTO-181465,,111a0e4f2f053092ef77051b5eb980ff28e99fe0d968f529949800bd3021882f
kfind-catalog-d101-017000000-0001,볶음밥,쌀|양파|당근,GRAIN_UNSPECIFIED|VEGETABLE,RICE_OR_FLOUR,UNKNOWN,PAN_COOKED,한국관광공사 공식 음식 소개,https://english.visitkorea.or.kr/svc/sp/food/ext/special_view.do?menuSn=913&vcontsId=178056,PUBLIC_DISH_DEFINITION,2026-10-04,false,본문의 기본 볶음밥 구성; 달걀·새우·부추·돼지고기는 선택 구성이라 추가하지 않음,KTO-178056,,51e00a4b89f59759f5371447e4090ba8278127656e474ebf2040f51bdff68655
kfind-catalog-d101-007000000-0001,김밥,쌀|단무지|달걀|어묵|당근|시금치|김,GRAIN_UNSPECIFIED|VEGETABLE|EGG|PROCESSED_FISH,RICE_OR_FLOUR,EGG,ASSEMBLED,한국관광공사 공식 음식 소개,https://english.visitkorea.or.kr/svc/sp/food/ext/special_view.do?menuSn=913&vcontsId=178926,PUBLIC_DISH_DEFINITION,2026-10-04,false,치즈·김치는 변형이라 포함 여부 미확정; 어묵은 가공수산물로 별도 태그이며 생선 우선 점수에 포함하지 않음,KTO-178926,,ed268ffb48cf5851d54148585c1b9a8acf88f9ec44d8bf1b1b0304e1287fba03
kfind-catalog-d308-395000000-0001,임연수구이,임연수어,FISH,NONE,FISH,GRILLED,한국관광공사 공식 음식 소개,https://english.visitkorea.or.kr/svc/sp/food/ext/special_view.do?menuSn=913&vcontsId=231570,PUBLIC_DISH_DEFINITION,2026-10-04,false,본문에 명시된 주요 구성만 연결; 실제 조리법별 전체 원재료·알레르기·영양·제공량은 확정하지 않음,KTO-231570,,99ef4dea5d9d4c069bea853bc91851661fdf3c18d9060175fe09c25aa1f202d8
kfind-catalog-d108-352000000-0001,가자미구이,가자미,FISH,NONE,FISH,GRILLED,한국관광공사 공식 음식 소개,https://english.visitkorea.or.kr/svc/sp/food/ext/special_view.do?menuSn=913&vcontsId=231523,PUBLIC_DISH_DEFINITION,2026-10-04,false,본문에 명시된 주요 구성만 연결; 실제 조리법별 전체 원재료·알레르기·영양·제공량은 확정하지 않음,KTO-231523,,a2d00c1e95a42afda728a6a2e4ccfe091f5ccb476a3dab1a9fa58952925d2454
kfind-catalog-d103-148000000-0001,라면,인스턴트 면|달걀|파,GRAIN_UNSPECIFIED|EGG,RICE_OR_FLOUR,EGG,SIMMERED,한국관광공사 공식 음식 소개,https://english.visitkorea.or.kr/svc/sp/food/ext/special_view.do?menuSn=913&vcontsId=178959,PUBLIC_DISH_DEFINITION,2026-10-04,false,오징어·문어·콩나물은 선택 재료이므로 추가하지 않음; 양념용 파를 주요 채소 식품군으로 추가하지 않음,KTO-178959,,2c16c7a6fe43ccf18e62085f3850ef4a16d725265e2b41e88dc82fd323089943
kfind-catalog-d101-033000000-0001,잡채밥,쌀|당면|채소|고기,GRAIN_UNSPECIFIED|VEGETABLE|MEAT_UNSPECIFIED,RICE_OR_FLOUR,MEAT_UNSPECIFIED,PAN_COOKED,한국관광공사 공식 음식 소개,https://english.visitkorea.or.kr/svc/sp/food/ext/special_view.do?menuSn=913&vcontsId=231465,PUBLIC_DISH_DEFINITION,2026-10-04,false,고기 종류가 명시되지 않아 RED_MEAT 또는 POULTRY로 추정하지 않음,KTO-231465,,63e89d9a13cdf658cd394d3602917007ef60571f3de96f68fa1601c204e9a428
kfind-catalog-d301-025000000-0001,연잎밥,찹쌀|밤|대추|연잎,GRAIN_UNSPECIFIED|ROOT_STARCH,RICE_OR_FLOUR,UNKNOWN,STEAMED,한국관광공사 공식 음식 소개,https://english.visitkorea.or.kr/svc/sp/food/ext/special_view.do?menuSn=913&vcontsId=178082,PUBLIC_DISH_DEFINITION,2026-10-04,false,밤은 전분성 식재료로 구분; 연잎은 포장·조리 용도라 채소 섭취군으로 집계하지 않고 소량 대추는 하루 과일군으로 집계하지 않음,KTO-178082,,b1268ad0784e0e72458ea2c6efd12db325c8336cdef4d45c6791d4ff8c8df3ed
kfind-catalog-d306-279000000-0002,만두전골,만두|김치|파|버섯|두부|멸치|다시마|쇠고기 양지 육수,LEGUME_SOY|VEGETABLE|RED_MEAT,NONE,LEGUME_SOY|RED_MEAT,SIMMERED,한국관광공사 공식 음식 소개,https://english.visitkorea.or.kr/svc/sp/food/ext/special_view.do?menuSn=913&vcontsId=231433,PUBLIC_DISH_DEFINITION,2026-10-04,false,양지 육수도 원재료 근거에 보존; 만두 소의 상세 구성은 미확정,KTO-231433,,cafa9f46d1ba19b34367e3022c7a7e74db425993a5c5b47250f6f07a1de56be2
kfind-catalog-d305-202000000-0001,곰치국,곰치,FISH,NONE,FISH,SIMMERED,한국관광공사 공식 음식 소개,https://english.visitkorea.or.kr/svc/sp/food/ext/special_view.do?menuSn=913&vcontsId=178129,PUBLIC_DISH_DEFINITION,2026-10-04,false,본문이 곰치를 생선 식재료로 명시; 그 밖의 국 재료는 추정하지 않음,KTO-178129,,bc740699d599848b77f82e090b45b4036cc4a1ad784a4e8dde58c77f1d930553
kfind-catalog-d101-026000000-0001,영양돌솥밥,곡물|채소|찹쌀|대추|밤|은행|버섯,MIXED_GRAIN|VEGETABLE|ROOT_STARCH,MIXED_GRAINS,UNKNOWN,BOILED,한국관광공사 공식 음식 소개,https://english.visitkorea.or.kr/svc/sp/food/ext/special_view.do?menuSn=913&vcontsId=231596,PUBLIC_DISH_DEFINITION,2026-10-04,false,"본문에 여러 곡물·채소 구성 명시; 통곡물 도정도 미확인, 밤·은행을 지방성 견과류처럼 점수화하지 않음",KTO-231596,,9c68dd929ad4e785138fd021ee7e3338a69cd504a8d85a0b1fbdbf99e2a408a0
kfind-catalog-d305-207000000-0001,낙지탕,낙지|박,SEAFOOD|VEGETABLE,NONE,SEAFOOD,SIMMERED,한국관광공사 공식 음식 소개,https://english.visitkorea.or.kr/svc/sp/food/ext/special_view.do?menuSn=913&vcontsId=180163,PUBLIC_DISH_DEFINITION,2026-10-04,false,본문에 명시된 주요 구성만 연결; 실제 조리법별 전체 원재료·알레르기·영양·제공량은 확정하지 않음,KTO-180163,,d616f98daa783ba69b052d02fcb5f8e337c08d591c9c2551810dc09436f77964
kfind-catalog-d105-215000000-0001,도가니탕,소 무릎 연골|힘줄|쇠고기 양지|쇠고기 사태|파|마늘|후추,RED_MEAT,NONE,RED_MEAT,SIMMERED,한국관광공사 공식 음식 소개,https://english.visitkorea.or.kr/svc/sp/food/ext/special_view.do?menuSn=913&vcontsId=178304,PUBLIC_DISH_DEFINITION,2026-10-04,false,본문의 파·마늘은 향신재료로만 보존; 관절 건강효과 문구를 가져오지 않음,KTO-178304,,6222e6ea8300933b5c8eb94150fae9aad0ec51295ed7f5adc6cb83faedd8eb57
kfind-catalog-d308-364000000-0001,꿩불고기,꿩|채소|당면|간장,POULTRY|VEGETABLE|GRAIN_UNSPECIFIED,RICE_OR_FLOUR,POULTRY,SIMMERED,한국관광공사 공식 음식 소개,https://english.visitkorea.or.kr/svc/sp/food/ext/special_view.do?menuSn=913&vcontsId=179290,PUBLIC_DISH_DEFINITION,2026-10-04,false,소량 물로 끓이는 설명 확인; 달콤한 양념은 기술됐으나 당류 함량은 미확정,KTO-179290,,fb543bd480de28b08486ace31c75f0ee17e092a2ae21c783526afcd413365482
kfind-catalog-d102-057000000-0001,꿀떡,쌀떡|꿀 또는 설탕 소,GRAIN_UNSPECIFIED,RICE_OR_FLOUR,UNKNOWN,UNKNOWN,한국관광공사 공식 음식 소개,https://english.visitkorea.or.kr/svc/sp/food/ext/special_view.do?menuSn=913&vcontsId=179974,PUBLIC_DISH_DEFINITION,2026-10-04,false,본문에 꿀/설탕을 넣은 달콤한 떡으로 명시; 두 재료를 모두 실제 함유한다고 확정하지 않음,KTO-179974,SUGAR_HEAVY_DESSERT,54372e099498368680154d285e4cfa8b6b6b7acf3ee5c1b045052371c6981ae6
kfind-catalog-d306-267000000-0001,꽁치찌개,꽁치 통조림|김치|마늘|무|파,FISH|VEGETABLE,NONE,FISH,SIMMERED,한국관광공사 공식 음식 소개,https://english.visitkorea.or.kr/svc/sp/food/ext/special_view.do?menuSn=913&vcontsId=178268,PUBLIC_DISH_DEFINITION,2026-10-04,false,본문에 명시된 주요 구성만 연결; 실제 조리법별 전체 원재료·알레르기·영양·제공량은 확정하지 않음,KTO-178268,,e86fd270dd12f7393aea4d7c9a192cd01d24f87b3b7afb601298fe46cec4d2da
kfind-catalog-d106-284000000-0001,부대찌개,소시지|햄|쇠고기|베이컨|치즈,PROCESSED_MEAT|RED_MEAT|DAIRY,NONE,DAIRY|PROCESSED_MEAT|RED_MEAT,SIMMERED,한국관광공사 공식 음식 소개,https://english.visitkorea.or.kr/svc/sp/food/ext/special_view.do?menuSn=913&vcontsId=178339,PUBLIC_DISH_DEFINITION,2026-10-04,false,본문에 명시된 가공육 구성; 다른 부재료를 음식명으로 추정하지 않음,KTO-178339,,de222fc7a5fc2ab2ce3658fd87f06e7728c540ecc48d2b9b25674160f67390d6
kfind-catalog-d111-514000000-0001,닭볶음탕,닭|감자|고춧가루 양념,POULTRY|ROOT_STARCH,NONE,POULTRY,SIMMERED,한국관광공사 공식 음식 소개,https://english.visitkorea.or.kr/svc/sp/food/ext/special_view.do?menuSn=913&vcontsId=179264,PUBLIC_DISH_DEFINITION,2026-10-04,false,본문에서 추가 채소가 명시되지 않아 닭볶음탕 이름으로 채소를 추정하지 않음,KTO-179264,,a9207eba1bc43ef445ee15c76a9f87417f20b0cedad84ea812668e3f3ad2f24e
kfind-lunch-dining_out-1,쫄면,면|콩나물|양배추|오이|당근|매콤달콤한 소스,GRAIN_UNSPECIFIED|VEGETABLE,RICE_OR_FLOUR,UNKNOWN,ASSEMBLED,한국관광공사 공식 음식 소개,https://english.visitkorea.or.kr/svc/sp/food/ext/special_view.do?menuSn=913&vcontsId=178869,PUBLIC_DISH_DEFINITION,2026-10-04,false,양념 당류 함량은 미확정; 콩나물은 채소로 분류하며 콩 단백질군으로 중복 집계하지 않음,KTO-178869,,0bdebd4b14552e5fbadf393a2d0857de1a2364a00e30738dd7ad93d5a980e92c
kfind-catalog-d314-607000000-0001,골뱅이무침,골뱅이|북어|파|식초|고춧가루,SEAFOOD|FISH,NONE,FISH|SEAFOOD,UNHEATED,한국관광공사 공식 음식 소개,https://english.visitkorea.or.kr/svc/sp/food/ext/special_view.do?menuSn=913&vcontsId=178632,PUBLIC_DISH_DEFINITION,2026-10-04,false,국수는 추가 선택 사항이라 포함 여부 미확정; 파만으로 주요 채소군을 집계하지 않음,KTO-178632,,61acd0c35d7c8a40acd137c1c7e3bd6a522a6480b2431c613efa8067557f991a
kfind-catalog-d103-172000000-0001,짬뽕,면|돼지고기|채소|해물|닭 또는 돼지 뼈 육수,GRAIN_UNSPECIFIED|RED_MEAT|VEGETABLE|SEAFOOD,RICE_OR_FLOUR,RED_MEAT|SEAFOOD,SIMMERED,한국관광공사 공식 음식 소개,https://english.visitkorea.or.kr/svc/sp/food/ext/special_view.do?menuSn=913&vcontsId=179704,PUBLIC_DISH_DEFINITION,2026-10-04,false,육수는 선택 종류로 보존하며 닭이 항상 포함됐다고 확정하지 않음,KTO-179704,,b671782f951aa0af45375efdd89afe8156a409b5f791bc6553c7bb64f3e1f591
kfind-catalog-d310-460000000-0001,닭모래집볶음,닭모래집|양파|고추|피망|버섯,POULTRY|VEGETABLE,NONE,POULTRY,PAN_COOKED,한국관광공사 공식 음식 소개,https://english.visitkorea.or.kr/svc/sp/food/ext/special_view.do?menuSn=913&vcontsId=178480,PUBLIC_DISH_DEFINITION,2026-10-04,false,본문에 명시된 주요 구성만 연결; 실제 조리법별 전체 원재료·알레르기·영양·제공량은 확정하지 않음,KTO-178480,,202075e4b9bfce0fc4c0d2103ca19eb1b235e2ece19feee8107484c999027be7
kfind-catalog-d110-468000000-0001,라볶이,쌀떡|라면|어묵|파|고추장|고춧가루|설탕,GRAIN_UNSPECIFIED|PROCESSED_FISH,RICE_OR_FLOUR,UNKNOWN,SIMMERED,한국관광공사 공식 음식 소개,https://english.visitkorea.or.kr/svc/sp/food/ext/special_view.do?menuSn=913&vcontsId=231494,PUBLIC_DISH_DEFINITION,2026-10-04,false,본문의 다른 채소는 풍미용 추가로 기술되어 주요 채소군에 넣지 않음; 삶은 달걀·치즈·소시지는 선택 사항,KTO-231494,,13b39e904deed1322d9edf12913972ca3083bc1aefb2596a9c10f1cbd16db90d
kfind-catalog-d106-294000000-0001,오리백숙,오리|약재|통마늘|대추|밤,POULTRY|ROOT_STARCH,NONE,POULTRY,SIMMERED,한국관광공사 공식 음식 소개,https://english.visitkorea.or.kr/svc/sp/food/ext/special_view.do?menuSn=913&vcontsId=179458,PUBLIC_DISH_DEFINITION,2026-10-04,false,건강효과 설명은 반영하지 않고 본문의 조리 재료만 사용; 소량 향신재료를 채소·과일군으로 집계하지 않음,KTO-179458,,f471cc89e4d1a182a87825addd45dc73433bc52ddc2269779573a61dabeb2638
kfind-catalog-d109-416000000-0001,달걀말이,달걀,EGG,NONE,EGG,PAN_COOKED,한국관광공사 공식 음식 소개,https://english.visitkorea.or.kr/svc/sp/food/ext/special_view.do?menuSn=913&vcontsId=178911,PUBLIC_DISH_DEFINITION,2026-10-04,false,계란/달걀 같은 식재료 명칭 차이만 연결; 본문의 양파·당근은 can be added 선택 사항이므로 재료·VEGETABLE 식품군을 추가하지 않음,KTO-178911,,c75f0e8aad9b00ef3b19074bafce4ca54f40d9f7ece6326ad12e3c1f651bd479
kfind-catalog-d312-541000000-0001,김말이튀김,김|당면|양파|당근|파,GRAIN_UNSPECIFIED|VEGETABLE,RICE_OR_FLOUR,UNKNOWN,DEEP_FRIED,한국관광공사 공식 음식 소개,https://english.visitkorea.or.kr/svc/sp/food/ext/special_view.do?menuSn=913&vcontsId=178921,PUBLIC_DISH_DEFINITION,2026-10-04,false,본문 제목 Deep-Fried Laver Roll과 김·당면·양파·당근 구성 및 deep-fried 조리 설명이 있는 김말이튀김 reference만 연결; oil 종류·전체 알레르기를 추정하지 않음,KTO-178921,,c4cdeea84c4976e74feddc562e2ffe64015ce4b37fc409ef5ed1b68eeca7e28e
