stableTemplateId,sourceRecipeId,sourceRecipeName,matchReason
kfind-catalog-d309-415000000-0001,RDA-90877,빈대떡,공공 빈대떡 조리자료가 실제 녹두 반죽을 사용한 동일 녹두전 종류임을 식재료 원문에서 확인; 다른 곡물 빈대떡으로 일반화하지 않음
kfind-catalog-d103-146000000-0001,RDA-90742,떡만둣국,만두국/만둣국의 사이시옷 표기 차이만 연결; 만두 종류나 영양·제공량을 다른 제품으로 복사하지 않음
kfind-catalog-d303-151000000-0001,RDA-90393,만둣국(병시),만두국/만둣국의 사이시옷 표기 차이만 연결; 지역 별칭 병시는 원문에 명시
kfind-catalog-d304-192000000-0001,RDA-90730,깨죽,공공 깨죽 재료에 실제 참깨가 명시된 참깨죽 참고 조리법; 검은깨 대체 선택을 전체 메뉴의 확정 알레르기로 추가하지 않음
kfind-breakfast-dining_out-1,RDA-90738,비빔냉면,K-FIND 냉면_비빔냉면의 category·leaf 표시를 같은 비빔냉면 원문에 연결
kfind-catalog-d105-205000000-0001,RDA-90747,김칫국(김치콩나물국),김치국/김칫국의 사이시옷 표기 차이만 연결; 다른 국의 recipe·영양·분량으로 일반화하지 않음
kfind-catalog-d110-469000000-0001,RDA-92523,마늘종볶음,마늘쫑/마늘종의 동일 식재료 표기만 연결; 다른 볶음 재료·식품군을 이름으로 추정하지 않음
kfind-catalog-d106-289000000-0001,RDA-90777,쇠고기전골,소고기/쇠고기의 같은 고기 명칭 차이만 연결; 염소고기·버섯추가별도상품으로 일반화하지 않음
kfind-catalog-d108-386000000-0001,RDA-90835,쇠고기불고기(너비아니) <방법1>,소불고기/쇠고기불고기의 같은 쇠고기 조리 reference임을 원문 식재료·조리법에서 확인; 염소불고기로 연결하지 않음
kfind-catalog-d314-613000000-0001,RDA-90478,노각생채,노각생채 원문이 생 노각을 초고추장에 무치는 조리법임을 확인; 익힌 나물이나 다른 채소로 일반화하지 않음
