stableId,menuName,breakfastEligible,lunchEligible,dinnerEligible,snackEligible,kcal,carbs,protein,fat,macroCompleteness,foodGroup,lightEligible,balancedEligible,heartyEligible,dietEligible,bulkEligible,healthyEligible,cheatEligible,slowAgingStyleEligible,exclusionReason,ingredientCompleteness,allergenCompleteness,portion,confirmedMajorIngredients,verifiedFoodGroups,grainType,proteinSources,cookingStyle,groupSource,groupEvidenceScope,majorIngredientInformationKnown
kfind-breakfast-cook-1,깨죽,True,False,False,False,512,79.28,13.68,15.92,COMPLETE,죽 및 스프류,False,True,True,True,True,True,True,True,,COMPLETE,DECLARED,800g,쌀|설탕 약간|참깨|물|소금 적량,GRAIN_UNSPECIFIED|NUT_SEED,RICE_OR_FLOUR,NUT_SEED,SIMMERED,https://www.nics.go.kr/food/kfi/tfSrch08/view?menuId=PS03520&tfcode=90730,PUBLIC_REFERENCE_RECIPE,True
kfind-breakfast-cook-2,카레라이스,True,False,False,False,518,99.55199999999999,14.927999999999999,6.72,COMPLETE,밥류,False,False,True,True,True,False,True,True,,COMPLETE,DECLARED,480g,백미|카레가루|감자|당근|양파|고기,REFINED_GRAIN|ROOT_STARCH|VEGETABLE|MEAT_UNSPECIFIED,RICE_OR_FLOUR,MEAT_UNSPECIFIED,SIMMERED,https://english.visitkorea.or.kr/svc/sp/food/ext/special_view.do?menuSn=913&vcontsId=231502,PUBLIC_DISH_DEFINITION,True
kfind-breakfast-cook-3,곤드레나물밥,True,False,False,False,522,98.91,10.29,9.485,COMPLETE,밥류,False,False,True,True,True,False,True,True,,COMPLETE,DECLARED,350g,쌀|곤드레,GRAIN_UNSPECIFIED|VEGETABLE,RICE,UNKNOWN,BOILED,https://www.kasid.org/common/fileDownload/only/boardFile/eyJpdiI6InhkU1ZiQlBkM28zYVpIakZUMUFaVEE9PSIsInZhbHVlIjoiekpTeWZWekxsYVhrMG5mYkM0dzhEdz09IiwibWFjIjoiODYzNGNhYTU1MGZlYzJiNWM0OTFmYjMwZjM4NWVmOGRkZTIxNTdjYmVjZTFkYjU3YjRhN2M4MzU1ZjZhOWRkMSIsInRhZyI6IiJ9,PUBLIC_REFERENCE_RECIPE,True
kfind-breakfast-dining_out-1,냉면 · 비빔냉면,True,False,False,False,500,66.75,28.35,13.2,COMPLETE,면 및 만두류,False,True,True,True,True,True,True,True,,COMPLETE,DECLARED,500g,냉면|무|오이|배|쇠고기|달걀,EGG|FRUIT|RED_MEAT|VEGETABLE,NONE,EGG|RED_MEAT,SIMMERED,https://www.nics.go.kr/food/kfi/tfSrch08/view?menuId=PS03520&tfcode=90738,PUBLIC_REFERENCE_RECIPE,True
kfind-breakfast-dining_out-2,샌드위치 · 참치,True,False,False,False,505,34.45,26.35,29.125,COMPLETE,빵 및 과자류,False,False,True,True,True,False,True,False,MISSING_VERIFIED_COMPOSITION,COMPLETE,DECLARED,250g,,,UNKNOWN,UNKNOWN,UNKNOWN,,UNKNOWN,True
kfind-breakfast-dining_out-3,김밥 · 풋고추,True,False,False,False,490,79.808,14.152000000000001,12.789000000000001,COMPLETE,밥류,False,False,True,True,True,True,True,False,MISSING_VERIFIED_COMPOSITION,COMPLETE,DECLARED,290g,,,UNKNOWN,UNKNOWN,UNKNOWN,,UNKNOWN,True
kfind-breakfast-convenience-1,샌드위치 · 닭가슴살 프레시 샌드위치,True,False,False,False,422,,20.998199999999997,,PARTIAL_OR_UNKNOWN,빵 및 과자류,False,False,False,True,True,False,True,True,,COMPLETE,DECLARED,237g,닭가슴살|토마토|피클,POULTRY|VEGETABLE,NONE,POULTRY,UNKNOWN,https://m.hollys.co.kr/menu/menuView.do?idx=1016&menuDiv=BAKERY,BRAND_OFFICIAL_MAJOR_INGREDIENTS,True
kfind-breakfast-convenience-2,토스트 · 햄 치즈 프렌치 토스트,True,False,False,False,499,45.008,16.0,28.0,COMPLETE,빵 및 과자류,False,False,True,True,True,False,True,False,VERIFIED_PROCESSED_MEAT,COMPLETE,DECLARED,160g,브리오슈 프렌치 토스트|에그샐러드|치즈|햄,DAIRY|EGG|PROCESSED_MEAT,NONE,DAIRY|EGG|PROCESSED_MEAT,UNKNOWN,https://www.coffeebeankorea.com/menu/list.asp?category=6&category2=1&page=2,BRAND_OFFICIAL_MAJOR_INGREDIENTS,True
kfind-breakfast-convenience-3,또띠아 · 싱그러운치킨텐더그린랩,True,False,False,False,500,,19.008,,PARTIAL_OR_UNKNOWN,빵 및 과자류,False,False,True,True,True,False,True,False,MISSING_VERIFIED_COMPOSITION,COMPLETE,DECLARED,270g,,,UNKNOWN,UNKNOWN,UNKNOWN,,UNKNOWN,True
kfind-lunch-cook-1,볶음밥 · 해물,False,True,False,False,704,90.44,25.12,27.0,COMPLETE,밥류,False,True,True,True,True,True,True,False,MISSING_VERIFIED_COMPOSITION,COMPLETE,DECLARED,400g,,,UNKNOWN,UNKNOWN,UNKNOWN,,UNKNOWN,True
kfind-lunch-cook-2,오므라이스,False,True,False,False,692,82.16,26.0,28.92,COMPLETE,밥류,False,False,True,True,True,True,True,False,VERIFIED_PROCESSED_MEAT,COMPLETE,DECLARED,400g,쌀|채소|햄|고기|달걀,GRAIN_UNSPECIFIED|VEGETABLE|PROCESSED_MEAT|EGG|MEAT_UNSPECIFIED,RICE_OR_FLOUR,EGG|MEAT_UNSPECIFIED|PROCESSED_MEAT,PAN_COOKED,https://english.visitkorea.or.kr/svc/sp/food/ext/special_view.do?menuSn=913&vcontsId=231562,PUBLIC_DISH_DEFINITION,True
kfind-lunch-cook-3,볶음밥 · 삼선,False,True,False,False,688,85.76,26.24,26.48,COMPLETE,밥류,False,True,True,True,True,True,True,False,MISSING_VERIFIED_COMPOSITION,COMPLETE,DECLARED,400g,,,UNKNOWN,UNKNOWN,UNKNOWN,,UNKNOWN,True
kfind-lunch-dining_out-1,쫄면,False,True,False,False,710,127.93,17.655,13.86,COMPLETE,면 및 만두류,False,False,True,True,True,False,True,True,,COMPLETE,DECLARED,550g,면|콩나물|양배추|오이|당근|매콤달콤한 소스,GRAIN_UNSPECIFIED|VEGETABLE,RICE_OR_FLOUR,UNKNOWN,ASSEMBLED,https://english.visitkorea.or.kr/svc/sp/food/ext/special_view.do?menuSn=913&vcontsId=178869,PUBLIC_DISH_DEFINITION,True
kfind-lunch-dining_out-2,해장국 · 뼈다귀,False,True,False,False,710,23.4,74.6,35.7,COMPLETE,국 및 탕류,False,False,True,True,True,False,True,False,MISSING_VERIFIED_COMPOSITION,COMPLETE,DECLARED,1000g,,,UNKNOWN,UNKNOWN,UNKNOWN,,UNKNOWN,True
kfind-lunch-dining_out-3,우동 · 삼선,False,True,False,False,690,105.9,47.9,8.5,COMPLETE,면 및 만두류,False,False,True,True,True,False,True,False,MISSING_VERIFIED_COMPOSITION,COMPLETE,DECLARED,1000g,,,UNKNOWN,UNKNOWN,UNKNOWN,,UNKNOWN,True
kfind-lunch-convenience-1,불낙전골 · 간편조리세트 · 이게불낙이야,False,True,False,False,702,59.26480000000001,73.524,19.495,COMPLETE,찌개 및 전골류,False,False,True,True,True,False,True,False,MISSING_VERIFIED_COMPOSITION,COMPLETE,DECLARED,1114g,,,UNKNOWN,UNKNOWN,UNKNOWN,,UNKNOWN,True
kfind-lunch-convenience-2,밀푀유나베 · 간편조리세트 · 매콤 밀푀유나베,False,True,False,False,698,31.9788,52.4097,39.4659,COMPLETE,찌개 및 전골류,False,False,True,True,True,False,True,False,MISSING_VERIFIED_COMPOSITION,COMPLETE,DECLARED,1269g,,,UNKNOWN,UNKNOWN,UNKNOWN,,UNKNOWN,True
kfind-lunch-convenience-3,김치 볶음밥 · 치즈오븐김치볶음밥,False,True,False,False,698,,28.017200000000003,,PARTIAL_OR_UNKNOWN,밥류,False,False,True,True,True,False,True,False,MISSING_VERIFIED_COMPOSITION,COMPLETE,DECLARED,356g,,,UNKNOWN,UNKNOWN,UNKNOWN,,UNKNOWN,True
kfind-dinner-cook-1,고등어찌개,False,False,True,False,600,25.619999999999994,48.9,33.72,COMPLETE,찌개 및 전골류,False,False,True,True,True,False,True,True,,COMPLETE,DECLARED,600g,고등어|무|물|고추장|된장|마늘|고춧가루|생강|소금,FISH|VEGETABLE,NONE,FISH,SIMMERED,https://www.nics.go.kr/food/kfi/tfSrch08/view?menuId=PS03520&tfcode=90770,PUBLIC_REFERENCE_RECIPE,True
kfind-dinner-cook-2,볶음밥 · 계란,False,False,True,False,585,62.998000000000005,17.212,29.327999999999996,COMPLETE,밥류,False,False,True,True,True,False,True,False,MISSING_VERIFIED_COMPOSITION,COMPLETE,DECLARED,260g,,,UNKNOWN,UNKNOWN,UNKNOWN,,UNKNOWN,True
kfind-dinner-cook-3,떡국,False,False,True,False,588,114.59,24.01,3.71,COMPLETE,면 및 만두류,False,False,True,True,True,False,True,False,VERIFIED_NO_PREFERRED_GROUP,COMPLETE,DECLARED,700g,가래떡|달걀|쇠고기|물|대파|마늘|국간장|소금|참기름,GRAIN_UNSPECIFIED|RED_MEAT,RICE_OR_FLOUR,RED_MEAT,SIMMERED,https://www.nics.go.kr/food/kfi/tfSrch08/view?menuId=PS03520&tfcode=92345,PUBLIC_REFERENCE_RECIPE,True
kfind-dinner-dining_out-1,회덮밥 · 모듬,False,False,True,False,595,72.816,37.31,17.015,COMPLETE,밥류,False,True,True,True,True,True,True,False,MISSING_VERIFIED_COMPOSITION,COMPLETE,DECLARED,410g,,,UNKNOWN,UNKNOWN,UNKNOWN,,UNKNOWN,True
kfind-dinner-dining_out-2,초밥 · 모듬,False,False,True,False,608,101.536,36.708,6.042000000000001,COMPLETE,밥류,False,False,True,True,True,False,True,False,MISSING_VERIFIED_COMPOSITION,COMPLETE,DECLARED,380g,,,UNKNOWN,UNKNOWN,UNKNOWN,,UNKNOWN,True
kfind-dinner-dining_out-3,만두국 · 사골,False,False,True,False,609,62.58,26.18,28.0,COMPLETE,면 및 만두류,False,False,True,True,True,False,True,False,MISSING_VERIFIED_COMPOSITION,COMPLETE,DECLARED,700g,,,UNKNOWN,UNKNOWN,UNKNOWN,,UNKNOWN,True
kfind-dinner-convenience-1,샌드위치 · 통밀크랜베리치킨샌드위치,False,False,True,False,600,,19.989199999999997,,PARTIAL_OR_UNKNOWN,빵 및 과자류,False,False,True,True,True,False,True,True,,COMPLETE,DECLARED,242g,통밀빵|크랜베리 치킨|오이,WHOLE_GRAIN|POULTRY|VEGETABLE,WHOLE_WHEAT,POULTRY,ASSEMBLED,https://www.tlj.co.kr/product/detail.asp?prod_num=3861,BRAND_OFFICIAL_MAJOR_INGREDIENTS,True
kfind-dinner-convenience-2,오븐스파게티 · 치즈오븐스파게티,False,False,True,False,601,,29.022000000000002,,PARTIAL_OR_UNKNOWN,면 및 만두류,False,False,True,True,True,False,True,False,VERIFIED_NO_PREFERRED_GROUP,COMPLETE,DECLARED,420g,쇠고기|스파게티면|치즈,DAIRY|GRAIN_UNSPECIFIED|RED_MEAT,RICE_OR_FLOUR,DAIRY|RED_MEAT,UNKNOWN,http://pizzaschool.net/menu/치즈오븐스파게티/,BRAND_OFFICIAL_MAJOR_INGREDIENTS,True
kfind-dinner-convenience-3,떡볶이 · 국물떡볶이,False,False,True,False,602,,20.75,,PARTIAL_OR_UNKNOWN,볶음류,False,False,True,True,True,False,True,False,MISSING_VERIFIED_COMPOSITION,COMPLETE,DECLARED,415g,,,UNKNOWN,UNKNOWN,UNKNOWN,,UNKNOWN,True
kfind-snack-cook-1,호박죽,False,False,False,True,196,26.32,7.72,6.84,COMPLETE,죽 및 스프류,True,True,False,True,True,True,True,True,,COMPLETE,DECLARED,400g,호박,VEGETABLE,UNKNOWN,UNKNOWN,BOILED,https://www.nics.go.kr/food/kfi/foodMonth/view?fd_se=286&fd_snn=133&menu_tab=0,PUBLIC_DISH_DEFINITION,True
kfind-snack-cook-2,미숫가루,False,False,False,True,210,31.26,6.24,6.81,COMPLETE,음료 및 차류,True,True,False,True,True,True,True,True,,COMPLETE,DECLARED,300g,쌀|보리,MIXED_GRAIN,ROASTED_GRAIN_MIX,UNKNOWN,ROASTED,https://english.visitkorea.or.kr/svc/sp/food/ext/special_view.do?menuSn=913&vcontsId=181200,PUBLIC_DISH_DEFINITION,True
kfind-snack-cook-3,가래떡,False,False,False,True,195,43.73,3.92,0.51,COMPLETE,빵 및 과자류,True,False,False,True,True,False,True,False,MISSING_VERIFIED_COMPOSITION,COMPLETE,DECLARED,100g,,,UNKNOWN,UNKNOWN,UNKNOWN,,UNKNOWN,True
kfind-snack-dining_out-1,증편,False,False,False,True,200,44.15,3.17,1.2,COMPLETE,빵 및 과자류,True,False,False,True,True,False,True,False,VERIFIED_NO_PREFERRED_GROUP,COMPLETE,DECLARED,100g,멥쌀|막걸리|설탕|더운 물|소금,GRAIN_UNSPECIFIED,RICE_OR_FLOUR,UNKNOWN,STEAMED,https://www.nics.go.kr/food/kfi/tfSrch08/view?menuId=PS03520&tfcode=90306,PUBLIC_REFERENCE_RECIPE,True
kfind-snack-dining_out-2,도넛 · 찹쌀,False,False,False,True,202,38.892,4.2,3.2479999999999993,COMPLETE,빵 및 과자류,True,False,False,True,True,False,True,False,MISSING_VERIFIED_COMPOSITION,COMPLETE,DECLARED,70g,,,UNKNOWN,UNKNOWN,UNKNOWN,,UNKNOWN,True
kfind-snack-dining_out-3,아이스크림 · 썬대,False,False,False,True,196,30.45,3.17,6.86,COMPLETE,유제품류 및 빙과류,True,False,False,True,True,False,True,False,MISSING_VERIFIED_COMPOSITION,COMPLETE,DECLARED,100g,,,UNKNOWN,UNKNOWN,UNKNOWN,,UNKNOWN,True
kfind-snack-convenience-1,커피 · 빽’s 카페 라떼 아이스(ICED),False,False,False,True,200,,10.0,,PARTIAL_OR_UNKNOWN,음료 및 차류,True,False,False,True,True,False,True,False,VERIFIED_NO_PREFERRED_GROUP,COMPLETE,DECLARED,625g,에스프레소|우유,DAIRY,NONE,DAIRY,UNKNOWN,https://paikdabang.com/menu/menu_coffee/,BRAND_OFFICIAL_MAJOR_INGREDIENTS,True
kfind-snack-convenience-2,과ㆍ채주스 · 자몽 주스 핫(HOT),False,False,False,True,200,,0.0,,PARTIAL_OR_UNKNOWN,음료 및 차류,True,False,False,True,True,False,True,False,MISSING_VERIFIED_COMPOSITION,COMPLETE,DECLARED,290g,,,UNKNOWN,UNKNOWN,UNKNOWN,,UNKNOWN,True
kfind-snack-convenience-3,케이크 · 플레인 저당 그릭요거트 컵케이크,False,False,False,True,200,,3.9975,,PARTIAL_OR_UNKNOWN,빵 및 과자류,True,False,False,True,True,False,True,False,MISSING_VERIFIED_COMPOSITION,COMPLETE,DECLARED,75g,,,UNKNOWN,UNKNOWN,UNKNOWN,,UNKNOWN,True
kfind-catalog-d301-001000000-0001,계란덮밥,True,True,True,False,429,75.42,12.929999999999998,8.46,COMPLETE,밥류,False,False,True,True,True,False,True,False,MISSING_VERIFIED_COMPOSITION,UNKNOWN_OR_PARTIAL,UNKNOWN,300g,,,UNKNOWN,UNKNOWN,UNKNOWN,,UNKNOWN,False
kfind-catalog-d301-004000000-0001,국밥,True,True,True,False,156,21.99,10.35,3.09,COMPLETE,밥류,True,False,False,True,True,True,True,False,VERIFIED_NO_PREFERRED_GROUP,UNKNOWN_OR_PARTIAL,UNKNOWN,300g,쇠고기|물|배추|토란대|된장|고추장|대파|마늘|소금|감자 전분|쌀밥,GRAIN_UNSPECIFIED|RED_MEAT|VEGETABLE,RICE_OR_FLOUR,RED_MEAT,SIMMERED,https://www.nics.go.kr/food/kfi/tfSrch08/view?menuId=PS03520&tfcode=90723,PUBLIC_REFERENCE_RECIPE,True
kfind-catalog-d301-005000000-0001,귀리밥,True,True,True,False,486,103.62,11.7,2.61,COMPLETE,밥류,False,False,True,True,True,False,True,True,,UNKNOWN_OR_PARTIAL,UNKNOWN,300g,쌀|귀리,MIXED_GRAIN,OAT_MIX,UNKNOWN,BOILED,https://www.nics.go.kr/bbs/view.do?bbsId=news&bbsSn=944466&m=100000020,PUBLIC_DISH_DEFINITION,True
kfind-catalog-d101-006000000-0001,기장밥,True,True,True,False,498,110.31000000000002,10.32,1.7099999999999997,COMPLETE,밥류,False,False,True,True,True,False,True,True,,UNKNOWN_OR_PARTIAL,UNKNOWN,300g,쌀|기장,MIXED_GRAIN,MILLET_MIX,UNKNOWN,BOILED,https://encykorea.aks.ac.kr/Article/E0021650,PUBLIC_DISH_DEFINITION,True
kfind-catalog-d101-007000000-0001,김밥,True,True,True,False,420,59.94,14.52,13.65,COMPLETE,밥류,False,True,False,True,True,True,True,True,,UNKNOWN_OR_PARTIAL,UNKNOWN,300g,쌀|단무지|달걀|어묵|당근|시금치|김,GRAIN_UNSPECIFIED|VEGETABLE|EGG|PROCESSED_FISH,RICE_OR_FLOUR,EGG,ASSEMBLED,https://english.visitkorea.or.kr/svc/sp/food/ext/special_view.do?menuSn=913&vcontsId=178926,PUBLIC_DISH_DEFINITION,True
kfind-catalog-d301-015000000-0001,묵밥,True,True,True,False,204,40.62,4.68,2.43,COMPLETE,밥류,True,False,False,True,True,False,True,True,,UNKNOWN_OR_PARTIAL,UNKNOWN,300g,도토리묵|쌀|김치|오이|김|멸치육수,ROOT_STARCH|GRAIN_UNSPECIFIED|VEGETABLE,RICE_OR_FLOUR,UNKNOWN,ASSEMBLED,https://english.visitkorea.or.kr/svc/sp/food/ext/special_view.do?menuSn=913&vcontsId=178046,PUBLIC_DISH_DEFINITION,True
kfind-catalog-d101-016000000-0001,보리밥,True,True,True,False,483,110.31000000000002,8.7,0.72,COMPLETE,밥류,False,False,True,True,True,False,True,True,,UNKNOWN_OR_PARTIAL,UNKNOWN,300g,쌀|보리,MIXED_GRAIN,BARLEY_MIX,UNKNOWN,BOILED,https://encykorea.aks.ac.kr/Article/E0023290,PUBLIC_DISH_DEFINITION,True
kfind-catalog-d101-017000000-0001,볶음밥,True,True,True,False,549,101.91,16.679999999999996,8.28,COMPLETE,밥류,False,False,True,True,True,False,True,True,,UNKNOWN_OR_PARTIAL,UNKNOWN,300g,쌀|양파|당근,GRAIN_UNSPECIFIED|VEGETABLE,RICE_OR_FLOUR,UNKNOWN,PAN_COOKED,https://english.visitkorea.or.kr/svc/sp/food/ext/special_view.do?menuSn=913&vcontsId=178056,PUBLIC_DISH_DEFINITION,True
kfind-catalog-d101-018000000-0001,비빔밥,True,True,True,False,426,56.52,20.58,12.96,COMPLETE,밥류,False,True,False,True,True,True,True,False,VERIFIED_NO_PREFERRED_GROUP,UNKNOWN_OR_PARTIAL,UNKNOWN,300g,쌀|물|콩나물|시금치|당근|양파|고사리|도라지|돼지고기|식용유|소금|달걀,EGG|GRAIN_UNSPECIFIED|RED_MEAT|VEGETABLE,RICE_OR_FLOUR,EGG|RED_MEAT,SIMMERED,https://www.nics.go.kr/food/kfi/tfSrch08/view?menuId=PS03520&tfcode=92339,PUBLIC_REFERENCE_RECIPE,True
kfind-catalog-d301-020000000-0001,새우튀김롤,True,True,True,False,606,96.27000000000002,14.46,18.179999999999996,COMPLETE,밥류,False,False,True,True,True,True,True,False,MISSING_VERIFIED_COMPOSITION,UNKNOWN_OR_PARTIAL,UNKNOWN,300g,,,UNKNOWN,UNKNOWN,UNKNOWN,,UNKNOWN,False
kfind-catalog-d101-021000000-0001,수수밥,True,True,True,False,483,105.06000000000002,9.48,2.76,COMPLETE,밥류,False,False,True,True,True,False,True,True,,UNKNOWN_OR_PARTIAL,UNKNOWN,300g,쌀|수수,MIXED_GRAIN,SORGHUM_MIX,UNKNOWN,BOILED,https://encykorea.aks.ac.kr/Article/E0021650,PUBLIC_DISH_DEFINITION,True
kfind-catalog-d301-022000000-0001,쌀밥,True,True,True,False,498,111.99,10.08,0.96,COMPLETE,밥류,False,False,True,True,True,False,True,False,VERIFIED_NO_PREFERRED_GROUP,UNKNOWN_OR_PARTIAL,UNKNOWN,300g,쌀|물,REFINED_GRAIN,RICE_OR_FLOUR,UNKNOWN,SIMMERED,https://www.nics.go.kr/food/kfi/tfSrch08/view?menuId=PS03520&tfcode=90724,PUBLIC_REFERENCE_RECIPE,True
kfind-catalog-d101-023000000-0001,알밥,True,True,True,False,384,47.25,14.190000000000003,15.33,COMPLETE,밥류,False,False,False,True,True,True,True,True,,UNKNOWN_OR_PARTIAL,UNKNOWN,300g,쌀|날치알|당근|오이|단무지|김,GRAIN_UNSPECIFIED|FISH|VEGETABLE,RICE_OR_FLOUR,FISH,ASSEMBLED,https://english.visitkorea.or.kr/svc/sp/food/ext/special_view.do?menuSn=913&vcontsId=181465,PUBLIC_DISH_DEFINITION,True
kfind-catalog-d301-024000000-0001,연어롤,True,True,True,False,510,74.31,18.570000000000004,15.39,COMPLETE,밥류,False,True,True,True,True,True,True,False,MISSING_VERIFIED_COMPOSITION,UNKNOWN_OR_PARTIAL,UNKNOWN,300g,,,UNKNOWN,UNKNOWN,UNKNOWN,,UNKNOWN,False
kfind-catalog-d301-025000000-0001,연잎밥,True,True,True,False,621,141.0,12.0,0.9,COMPLETE,밥류,False,False,True,True,True,False,True,False,VERIFIED_NO_PREFERRED_GROUP,UNKNOWN_OR_PARTIAL,UNKNOWN,300g,찹쌀|밤|대추|연잎,GRAIN_UNSPECIFIED|ROOT_STARCH,RICE_OR_FLOUR,UNKNOWN,STEAMED,https://english.visitkorea.or.kr/svc/sp/food/ext/special_view.do?menuSn=913&vcontsId=178082,PUBLIC_DISH_DEFINITION,True
kfind-catalog-d101-026000000-0001,영양돌솥밥,True,True,True,False,552,108.18,10.29,8.61,COMPLETE,밥류,False,False,True,True,True,False,True,True,,UNKNOWN_OR_PARTIAL,UNKNOWN,300g,곡물|채소|찹쌀|대추|밤|은행|버섯,MIXED_GRAIN|VEGETABLE|ROOT_STARCH,MIXED_GRAINS,UNKNOWN,BOILED,https://english.visitkorea.or.kr/svc/sp/food/ext/special_view.do?menuSn=913&vcontsId=231596,PUBLIC_DISH_DEFINITION,True
kfind-catalog-d301-027000000-0001,오곡밥,True,True,True,False,468,98.79,14.34,1.56,COMPLETE,밥류,False,False,True,True,True,False,True,True,,UNKNOWN_OR_PARTIAL,UNKNOWN,300g,쌀|수수|조|팥|콩,MIXED_GRAIN|LEGUME_SOY,MIXED_GRAINS,LEGUME_SOY,STEAMED,https://encykorea.aks.ac.kr/Article/E0038100,PUBLIC_DISH_DEFINITION,True
kfind-catalog-d101-031000000-0001,자장밥,True,True,True,False,366,46.71,12.809999999999997,14.16,COMPLETE,밥류,False,True,False,True,True,True,True,False,MISSING_VERIFIED_COMPOSITION,UNKNOWN_OR_PARTIAL,UNKNOWN,300g,,,UNKNOWN,UNKNOWN,UNKNOWN,,UNKNOWN,False
kfind-catalog-d101-032000000-0001,잡곡밥,True,True,True,False,438,87.99,15.9,2.61,COMPLETE,밥류,False,False,True,True,True,False,True,True,,UNKNOWN_OR_PARTIAL,UNKNOWN,300g,쌀|잡곡,MIXED_GRAIN,MIXED_GRAINS,UNKNOWN,BOILED,https://encykorea.aks.ac.kr/Article/E0021650,PUBLIC_DISH_DEFINITION,True
kfind-catalog-d101-033000000-0001,잡채밥,True,True,True,False,450,77.37,12.059999999999997,10.26,COMPLETE,밥류,False,False,True,True,True,True,True,True,,UNKNOWN_OR_PARTIAL,UNKNOWN,300g,쌀|당면|채소|고기,GRAIN_UNSPECIFIED|VEGETABLE|MEAT_UNSPECIFIED,RICE_OR_FLOUR,MEAT_UNSPECIFIED,PAN_COOKED,https://english.visitkorea.or.kr/svc/sp/food/ext/special_view.do?menuSn=913&vcontsId=231465,PUBLIC_DISH_DEFINITION,True
kfind-catalog-d301-034000000-0001,잡탕밥,True,True,True,False,312,41.97,17.64,8.04,COMPLETE,밥류,False,True,False,True,True,True,True,False,MISSING_VERIFIED_COMPOSITION,UNKNOWN_OR_PARTIAL,UNKNOWN,300g,,,UNKNOWN,UNKNOWN,UNKNOWN,,UNKNOWN,False
kfind-catalog-d101-037000000-0001,짬뽕밥,True,True,True,False,216,34.95,9.6,4.2,COMPLETE,밥류,True,False,False,True,True,True,True,False,MISSING_VERIFIED_COMPOSITION,UNKNOWN_OR_PARTIAL,UNKNOWN,300g,,,UNKNOWN,UNKNOWN,UNKNOWN,,UNKNOWN,False
kfind-catalog-d101-038000000-0001,차조밥,True,True,True,False,471,104.58,8.52,1.95,COMPLETE,밥류,False,False,True,True,True,False,True,True,,UNKNOWN_OR_PARTIAL,UNKNOWN,300g,쌀|차조,MIXED_GRAIN,MILLET_MIX,UNKNOWN,BOILED,https://encykorea.aks.ac.kr/Article/E0055188,PUBLIC_DISH_DEFINITION,True
kfind-catalog-d101-039000000-0001,찰밥,True,True,True,False,459,100.68,13.17,0.54,COMPLETE,밥류,False,False,True,True,True,False,True,True,,UNKNOWN_OR_PARTIAL,UNKNOWN,300g,찹쌀|팥|밤|대추|소금 약간,GRAIN_UNSPECIFIED|LEGUME_SOY|ROOT_STARCH,RICE_OR_FLOUR,LEGUME_SOY,STEAMED,https://www.nics.go.kr/food/kfi/tfSrch08/view?menuId=PS03520&tfcode=92064,PUBLIC_REFERENCE_RECIPE,True
kfind-catalog-d301-043000000-0001,충무김밥,True,True,True,False,438,81.87,17.58,4.47,COMPLETE,밥류,False,False,True,True,True,False,True,True,,UNKNOWN_OR_PARTIAL,UNKNOWN,300g,쌀|김|갑오징어|무|물|소금 약간,GRAIN_UNSPECIFIED|SEAFOOD|VEGETABLE,RICE_OR_FLOUR,SEAFOOD,SIMMERED,https://www.nics.go.kr/food/kfi/tfSrch08/view?menuId=PS03520&tfcode=91342,PUBLIC_REFERENCE_RECIPE,True
kfind-catalog-d301-045000000-0001,캘리포니아롤,True,True,True,False,489,89.22,12.33,9.06,COMPLETE,밥류,False,False,True,True,True,False,True,False,MISSING_VERIFIED_COMPOSITION,UNKNOWN_OR_PARTIAL,UNKNOWN,300g,,,UNKNOWN,UNKNOWN,UNKNOWN,,UNKNOWN,False
kfind-catalog-d101-047000000-0001,콩나물밥,True,True,True,False,369,67.17,14.04,4.74,COMPLETE,밥류,False,False,False,True,True,False,True,True,,UNKNOWN_OR_PARTIAL,UNKNOWN,300g,쌀|콩나물,GRAIN_UNSPECIFIED|VEGETABLE,RICE_OR_FLOUR,UNKNOWN,SIMMERED,https://www.nics.go.kr/food/kfi/tfSrch08/view?menuId=PS03520&tfcode=90727,PUBLIC_REFERENCE_RECIPE,True
kfind-catalog-d101-049000000-0001,하이라이스,True,True,True,False,336,64.02,12.059999999999997,3.3899999999999992,COMPLETE,밥류,False,False,False,True,True,False,True,False,MISSING_VERIFIED_COMPOSITION,UNKNOWN_OR_PARTIAL,UNKNOWN,300g,,,UNKNOWN,UNKNOWN,UNKNOWN,,UNKNOWN,False
kfind-catalog-d304-179000000-0001,게살죽,True,True,True,False,284,53.68,8.96,3.56,COMPLETE,죽 및 스프류,False,False,False,True,True,False,True,False,MISSING_VERIFIED_COMPOSITION,UNKNOWN_OR_PARTIAL,UNKNOWN,400g,,,UNKNOWN,UNKNOWN,UNKNOWN,,UNKNOWN,False
kfind-catalog-d104-181000000-0001,닭죽,True,True,True,False,176,28.56,10.72,2.28,COMPLETE,죽 및 스프류,True,False,False,True,True,False,True,False,VERIFIED_NO_PREFERRED_GROUP,UNKNOWN_OR_PARTIAL,UNKNOWN,400g,닭|쌀|물|마늘|대파|소금|참기름,GRAIN_UNSPECIFIED|POULTRY,RICE_OR_FLOUR,POULTRY,SIMMERED,https://www.nics.go.kr/food/kfi/tfSrch08/view?menuId=PS03520&tfcode=89925,PUBLIC_REFERENCE_RECIPE,True
kfind-catalog-d304-182000000-0001,미음,True,True,True,False,76,18.8,1.2,0.0,COMPLETE,죽 및 스프류,True,False,False,True,True,False,True,False,MISSING_VERIFIED_COMPOSITION,UNKNOWN_OR_PARTIAL,UNKNOWN,400g,,,UNKNOWN,UNKNOWN,UNKNOWN,,UNKNOWN,False
kfind-catalog-d304-183000000-0001,백합죽,True,True,True,False,260,48.4,9.44,3.2,COMPLETE,죽 및 스프류,False,False,False,True,True,False,True,True,,UNKNOWN_OR_PARTIAL,UNKNOWN,400g,백합|쌀|물|참기름|소금,GRAIN_UNSPECIFIED|SEAFOOD,RICE_OR_FLOUR,SEAFOOD,SIMMERED,https://www.nics.go.kr/food/kfi/tfSrch08/view?menuId=PS03520&tfcode=90151,PUBLIC_REFERENCE_RECIPE,True
kfind-catalog-d304-184000000-0001,소고기버섯죽,True,True,True,False,288,54.52,9.36,3.72,COMPLETE,죽 및 스프류,False,False,False,True,True,False,True,False,MISSING_VERIFIED_COMPOSITION,UNKNOWN_OR_PARTIAL,UNKNOWN,400g,,,UNKNOWN,UNKNOWN,UNKNOWN,,UNKNOWN,False
kfind-catalog-d304-186000000-0001,쌀죽(흰죽),True,True,True,False,212,45.8,3.96,0.6,COMPLETE,죽 및 스프류,True,False,False,True,True,False,True,False,VERIFIED_NO_PREFERRED_GROUP,UNKNOWN_OR_PARTIAL,UNKNOWN,400g,쌀|물|소금|참기름,GRAIN_UNSPECIFIED,RICE_OR_FLOUR,UNKNOWN,SIMMERED,https://www.nics.go.kr/food/kfi/tfSrch08/view?menuId=PS03520&tfcode=90735,PUBLIC_REFERENCE_RECIPE,True
kfind-catalog-d304-187000000-0001,어죽,True,True,True,False,276,50.4,10.2,3.76,COMPLETE,죽 및 스프류,False,False,False,True,True,False,True,True,,UNKNOWN_OR_PARTIAL,UNKNOWN,400g,민물고기|민물새우|쌀|국수|깻잎 약간|소금 약간|풋고추|물|고추장|고춧가루|양파|마늘|들깻가루|참기름,FISH|GRAIN_UNSPECIFIED|VEGETABLE,RICE_OR_FLOUR,FISH,SIMMERED,https://www.nics.go.kr/food/kfi/tfSrch08/view?menuId=PS03520&tfcode=89701,PUBLIC_REFERENCE_RECIPE,True
kfind-catalog-d104-188000000-0001,오리죽,True,True,True,False,620,79.8,30.0,19.96,COMPLETE,죽 및 스프류,False,True,True,True,True,True,True,False,MISSING_VERIFIED_COMPOSITION,UNKNOWN_OR_PARTIAL,UNKNOWN,400g,,,UNKNOWN,UNKNOWN,UNKNOWN,,UNKNOWN,False
kfind-catalog-d304-189000000-0001,율무죽,True,True,True,False,308,55.0,13.04,3.92,COMPLETE,죽 및 스프류,False,False,False,True,True,False,True,False,MISSING_VERIFIED_COMPOSITION,UNKNOWN_OR_PARTIAL,UNKNOWN,400g,,,UNKNOWN,UNKNOWN,UNKNOWN,,UNKNOWN,False
kfind-catalog-d304-190000000-0001,잣죽,True,True,True,False,500,88.72,10.96,11.2,COMPLETE,죽 및 스프류,False,False,True,True,True,False,True,True,,UNKNOWN_OR_PARTIAL,UNKNOWN,400g,잣|쌀,NUT_SEED|GRAIN_UNSPECIFIED,RICE,NUT_SEED,BOILED,https://encykorea.aks.ac.kr/Article/E0048228,PUBLIC_DISH_DEFINITION,True
kfind-catalog-d104-191000000-0001,전복죽,True,True,True,False,316,38.48,7.28,14.92,COMPLETE,죽 및 스프류,False,False,False,True,True,False,True,True,,UNKNOWN_OR_PARTIAL,UNKNOWN,400g,전복|쌀|물|참기름|소금,GRAIN_UNSPECIFIED|SEAFOOD,RICE_OR_FLOUR,SEAFOOD,SIMMERED,https://www.nics.go.kr/food/kfi/tfSrch08/view?menuId=PS03520&tfcode=89933,PUBLIC_REFERENCE_RECIPE,True
kfind-catalog-d304-192000000-0001,참깨죽,True,True,True,False,152,23.6,4.0,4.8,COMPLETE,죽 및 스프류,True,True,False,True,True,True,True,True,,UNKNOWN_OR_PARTIAL,UNKNOWN,400g,쌀|설탕 약간|참깨|물|소금 적량,GRAIN_UNSPECIFIED|NUT_SEED,RICE_OR_FLOUR,NUT_SEED,SIMMERED,https://www.nics.go.kr/food/kfi/tfSrch08/view?menuId=PS03520&tfcode=90730,PUBLIC_REFERENCE_RECIPE,True
kfind-catalog-d304-193000000-0001,참치죽,True,True,True,False,328,52.28,12.08,8.04,COMPLETE,죽 및 스프류,False,True,False,True,True,True,True,False,MISSING_VERIFIED_COMPOSITION,UNKNOWN_OR_PARTIAL,UNKNOWN,400g,,,UNKNOWN,UNKNOWN,UNKNOWN,,UNKNOWN,False
kfind-catalog-d104-194000000-0001,채소죽,True,True,True,False,172,30.48,6.76,2.76,COMPLETE,죽 및 스프류,True,False,False,True,True,False,True,True,,UNKNOWN_OR_PARTIAL,UNKNOWN,400g,쌀|당근|호박|양파,GRAIN_UNSPECIFIED|VEGETABLE,RICE_OR_FLOUR,UNKNOWN,SIMMERED,https://english.visitkorea.or.kr/svc/sp/food/ext/special_view.do?menuSn=913&vcontsId=181470,PUBLIC_DISH_DEFINITION,True
kfind-catalog-d104-195000000-0001,팥죽,True,True,True,False,324,66.64,12.68,0.76,COMPLETE,죽 및 스프류,False,False,False,True,True,False,True,True,,UNKNOWN_OR_PARTIAL,UNKNOWN,400g,팥|쌀,LEGUME_SOY|GRAIN_UNSPECIFIED,RICE,LEGUME_SOY,BOILED,https://encykorea.aks.ac.kr/Article/E0049806,PUBLIC_DISH_DEFINITION,True
kfind-catalog-d103-141000000-0001,간자장,False,True,True,False,563,68.085,23.04,22.005,COMPLETE,면 및 만두류,False,False,True,True,True,True,True,False,VERIFIED_NO_PREFERRED_GROUP,UNKNOWN_OR_PARTIAL,UNKNOWN,450g,돼지고기|양파|짜장소스|국수,GRAIN_UNSPECIFIED|RED_MEAT|VEGETABLE,RICE_OR_FLOUR,RED_MEAT,PAN_COOKED,https://english.visitkorea.or.kr/svc/sp/food/ext/special_view.do?menuSn=913&vcontsId=231600,PUBLIC_DISH_DEFINITION,True
kfind-catalog-d303-143000000-0001,기스면,False,True,True,False,275,40.41,17.01,4.815,COMPLETE,면 및 만두류,False,False,False,True,True,True,True,False,MISSING_VERIFIED_COMPOSITION,UNKNOWN_OR_PARTIAL,UNKNOWN,450g,,,UNKNOWN,UNKNOWN,UNKNOWN,,UNKNOWN,False
kfind-catalog-d103-146000000-0001,떡만두국,True,False,False,True,500,69.615,15.885,17.595,COMPLETE,면 및 만두류,False,True,True,True,True,True,True,True,,UNKNOWN_OR_PARTIAL,UNKNOWN,450g,가래떡|닭고기|두부|숙주|양파|당면|달걀|김|마늘|소금|참기름|후춧가루|대파,GRAIN_UNSPECIFIED|LEGUME_SOY|POULTRY|VEGETABLE,RICE_OR_FLOUR,LEGUME_SOY|POULTRY,SIMMERED,https://www.nics.go.kr/food/kfi/tfSrch08/view?menuId=PS03520&tfcode=90742,PUBLIC_REFERENCE_RECIPE,True
kfind-catalog-d103-148000000-0001,라면,False,True,True,False,369,61.425,7.74,10.26,COMPLETE,면 및 만두류,False,False,False,True,True,True,True,False,VERIFIED_NO_PREFERRED_GROUP,UNKNOWN_OR_PARTIAL,UNKNOWN,450g,인스턴트 면|달걀|파,GRAIN_UNSPECIFIED|EGG,RICE_OR_FLOUR,EGG,SIMMERED,https://english.visitkorea.or.kr/svc/sp/food/ext/special_view.do?menuSn=913&vcontsId=178959,PUBLIC_DISH_DEFINITION,True
kfind-catalog-d303-151000000-0001,만두국,False,True,True,False,279,30.735,13.77,11.205,COMPLETE,면 및 만두류,False,False,False,True,True,True,True,True,,UNKNOWN_OR_PARTIAL,UNKNOWN,450g,밀가루|물|소금|건표고버섯|두부|숙주|배추김치|파|마늘|깨소금|참기름½큰술  달걀|실고추|대파|국간장|마늘½큰술|물 적량|후춧가루·참기름 약간,GRAIN_UNSPECIFIED|LEGUME_SOY|VEGETABLE,RICE_OR_FLOUR,LEGUME_SOY,SIMMERED,https://www.nics.go.kr/food/kfi/tfSrch08/view?menuId=PS03520&tfcode=90393,PUBLIC_REFERENCE_RECIPE,True
kfind-catalog-d303-156000000-0001,분짜,False,True,True,False,612,88.875,26.595,16.47,COMPLETE,면 및 만두류,False,True,True,True,True,True,True,False,MISSING_VERIFIED_COMPOSITION,UNKNOWN_OR_PARTIAL,UNKNOWN,450g,,,UNKNOWN,UNKNOWN,UNKNOWN,,UNKNOWN,False
kfind-catalog-d303-157000000-0001,비빔국수,False,True,True,False,509,90.0,15.3,9.45,COMPLETE,면 및 만두류,False,False,True,True,True,False,True,False,VERIFIED_DEEP_FRIED,UNKNOWN_OR_PARTIAL,UNKNOWN,450g,국수|쇠고기|고사리|청포묵|달걀|도라지|애호박|다시마|소금 약간|식용유 적량,EGG|GRAIN_UNSPECIFIED|RED_MEAT|VEGETABLE,RICE_OR_FLOUR,EGG|RED_MEAT,DEEP_FRIED,https://www.nics.go.kr/food/kfi/tfSrch08/view?menuId=PS03520&tfcode=91000,PUBLIC_REFERENCE_RECIPE,True
kfind-catalog-d103-160000000-0001,수제비,False,True,True,False,261,49.86,10.395,2.34,COMPLETE,면 및 만두류,False,False,False,True,True,False,True,True,,UNKNOWN_OR_PARTIAL,UNKNOWN,450g,밀가루|반죽물|감자|애호박|멸치|달걀|물|마늘|국간장|대파|소금|들기름,FISH|GRAIN_UNSPECIFIED|ROOT_STARCH,RICE_OR_FLOUR,FISH,SIMMERED,https://www.nics.go.kr/food/kfi/tfSrch08/view?menuId=PS03520&tfcode=90739,PUBLIC_REFERENCE_RECIPE,True
kfind-catalog-d303-162000000-0001,쌀국수,False,True,True,False,239,41.31,11.7,3.15,COMPLETE,면 및 만두류,True,False,False,True,True,False,True,False,MISSING_VERIFIED_COMPOSITION,UNKNOWN_OR_PARTIAL,UNKNOWN,450g,,,UNKNOWN,UNKNOWN,UNKNOWN,,UNKNOWN,False
kfind-catalog-d303-163000000-0001,올갱이국수,False,True,True,False,171,33.48,3.375,2.475,COMPLETE,면 및 만두류,True,False,False,True,True,False,True,False,MISSING_VERIFIED_COMPOSITION,UNKNOWN_OR_PARTIAL,UNKNOWN,450g,,,UNKNOWN,UNKNOWN,UNKNOWN,,UNKNOWN,False
kfind-catalog-d103-165000000-0001,우동볶음,False,True,True,False,576,111.555,12.6,9.044999999999998,COMPLETE,면 및 만두류,False,False,True,True,True,False,True,False,MISSING_VERIFIED_COMPOSITION,UNKNOWN_OR_PARTIAL,UNKNOWN,450g,,,UNKNOWN,UNKNOWN,UNKNOWN,,UNKNOWN,False
kfind-catalog-d303-166000000-0001,울면,False,True,True,False,329,57.69,16.875,3.33,COMPLETE,면 및 만두류,False,False,False,True,True,False,True,False,MISSING_VERIFIED_COMPOSITION,UNKNOWN_OR_PARTIAL,UNKNOWN,450g,,,UNKNOWN,UNKNOWN,UNKNOWN,,UNKNOWN,False
kfind-catalog-d103-167000000-0001,월남쌈,False,True,True,False,531,55.125,26.73,22.365,COMPLETE,면 및 만두류,False,False,True,True,True,True,True,False,MISSING_VERIFIED_COMPOSITION,UNKNOWN_OR_PARTIAL,UNKNOWN,450g,,,UNKNOWN,UNKNOWN,UNKNOWN,,UNKNOWN,False
kfind-catalog-d103-168000000-0001,자장면,False,True,True,False,396,64.665,12.105,9.990000000000002,COMPLETE,면 및 만두류,False,False,False,True,True,True,True,False,VERIFIED_NO_PREFERRED_GROUP,UNKNOWN_OR_PARTIAL,UNKNOWN,450g,돼지고기|양파|호박|짜장소스|밀가루 국수,GRAIN_UNSPECIFIED|RED_MEAT|VEGETABLE,RICE_OR_FLOUR,RED_MEAT,PAN_COOKED,https://english.visitkorea.or.kr/svc/sp/food/ext/special_view.do?menuSn=913&vcontsId=179699,PUBLIC_DISH_DEFINITION,True
kfind-catalog-d103-172000000-0001,짬뽕,False,True,True,False,261,37.17,12.555,6.93,COMPLETE,면 및 만두류,False,True,False,True,True,True,True,True,,UNKNOWN_OR_PARTIAL,UNKNOWN,450g,면|돼지고기|채소|해물|닭 또는 돼지 뼈 육수,GRAIN_UNSPECIFIED|RED_MEAT|VEGETABLE|SEAFOOD,RICE_OR_FLOUR,RED_MEAT|SEAFOOD,SIMMERED,https://english.visitkorea.or.kr/svc/sp/food/ext/special_view.do?menuSn=913&vcontsId=179704,PUBLIC_DISH_DEFINITION,True
kfind-catalog-d103-174000000-0001,칼국수,False,True,True,False,347,67.05,14.85,2.205,COMPLETE,면 및 만두류,False,False,False,True,True,False,True,False,VERIFIED_NO_PREFERRED_GROUP,UNKNOWN_OR_PARTIAL,UNKNOWN,450g,밀가루|반죽물|애호박|멸치|달걀|쇠고기|감자|표고버섯|통마늘|대파|김|물|국간장|소금|참기름,EGG|GRAIN_UNSPECIFIED|RED_MEAT|ROOT_STARCH|VEGETABLE,RICE_OR_FLOUR,EGG|RED_MEAT,SIMMERED,https://www.nics.go.kr/food/kfi/tfSrch08/view?menuId=PS03520&tfcode=90740,PUBLIC_REFERENCE_RECIPE,True
kfind-catalog-d103-175000000-0001,콩국수,False,True,True,False,365,40.14,17.55,15.075,COMPLETE,면 및 만두류,False,False,False,True,True,True,True,True,,UNKNOWN_OR_PARTIAL,UNKNOWN,450g,콩|국수,LEGUME_SOY|GRAIN_UNSPECIFIED,REFINED_NOODLE,LEGUME_SOY,BOILED,https://english.visitkorea.or.kr/svc/thingsToDo/foodTrip/special_view.do?vcontsId=178884,PUBLIC_DISH_DEFINITION,True
kfind-catalog-d303-177000000-0002,팟타이,False,True,True,False,657,83.43,17.91,27.9,COMPLETE,면 및 만두류,False,False,True,True,True,True,True,False,MISSING_VERIFIED_COMPOSITION,UNKNOWN_OR_PARTIAL,UNKNOWN,450g,,,UNKNOWN,UNKNOWN,UNKNOWN,,UNKNOWN,False
kfind-catalog-d105-199000000-0001,갈비탕,True,True,True,False,216,1.6,34.04,8.24,COMPLETE,국 및 탕류,True,False,False,True,True,False,True,False,VERIFIED_NO_PREFERRED_GROUP,UNKNOWN_OR_PARTIAL,UNKNOWN,400g,쇠갈비|우거지|된장|물 적량|소금 약간,RED_MEAT|VEGETABLE,NONE,RED_MEAT,SIMMERED,https://www.nics.go.kr/food/kfi/tfSrch08/view?menuId=PS03520&tfcode=90743,PUBLIC_REFERENCE_RECIPE,True
kfind-catalog-d105-200000000-0001,감자국,True,True,True,False,84,14.68,3.6,1.04,COMPLETE,국 및 탕류,True,False,False,True,True,False,True,True,,UNKNOWN_OR_PARTIAL,UNKNOWN,400g,감자|양파|멸치장국국물|고춧가루|마늘|소금,ROOT_STARCH|VEGETABLE,NONE,UNKNOWN,SIMMERED,https://www.nics.go.kr/food/kfi/tfSrch08/view?menuId=PS03520&tfcode=91015,PUBLIC_REFERENCE_RECIPE,True
kfind-catalog-d305-201000000-0001,게국지,True,True,True,False,152,11.52,16.32,4.4,COMPLETE,국 및 탕류,True,False,False,True,True,False,True,True,,UNKNOWN_OR_PARTIAL,UNKNOWN,400g,꽃게|김치,SEAFOOD|VEGETABLE,NONE,SEAFOOD,SIMMERED,https://english.visitkorea.or.kr/svc/sp/food/ext/special_view.do?menuSn=913&vcontsId=179219,PUBLIC_DISH_DEFINITION,True
kfind-catalog-d305-202000000-0001,곰치국,True,True,True,False,168,9.56,21.72,4.72,COMPLETE,국 및 탕류,True,False,False,True,True,False,True,True,,UNKNOWN_OR_PARTIAL,UNKNOWN,400g,곰치,FISH,NONE,FISH,SIMMERED,https://english.visitkorea.or.kr/svc/sp/food/ext/special_view.do?menuSn=913&vcontsId=178129,PUBLIC_DISH_DEFINITION,True
kfind-catalog-d105-203000000-0001,곰탕,True,True,True,False,96,0.44,13.72,4.48,COMPLETE,국 및 탕류,True,False,False,True,True,False,True,False,VERIFIED_NO_PREFERRED_GROUP,UNKNOWN_OR_PARTIAL,UNKNOWN,400g,쇠고기|내장 적량|무|물|대파|국간장 적량|소금 적량,RED_MEAT|VEGETABLE,NONE,RED_MEAT,SIMMERED,https://www.nics.go.kr/food/kfi/tfSrch08/view?menuId=PS03520&tfcode=91018,PUBLIC_REFERENCE_RECIPE,True
kfind-catalog-d105-205000000-0001,김치국,True,True,True,False,92,10.52,5.36,3.04,COMPLETE,국 및 탕류,True,True,False,True,True,True,True,True,,UNKNOWN_OR_PARTIAL,UNKNOWN,400g,배추김치|두부|콩나물|멸치|물|대파|마늘|참기름|소금|고춧가루,LEGUME_SOY|VEGETABLE,NONE,LEGUME_SOY,SIMMERED,https://www.nics.go.kr/food/kfi/tfSrch08/view?menuId=PS03520&tfcode=90747,PUBLIC_REFERENCE_RECIPE,True
kfind-catalog-d305-207000000-0001,낙지탕,True,True,True,False,124,6.92,19.6,2.12,COMPLETE,국 및 탕류,True,False,False,True,True,False,True,True,,UNKNOWN_OR_PARTIAL,UNKNOWN,400g,낙지|박,SEAFOOD|VEGETABLE,NONE,SEAFOOD,SIMMERED,https://english.visitkorea.or.kr/svc/sp/food/ext/special_view.do?menuSn=913&vcontsId=180163,PUBLIC_DISH_DEFINITION,True
kfind-catalog-d105-208000000-0001,내장탕,True,True,True,False,284,6.72,23.28,18.08,COMPLETE,국 및 탕류,False,False,False,True,True,False,True,False,MISSING_VERIFIED_COMPOSITION,UNKNOWN_OR_PARTIAL,UNKNOWN,400g,,,UNKNOWN,UNKNOWN,UNKNOWN,,UNKNOWN,False
kfind-catalog-d105-210000000-0001,달걀국,True,True,True,False,52,2.76,3.72,2.96,COMPLETE,국 및 탕류,True,False,False,True,True,False,True,True,,UNKNOWN_OR_PARTIAL,UNKNOWN,400g,달걀|양파|물|대파|깨소금|소금|마늘,EGG|VEGETABLE,NONE,EGG,SIMMERED,https://www.nics.go.kr/food/kfi/tfSrch08/view?menuId=PS03520&tfcode=90749,PUBLIC_REFERENCE_RECIPE,True
kfind-catalog-d105-213000000-0001,닭곰탕,True,True,True,False,204,8.0,30.04,5.68,COMPLETE,국 및 탕류,True,False,False,True,True,False,True,True,,UNKNOWN_OR_PARTIAL,UNKNOWN,400g,닭고기|숙주|무|고사리|양파|파|마늘|국간장|홍고추|고춧가루|생강|소금|후춧가루,POULTRY|VEGETABLE,NONE,POULTRY,UNKNOWN,https://www.foodsafetykorea.go.kr/popup/sensuousmenuView.do?rcp_menu_no=261,PUBLIC_REFERENCE_RECIPE,True
kfind-catalog-d105-215000000-0001,도가니탕,True,True,True,False,160,3.28,33.4,1.32,COMPLETE,국 및 탕류,True,False,False,True,True,False,True,False,VERIFIED_NO_PREFERRED_GROUP,UNKNOWN_OR_PARTIAL,UNKNOWN,400g,소 무릎 연골|힘줄|쇠고기 양지|쇠고기 사태|파|마늘|후추,RED_MEAT,NONE,RED_MEAT,SIMMERED,https://english.visitkorea.or.kr/svc/sp/food/ext/special_view.do?menuSn=913&vcontsId=178304,PUBLIC_DISH_DEFINITION,True
kfind-catalog-d105-272000000-0001,동태국,True,True,True,False,68,5.6,9.68,0.64,COMPLETE,국 및 탕류,True,False,False,True,True,False,True,True,,UNKNOWN_OR_PARTIAL,UNKNOWN,400g,동태|무|양파|대파|물|마늘|생강|고춧가루|국간장|소금|후춧가루,FISH|VEGETABLE,NONE,FISH,SIMMERED,https://www.nics.go.kr/food/kfi/tfSrch08/view?menuId=PS03520&tfcode=90752,PUBLIC_REFERENCE_RECIPE,True
kfind-catalog-d305-218000000-0001,매생이국,True,True,True,False,96,10.72,8.0,2.24,COMPLETE,국 및 탕류,True,True,False,True,True,True,True,True,,UNKNOWN_OR_PARTIAL,UNKNOWN,400g,매생이|굴|물|국간장|마늘|참기름 약간,SEAFOOD|VEGETABLE,NONE,SEAFOOD,SIMMERED,https://www.nics.go.kr/food/kfi/tfSrch08/view?menuId=PS03520&tfcode=92104,PUBLIC_REFERENCE_RECIPE,True
kfind-catalog-d305-259000000-0001,무국물,True,True,True,False,12,2.2,0.64,0.0,COMPLETE,국 및 탕류,True,False,False,True,True,False,True,False,MISSING_VERIFIED_COMPOSITION,UNKNOWN_OR_PARTIAL,UNKNOWN,400g,,,UNKNOWN,UNKNOWN,UNKNOWN,,UNKNOWN,False
kfind-catalog-d305-222000000-0001,미소된장국,True,True,True,False,100,7.48,7.48,4.8,COMPLETE,국 및 탕류,True,False,False,True,True,False,True,False,MISSING_VERIFIED_COMPOSITION,UNKNOWN_OR_PARTIAL,UNKNOWN,400g,,,UNKNOWN,UNKNOWN,UNKNOWN,,UNKNOWN,False
kfind-catalog-d105-223000000-0001,미역국,True,True,True,False,48,3.48,2.6,2.44,COMPLETE,국 및 탕류,True,False,False,True,True,False,True,True,,UNKNOWN_OR_PARTIAL,UNKNOWN,400g,생미역|고사리|도라지|숙주|국간장|후춧가루|식초|전분|물 적량,VEGETABLE,NONE,UNKNOWN,SIMMERED,https://www.nics.go.kr/food/kfi/tfSrch08/view?menuId=PS03520&tfcode=92108,PUBLIC_REFERENCE_RECIPE,True
kfind-catalog-d105-226000000-0001,북어국,True,True,True,False,112,3.36,15.56,3.92,COMPLETE,국 및 탕류,True,False,False,True,True,False,True,True,,UNKNOWN_OR_PARTIAL,UNKNOWN,400g,북어|간장|마늘|소금|참기름|파,FISH,NONE,FISH,UNKNOWN,https://www.foodsafetykorea.go.kr/popup/sensuousmenuView.do?rcp_menu_no=289,PUBLIC_REFERENCE_RECIPE,True
kfind-catalog-d105-227000000-0001,사골국,True,True,True,False,220,11.24,22.24,9.68,COMPLETE,국 및 탕류,True,False,False,True,True,False,True,False,MISSING_VERIFIED_COMPOSITION,UNKNOWN_OR_PARTIAL,UNKNOWN,400g,,,UNKNOWN,UNKNOWN,UNKNOWN,,UNKNOWN,False
kfind-catalog-d105-228000000-0001,삼계탕,True,True,True,False,404,15.36,42.72,19.2,COMPLETE,국 및 탕류,False,False,False,True,True,False,True,False,VERIFIED_NO_PREFERRED_GROUP,UNKNOWN_OR_PARTIAL,UNKNOWN,400g,닭|찹쌀|수삼|대추|마늘|물|소금 적량|후춧가루 적량,POULTRY,NONE,POULTRY,SIMMERED,https://www.nics.go.kr/food/kfi/tfSrch08/view?menuId=PS03520&tfcode=90757,PUBLIC_REFERENCE_RECIPE,True
kfind-catalog-d105-229000000-0001,새우탕,True,True,True,False,132,8.0,20.68,1.76,COMPLETE,국 및 탕류,True,False,False,True,True,False,True,False,MISSING_VERIFIED_COMPOSITION,UNKNOWN_OR_PARTIAL,UNKNOWN,400g,,,UNKNOWN,UNKNOWN,UNKNOWN,,UNKNOWN,False
kfind-catalog-d105-231000000-0001,설렁탕,True,True,True,False,96,1.44,17.04,2.32,COMPLETE,국 및 탕류,True,False,False,True,True,False,True,False,VERIFIED_NO_PREFERRED_GROUP,UNKNOWN_OR_PARTIAL,UNKNOWN,400g,쇠머리|사골|도가니|우설|유통|우족|사태|쇠고기|물 적량|생강 적량|대파 적량|마늘 적량,RED_MEAT,NONE,RED_MEAT,SIMMERED,https://www.nics.go.kr/food/kfi/tfSrch08/view?menuId=PS03520&tfcode=90419,PUBLIC_REFERENCE_RECIPE,True
kfind-catalog-d305-233000000-0001,소탕,True,True,True,False,232,5.08,20.4,14.28,COMPLETE,국 및 탕류,True,False,False,True,True,False,True,False,MISSING_VERIFIED_COMPOSITION,UNKNOWN_OR_PARTIAL,UNKNOWN,400g,,,UNKNOWN,UNKNOWN,UNKNOWN,,UNKNOWN,False
kfind-catalog-d105-234000000-0001,순대국,True,True,True,False,340,59.8,9.4,7.0,COMPLETE,국 및 탕류,False,False,False,True,True,False,True,False,MISSING_VERIFIED_COMPOSITION,UNKNOWN_OR_PARTIAL,UNKNOWN,400g,,,UNKNOWN,UNKNOWN,UNKNOWN,,UNKNOWN,False
kfind-catalog-d305-235000000-0001,아구탕,True,True,True,False,164,8.52,25.2,3.28,COMPLETE,국 및 탕류,True,False,False,True,True,False,True,True,,UNKNOWN_OR_PARTIAL,UNKNOWN,400g,생아귀|콩나물|무|미나리|소금|물,FISH|VEGETABLE,NONE,FISH,SIMMERED,https://www.nics.go.kr/food/kfi/tfSrch08/view?menuId=PS03520&tfcode=91426,PUBLIC_REFERENCE_RECIPE,True
kfind-catalog-d105-237000000-0001,어묵국(어묵탕),True,True,True,False,124,15.32,5.96,4.12,COMPLETE,국 및 탕류,True,True,False,True,True,True,True,False,VERIFIED_NO_PREFERRED_GROUP,UNKNOWN_OR_PARTIAL,UNKNOWN,400g,어묵|대파|마늘|소금,PROCESSED_FISH,NONE,UNKNOWN,SIMMERED,https://www.foodsafetykorea.go.kr/popup/sensuousmenuView.do?rcp_menu_no=173,PUBLIC_REFERENCE_RECIPE,True
kfind-catalog-d305-239000000-0001,어탕,True,True,True,False,228,4.84,33.88,8.24,COMPLETE,국 및 탕류,True,False,False,True,True,False,True,True,,UNKNOWN_OR_PARTIAL,UNKNOWN,400g,미꾸라지|토란대|배추시래기|고사리|숙주|부추|대파|풋고추|물|된장|호박잎|방아잎|국간장|소금|초피가루 약간,FISH|VEGETABLE,NONE,FISH,SIMMERED,https://www.nics.go.kr/food/kfi/tfSrch08/view?menuId=PS03520&tfcode=91436,PUBLIC_REFERENCE_RECIPE,True
kfind-catalog-d305-240000000-0001,연포탕,True,True,True,False,216,8.08,37.96,3.6,COMPLETE,국 및 탕류,True,False,False,True,True,False,True,False,MISSING_VERIFIED_COMPOSITION,UNKNOWN_OR_PARTIAL,UNKNOWN,400g,,,UNKNOWN,UNKNOWN,UNKNOWN,,UNKNOWN,False
kfind-catalog-d305-241000000-0001,오이냉국,True,True,True,False,76,15.68,2.0,0.36,COMPLETE,국 및 탕류,True,False,False,True,True,False,True,True,,UNKNOWN_OR_PARTIAL,UNKNOWN,400g,오이|물|식초|국간장|소금 적량|대파|붉은 고추,VEGETABLE,NONE,UNKNOWN,SIMMERED,https://www.nics.go.kr/food/kfi/tfSrch08/view?menuId=PS03520&tfcode=90431,PUBLIC_REFERENCE_RECIPE,True
kfind-catalog-d106-259000000-0001,갈치찌개,False,True,True,False,152,7.8,21.08,4.0,COMPLETE,찌개 및 전골류,True,False,False,True,True,False,True,True,,UNKNOWN_OR_PARTIAL,UNKNOWN,400g,갈치|애호박|붉은 고추|대파|마늘|고춧가루|소금|물,FISH|VEGETABLE,NONE,FISH,SIMMERED,https://www.nics.go.kr/food/kfi/tfSrch08/view?menuId=PS03520&tfcode=91446,PUBLIC_REFERENCE_RECIPE,True
kfind-catalog-d106-260000000-0001,감자탕,False,True,True,False,284,9.08,25.24,16.24,COMPLETE,찌개 및 전골류,False,False,False,True,True,False,True,False,VERIFIED_NO_PREFERRED_GROUP,UNKNOWN_OR_PARTIAL,UNKNOWN,400g,돼지 뼈|감자|시래기|대파|마른 고추|들깨|된장|마늘|물 적량|소금 약간,RED_MEAT|ROOT_STARCH|VEGETABLE,NONE,RED_MEAT,SIMMERED,https://www.nics.go.kr/food/kfi/tfSrch08/view?menuId=PS03520&tfcode=90170,PUBLIC_REFERENCE_RECIPE,True
kfind-catalog-d106-265000000-0001,김치전골,False,True,True,False,292,22.72,12.48,16.92,COMPLETE,찌개 및 전골류,False,False,False,True,True,False,True,False,MISSING_VERIFIED_COMPOSITION,UNKNOWN_OR_PARTIAL,UNKNOWN,400g,,,UNKNOWN,UNKNOWN,UNKNOWN,,UNKNOWN,False
kfind-catalog-d306-266000000-0001,김치찌개,False,True,True,False,244,11.92,15.08,15.0,COMPLETE,찌개 및 전골류,True,False,False,True,True,False,True,True,,UNKNOWN_OR_PARTIAL,UNKNOWN,400g,배추김치|돼지고기|두부|풋고추|양파|물|대파|마늘|고춧가루|식용유|간장 약간|소금 약간,LEGUME_SOY|RED_MEAT|VEGETABLE,NONE,LEGUME_SOY|RED_MEAT,SIMMERED,https://www.nics.go.kr/food/kfi/tfSrch08/view?menuId=PS03520&tfcode=90772,PUBLIC_REFERENCE_RECIPE,True
kfind-catalog-d306-267000000-0001,꽁치찌개,False,True,True,False,472,16.28,32.0,31.08,COMPLETE,찌개 및 전골류,False,False,True,True,True,False,True,True,,UNKNOWN_OR_PARTIAL,UNKNOWN,400g,꽁치 통조림|김치|마늘|무|파,FISH|VEGETABLE,NONE,FISH,SIMMERED,https://english.visitkorea.or.kr/svc/sp/food/ext/special_view.do?menuSn=913&vcontsId=178268,PUBLIC_DISH_DEFINITION,True
kfind-catalog-d106-268000000-0001,꽃게탕,False,True,True,False,68,5.76,7.44,1.64,COMPLETE,찌개 및 전골류,True,False,False,True,True,False,True,True,,UNKNOWN_OR_PARTIAL,UNKNOWN,400g,꽃게|들깨|양파|대파|풋고추|마늘|고추 다진 양념|된장|물|국간장 약간,NUT_SEED|SEAFOOD|VEGETABLE,NONE,NUT_SEED|SEAFOOD,SIMMERED,https://www.nics.go.kr/food/kfi/tfSrch08/view?menuId=PS03520&tfcode=90171,PUBLIC_REFERENCE_RECIPE,True
kfind-catalog-d106-270000000-0001,낙지전골,False,True,True,False,204,14.88,26.0,4.56,COMPLETE,찌개 및 전골류,True,False,False,True,True,False,True,True,,UNKNOWN_OR_PARTIAL,UNKNOWN,400g,낙지|쇠고기|느타리버섯|미나리|붉은 고추|장국국물|국간장|소금 약간,RED_MEAT|SEAFOOD|VEGETABLE,NONE,RED_MEAT|SEAFOOD,SIMMERED,https://www.nics.go.kr/food/kfi/tfSrch08/view?menuId=PS03520&tfcode=92627,PUBLIC_REFERENCE_RECIPE,True
kfind-catalog-d106-273000000-0001,동태찌개,False,True,True,False,176,6.88,24.44,5.48,COMPLETE,찌개 및 전골류,True,False,False,True,True,False,True,True,,UNKNOWN_OR_PARTIAL,UNKNOWN,400g,무|두부|쑥갓|물|국간장 적량|소금 적량|생태|쇠고기|붉은고추|대파,FISH|LEGUME_SOY|RED_MEAT|VEGETABLE,NONE,FISH|LEGUME_SOY|RED_MEAT,SIMMERED,https://www.nics.go.kr/food/kfi/tfSrch08/view?menuId=PS03520&tfcode=90446,PUBLIC_REFERENCE_RECIPE,True
kfind-catalog-d106-274000000-0001,돼지고기찌개,False,True,True,False,192,9.04,25.0,6.04,COMPLETE,찌개 및 전골류,True,False,False,True,True,False,True,True,,UNKNOWN_OR_PARTIAL,UNKNOWN,400g,돼지고기|배추김치|두부|무|양파|물|대파|고추장|생강|마늘|고춧가루|소금|후춧가루,LEGUME_SOY|RED_MEAT|VEGETABLE,NONE,LEGUME_SOY|RED_MEAT,SIMMERED,https://www.nics.go.kr/food/kfi/tfSrch08/view?menuId=PS03520&tfcode=90773,PUBLIC_REFERENCE_RECIPE,True
kfind-catalog-d106-275000000-0001,된장찌개,False,True,True,False,184,17.76,13.52,6.52,COMPLETE,찌개 및 전골류,True,False,False,True,True,False,True,True,,UNKNOWN_OR_PARTIAL,UNKNOWN,400g,쇠고기|우렁이|두부|애호박|대파|물|된장|소금 약간,LEGUME_SOY|RED_MEAT|SEAFOOD|VEGETABLE,NONE,LEGUME_SOY|RED_MEAT|SEAFOOD,SIMMERED,https://www.nics.go.kr/food/kfi/tfSrch08/view?menuId=PS03520&tfcode=90189,PUBLIC_REFERENCE_RECIPE,True
kfind-catalog-d306-276000000-0001,두부전골,False,True,True,False,252,13.68,20.48,12.88,COMPLETE,찌개 및 전골류,True,False,False,True,True,False,True,True,,UNKNOWN_OR_PARTIAL,UNKNOWN,400g,두부|버섯|애호박|배추,LEGUME_SOY|VEGETABLE,NONE,LEGUME_SOY,SIMMERED,https://www.foodnuri.go.kr/portal/bbs/B0000290/view.do?deleteCd=0&menuNo=300089&nttId=233995&pageIndex=9,PUBLIC_REFERENCE_RECIPE,True
kfind-catalog-d306-278000000-0002,마라탕,False,True,True,False,264,20.4,15.64,13.08,COMPLETE,찌개 및 전골류,False,False,False,True,True,False,True,False,MISSING_VERIFIED_COMPOSITION,UNKNOWN_OR_PARTIAL,UNKNOWN,400g,,,UNKNOWN,UNKNOWN,UNKNOWN,,UNKNOWN,False
kfind-catalog-d306-279000000-0002,만두전골,False,True,True,False,228,22.2,14.44,8.92,COMPLETE,찌개 및 전골류,True,False,False,True,True,False,True,True,,UNKNOWN_OR_PARTIAL,UNKNOWN,400g,만두|김치|파|버섯|두부|멸치|다시마|쇠고기 양지 육수,LEGUME_SOY|VEGETABLE|RED_MEAT,NONE,LEGUME_SOY|RED_MEAT,SIMMERED,https://english.visitkorea.or.kr/svc/sp/food/ext/special_view.do?menuSn=913&vcontsId=231433,PUBLIC_DISH_DEFINITION,True
kfind-catalog-d106-282000000-0001,버섯전골,False,True,True,False,312,19.12,20.56,16.96,COMPLETE,찌개 및 전골류,False,False,False,True,True,False,True,False,VERIFIED_NO_PREFERRED_GROUP,UNKNOWN_OR_PARTIAL,UNKNOWN,400g,느타리버섯|송이버섯|싸리버섯|쇠고기|미나리|국간장|쪽파|육수,RED_MEAT|VEGETABLE,NONE,RED_MEAT,SIMMERED,https://www.nics.go.kr/food/kfi/tfSrch08/view?menuId=PS03520&tfcode=90450,PUBLIC_REFERENCE_RECIPE,True
kfind-catalog-d306-283000000-0001,버섯찌개,False,True,True,False,168,15.4,14.72,5.2,COMPLETE,찌개 및 전골류,True,False,False,True,True,False,True,False,MISSING_VERIFIED_COMPOSITION,UNKNOWN_OR_PARTIAL,UNKNOWN,400g,,,UNKNOWN,UNKNOWN,UNKNOWN,,UNKNOWN,False
kfind-catalog-d106-284000000-0001,부대찌개,False,True,True,False,492,41.08,23.44,25.96,COMPLETE,찌개 및 전골류,False,False,True,True,True,False,True,False,VERIFIED_PROCESSED_MEAT,UNKNOWN_OR_PARTIAL,UNKNOWN,400g,소시지|햄|쇠고기|베이컨|치즈,PROCESSED_MEAT|RED_MEAT|DAIRY,NONE,DAIRY|PROCESSED_MEAT|RED_MEAT,SIMMERED,https://english.visitkorea.or.kr/svc/sp/food/ext/special_view.do?menuSn=913&vcontsId=178339,PUBLIC_DISH_DEFINITION,True
kfind-catalog-d106-289000000-0001,소고기전골,False,True,True,False,252,1.84,31.56,12.96,COMPLETE,찌개 및 전골류,True,False,False,True,True,False,True,True,,UNKNOWN_OR_PARTIAL,UNKNOWN,400g,쇠고기|두부|무|양파|실파|당근|미나리|표고버섯|물|마늘|소금|국간장|참기름|후춧가루,LEGUME_SOY|RED_MEAT|VEGETABLE,NONE,LEGUME_SOY|RED_MEAT,SIMMERED,https://www.nics.go.kr/food/kfi/tfSrch08/view?menuId=PS03520&tfcode=90777,PUBLIC_REFERENCE_RECIPE,True
kfind-catalog-d106-293000000-0001,알탕,False,True,True,False,156,6.96,25.48,2.96,COMPLETE,찌개 및 전골류,True,False,False,True,True,False,True,True,,UNKNOWN_OR_PARTIAL,UNKNOWN,400g,명란|무|콩나물|미나리|풋고추|붉은 고추|대파,FISH|VEGETABLE,NONE,FISH,SIMMERED,https://www.nics.go.kr/food/kfi/tfSrch08/view?menuId=PS03520&tfcode=91841,PUBLIC_REFERENCE_RECIPE,True
kfind-catalog-d106-294000000-0001,오리백숙,False,True,True,False,448,2.0,42.36,30.0,COMPLETE,찌개 및 전골류,False,False,False,True,True,False,True,False,VERIFIED_NO_PREFERRED_GROUP,UNKNOWN_OR_PARTIAL,UNKNOWN,400g,오리|약재|통마늘|대추|밤,POULTRY|ROOT_STARCH,NONE,POULTRY,SIMMERED,https://english.visitkorea.or.kr/svc/sp/food/ext/special_view.do?menuSn=913&vcontsId=179458,PUBLIC_DISH_DEFINITION,True
kfind-catalog-d106-295000000-0001,오리탕,False,True,True,False,484,24.32,38.0,26.24,COMPLETE,찌개 및 전골류,False,False,True,True,True,False,True,True,,UNKNOWN_OR_PARTIAL,UNKNOWN,400g,감자|무|당근|건삼|양파|느타리버섯|쑥갓|미나리|오리|밤|대추|대파|들깨|양파 적량|물 적량,POULTRY|ROOT_STARCH|VEGETABLE,NONE,POULTRY,SIMMERED,https://www.nics.go.kr/food/kfi/tfSrch08/view?menuId=PS03520&tfcode=90430,PUBLIC_REFERENCE_RECIPE,True
kfind-catalog-d106-296000000-0001,오징어찌개,False,True,True,False,136,19.08,13.2,0.88,COMPLETE,찌개 및 전골류,True,False,False,True,True,False,True,True,,UNKNOWN_OR_PARTIAL,UNKNOWN,400g,오징어|콩나물|감자|양파|쑥갓|물|대파|마늘|고춧가루|고추장|소금,ROOT_STARCH|SEAFOOD|VEGETABLE,NONE,SEAFOOD,SIMMERED,https://www.nics.go.kr/food/kfi/tfSrch08/view?menuId=PS03520&tfcode=90779,PUBLIC_REFERENCE_RECIPE,True
kfind-catalog-d106-297000000-0001,청국장찌개,False,True,True,False,188,7.68,20.12,8.44,COMPLETE,찌개 및 전골류,True,False,False,True,True,False,True,True,,UNKNOWN_OR_PARTIAL,UNKNOWN,400g,청국장|두부|김치|쇠고기,LEGUME_SOY|VEGETABLE|RED_MEAT,NONE,LEGUME_SOY|RED_MEAT,SIMMERED,https://www.nics.go.kr/food/kfi/tfSrch08/view?menuId=PS03520&tfcode=89555,PUBLIC_REFERENCE_RECIPE,True
kfind-catalog-d108-352000000-0001,가자미구이,False,True,True,False,308,1.65,46.75,12.55,COMPLETE,구이류,False,False,False,True,True,False,True,True,,UNKNOWN_OR_PARTIAL,UNKNOWN,250g,가자미,FISH,NONE,FISH,GRILLED,https://english.visitkorea.or.kr/svc/sp/food/ext/special_view.do?menuSn=913&vcontsId=231523,PUBLIC_DISH_DEFINITION,True
kfind-catalog-d308-364000000-0001,꿩불고기,False,True,True,False,185,19.85,16.75,4.25,COMPLETE,구이류,True,False,False,True,True,True,True,True,,UNKNOWN_OR_PARTIAL,UNKNOWN,250g,꿩|채소|당면|간장,POULTRY|VEGETABLE|GRAIN_UNSPECIFIED,RICE_OR_FLOUR,POULTRY,SIMMERED,https://english.visitkorea.or.kr/svc/sp/food/ext/special_view.do?menuSn=913&vcontsId=179290,PUBLIC_DISH_DEFINITION,True
kfind-catalog-d108-365000000-0001,닭구이,False,True,True,False,643,19.5,65.525,33.475,COMPLETE,구이류,False,False,True,True,True,False,True,False,MISSING_VERIFIED_COMPOSITION,UNKNOWN_OR_PARTIAL,UNKNOWN,250g,,,UNKNOWN,UNKNOWN,UNKNOWN,,UNKNOWN,False
kfind-catalog-d108-368000000-0001,닭발구이,False,True,True,False,490,24.25,45.375,23.525,COMPLETE,구이류,False,False,True,True,True,False,True,False,MISSING_VERIFIED_COMPOSITION,UNKNOWN_OR_PARTIAL,UNKNOWN,250g,,,UNKNOWN,UNKNOWN,UNKNOWN,,UNKNOWN,False
kfind-catalog-d308-371000000-0001,더덕구이,False,True,True,False,460,77.75,7.75,13.0,COMPLETE,구이류,False,False,False,True,True,False,True,True,,UNKNOWN_OR_PARTIAL,UNKNOWN,250g,더덕|식초 약간,VEGETABLE,NONE,UNKNOWN,GRILLED,https://www.nics.go.kr/food/kfi/tfSrch08/view?menuId=PS03520&tfcode=89579,PUBLIC_REFERENCE_RECIPE,True
kfind-catalog-d308-374000000-0001,돼지껍데기구이,False,True,True,False,870,8.425,59.35,66.6,COMPLETE,구이류,False,False,True,True,True,False,True,False,MISSING_VERIFIED_COMPOSITION,UNKNOWN_OR_PARTIAL,UNKNOWN,250g,,,UNKNOWN,UNKNOWN,UNKNOWN,,UNKNOWN,False
kfind-catalog-d108-376000000-0001,떡갈비,True,False,False,True,505,6.15,53.45,29.55,COMPLETE,구이류,False,False,True,True,True,False,True,False,VERIFIED_NO_PREFERRED_GROUP,UNKNOWN_OR_PARTIAL,UNKNOWN,250g,소갈비,RED_MEAT,NONE,RED_MEAT,GRILLED,https://www.nics.go.kr/food/kfi/tfSrch08/view?menuId=PS03520&tfcode=92174,PUBLIC_REFERENCE_RECIPE,True
kfind-catalog-d108-377000000-0001,런천미트구이,False,True,True,False,758,8.175,43.9,60.95,COMPLETE,구이류,False,False,True,True,True,False,True,False,MISSING_VERIFIED_COMPOSITION,UNKNOWN_OR_PARTIAL,UNKNOWN,250g,,,UNKNOWN,UNKNOWN,UNKNOWN,,UNKNOWN,False
kfind-catalog-d108-379000000-0001,뱅어포구이,False,True,True,False,935,62.675,85.925,37.925,COMPLETE,구이류,False,False,True,True,True,False,True,True,,UNKNOWN_OR_PARTIAL,UNKNOWN,250g,뱅어포,FISH,NONE,FISH,GRILLED,https://www.nics.go.kr/food/kfi/tfSrch08/view?menuId=PS03520&tfcode=92676,PUBLIC_REFERENCE_RECIPE,True
kfind-catalog-d108-380000000-0001,버섯구이,False,True,True,False,130,11.95,12.9,3.45,COMPLETE,구이류,True,False,False,True,True,False,True,False,MISSING_VERIFIED_COMPOSITION,UNKNOWN_OR_PARTIAL,UNKNOWN,250g,,,UNKNOWN,UNKNOWN,UNKNOWN,,UNKNOWN,False
kfind-catalog-d108-381000000-0001,버섯구이표고버섯,False,True,True,False,250,45.35,10.85,2.65,COMPLETE,구이류,True,False,False,True,True,False,True,False,MISSING_VERIFIED_COMPOSITION,UNKNOWN_OR_PARTIAL,UNKNOWN,250g,,,UNKNOWN,UNKNOWN,UNKNOWN,,UNKNOWN,False
kfind-catalog-d108-382000000-0001,삼겹살구이,False,True,True,False,1168,0.875,56.4,104.225,COMPLETE,구이류,False,False,True,True,True,False,True,False,VERIFIED_NO_PREFERRED_GROUP,UNKNOWN_OR_PARTIAL,UNKNOWN,250g,돼지고기,RED_MEAT,NONE,RED_MEAT,GRILLED,https://www.nics.go.kr/food/kfi/tfSrch08/view?menuId=PS03520&tfcode=90832,PUBLIC_REFERENCE_RECIPE,True
kfind-catalog-d108-383000000-0001,삼치구이,False,True,True,False,445,3.625,53.55,23.925,COMPLETE,구이류,False,False,False,True,True,False,True,True,,UNKNOWN_OR_PARTIAL,UNKNOWN,250g,삼치,FISH,NONE,FISH,GRILLED,https://www.nics.go.kr/food/kfi/tfSrch08/view?menuId=PS03520&tfcode=90833,PUBLIC_REFERENCE_RECIPE,True
kfind-catalog-d108-384000000-0001,새우구이,False,True,True,False,363,7.05,58.525,11.1,COMPLETE,구이류,False,False,False,True,True,False,True,False,MISSING_VERIFIED_COMPOSITION,UNKNOWN_OR_PARTIAL,UNKNOWN,250g,,,UNKNOWN,UNKNOWN,UNKNOWN,,UNKNOWN,False
kfind-catalog-d108-386000000-0001,소불고기,False,True,True,False,425,10.65,41.025,24.15,COMPLETE,구이류,False,False,False,True,True,False,True,False,VERIFIED_NO_PREFERRED_GROUP,UNKNOWN_OR_PARTIAL,UNKNOWN,250g,쇠고기|당근|양파|식용유|대파,RED_MEAT|VEGETABLE,NONE,RED_MEAT,PAN_COOKED,https://www.nics.go.kr/food/kfi/tfSrch08/view?menuId=PS03520&tfcode=90835,PUBLIC_REFERENCE_RECIPE,True
kfind-catalog-d308-388000000-0001,연어구이,False,True,True,False,585,0.5,61.95,37.35,COMPLETE,구이류,False,False,True,True,True,False,True,False,MISSING_VERIFIED_COMPOSITION,UNKNOWN_OR_PARTIAL,UNKNOWN,250g,,,UNKNOWN,UNKNOWN,UNKNOWN,,UNKNOWN,False
kfind-catalog-d108-390000000-0001,오리고기구이,False,True,True,False,733,12.225,60.15,49.25,COMPLETE,구이류,False,False,True,True,True,False,True,False,MISSING_VERIFIED_COMPOSITION,UNKNOWN_OR_PARTIAL,UNKNOWN,250g,,,UNKNOWN,UNKNOWN,UNKNOWN,,UNKNOWN,False
kfind-catalog-d108-392000000-0001,오리불고기,False,True,True,False,363,22.625,16.875,22.625,COMPLETE,구이류,False,False,False,True,True,False,True,True,,UNKNOWN_OR_PARTIAL,UNKNOWN,250g,오리고기|채소|부추,POULTRY|VEGETABLE,NONE,POULTRY,PAN_COOKED,https://english.visitkorea.or.kr/svc/sp/food/ext/special_view.do?menuSn=913&vcontsId=180155,PUBLIC_DISH_DEFINITION,True
kfind-catalog-d308-395000000-0001,임연수구이,False,True,True,False,495,3.5,53.8,29.4,COMPLETE,구이류,False,False,True,True,True,False,True,True,,UNKNOWN_OR_PARTIAL,UNKNOWN,250g,임연수어,FISH,NONE,FISH,GRILLED,https://english.visitkorea.or.kr/svc/sp/food/ext/special_view.do?menuSn=913&vcontsId=231570,PUBLIC_DISH_DEFINITION,True
kfind-catalog-d108-399000000-0001,조기구이,False,True,True,False,443,1.1,48.325,27.15,COMPLETE,구이류,False,False,False,True,True,False,True,True,,UNKNOWN_OR_PARTIAL,UNKNOWN,250g,조기|식용유|소금,FISH,NONE,FISH,GRILLED,https://www.nics.go.kr/food/kfi/tfSrch08/view?menuId=PS03520&tfcode=92363,PUBLIC_REFERENCE_RECIPE,True
kfind-catalog-d110-450000000-0001,감자볶음,False,True,True,False,250,31.025,4.375,12.1,COMPLETE,볶음류,True,False,False,True,True,False,True,True,,UNKNOWN_OR_PARTIAL,UNKNOWN,250g,감자|양파|대파|식용유|간장|마늘|설탕,ROOT_STARCH|VEGETABLE,NONE,UNKNOWN,PAN_COOKED,https://www.nics.go.kr/food/kfi/tfSrch08/view?menuId=PS03520&tfcode=90854,PUBLIC_REFERENCE_RECIPE,True
kfind-catalog-d110-451000000-0001,건새우볶음,False,True,True,False,760,13.5,103.875,32.375,COMPLETE,볶음류,False,False,True,True,True,False,True,False,MISSING_VERIFIED_COMPOSITION,UNKNOWN_OR_PARTIAL,UNKNOWN,250g,,,UNKNOWN,UNKNOWN,UNKNOWN,,UNKNOWN,False
kfind-catalog-d110-456000000-0001,김치볶음,False,True,True,False,265,18.175,3.45,19.85,COMPLETE,볶음류,False,False,False,True,True,False,True,True,,UNKNOWN_OR_PARTIAL,UNKNOWN,250g,배추김치|대파|식용유|마늘|참기름|설탕,VEGETABLE,NONE,UNKNOWN,PAN_COOKED,https://www.nics.go.kr/food/kfi/tfSrch08/view?menuId=PS03520&tfcode=90855,PUBLIC_REFERENCE_RECIPE,True
kfind-catalog-d110-457000000-0001,낙지볶음,False,True,True,False,228,21.5,14.425,9.425,COMPLETE,볶음류,True,False,False,True,True,False,True,True,,UNKNOWN_OR_PARTIAL,UNKNOWN,250g,낙지|양배추|양파|당근|쪽파|붉은 고추|식용유|소금 약간,SEAFOOD|VEGETABLE,NONE,SEAFOOD,PAN_COOKED,https://www.nics.go.kr/food/kfi/tfSrch08/view?menuId=PS03520&tfcode=90857,PUBLIC_REFERENCE_RECIPE,True
kfind-catalog-d310-459000000-0001,느타리버섯볶음,False,True,True,False,218,19.225,9.025,11.65,COMPLETE,볶음류,True,False,False,True,True,False,True,False,SOURCE_MAJOR_QUANTITY_UNIT_UNVERIFIED,UNKNOWN_OR_PARTIAL,UNKNOWN,250g,느타리버섯|양파|간장|마늘|파|참기름|콩기름|소금|깨소금,VEGETABLE,NONE,UNKNOWN,UNKNOWN,https://api.nongsaro.go.kr/sample/rest/recomendDiet/recomendDiet.jsp?cntntsNo=89448&tabNo=5,PUBLIC_REFERENCE_RECIPE,True
kfind-catalog-d310-460000000-0001,닭모래집볶음,False,True,True,False,440,7.05,70.275,14.5,COMPLETE,볶음류,False,False,False,True,True,False,True,True,,UNKNOWN_OR_PARTIAL,UNKNOWN,250g,닭모래집|양파|고추|피망|버섯,POULTRY|VEGETABLE,NONE,POULTRY,PAN_COOKED,https://english.visitkorea.or.kr/svc/sp/food/ext/special_view.do?menuSn=913&vcontsId=178480,PUBLIC_DISH_DEFINITION,True
kfind-catalog-d110-461000000-0001,닭발볶음,False,True,True,False,465,29.3,34.5,23.45,COMPLETE,볶음류,False,False,True,True,True,False,True,False,MISSING_VERIFIED_COMPOSITION,UNKNOWN_OR_PARTIAL,UNKNOWN,250g,,,UNKNOWN,UNKNOWN,UNKNOWN,,UNKNOWN,False
kfind-catalog-d110-462000000-0001,닭볶음(닭갈비),False,True,True,False,465,19.825,34.95,27.4,COMPLETE,볶음류,False,False,True,True,True,False,True,True,,UNKNOWN_OR_PARTIAL,UNKNOWN,250g,감자|양파|당근|대파|닭|물 적량,POULTRY|ROOT_STARCH|VEGETABLE,NONE,POULTRY,PAN_COOKED,https://www.nics.go.kr/food/kfi/tfSrch08/view?menuId=PS03520&tfcode=90858,PUBLIC_REFERENCE_RECIPE,True
kfind-catalog-d110-463000000-0001,당근볶음,False,True,True,False,238,19.475,2.325,16.575,COMPLETE,볶음류,True,False,False,True,True,False,True,False,MISSING_VERIFIED_COMPOSITION,UNKNOWN_OR_PARTIAL,UNKNOWN,250g,,,UNKNOWN,UNKNOWN,UNKNOWN,,UNKNOWN,False
kfind-catalog-d310-464000000-0002,돼지고기볶음,False,True,True,False,438,22.775,28.7,25.825,COMPLETE,볶음류,False,False,False,True,True,False,True,False,VERIFIED_NO_PREFERRED_GROUP,UNKNOWN_OR_PARTIAL,UNKNOWN,250g,돼지고기|양배추|양파|깻잎|당근|풋고추|식용유|소금 약간,RED_MEAT|VEGETABLE,NONE,RED_MEAT,PAN_COOKED,https://www.nics.go.kr/food/kfi/tfSrch08/view?menuId=PS03520&tfcode=90859,PUBLIC_REFERENCE_RECIPE,True
kfind-catalog-d110-465000000-0001,돼지고기볶음(제육볶음),False,True,True,False,488,11.825,30.375,35.475,COMPLETE,볶음류,False,False,True,True,True,False,True,False,VERIFIED_NO_PREFERRED_GROUP,UNKNOWN_OR_PARTIAL,UNKNOWN,250g,돼지고기|양배추|양파|깻잎|당근|풋고추|식용유|소금 약간,RED_MEAT|VEGETABLE,NONE,RED_MEAT,PAN_COOKED,https://www.nics.go.kr/food/kfi/tfSrch08/view?menuId=PS03520&tfcode=90859,PUBLIC_REFERENCE_RECIPE,True
kfind-catalog-d310-466000000-0001,두부김치,False,True,True,False,288,14.075,19.475,17.125,COMPLETE,볶음류,False,False,False,True,True,False,True,True,,UNKNOWN_OR_PARTIAL,UNKNOWN,250g,두부|김치,LEGUME_SOY|VEGETABLE,NONE,LEGUME_SOY,ASSEMBLED,https://english.visitkorea.or.kr/svc/sp/food/ext/special_view.do?menuSn=913&vcontsId=179834,PUBLIC_DISH_DEFINITION,True
kfind-catalog-d110-467000000-0001,떡볶이,True,False,False,True,360,64.9,8.775,7.4,COMPLETE,볶음류,False,False,False,True,True,False,True,True,,UNKNOWN_OR_PARTIAL,UNKNOWN,250g,흰떡|고기|숙주|미나리|당근|양파|건표고버섯|소금 약간|설탕 약간|깨소금 약간|참기름 약간,GRAIN_UNSPECIFIED|MEAT_UNSPECIFIED|VEGETABLE,RICE_OR_FLOUR,UNKNOWN,PAN_COOKED,https://www.nics.go.kr/food/kfi/tfSrch08/view?menuId=PS03520&tfcode=90516,PUBLIC_REFERENCE_RECIPE,True
kfind-catalog-d110-468000000-0001,라볶이,False,True,True,False,335,50.35,7.075,11.775,COMPLETE,볶음류,False,False,False,True,True,True,True,False,VERIFIED_NO_PREFERRED_GROUP,UNKNOWN_OR_PARTIAL,UNKNOWN,250g,쌀떡|라면|어묵|파|고추장|고춧가루|설탕,GRAIN_UNSPECIFIED|PROCESSED_FISH,RICE_OR_FLOUR,UNKNOWN,SIMMERED,https://english.visitkorea.or.kr/svc/sp/food/ext/special_view.do?menuSn=913&vcontsId=231494,PUBLIC_DISH_DEFINITION,True
kfind-catalog-d110-469000000-0001,마늘쫑볶음,False,True,True,False,223,32.925,8.125,6.35,COMPLETE,볶음류,True,True,False,True,True,True,True,True,,UNKNOWN_OR_PARTIAL,UNKNOWN,250g,마늘종|양파|간장|식용유|설탕|통깨|소금 약간|참기름 약간,VEGETABLE,NONE,UNKNOWN,PAN_COOKED,https://www.nics.go.kr/food/kfi/tfSrch08/view?menuId=PS03520&tfcode=92523,PUBLIC_REFERENCE_RECIPE,True
kfind-catalog-d110-470000000-0001,마파두부,False,True,True,False,273,13.4,18.225,16.2,COMPLETE,볶음류,False,False,False,True,True,False,True,True,,UNKNOWN_OR_PARTIAL,UNKNOWN,250g,두부|돼지고기|홍고추|마늘|생강|두반장|청주|간장|굴소스|치킨파우더|설탕|녹말물|고추기름|물|후춧가루 약간,LEGUME_SOY|RED_MEAT,NONE,LEGUME_SOY|RED_MEAT,SIMMERED,https://api.nongsaro.go.kr/sample/rest/recomendDiet/recomendDiet.jsp?cntntsNo=89306&tabNo=3,PUBLIC_REFERENCE_RECIPE,True
kfind-catalog-d310-471000000-0001,머위나물볶음,False,True,True,False,180,12.675,5.825,11.675,COMPLETE,볶음류,True,False,False,True,True,False,True,False,MISSING_VERIFIED_COMPOSITION,UNKNOWN_OR_PARTIAL,UNKNOWN,250g,,,UNKNOWN,UNKNOWN,UNKNOWN,,UNKNOWN,False
kfind-catalog-d110-472000000-0001,멸치볶음,False,True,True,False,690,34.05,98.6,17.7,COMPLETE,볶음류,False,False,True,True,True,False,True,True,,UNKNOWN_OR_PARTIAL,UNKNOWN,250g,멸치|설탕|물엿|통깨|식용유|간장,FISH,NONE,FISH,PAN_COOKED,https://www.nics.go.kr/food/kfi/tfSrch08/view?menuId=PS03520&tfcode=90862,PUBLIC_REFERENCE_RECIPE,True
kfind-catalog-d110-475000000-0001,미역줄기볶음,False,True,True,False,193,12.125,2.4,14.875,COMPLETE,볶음류,True,False,False,True,True,False,True,True,,UNKNOWN_OR_PARTIAL,UNKNOWN,250g,염장미역줄기|양파|당근|붉은 고추|통깨|마늘|식용유 적량,VEGETABLE,NONE,UNKNOWN,PAN_COOKED,https://www.nics.go.kr/food/kfi/tfSrch08/view?menuId=PS03520&tfcode=90863,PUBLIC_REFERENCE_RECIPE,True
kfind-catalog-d110-477000000-0001,브로콜리볶음,False,True,True,False,128,13.825,11.05,3.2,COMPLETE,볶음류,True,False,False,True,True,True,True,False,MISSING_VERIFIED_COMPOSITION,UNKNOWN_OR_PARTIAL,UNKNOWN,250g,,,UNKNOWN,UNKNOWN,UNKNOWN,,UNKNOWN,False
kfind-catalog-d110-480000000-0001,새우볶음,False,True,True,False,208,14.9,24.775,5.525,COMPLETE,볶음류,True,False,False,True,True,False,True,False,MISSING_VERIFIED_COMPOSITION,UNKNOWN_OR_PARTIAL,UNKNOWN,250g,,,UNKNOWN,UNKNOWN,UNKNOWN,,UNKNOWN,False
kfind-catalog-d110-482000000-0001,소시지볶음,False,True,True,False,700,36.025,29.85,48.45,COMPLETE,볶음류,False,False,True,True,True,False,True,False,MISSING_VERIFIED_COMPOSITION,UNKNOWN_OR_PARTIAL,UNKNOWN,250g,,,UNKNOWN,UNKNOWN,UNKNOWN,,UNKNOWN,False
kfind-catalog-d310-483000000-0004,순대볶음,False,True,True,False,365,47.95,12.95,13.325,COMPLETE,볶음류,False,True,False,True,True,True,True,False,MISSING_VERIFIED_COMPOSITION,UNKNOWN_OR_PARTIAL,UNKNOWN,250g,,,UNKNOWN,UNKNOWN,UNKNOWN,,UNKNOWN,False
kfind-catalog-d110-484000000-0001,애호박볶음,False,True,True,False,148,13.25,3.3,9.05,COMPLETE,볶음류,True,False,False,True,True,False,True,True,,UNKNOWN_OR_PARTIAL,UNKNOWN,250g,애호박|양파|홍고추|마늘|들기름|새우젓|소금 약간|통깨 약간,VEGETABLE,NONE,UNKNOWN,PAN_COOKED,https://api.nongsaro.go.kr/sample/rest/recomendDiet/recomendDiet.jsp?cntntsNo=89257&tabNo=2,PUBLIC_REFERENCE_RECIPE,True
kfind-catalog-d110-485000000-0001,양파볶음,False,True,True,False,140,23.775,2.475,3.85,COMPLETE,볶음류,True,False,False,True,True,False,True,False,MISSING_VERIFIED_COMPOSITION,UNKNOWN_OR_PARTIAL,UNKNOWN,250g,,,UNKNOWN,UNKNOWN,UNKNOWN,,UNKNOWN,False
kfind-catalog-d311-506000000-0001,가자미조림,False,True,True,False,248,17.925,30.925,5.925,COMPLETE,조림류,True,False,False,True,True,False,True,True,,UNKNOWN_OR_PARTIAL,UNKNOWN,250g,가자미|무|물,FISH|VEGETABLE,NONE,FISH,SIMMERED,https://www.nics.go.kr/food/kfi/tfSrch08/view?menuId=PS03520&tfcode=90839,PUBLIC_REFERENCE_RECIPE,True
kfind-catalog-d111-508000000-0001,감자조림,False,True,True,False,285,45.25,6.0,8.8,COMPLETE,조림류,False,False,False,True,True,True,True,True,,UNKNOWN_OR_PARTIAL,UNKNOWN,250g,감자|당근|양파|통깨,ROOT_STARCH|VEGETABLE,NONE,UNKNOWN,SIMMERED,https://www.nics.go.kr/food/kfi/tfSrch08/view?menuId=PS03520&tfcode=90841,PUBLIC_REFERENCE_RECIPE,True
kfind-catalog-d111-509000000-0001,고등어조림,False,True,True,False,353,10.25,28.125,22.1,COMPLETE,조림류,False,False,False,True,True,False,True,True,,UNKNOWN_OR_PARTIAL,UNKNOWN,250g,고등어|무,FISH|VEGETABLE,NONE,FISH,BRAISED,https://fsis.go.kr/front/contents/cmsView.do?cate_id=0301&cnts_id=13682&select_list_no=127,PUBLIC_REFERENCE_RECIPE,True
kfind-catalog-d311-510000000-0001,고추조림,False,True,True,False,278,33.5,8.25,12.25,COMPLETE,조림류,False,False,False,True,True,True,True,False,MISSING_VERIFIED_COMPOSITION,UNKNOWN_OR_PARTIAL,UNKNOWN,250g,,,UNKNOWN,UNKNOWN,UNKNOWN,,UNKNOWN,False
kfind-catalog-d111-511000000-0001,꽁치조림,False,True,True,False,610,12.85,38.8,44.675,COMPLETE,조림류,False,False,True,True,True,False,True,True,,UNKNOWN_OR_PARTIAL,UNKNOWN,250g,꽁치|물|소금,FISH,NONE,FISH,SIMMERED,https://www.nics.go.kr/food/kfi/tfSrch08/view?menuId=PS03520&tfcode=90842,PUBLIC_REFERENCE_RECIPE,True
kfind-catalog-d111-514000000-0001,닭볶음탕,False,True,True,False,278,21.3,29.775,8.05,COMPLETE,조림류,False,False,False,True,True,False,True,False,VERIFIED_NO_PREFERRED_GROUP,UNKNOWN_OR_PARTIAL,UNKNOWN,250g,닭|감자|고춧가루 양념,POULTRY|ROOT_STARCH,NONE,POULTRY,SIMMERED,https://english.visitkorea.or.kr/svc/sp/food/ext/special_view.do?menuSn=913&vcontsId=179264,PUBLIC_DISH_DEFINITION,True
kfind-catalog-d111-515000000-0001,닭조림,False,True,True,False,493,16.425,45.075,27.25,COMPLETE,조림류,False,False,True,True,True,False,True,True,,UNKNOWN_OR_PARTIAL,UNKNOWN,250g,닭고기|감자|당근|양파|고추장|진간장|마늘|물엿|토마토케찹,POULTRY|ROOT_STARCH|VEGETABLE,NONE,POULTRY,SIMMERED,https://www.foodsafetykorea.go.kr/popup/sensuousmenuView.do?rcp_menu_no=252,PUBLIC_REFERENCE_RECIPE,True
kfind-catalog-d311-516000000-0001,동태조림,False,True,True,False,275,17.4,40.8,4.7,COMPLETE,조림류,False,False,False,True,True,False,True,True,,UNKNOWN_OR_PARTIAL,UNKNOWN,250g,동태|무|대파|실고추 약간,FISH|VEGETABLE,NONE,FISH,SIMMERED,https://www.nics.go.kr/food/kfi/tfSrch08/view?menuId=PS03520&tfcode=90845,PUBLIC_REFERENCE_RECIPE,True
kfind-catalog-d111-517000000-0001,두부조림,False,True,True,False,358,11.0,24.1,24.15,COMPLETE,조림류,False,False,False,True,True,False,True,True,,UNKNOWN_OR_PARTIAL,UNKNOWN,250g,두부|홍고추|파|마늘,LEGUME_SOY,NONE,LEGUME_SOY,BRAISED,https://www.foodsafetykorea.go.kr/popup/sensuousmenuView.do?rcp_menu_no=266,PUBLIC_REFERENCE_RECIPE,True
kfind-catalog-d111-518000000-0001,땅콩조림,False,True,True,False,1208,49.875,46.875,91.0,COMPLETE,조림류,False,False,True,True,True,False,True,True,,UNKNOWN_OR_PARTIAL,UNKNOWN,250g,땅콩|통깨,NUT_SEED,NONE,NUT_SEED,SIMMERED,https://www.nics.go.kr/food/kfi/tfSrch08/view?menuId=PS03520&tfcode=90847,PUBLIC_REFERENCE_RECIPE,True
kfind-catalog-d111-519000000-0001,멸치조림,False,True,True,False,795,22.325,102.3,33.05,COMPLETE,조림류,False,False,True,True,True,False,True,True,,UNKNOWN_OR_PARTIAL,UNKNOWN,250g,생멸치|풋고추|마늘|간장|참기름 약간,FISH,NONE,FISH,SIMMERED,https://www.nics.go.kr/food/kfi/tfSrch08/view?menuId=PS03520&tfcode=90035,PUBLIC_REFERENCE_RECIPE,True
kfind-catalog-d111-520000000-0001,무조림,False,True,True,False,120,10.725,5.65,5.95,COMPLETE,조림류,True,False,False,True,True,False,True,True,,UNKNOWN_OR_PARTIAL,UNKNOWN,250g,무|멸치|쌀뜨물|국간장|고춧가루|파|마늘 적량,FISH|VEGETABLE,NONE,FISH,SIMMERED,https://www.nics.go.kr/food/kfi/tfSrch08/view?menuId=PS03520&tfcode=90229,PUBLIC_REFERENCE_RECIPE,True
kfind-catalog-d111-521000000-0001,미트볼조림,False,True,True,False,553,32.375,45.375,26.825,COMPLETE,조림류,False,False,True,True,True,False,True,False,MISSING_VERIFIED_COMPOSITION,UNKNOWN_OR_PARTIAL,UNKNOWN,250g,,,UNKNOWN,UNKNOWN,UNKNOWN,,UNKNOWN,False
kfind-catalog-d111-522000000-0001,버섯조림,False,True,True,False,150,15.575,10.95,5.0,COMPLETE,조림류,True,False,False,True,True,True,True,False,MISSING_VERIFIED_COMPOSITION,UNKNOWN_OR_PARTIAL,UNKNOWN,250g,,,UNKNOWN,UNKNOWN,UNKNOWN,,UNKNOWN,False
kfind-catalog-d111-523000000-0001,병어조림,False,True,True,False,280,12.175,31.15,11.95,COMPLETE,조림류,False,False,False,True,True,False,True,False,VERIFIED_NO_PREFERRED_GROUP,UNKNOWN_OR_PARTIAL,UNKNOWN,250g,쇠고기|병어|물|실고추,FISH|RED_MEAT,NONE,FISH|RED_MEAT,UNKNOWN,https://www.nics.go.kr/food/kfi/tfSrch08/view?menuId=PS03520&tfcode=90511,PUBLIC_REFERENCE_RECIPE,True
kfind-catalog-d107-304000000-0001,가오리찜,False,True,True,False,255,1.15,54.975,3.475,COMPLETE,찜류,False,False,False,True,True,False,True,True,,UNKNOWN_OR_PARTIAL,UNKNOWN,250g,참기름|통깨|실고추 약간|가오리,FISH,NONE,FISH,STEAMED,https://www.nics.go.kr/food/kfi/tfSrch08/view?menuId=PS03520&tfcode=91148,PUBLIC_REFERENCE_RECIPE,True
kfind-catalog-d107-310000000-0001,깻잎찜,False,True,True,False,243,14.9,13.025,14.65,COMPLETE,찜류,True,False,False,True,True,False,True,True,,UNKNOWN_OR_PARTIAL,UNKNOWN,250g,깻잎,VEGETABLE,NONE,UNKNOWN,STEAMED,https://www.nics.go.kr/food/kfi/tfSrch08/view?menuId=PS03520&tfcode=90880,PUBLIC_REFERENCE_RECIPE,True
kfind-catalog-d307-311000000-0001,꼬막무침,False,True,True,False,268,19.225,20.85,11.8,COMPLETE,찜류,False,False,False,True,True,False,True,True,,UNKNOWN_OR_PARTIAL,UNKNOWN,250g,꼬막|물 적량|소금 약간,SEAFOOD,NONE,SEAFOOD,UNKNOWN,https://www.nics.go.kr/food/kfi/tfSrch08/view?menuId=PS03520&tfcode=90894,PUBLIC_REFERENCE_RECIPE,True
kfind-catalog-d107-312000000-0001,꼬막찜,False,True,True,False,240,17.425,30.075,5.7,COMPLETE,찜류,True,False,False,True,True,False,True,True,,UNKNOWN_OR_PARTIAL,UNKNOWN,250g,꼬막|소금 약간,SEAFOOD,NONE,SEAFOOD,STEAMED,https://www.nics.go.kr/food/kfi/tfSrch08/view?menuId=PS03520&tfcode=92606,PUBLIC_REFERENCE_RECIPE,True
kfind-catalog-d107-314000000-0001,꽈리고추찜,False,True,True,False,260,44.225,8.975,5.225,COMPLETE,찜류,False,False,False,True,True,True,True,False,MISSING_VERIFIED_COMPOSITION,UNKNOWN_OR_PARTIAL,UNKNOWN,250g,,,UNKNOWN,UNKNOWN,UNKNOWN,,UNKNOWN,False
kfind-catalog-d107-318000000-0001,닭찜,False,True,True,False,268,1.5,30.925,15.225,COMPLETE,찜류,False,False,False,True,True,False,True,False,VERIFIED_NO_PREFERRED_GROUP,UNKNOWN_OR_PARTIAL,UNKNOWN,250g,닭|밤|건표고버섯|당근|대추|달걀|대파|마늘|간장|생강즙,POULTRY|ROOT_STARCH,NONE,POULTRY,STEAMED,https://www.nics.go.kr/food/kfi/tfSrch08/view?menuId=PS03520&tfcode=90243,PUBLIC_REFERENCE_RECIPE,True
kfind-catalog-d307-320000000-0001,대구찜,False,True,True,False,188,12.35,25.85,3.95,COMPLETE,찜류,True,False,False,True,True,False,True,True,,UNKNOWN_OR_PARTIAL,UNKNOWN,250g,대구|콩나물|미나리,FISH|VEGETABLE,NONE,FISH,BRAISED,https://english.visitkorea.or.kr/svc/sp/food/ext/special_view.do?menuSn=913&vcontsId=178299,PUBLIC_DISH_DEFINITION,True
kfind-catalog-d307-322000000-0001,동태찜,False,True,True,False,198,12.9,25.45,4.85,COMPLETE,찜류,True,False,False,True,True,False,True,False,MISSING_VERIFIED_COMPOSITION,UNKNOWN_OR_PARTIAL,UNKNOWN,250g,,,UNKNOWN,UNKNOWN,UNKNOWN,,UNKNOWN,False
kfind-catalog-d307-323000000-0001,동파육,False,True,True,False,478,10.375,22.475,38.525,COMPLETE,찜류,False,False,True,True,True,False,True,False,MISSING_VERIFIED_COMPOSITION,UNKNOWN_OR_PARTIAL,UNKNOWN,250g,,,UNKNOWN,UNKNOWN,UNKNOWN,,UNKNOWN,False
kfind-catalog-d107-324000000-0001,돼지갈비찜,False,True,True,False,485,18.6,33.225,30.8,COMPLETE,찜류,False,False,True,True,True,False,True,False,VERIFIED_NO_PREFERRED_GROUP,UNKNOWN_OR_PARTIAL,UNKNOWN,250g,돼지고기|양파|당근|붉은 고추|물,RED_MEAT|VEGETABLE,NONE,RED_MEAT,STEAMED,https://www.nics.go.kr/food/kfi/tfSrch08/view?menuId=PS03520&tfcode=92373,PUBLIC_REFERENCE_RECIPE,True
kfind-catalog-d307-327000000-0001,돼지등갈비찜,False,True,True,False,535,31.9,40.05,27.325,COMPLETE,찜류,False,False,True,True,True,False,True,False,MISSING_VERIFIED_COMPOSITION,UNKNOWN_OR_PARTIAL,UNKNOWN,250g,,,UNKNOWN,UNKNOWN,UNKNOWN,,UNKNOWN,False
kfind-catalog-d307-330000000-0001,북어찜,False,True,True,False,393,30.0,46.825,9.5,COMPLETE,찜류,False,False,False,True,True,False,True,True,,UNKNOWN_OR_PARTIAL,UNKNOWN,250g,북어포|실파|실고추 약간,FISH,NONE,FISH,STEAMED,https://www.nics.go.kr/food/kfi/tfSrch08/view?menuId=PS03520&tfcode=90887,PUBLIC_REFERENCE_RECIPE,True
kfind-catalog-d109-407000000-0001,가지전,False,True,True,False,308,22.2,13.7,18.2,COMPLETE,전·적 및 부침류,False,False,False,True,True,False,True,True,,UNKNOWN_OR_PARTIAL,UNKNOWN,250g,가지|밀가루|물|소금|식용유 적량,GRAIN_UNSPECIFIED|VEGETABLE,RICE_OR_FLOUR,UNKNOWN,PAN_COOKED,https://www.nics.go.kr/food/kfi/tfSrch08/view?menuId=PS03520&tfcode=90522,PUBLIC_REFERENCE_RECIPE,True
kfind-catalog-d109-408000000-0001,감자전,False,True,True,False,333,41.975,4.3,16.35,COMPLETE,전·적 및 부침류,False,False,False,True,True,False,True,True,,UNKNOWN_OR_PARTIAL,UNKNOWN,250g,감자|양파|붉은 고추|감자 전분|소금 적량|식용유 적량,ROOT_STARCH|VEGETABLE,NONE,UNKNOWN,PAN_COOKED,https://www.nics.go.kr/food/kfi/tfSrch08/view?menuId=PS03520&tfcode=90868,PUBLIC_REFERENCE_RECIPE,True
kfind-catalog-d109-409000000-0001,고구마전,False,True,True,False,568,89.975,7.3,19.95,COMPLETE,전·적 및 부침류,False,False,True,True,True,False,True,True,,UNKNOWN_OR_PARTIAL,UNKNOWN,250g,고구마|밀가루|달걀|쑥갓|풋고추|식용유|소금 적량,EGG|GRAIN_UNSPECIFIED|ROOT_STARCH|VEGETABLE,RICE_OR_FLOUR,EGG,PAN_COOKED,https://www.nics.go.kr/food/kfi/tfSrch08/view?menuId=PS03520&tfcode=90231,PUBLIC_REFERENCE_RECIPE,True
kfind-catalog-d309-410000000-0001,고추전,False,True,True,False,458,28.35,21.525,28.7,COMPLETE,전·적 및 부침류,False,False,False,True,True,False,True,True,,UNKNOWN_OR_PARTIAL,UNKNOWN,250g,풋고추|밀가루|마늘|국간장 적량,GRAIN_UNSPECIFIED|VEGETABLE,RICE_OR_FLOUR,UNKNOWN,PAN_COOKED,https://www.nics.go.kr/food/kfi/tfSrch08/view?menuId=PS03520&tfcode=90233,PUBLIC_REFERENCE_RECIPE,True
kfind-catalog-d309-411000000-0001,굴전,False,True,True,False,488,36.25,26.5,26.25,COMPLETE,전·적 및 부침류,False,False,True,True,True,False,True,True,,UNKNOWN_OR_PARTIAL,UNKNOWN,250g,굴|달걀|밀가루|소금|식용유 적량,EGG|GRAIN_UNSPECIFIED|SEAFOOD,RICE_OR_FLOUR,EGG|SEAFOOD,PAN_COOKED,https://www.nics.go.kr/food/kfi/tfSrch08/view?menuId=PS03520&tfcode=90869,PUBLIC_REFERENCE_RECIPE,True
kfind-catalog-d109-412000000-0001,김치전,False,True,True,False,335,47.525,12.625,10.5,COMPLETE,전·적 및 부침류,False,True,False,True,True,True,True,True,,UNKNOWN_OR_PARTIAL,UNKNOWN,250g,묵은 김치|바지락|밀가루|식용유 적량|소금 약간,SEAFOOD|VEGETABLE,NONE,SEAFOOD,PAN_COOKED,https://www.nics.go.kr/food/kfi/tfSrch08/view?menuId=PS03520&tfcode=90234,PUBLIC_REFERENCE_RECIPE,True
kfind-catalog-d309-413000000-0001,깻잎전,False,True,True,False,603,24.25,29.55,42.95,COMPLETE,전·적 및 부침류,False,False,True,True,True,False,True,True,,UNKNOWN_OR_PARTIAL,UNKNOWN,250g,깻잎|밀가루|식용유|소금 약간|물 약간,VEGETABLE,NONE,UNKNOWN,PAN_COOKED,https://www.nics.go.kr/food/kfi/tfSrch08/view?menuId=PS03520&tfcode=92184,PUBLIC_REFERENCE_RECIPE,True
kfind-catalog-d309-415000000-0001,녹두빈대떡,True,False,False,True,520,52.325,19.85,25.675,COMPLETE,전·적 및 부침류,False,False,True,True,True,False,True,True,,UNKNOWN_OR_PARTIAL,UNKNOWN,250g,거피녹두|찹쌀가루|돼지고기|숙주|배추김치|대파|붉은 고추|식용유|소금 약간,LEGUME_SOY|RED_MEAT|VEGETABLE,NONE,LEGUME_SOY|RED_MEAT,PAN_COOKED,https://www.nics.go.kr/food/kfi/tfSrch08/view?menuId=PS03520&tfcode=90877,PUBLIC_REFERENCE_RECIPE,True
kfind-catalog-d109-416000000-0001,달걀말이,False,True,True,False,483,3.625,43.025,33.025,COMPLETE,전·적 및 부침류,False,False,True,True,True,False,True,False,VERIFIED_NO_PREFERRED_GROUP,UNKNOWN_OR_PARTIAL,UNKNOWN,250g,달걀,EGG,NONE,EGG,PAN_COOKED,https://english.visitkorea.or.kr/svc/sp/food/ext/special_view.do?menuSn=913&vcontsId=178911,PUBLIC_DISH_DEFINITION,True
kfind-catalog-d109-417000000-0001,달걀부침(달걀후라이),False,True,True,False,520,12.875,39.325,34.45,COMPLETE,전·적 및 부침류,False,False,True,True,True,False,True,False,MISSING_VERIFIED_COMPOSITION,UNKNOWN_OR_PARTIAL,UNKNOWN,250g,,,UNKNOWN,UNKNOWN,UNKNOWN,,UNKNOWN,False
kfind-catalog-d309-418000000-0001,동태전,False,True,True,False,488,15.275,41.2,29.075,COMPLETE,전·적 및 부침류,False,False,True,True,True,False,True,True,,UNKNOWN_OR_PARTIAL,UNKNOWN,250g,동태살|밀가루|달걀|식용유|마늘|소금|후춧가루 약간,EGG|FISH,NONE,EGG|FISH,PAN_COOKED,https://www.nics.go.kr/food/kfi/tfSrch08/view?menuId=PS03520&tfcode=90872,PUBLIC_REFERENCE_RECIPE,True
kfind-catalog-d109-419000000-0001,두부부침,False,True,True,False,350,5.175,27.3,24.425,COMPLETE,전·적 및 부침류,False,False,False,True,True,False,True,False,SOURCE_MAJOR_QUANTITY_UNIT_UNVERIFIED,UNKNOWN_OR_PARTIAL,UNKNOWN,250g,두부|콩기름|소금,LEGUME_SOY,NONE,LEGUME_SOY,GRILLED,https://api.nongsaro.go.kr/sample/rest/recomendDiet/recomendDiet.jsp?cntntsNo=89432&tabNo=0,PUBLIC_REFERENCE_RECIPE,True
kfind-catalog-d309-420000000-0001,두부전,False,True,True,False,425,12.5,34.1,26.45,COMPLETE,전·적 및 부침류,False,False,False,True,True,False,True,False,MISSING_VERIFIED_COMPOSITION,UNKNOWN_OR_PARTIAL,UNKNOWN,250g,,,UNKNOWN,UNKNOWN,UNKNOWN,,UNKNOWN,False
kfind-catalog-d109-421000000-0001,맛살전,False,True,True,False,413,49.225,18.7,15.6,COMPLETE,전·적 및 부침류,False,True,False,True,True,True,True,False,MISSING_VERIFIED_COMPOSITION,UNKNOWN_OR_PARTIAL,UNKNOWN,250g,,,UNKNOWN,UNKNOWN,UNKNOWN,,UNKNOWN,False
kfind-catalog-d109-422000000-0001,메밀전,False,True,True,False,403,86.975,10.049999999999999,1.6,COMPLETE,전·적 및 부침류,False,False,False,True,True,False,True,True,,UNKNOWN_OR_PARTIAL,UNKNOWN,250g,메밀가루|무|실파|물|파|마늘|참기름|깨소금|소금|표고버섯|식용유,GRAIN_UNSPECIFIED|VEGETABLE,RICE_OR_FLOUR,UNKNOWN,PAN_COOKED,https://www.nics.go.kr/food/kfi/tfSrch08/view?menuId=PS03520&tfcode=91134,PUBLIC_REFERENCE_RECIPE,True
kfind-catalog-d112-537000000-0001,감자튀김,False,True,True,True,780,87.875,11.375,42.525,COMPLETE,튀김류,False,False,True,True,True,False,True,False,MISSING_VERIFIED_COMPOSITION,UNKNOWN_OR_PARTIAL,UNKNOWN,250g,,,UNKNOWN,UNKNOWN,UNKNOWN,,UNKNOWN,False
kfind-catalog-d312-538000000-0001,고구마맛탕,False,True,True,True,615,118.25,4.125,13.75,COMPLETE,튀김류,False,False,True,True,True,False,True,False,VERIFIED_DEEP_FRIED,UNKNOWN_OR_PARTIAL,UNKNOWN,250g,고구마|당류 시럽,ROOT_STARCH,NONE,UNKNOWN,DEEP_FRIED,https://english.visitkorea.or.kr/svc/sp/food/ext/special_view.do?menuSn=913&vcontsId=179919,PUBLIC_DISH_DEFINITION,True
kfind-catalog-d312-539000000-0001,고구마튀김,False,True,True,True,633,84.5,6.8,29.675,COMPLETE,튀김류,False,False,True,True,True,False,True,False,MISSING_VERIFIED_COMPOSITION,UNKNOWN_OR_PARTIAL,UNKNOWN,250g,,,UNKNOWN,UNKNOWN,UNKNOWN,,UNKNOWN,False
kfind-catalog-d312-540000000-0001,고추튀김,False,True,True,True,505,36.5,19.0,31.5,COMPLETE,튀김류,False,False,True,True,True,False,True,False,VERIFIED_DEEP_FRIED,UNKNOWN_OR_PARTIAL,UNKNOWN,250g,풋고추|튀김옷,VEGETABLE,NONE,UNKNOWN,DEEP_FRIED,https://english.visitkorea.or.kr/svc/sp/food/ext/special_view.do?menuSn=913&vcontsId=231392,PUBLIC_DISH_DEFINITION,True
kfind-catalog-d312-541000000-0001,김말이튀김,False,True,True,True,488,76.275,5.125,18.0,COMPLETE,튀김류,False,False,True,True,True,False,True,False,VERIFIED_DEEP_FRIED,UNKNOWN_OR_PARTIAL,UNKNOWN,250g,김|당면|양파|당근|파,GRAIN_UNSPECIFIED|VEGETABLE,RICE_OR_FLOUR,UNKNOWN,DEEP_FRIED,https://english.visitkorea.or.kr/svc/sp/food/ext/special_view.do?menuSn=913&vcontsId=178921,PUBLIC_DISH_DEFINITION,True
kfind-catalog-d112-542000000-0001,김튀김,False,True,True,True,1305,135.9,27.5,72.25,COMPLETE,튀김류,False,False,True,True,True,False,True,False,MISSING_VERIFIED_COMPOSITION,UNKNOWN_OR_PARTIAL,UNKNOWN,250g,,,UNKNOWN,UNKNOWN,UNKNOWN,,UNKNOWN,False
kfind-catalog-d312-545000000-0001,깐풍새우,False,True,True,True,600,51.4,20.375,34.65,COMPLETE,튀김류,False,False,True,True,True,False,True,False,MISSING_VERIFIED_COMPOSITION,UNKNOWN_OR_PARTIAL,UNKNOWN,250g,,,UNKNOWN,UNKNOWN,UNKNOWN,,UNKNOWN,False
kfind-catalog-d312-584000000-0001,난자완스,False,True,True,True,433,23.925,27.025,25.425,COMPLETE,튀김류,False,False,False,True,True,False,True,False,MISSING_VERIFIED_COMPOSITION,UNKNOWN_OR_PARTIAL,UNKNOWN,250g,,,UNKNOWN,UNKNOWN,UNKNOWN,,UNKNOWN,False
kfind-catalog-d302-054000000-0001,개피떡(바람떡),True,False,False,True,309,66.45,7.98,1.215,COMPLETE,빵 및 과자류,False,False,False,True,True,False,True,True,,UNKNOWN_OR_PARTIAL,UNKNOWN,150g,멥쌀|소금|쑥|오미자|물 적량|거피팥|설탕|계핏가루|참기름 적량,GRAIN_UNSPECIFIED|LEGUME_SOY,RICE_OR_FLOUR,LEGUME_SOY,STEAMED,https://www.nics.go.kr/food/kfi/tfSrch08/view?menuId=PS03520&tfcode=90925,PUBLIC_REFERENCE_RECIPE,True
kfind-catalog-d302-056000000-0001,기피편,True,False,False,True,330,73.485,8.175,0.375,COMPLETE,빵 및 과자류,False,False,False,True,True,False,True,False,MISSING_VERIFIED_COMPOSITION,UNKNOWN_OR_PARTIAL,UNKNOWN,150g,,,UNKNOWN,UNKNOWN,UNKNOWN,,UNKNOWN,False
kfind-catalog-d102-057000000-0001,꿀떡,True,False,False,True,342,74.21999999999998,5.61,2.595,COMPLETE,빵 및 과자류,False,False,False,True,True,False,True,False,VERIFIED_SUGAR_OR_JUICE_MODERATION,UNKNOWN_OR_PARTIAL,UNKNOWN,150g,쌀떡|꿀 또는 설탕 소,GRAIN_UNSPECIFIED,RICE_OR_FLOUR,UNKNOWN,UNKNOWN,https://english.visitkorea.or.kr/svc/sp/food/ext/special_view.do?menuSn=913&vcontsId=179974,PUBLIC_DISH_DEFINITION,True
kfind-catalog-d302-081000000-0001,다쿠아즈,True,False,False,True,671,65.085,12.495,39.975,COMPLETE,빵 및 과자류,False,False,True,True,True,False,True,False,MISSING_VERIFIED_COMPOSITION,UNKNOWN_OR_PARTIAL,UNKNOWN,150g,,,UNKNOWN,UNKNOWN,UNKNOWN,,UNKNOWN,False
kfind-catalog-d102-085000000-0001,마늘빵,True,False,False,True,657,86.91,18.09,26.369999999999994,COMPLETE,빵 및 과자류,False,False,True,True,True,True,True,False,MISSING_VERIFIED_COMPOSITION,UNKNOWN_OR_PARTIAL,UNKNOWN,150g,,,UNKNOWN,UNKNOWN,UNKNOWN,,UNKNOWN,False
kfind-catalog-d302-086000000-0001,마카롱,True,False,False,True,720,67.84499999999998,10.38,45.165,COMPLETE,빵 및 과자류,False,False,True,True,True,False,True,False,MISSING_VERIFIED_COMPOSITION,UNKNOWN_OR_PARTIAL,UNKNOWN,150g,,,UNKNOWN,UNKNOWN,UNKNOWN,,UNKNOWN,False
kfind-catalog-d302-129000000-0001,매작과,True,False,False,True,620,99.165,11.265,19.725,COMPLETE,빵 및 과자류,False,False,True,True,True,False,True,False,VERIFIED_DEEP_FRIED,UNKNOWN_OR_PARTIAL,UNKNOWN,150g,밀가루|소금|생강즙|식용유|잣가루|물|녹말 가루 약간,GRAIN_UNSPECIFIED,RICE_OR_FLOUR,UNKNOWN,DEEP_FRIED,https://www.nics.go.kr/food/kfi/tfSrch08/view?menuId=PS03520&tfcode=90668,PUBLIC_REFERENCE_RECIPE,True
kfind-catalog-d102-087000000-0001,머핀,True,False,False,True,576,88.725,8.595,20.76,COMPLETE,빵 및 과자류,False,False,True,True,True,False,True,False,MISSING_VERIFIED_COMPOSITION,UNKNOWN_OR_PARTIAL,UNKNOWN,150g,,,UNKNOWN,UNKNOWN,UNKNOWN,,UNKNOWN,False
kfind-catalog-d114-601000000-0001,가죽나물무침,False,True,True,False,190,25.125,14.575,3.375,COMPLETE,생채·무침류,True,False,False,True,True,True,True,True,,UNKNOWN_OR_PARTIAL,UNKNOWN,250g,가죽|깨소금,VEGETABLE,NONE,UNKNOWN,UNHEATED,https://www.nics.go.kr/food/kfi/tfSrch08/view?menuId=PS03520&tfcode=91474,PUBLIC_REFERENCE_RECIPE,True
kfind-catalog-d314-607000000-0001,골뱅이무침,False,True,True,False,273,39.225,17.7,4.925,COMPLETE,생채·무침류,False,False,False,True,True,True,True,True,,UNKNOWN_OR_PARTIAL,UNKNOWN,250g,골뱅이|북어|파|식초|고춧가루,SEAFOOD|FISH,NONE,FISH|SEAFOOD,UNHEATED,https://english.visitkorea.or.kr/svc/sp/food/ext/special_view.do?menuSn=913&vcontsId=178632,PUBLIC_DISH_DEFINITION,True
kfind-catalog-d114-609000000-0001,굴무침,False,True,True,False,193,18.25,16.7,5.775,COMPLETE,생채·무침류,True,False,False,True,True,False,True,True,,UNKNOWN_OR_PARTIAL,UNKNOWN,250g,굴|쪽파|소금|참기름|통깨 약간,SEAFOOD,NONE,SEAFOOD,UNKNOWN,https://www.nics.go.kr/food/kfi/tfSrch08/view?menuId=PS03520&tfcode=92201,PUBLIC_REFERENCE_RECIPE,True
kfind-catalog-d114-610000000-0001,김무침,False,True,True,False,648,48.325,52.925,26.825,COMPLETE,생채·무침류,False,False,True,True,True,False,True,False,MISSING_VERIFIED_COMPOSITION,UNKNOWN_OR_PARTIAL,UNKNOWN,250g,,,UNKNOWN,UNKNOWN,UNKNOWN,,UNKNOWN,False
kfind-catalog-d114-611000000-0001,낙지무침,False,True,True,False,193,9.9,31.025,3.1,COMPLETE,생채·무침류,True,False,False,True,True,False,True,False,MISSING_VERIFIED_COMPOSITION,UNKNOWN_OR_PARTIAL,UNKNOWN,250g,,,UNKNOWN,UNKNOWN,UNKNOWN,,UNKNOWN,False
kfind-catalog-d314-613000000-0001,노각무침,False,True,True,False,140,23.825,4.325,3.0,COMPLETE,생채·무침류,True,False,False,True,True,True,True,True,,UNKNOWN_OR_PARTIAL,UNKNOWN,250g,소금|노각|붉은 고추|대파,VEGETABLE,NONE,UNKNOWN,UNKNOWN,https://www.nics.go.kr/food/kfi/tfSrch08/view?menuId=PS03520&tfcode=90478,PUBLIC_REFERENCE_RECIPE,True
kfind-catalog-d314-640000000-0001,콥샐러드&시저드레싱,False,True,True,False,323,11.375,21.875,21.0,COMPLETE,생채·무침류,False,False,False,True,True,False,True,False,MISSING_VERIFIED_COMPOSITION,UNKNOWN_OR_PARTIAL,UNKNOWN,250g,,,UNKNOWN,UNKNOWN,UNKNOWN,,UNKNOWN,False
kfind-catalog-d114-640020000-0001,감자 샐러드,False,True,True,False,315,30.625,3.275,19.975,COMPLETE,생채·무침류,False,False,False,True,True,False,True,False,SOURCE_MAJOR_QUANTITY_UNIT_UNVERIFIED,UNKNOWN_OR_PARTIAL,UNKNOWN,250g,감자|오이|당근|마요네즈|소금|후추,ROOT_STARCH|VEGETABLE,NONE,UNKNOWN,STEAMED,https://api.nongsaro.go.kr/sample/rest/recomendDiet/recomendDiet.jsp?cntntsNo=89455&tabNo=1,PUBLIC_REFERENCE_RECIPE,True
kfind-catalog-d314-640030000-0001,고구마 샐러드,False,True,True,False,463,67.1,4.525,19.475,COMPLETE,생채·무침류,False,False,True,True,True,False,True,False,MISSING_VERIFIED_COMPOSITION,UNKNOWN_OR_PARTIAL,UNKNOWN,250g,,,UNKNOWN,UNKNOWN,UNKNOWN,,UNKNOWN,False
kfind-catalog-d214-640000000-0019,과일리코타 샐러드,True,False,False,True,278,28.5,8.0,14.5,COMPLETE,생채·무침류,True,False,False,True,True,False,True,False,MISSING_VERIFIED_COMPOSITION,UNKNOWN_OR_PARTIAL,UNKNOWN,250g,,,UNKNOWN,UNKNOWN,UNKNOWN,,UNKNOWN,False
kfind-catalog-d214-640000000-0001,과카몰리치킨 샐러드,False,True,True,False,235,,10.375,,PARTIAL_OR_UNKNOWN,생채·무침류,True,False,False,True,True,False,True,False,MISSING_VERIFIED_COMPOSITION,UNKNOWN_OR_PARTIAL,UNKNOWN,250g,,,UNKNOWN,UNKNOWN,UNKNOWN,,UNKNOWN,False
kfind-catalog-d214-640000000-0002,그릴드 치킨 샐러드,False,True,True,False,248,,16.0,,PARTIAL_OR_UNKNOWN,생채·무침류,True,False,False,True,True,False,True,False,VERIFIED_NO_PREFERRED_GROUP,UNKNOWN_OR_PARTIAL,DECLARED,250g,그릴드 치킨|오리엔탈소스,POULTRY,UNKNOWN,POULTRY,GRILLED,https://m.hollys.co.kr/menu/menuView.do?idx=665&menuDiv=BAKERY,BRAND_OFFICIAL_MAJOR_INGREDIENTS,True
kfind-catalog-d214-640000000-0003,그릴드치킨 시저 샐러드,False,True,True,False,260,,18.725,,PARTIAL_OR_UNKNOWN,생채·무침류,False,False,False,True,True,False,True,False,MISSING_VERIFIED_COMPOSITION,UNKNOWN_OR_PARTIAL,UNKNOWN,250g,,,UNKNOWN,UNKNOWN,UNKNOWN,,UNKNOWN,False
kfind-catalog-d214-640000000-0028,그릴치킨오렌지샐러드,False,True,True,False,178,,13.225,,PARTIAL_OR_UNKNOWN,생채·무침류,True,False,False,True,True,False,True,False,MISSING_VERIFIED_COMPOSITION,UNKNOWN_OR_PARTIAL,UNKNOWN,250g,,,UNKNOWN,UNKNOWN,UNKNOWN,,UNKNOWN,False
kfind-catalog-d302-096070000-0002,닭고기또띠아샌드위치,True,False,False,True,377,38.07,15.585,18.045,COMPLETE,빵 및 과자류,False,False,False,True,True,False,True,False,MISSING_VERIFIED_COMPOSITION,UNKNOWN_OR_PARTIAL,UNKNOWN,150g,,,UNKNOWN,UNKNOWN,UNKNOWN,,UNKNOWN,False
kfind-catalog-d202-096000000-0193,게살듬뿍모닝 샌드위치,True,False,False,True,210,13.89,5.385,14.505,COMPLETE,빵 및 과자류,True,False,False,True,True,False,True,False,MISSING_VERIFIED_COMPOSITION,UNKNOWN_OR_PARTIAL,UNKNOWN,150g,,,UNKNOWN,UNKNOWN,UNKNOWN,,UNKNOWN,False
kfind-catalog-d202-096000000-0009,고르곤졸라 불고기 파니니,True,False,False,True,342,,13.5,2.25,PARTIAL_OR_UNKNOWN,빵 및 과자류,False,False,False,True,True,False,True,False,MISSING_VERIFIED_COMPOSITION,UNKNOWN_OR_PARTIAL,UNKNOWN,150g,,,UNKNOWN,UNKNOWN,UNKNOWN,,UNKNOWN,False
kfind-catalog-d202-096000000-0158,고소한햄에그샌드위치,True,False,False,True,314,,13.74,,PARTIAL_OR_UNKNOWN,빵 및 과자류,False,False,False,True,True,False,True,False,MISSING_VERIFIED_COMPOSITION,UNKNOWN_OR_PARTIAL,UNKNOWN,150g,,,UNKNOWN,UNKNOWN,UNKNOWN,,UNKNOWN,False
kfind-catalog-d202-096000000-0010,그릭치킨 샌드위치,True,False,False,True,276,33.33,18.33,7.5,COMPLETE,빵 및 과자류,True,True,False,True,True,True,True,True,,UNKNOWN_OR_PARTIAL,UNKNOWN,150g,감자 브레드|그릭소스|로스트 파프리카|모짜렐라치즈|양파|훈제치킨,DAIRY|POULTRY|VEGETABLE,NONE,DAIRY|POULTRY,UNKNOWN,https://www.coffeebeankorea.com/menu/list.asp?category=6&category2=1&page=2,BRAND_OFFICIAL_MAJOR_INGREDIENTS,True
kfind-catalog-d202-096000000-0117,그릴치킨 당근라페 샌드위치,True,False,False,True,251,,15.434999999999997,,PARTIAL_OR_UNKNOWN,빵 및 과자류,True,False,False,True,True,False,True,False,MISSING_VERIFIED_COMPOSITION,UNKNOWN_OR_PARTIAL,UNKNOWN,150g,,,UNKNOWN,UNKNOWN,UNKNOWN,,UNKNOWN,False
kfind-catalog-d202-083000000-0020,매콤치킨랩,True,False,False,True,249,,12.0,,PARTIAL_OR_UNKNOWN,빵 및 과자류,True,False,False,True,True,False,True,False,MISSING_VERIFIED_COMPOSITION,UNKNOWN_OR_PARTIAL,UNKNOWN,150g,,,UNKNOWN,UNKNOWN,UNKNOWN,,UNKNOWN,False
kfind-catalog-d202-083000000-0021,베지텐더밸런스랩,True,False,False,True,294,,6.375,,PARTIAL_OR_UNKNOWN,빵 및 과자류,False,False,False,True,True,False,True,True,,UNKNOWN_OR_PARTIAL,UNKNOWN,150g,식물성 텐더|채소,VEGETABLE,NONE,UNKNOWN,UNHEATED,https://cjnews.cj.net/%EB%9A%9C%EB%A0%88%EC%A5%AC%EB%A5%B4-%ED%99%98%EA%B2%BD%EC%9D%98-%EB%82%A0-%EB%A7%9E%EC%95%84-%EC%BA%A0%ED%8E%98%EC%9D%B8-%EC%97%B4%EA%B3%A0-%EB%8C%80%EC%B2%B4%EC%9C%A1-%EC%8B%A0/,BRAND_OFFICIAL_MAJOR_INGREDIENTS,True
kfind-catalog-d202-083000000-0022,싱그러운치킨텐더그린랩,True,False,False,True,278,,10.56,,PARTIAL_OR_UNKNOWN,빵 및 과자류,True,False,False,True,True,False,True,False,MISSING_VERIFIED_COMPOSITION,UNKNOWN_OR_PARTIAL,UNKNOWN,150g,,,UNKNOWN,UNKNOWN,UNKNOWN,,UNKNOWN,False
kfind-catalog-d202-083000000-0023,크리스퍼랩,True,False,False,True,405,,13.53,,PARTIAL_OR_UNKNOWN,빵 및 과자류,False,False,False,True,True,False,True,False,VERIFIED_NO_PREFERRED_GROUP,UNKNOWN_OR_PARTIAL,UNKNOWN,150g,닭고기,POULTRY,NONE,POULTRY,UNKNOWN,https://web-prd.burgerking.co.kr/burgerking/BKR0347.json,BRAND_OFFICIAL_MAJOR_INGREDIENTS,True
kfind-catalog-d202-115000000-0001,갈릭스틱토스트,True,False,False,True,567,,7.32,,PARTIAL_OR_UNKNOWN,빵 및 과자류,False,False,True,True,True,False,True,False,MISSING_VERIFIED_COMPOSITION,UNKNOWN_OR_PARTIAL,UNKNOWN,150g,,,UNKNOWN,UNKNOWN,UNKNOWN,,UNKNOWN,False
kfind-catalog-d202-115000000-0002,갈릭치즈토스트,True,False,False,True,611,,10.71,,PARTIAL_OR_UNKNOWN,빵 및 과자류,False,False,True,True,True,False,True,False,MISSING_VERIFIED_COMPOSITION,UNKNOWN_OR_PARTIAL,UNKNOWN,150g,,,UNKNOWN,UNKNOWN,UNKNOWN,,UNKNOWN,False
kfind-catalog-d202-115000000-0003,구운햄치즈 토스트,True,False,False,True,456,,16.5,,PARTIAL_OR_UNKNOWN,빵 및 과자류,False,False,True,True,True,False,True,False,MISSING_VERIFIED_COMPOSITION,UNKNOWN_OR_PARTIAL,UNKNOWN,150g,,,UNKNOWN,UNKNOWN,UNKNOWN,,UNKNOWN,False
kfind-catalog-d202-115000000-0024,누텔라 바나나 토스트,True,False,False,True,312,54.45,5.13,8.22,COMPLETE,빵 및 과자류,False,False,False,True,True,False,True,False,MISSING_VERIFIED_COMPOSITION,UNKNOWN_OR_PARTIAL,UNKNOWN,150g,,,UNKNOWN,UNKNOWN,UNKNOWN,,UNKNOWN,False
kfind-catalog-d303-161000000-0002,바질크림 빠네 파스타,False,True,True,False,968,122.895,24.3,42.165,COMPLETE,면 및 만두류,False,False,True,True,True,True,True,False,MISSING_VERIFIED_COMPOSITION,UNKNOWN_OR_PARTIAL,UNKNOWN,450g,,,UNKNOWN,UNKNOWN,UNKNOWN,,UNKNOWN,False
kfind-catalog-d303-161000000-0004,볼로네제라구파스타,False,True,True,False,806,76.185,36.45,39.375,COMPLETE,면 및 만두류,False,False,True,True,True,False,True,False,MISSING_VERIFIED_COMPOSITION,UNKNOWN_OR_PARTIAL,UNKNOWN,450g,,,UNKNOWN,UNKNOWN,UNKNOWN,,UNKNOWN,False
kfind-catalog-d303-161000000-0005,쉬림프 로제파스타,False,True,True,False,648,66.42,19.08,34.11,COMPLETE,면 및 만두류,False,False,True,True,True,False,True,False,MISSING_VERIFIED_COMPOSITION,UNKNOWN_OR_PARTIAL,UNKNOWN,450g,,,UNKNOWN,UNKNOWN,UNKNOWN,,UNKNOWN,False
kfind-catalog-d303-161000000-0007,쉬림프 크림파스타,False,True,True,False,1017,58.77,21.645,77.445,COMPLETE,면 및 만두류,False,False,True,True,True,False,True,False,MISSING_VERIFIED_COMPOSITION,UNKNOWN_OR_PARTIAL,UNKNOWN,450g,,,UNKNOWN,UNKNOWN,UNKNOWN,,UNKNOWN,False
kfind-catalog-d303-161000000-0008,알리오올리오파스타,False,True,True,False,1409,120.24,29.115,90.315,COMPLETE,면 및 만두류,False,False,True,True,True,False,True,False,MISSING_VERIFIED_COMPOSITION,UNKNOWN_OR_PARTIAL,UNKNOWN,450g,,,UNKNOWN,UNKNOWN,UNKNOWN,,UNKNOWN,False
kfind-catalog-d303-161000000-0009,에그인헬파스타,False,True,True,False,576,68.22,23.76,23.04,COMPLETE,면 및 만두류,False,False,True,True,True,True,True,False,MISSING_VERIFIED_COMPOSITION,UNKNOWN_OR_PARTIAL,UNKNOWN,450g,,,UNKNOWN,UNKNOWN,UNKNOWN,,UNKNOWN,False
kfind-catalog-d220-718000000-0015,마시는 요거트 딸기,True,False,False,True,335,,6.175,,PARTIAL_OR_UNKNOWN,음료 및 차류,False,False,False,True,True,False,True,False,MISSING_VERIFIED_COMPOSITION,UNKNOWN_OR_PARTIAL,UNKNOWN,250g,,,UNKNOWN,UNKNOWN,UNKNOWN,,UNKNOWN,False
kfind-catalog-d220-718000000-0016,마시는 요거트 망고,True,False,False,True,338,,6.175,,PARTIAL_OR_UNKNOWN,음료 및 차류,False,False,False,True,True,False,True,False,MISSING_VERIFIED_COMPOSITION,UNKNOWN_OR_PARTIAL,UNKNOWN,250g,,,UNKNOWN,UNKNOWN,UNKNOWN,,UNKNOWN,False
kfind-catalog-d220-718000000-0017,마시는 요거트 블루베리,True,False,False,True,333,,5.425,,PARTIAL_OR_UNKNOWN,음료 및 차류,False,False,False,True,True,False,True,False,MISSING_VERIFIED_COMPOSITION,UNKNOWN_OR_PARTIAL,UNKNOWN,250g,,,UNKNOWN,UNKNOWN,UNKNOWN,,UNKNOWN,False
kfind-catalog-d220-718000000-0018,마시는 요거트 자몽,True,False,False,True,298,,6.35,,PARTIAL_OR_UNKNOWN,음료 및 차류,False,False,False,True,True,False,True,False,MISSING_VERIFIED_COMPOSITION,UNKNOWN_OR_PARTIAL,UNKNOWN,250g,,,UNKNOWN,UNKNOWN,UNKNOWN,,UNKNOWN,False
kfind-catalog-d220-716000000-0018,딸기 생과일주스,True,False,False,True,105,,1.4,,PARTIAL_OR_UNKNOWN,음료 및 차류,True,False,False,True,True,False,True,False,MISSING_VERIFIED_COMPOSITION,UNKNOWN_OR_PARTIAL,UNKNOWN,250g,,,UNKNOWN,UNKNOWN,UNKNOWN,,UNKNOWN,False
kfind-catalog-d220-716000000-0052,바나나 생과일 주스,True,False,False,True,148,,2.775,,PARTIAL_OR_UNKNOWN,음료 및 차류,True,False,False,True,True,False,True,False,MISSING_VERIFIED_COMPOSITION,UNKNOWN_OR_PARTIAL,UNKNOWN,250g,,,UNKNOWN,UNKNOWN,UNKNOWN,,UNKNOWN,False
kfind-catalog-d220-716000000-0065,생과일 수박 주스,True,False,False,True,83,,1.2,,PARTIAL_OR_UNKNOWN,음료 및 차류,True,False,False,True,True,False,True,False,MISSING_VERIFIED_COMPOSITION,UNKNOWN_OR_PARTIAL,UNKNOWN,250g,,,UNKNOWN,UNKNOWN,UNKNOWN,,UNKNOWN,False
kfind-catalog-d220-716000000-0066,생과일 토마토 주스,True,False,False,True,78,,1.2,,PARTIAL_OR_UNKNOWN,음료 및 차류,True,False,False,True,True,False,True,False,MISSING_VERIFIED_COMPOSITION,UNKNOWN_OR_PARTIAL,UNKNOWN,250g,,,UNKNOWN,UNKNOWN,UNKNOWN,,UNKNOWN,False
