stableTemplateId,menuName,ingredients,foodGroups,grainType,proteinSources,cookingStyle,sourceName,sourceUrl,evidenceScope,verifiedAt,slowStyleEligible,notes,evidenceRecipeId,ingredientStatus,allergenStatus,negativeSignals,parserVersion,sourceSha256
kfind-breakfast-cook-1,깨죽,쌀|설탕 약간|참깨|물|소금 적량,GRAIN_UNSPECIFIED|NUT_SEED,RICE_OR_FLOUR,NUT_SEED,SIMMERED,농촌진흥청 농식품 올바로 전통향토음식,https://www.nics.go.kr/food/kfi/tfSrch08/view?menuId=PS03520&tfcode=90730,PUBLIC_REFERENCE_RECIPE,2026-10-04,true,공공 자료의 명시된 동일 음식명/다른 이름으로 연결한 참고 조리 구성; 다른 조리법·전체 원재료·알레르기를 확정하지 않음; 소량 양념 식품군은 집계 제외,RDA-90730,REFERENCE_PARTIAL,UNKNOWN,,recommendation-composition-catalog-v3,d3e90d48e638e03334a7ba2dd283e101dffb3e7dd90c96276d6ed5b9547b3024
kfind-breakfast-cook-2,카레라이스,백미|카레가루|감자|당근|양파|고기,REFINED_GRAIN|ROOT_STARCH|VEGETABLE|MEAT_UNSPECIFIED,RICE_OR_FLOUR,MEAT_UNSPECIFIED,SIMMERED,한국관광공사 공식 음식 소개,https://english.visitkorea.or.kr/svc/sp/food/ext/special_view.do?menuSn=913&vcontsId=231502,PUBLIC_DISH_DEFINITION,2026-10-04,true,본문의 한국 카레라이스 조리 설명만 사용; 일본식 루의 밀가루는 한국 음식 구성으로 복사하지 않음; 고기 종류 미확정,KTO-231502,REFERENCE_PARTIAL,UNKNOWN,,recommendation-composition-catalog-v3,bdfd5ed4c8def1c1b48f00e10905174ddee534d724fef2180f162e2c47b659ed
kfind-breakfast-cook-3,곤드레나물밥,쌀|곤드레,GRAIN_UNSPECIFIED|VEGETABLE,RICE,UNKNOWN,BOILED,대한장연구학회 공개 식단 조리자료,https://www.kasid.org/common/fileDownload/only/boardFile/eyJpdiI6InhkU1ZiQlBkM28zYVpIakZUMUFaVEE9PSIsInZhbHVlIjoiekpTeWZWekxsYVhrMG5mYkM0dzhEdz09IiwibWFjIjoiODYzNGNhYTU1MGZlYzJiNWM0OTFmYjMwZjM4NWVmOGRkZTIxNTdjYmVjZTFkYjU3YjRhN2M4MzU1ZjZhOWRkMSIsInRhZyI6IiJ9,PUBLIC_REFERENCE_RECIPE,2026-10-02,true,공개 조리자료 인쇄 206~207쪽 동일 음식의 쌀·곤드레 구성만 확인; 질환별 안내·효과·분량은 적용하지 않음,,REFERENCE_PARTIAL,UNKNOWN,,recommendation-composition-catalog-v3,
kfind-breakfast-dining_out-1,냉면 · 비빔냉면,냉면|무|오이|배|쇠고기|달걀,EGG|FRUIT|RED_MEAT|VEGETABLE,NONE,EGG|RED_MEAT,SIMMERED,농촌진흥청 농식품 올바로 전통향토음식,https://www.nics.go.kr/food/kfi/tfSrch08/view?menuId=PS03520&tfcode=90738,PUBLIC_REFERENCE_RECIPE,2026-10-04,true,공공 자료의 명시된 동일 음식명/다른 이름으로 연결한 참고 조리 구성; 다른 조리법·전체 원재료·알레르기를 확정하지 않음; 소량 양념 식품군은 집계 제외,RDA-90738,REFERENCE_PARTIAL,UNKNOWN,,recommendation-composition-catalog-v3,9dc4c7adb2cf2f9bb1b7a6ff857a8f8fad65bb040e324c86cec916086a9390c7
kfind-breakfast-convenience-1,샌드위치 · 닭가슴살 프레시 샌드위치,닭가슴살|토마토|피클,POULTRY|VEGETABLE,NONE,POULTRY,UNKNOWN,할리스 공식 메뉴 원문,https://m.hollys.co.kr/menu/menuView.do?idx=1016&menuDiv=BAKERY,BRAND_OFFICIAL_MAJOR_INGREDIENTS,2026-10-04,true,정확한 food ID·품목코드·브랜드·음식명으로 검증된 공식 description 원문의 literal 재료만 연결; 복합 빵·소스·향료 속 원재료와 조리유·중량을 추정하지 않음; 현재 메뉴와 분석시점 recipe version 일치 여부 미확인,OFFICIAL-FOOD-D202-096060000-0001,PARTIAL_DESCRIPTION,UNKNOWN,,recommendation-composition-catalog-v3,9c26e166357fc2583c8e49887c28a661bced2bd4d4c375b99b8b0b85ad28a2bd
kfind-breakfast-convenience-2,토스트 · 햄 치즈 프렌치 토스트,브리오슈 프렌치 토스트|에그샐러드|치즈|햄,DAIRY|EGG|PROCESSED_MEAT,NONE,DAIRY|EGG|PROCESSED_MEAT,UNKNOWN,커피빈 공식 메뉴 원문,https://www.coffeebeankorea.com/menu/list.asp?category=6&category2=1&page=2,BRAND_OFFICIAL_MAJOR_INGREDIENTS,2026-10-04,false,정확한 food ID·품목코드·브랜드·음식명으로 검증된 공식 description 원문의 literal 재료만 연결; 복합 빵·소스·향료 속 원재료와 조리유·중량을 추정하지 않음; 현재 메뉴와 분석시점 recipe version 일치 여부 미확인,OFFICIAL-FOOD-D202-115000000-0021,PARTIAL_DESCRIPTION,UNKNOWN,PROCESSED_MEAT,recommendation-composition-catalog-v3,eb399e1430d5484b58776dad63a8006c099a35c8a3f351c6836cbb638c4afcea
kfind-lunch-cook-2,오므라이스,쌀|채소|햄|고기|달걀,GRAIN_UNSPECIFIED|VEGETABLE|PROCESSED_MEAT|EGG|MEAT_UNSPECIFIED,RICE_OR_FLOUR,EGG|MEAT_UNSPECIFIED|PROCESSED_MEAT,PAN_COOKED,한국관광공사 공식 음식 소개,https://english.visitkorea.or.kr/svc/sp/food/ext/special_view.do?menuSn=913&vcontsId=231562,PUBLIC_DISH_DEFINITION,2026-10-04,false,전형적 볶음밥 구성의 햄 확인; 케첩/데미글라스/카레 소스는 변형으로 기술되어 포함 여부 미확정,KTO-231562,REFERENCE_PARTIAL,UNKNOWN,PROCESSED_MEAT,recommendation-composition-catalog-v3,b63534eb2149240a23927993b5ba6c1bcb76a5d23eff4293922ffb0ac5662129
kfind-lunch-dining_out-1,쫄면,면|콩나물|양배추|오이|당근|매콤달콤한 소스,GRAIN_UNSPECIFIED|VEGETABLE,RICE_OR_FLOUR,UNKNOWN,ASSEMBLED,한국관광공사 공식 음식 소개,https://english.visitkorea.or.kr/svc/sp/food/ext/special_view.do?menuSn=913&vcontsId=178869,PUBLIC_DISH_DEFINITION,2026-10-04,true,양념 당류 함량은 미확정; 콩나물은 채소로 분류하며 콩 단백질군으로 중복 집계하지 않음,KTO-178869,REFERENCE_PARTIAL,UNKNOWN,,recommendation-composition-catalog-v3,0bdebd4b14552e5fbadf393a2d0857de1a2364a00e30738dd7ad93d5a980e92c
kfind-dinner-cook-1,고등어찌개,고등어|무|물|고추장|된장|마늘|고춧가루|생강|소금,FISH|VEGETABLE,NONE,FISH,SIMMERED,농촌진흥청 농식품 올바로 전통향토음식,https://www.nics.go.kr/food/kfi/tfSrch08/view?menuId=PS03520&tfcode=90770,PUBLIC_REFERENCE_RECIPE,2026-10-04,true,공공 자료의 명시된 동일 음식명/다른 이름으로 연결한 참고 조리 구성; 다른 조리법·전체 원재료·알레르기를 확정하지 않음; 소량 양념 식품군은 집계 제외,RDA-90770,REFERENCE_PARTIAL,UNKNOWN,,recommendation-composition-catalog-v3,39626ce6fba4d844e1b7d84b82f4c73de8f44d97f6f3c87fe7e73f80122d0257
kfind-dinner-cook-3,떡국,가래떡|달걀|쇠고기|물|대파|마늘|국간장|소금|참기름,GRAIN_UNSPECIFIED|RED_MEAT,RICE_OR_FLOUR,RED_MEAT,SIMMERED,농촌진흥청 농식품 올바로 전통향토음식,https://www.nics.go.kr/food/kfi/tfSrch08/view?menuId=PS03520&tfcode=92345,PUBLIC_REFERENCE_RECIPE,2026-10-04,false,공공 자료의 명시된 동일 음식명/다른 이름으로 연결한 참고 조리 구성; 다른 조리법·전체 원재료·알레르기를 확정하지 않음; 소량 양념 식품군은 집계 제외,RDA-92345,REFERENCE_PARTIAL,UNKNOWN,,recommendation-composition-catalog-v3,c105ca0b93b9cf8020f94ae15ee7d1cc65c646c737234b79a54ee06bd2bd1757
kfind-dinner-convenience-1,샌드위치 · 통밀크랜베리치킨샌드위치,통밀빵|크랜베리 치킨|오이,WHOLE_GRAIN|POULTRY|VEGETABLE,WHOLE_WHEAT,POULTRY,ASSEMBLED,뚜레쥬르 공식 제품 설명,https://www.tlj.co.kr/product/detail.asp?prod_num=3861,BRAND_OFFICIAL_MAJOR_INGREDIENTS,2026-10-04,true,공식 주요 통밀빵·치킨·오이 구성 확인; 별도 알레르기 표기에 쇠고기도 확인돼 구성 점수 감점; 통밀 함량·전체 원재료·조리유는 미확인,,PARTIAL_DESCRIPTION,UNKNOWN,RED_MEAT_PRESENT,recommendation-composition-catalog-v3,
kfind-dinner-convenience-2,오븐스파게티 · 치즈오븐스파게티,쇠고기|스파게티면|치즈,DAIRY|GRAIN_UNSPECIFIED|RED_MEAT,RICE_OR_FLOUR,DAIRY|RED_MEAT,UNKNOWN,피자스쿨 공식 메뉴 원문,http://pizzaschool.net/menu/치즈오븐스파게티/,BRAND_OFFICIAL_MAJOR_INGREDIENTS,2026-10-04,false,정확한 food ID·품목코드·브랜드·음식명으로 검증된 공식 description 원문의 literal 재료만 연결; 복합 빵·소스·향료 속 원재료와 조리유·중량을 추정하지 않음; 현재 메뉴와 분석시점 recipe version 일치 여부 미확인,OFFICIAL-FOOD-D203-194000000-0004,PARTIAL_DESCRIPTION,UNKNOWN,,recommendation-composition-catalog-v3,4e2317a40815b0db3027b1e53e29242aa80e1ef1857774ce9d054c4360f67101
kfind-snack-cook-1,호박죽,호박,VEGETABLE,UNKNOWN,UNKNOWN,BOILED,농촌진흥청 국립식량과학원 식재료·조리정보,https://www.nics.go.kr/food/kfi/foodMonth/view?fd_se=286&fd_snn=133&menu_tab=0,PUBLIC_DISH_DEFINITION,2026-10-02,true,늙은호박을 호박죽으로 조리한다는 공공 설명 확인; 쌀·팥·당류 등은 이 행에서 추정하지 않음,,REFERENCE_PARTIAL,UNKNOWN,,recommendation-composition-catalog-v3,
kfind-snack-cook-2,미숫가루,쌀|보리,MIXED_GRAIN,ROASTED_GRAIN_MIX,UNKNOWN,ROASTED,한국관광공사 음식 소개,https://english.visitkorea.or.kr/svc/sp/food/ext/special_view.do?menuSn=913&vcontsId=181200,PUBLIC_DISH_DEFINITION,2026-10-02,true,곡물 기반 음료 확인; 콩·귀리·우유·꿀은 선택 재료이므로 포함 여부 추정하지 않음,,REFERENCE_PARTIAL,UNKNOWN,,recommendation-composition-catalog-v3,
kfind-snack-dining_out-1,증편,멥쌀|막걸리|설탕|더운 물|소금,GRAIN_UNSPECIFIED,RICE_OR_FLOUR,UNKNOWN,STEAMED,농촌진흥청 농식품 올바로 전통향토음식,https://www.nics.go.kr/food/kfi/tfSrch08/view?menuId=PS03520&tfcode=90306,PUBLIC_REFERENCE_RECIPE,2026-10-04,false,공공 자료의 명시된 동일 음식명/다른 이름으로 연결한 참고 조리 구성; 다른 조리법·전체 원재료·알레르기를 확정하지 않음; 소량 양념 식품군은 집계 제외,RDA-90306,REFERENCE_PARTIAL,UNKNOWN,,recommendation-composition-catalog-v3,6124b4ada4ddf44055114edd00034ccdd27ce08b5c3894ad736af65b2edccb0a
kfind-snack-convenience-1,커피 · 빽’s 카페 라떼 아이스(ICED),에스프레소|우유,DAIRY,NONE,DAIRY,UNKNOWN,빽다방 공식 메뉴 원문,https://paikdabang.com/menu/menu_coffee/,BRAND_OFFICIAL_MAJOR_INGREDIENTS,2026-10-04,false,정확한 food ID·품목코드·브랜드·음식명으로 검증된 공식 description 원문의 literal 재료만 연결; 복합 빵·소스·향료 속 원재료와 조리유·중량을 추정하지 않음; 현재 메뉴와 분석시점 recipe version 일치 여부 미확인,OFFICIAL-FOOD-D220-748000000-0209,PARTIAL_DESCRIPTION,UNKNOWN,,recommendation-composition-catalog-v3,9cbb8b4a0321c174bd396a694668a023fd0d46dd7785dbe6d2e47c5e7b548141
kfind-catalog-d301-004000000-0001,국밥,쇠고기|물|배추|토란대|된장|고추장|대파|마늘|소금|감자 전분|쌀밥,GRAIN_UNSPECIFIED|RED_MEAT|VEGETABLE,RICE_OR_FLOUR,RED_MEAT,SIMMERED,농촌진흥청 농식품 올바로 전통향토음식,https://www.nics.go.kr/food/kfi/tfSrch08/view?menuId=PS03520&tfcode=90723,PUBLIC_REFERENCE_RECIPE,2026-10-04,false,공공 자료의 명시된 동일 음식명/다른 이름으로 연결한 참고 조리 구성; 다른 조리법·전체 원재료·알레르기를 확정하지 않음; 소량 양념 식품군은 집계 제외,RDA-90723,REFERENCE_PARTIAL,UNKNOWN,,recommendation-composition-catalog-v3,8db531e35349f73ea059da8e1a933b994502d3f073bccdd6e5dde74fd2ca2ae6
kfind-catalog-d301-005000000-0001,귀리밥,쌀|귀리,MIXED_GRAIN,OAT_MIX,UNKNOWN,BOILED,농촌진흥청 국립식량과학원,https://www.nics.go.kr/bbs/view.do?bbsId=news&bbsSn=944466&m=100000020,PUBLIC_DISH_DEFINITION,2026-10-02,true,공식 설명의 쌀에 귀리를 섞은 밥 확인; 혼합비·도정도·효과는 앱에서 추정하지 않음,,REFERENCE_PARTIAL,UNKNOWN,,recommendation-composition-catalog-v3,
kfind-catalog-d101-006000000-0001,기장밥,쌀|기장,MIXED_GRAIN,MILLET_MIX,UNKNOWN,BOILED,한국학중앙연구원 한국민족문화대백과사전,https://encykorea.aks.ac.kr/Article/E0021650,PUBLIC_DISH_DEFINITION,2026-10-02,true,공공 음식 정의에서 해당 잡곡밥 계열 확인; 도정도와 혼합비는 미확인하므로 WHOLE_GRAIN으로 표시하지 않음,,REFERENCE_PARTIAL,UNKNOWN,,recommendation-composition-catalog-v3,
kfind-catalog-d101-007000000-0001,김밥,쌀|단무지|달걀|어묵|당근|시금치|김,GRAIN_UNSPECIFIED|VEGETABLE|EGG|PROCESSED_FISH,RICE_OR_FLOUR,EGG,ASSEMBLED,한국관광공사 공식 음식 소개,https://english.visitkorea.or.kr/svc/sp/food/ext/special_view.do?menuSn=913&vcontsId=178926,PUBLIC_DISH_DEFINITION,2026-10-04,true,치즈·김치는 변형이라 포함 여부 미확정; 어묵은 가공수산물로 별도 태그이며 생선 우선 점수에 포함하지 않음,KTO-178926,REFERENCE_PARTIAL,UNKNOWN,,recommendation-composition-catalog-v3,ed268ffb48cf5851d54148585c1b9a8acf88f9ec44d8bf1b1b0304e1287fba03
kfind-catalog-d301-015000000-0001,묵밥,도토리묵|쌀|김치|오이|김|멸치육수,ROOT_STARCH|GRAIN_UNSPECIFIED|VEGETABLE,RICE_OR_FLOUR,UNKNOWN,ASSEMBLED,한국관광공사 공식 음식 소개,https://english.visitkorea.or.kr/svc/sp/food/ext/special_view.do?menuSn=913&vcontsId=178046,PUBLIC_DISH_DEFINITION,2026-10-04,true,조는 선택 재료라 MIXED_GRAIN 태그를 추가하지 않음; 육수용 멸치만으로 생선 주재료 태그를 추가하지 않음,KTO-178046,REFERENCE_PARTIAL,UNKNOWN,,recommendation-composition-catalog-v3,bc4ce4d22ad65f40905ba62e4bdbd18bf1c182b3231585a6a12294cb2814f99a
kfind-catalog-d101-016000000-0001,보리밥,쌀|보리,MIXED_GRAIN,BARLEY_MIX,UNKNOWN,BOILED,한국학중앙연구원 한국민족문화대백과사전,https://encykorea.aks.ac.kr/Article/E0023290,PUBLIC_DISH_DEFINITION,2026-10-04,true,쌀과 보리 혼합 또는 보리 단독이라는 공공 정의 확인; 도정도와 혼합비는 미확인하므로 WHOLE_GRAIN으로 표시하지 않음,,REFERENCE_PARTIAL,UNKNOWN,,recommendation-composition-catalog-v3,
kfind-catalog-d101-017000000-0001,볶음밥,쌀|양파|당근,GRAIN_UNSPECIFIED|VEGETABLE,RICE_OR_FLOUR,UNKNOWN,PAN_COOKED,한국관광공사 공식 음식 소개,https://english.visitkorea.or.kr/svc/sp/food/ext/special_view.do?menuSn=913&vcontsId=178056,PUBLIC_DISH_DEFINITION,2026-10-04,true,본문의 기본 볶음밥 구성; 달걀·새우·부추·돼지고기는 선택 구성이라 추가하지 않음,KTO-178056,REFERENCE_PARTIAL,UNKNOWN,,recommendation-composition-catalog-v3,51e00a4b89f59759f5371447e4090ba8278127656e474ebf2040f51bdff68655
kfind-catalog-d101-018000000-0001,비빔밥,쌀|물|콩나물|시금치|당근|양파|고사리|도라지|돼지고기|식용유|소금|달걀,EGG|GRAIN_UNSPECIFIED|RED_MEAT|VEGETABLE,RICE_OR_FLOUR,EGG|RED_MEAT,SIMMERED,농촌진흥청 농식품 올바로 전통향토음식,https://www.nics.go.kr/food/kfi/tfSrch08/view?menuId=PS03520&tfcode=92339,PUBLIC_REFERENCE_RECIPE,2026-10-04,false,공공 자료의 명시된 동일 음식명/다른 이름으로 연결한 참고 조리 구성; 다른 조리법·전체 원재료·알레르기를 확정하지 않음; 소량 양념 식품군은 집계 제외,RDA-92339,REFERENCE_PARTIAL,UNKNOWN,,recommendation-composition-catalog-v3,bcde4232ffbabf5a31d793b589fee695095bc3858fa89af34b2bc2a6060f9ce8
kfind-catalog-d101-021000000-0001,수수밥,쌀|수수,MIXED_GRAIN,SORGHUM_MIX,UNKNOWN,BOILED,한국학중앙연구원 한국민족문화대백과사전,https://encykorea.aks.ac.kr/Article/E0021650,PUBLIC_DISH_DEFINITION,2026-10-02,true,공공 음식 정의에서 해당 잡곡밥 계열 확인; 도정도와 혼합비는 미확인하므로 WHOLE_GRAIN으로 표시하지 않음,,REFERENCE_PARTIAL,UNKNOWN,,recommendation-composition-catalog-v3,
kfind-catalog-d301-022000000-0001,쌀밥,쌀|물,REFINED_GRAIN,RICE_OR_FLOUR,UNKNOWN,SIMMERED,농촌진흥청 농식품 올바로 전통향토음식,https://www.nics.go.kr/food/kfi/tfSrch08/view?menuId=PS03520&tfcode=90724,PUBLIC_REFERENCE_RECIPE,2026-10-04,false,공공 자료의 명시된 동일 음식명/다른 이름으로 연결한 참고 조리 구성; 다른 조리법·전체 원재료·알레르기를 확정하지 않음; 소량 양념 식품군은 집계 제외,RDA-90724,REFERENCE_PARTIAL,UNKNOWN,,recommendation-composition-catalog-v3,88174ac81336f64a69739e4a08e290efe87e5194f6ab9b02e33949303f5e8296
kfind-catalog-d101-023000000-0001,알밥,쌀|날치알|당근|오이|단무지|김,GRAIN_UNSPECIFIED|FISH|VEGETABLE,RICE_OR_FLOUR,FISH,ASSEMBLED,한국관광공사 공식 음식 소개,https://english.visitkorea.or.kr/svc/sp/food/ext/special_view.do?menuSn=913&vcontsId=181465,PUBLIC_DISH_DEFINITION,2026-10-04,true,본문에 명시된 날치알밥의 일반 구성만 사용; 연어알·성게알·문어는 다른 변형이므로 추가하지 않음,KTO-181465,REFERENCE_PARTIAL,UNKNOWN,,recommendation-composition-catalog-v3,111a0e4f2f053092ef77051b5eb980ff28e99fe0d968f529949800bd3021882f
kfind-catalog-d301-025000000-0001,연잎밥,찹쌀|밤|대추|연잎,GRAIN_UNSPECIFIED|ROOT_STARCH,RICE_OR_FLOUR,UNKNOWN,STEAMED,한국관광공사 공식 음식 소개,https://english.visitkorea.or.kr/svc/sp/food/ext/special_view.do?menuSn=913&vcontsId=178082,PUBLIC_DISH_DEFINITION,2026-10-04,false,밤은 전분성 식재료로 구분; 연잎은 포장·조리 용도라 채소 섭취군으로 집계하지 않고 소량 대추는 하루 과일군으로 집계하지 않음,KTO-178082,REFERENCE_PARTIAL,UNKNOWN,,recommendation-composition-catalog-v3,b1268ad0784e0e72458ea2c6efd12db325c8336cdef4d45c6791d4ff8c8df3ed
kfind-catalog-d101-026000000-0001,영양돌솥밥,곡물|채소|찹쌀|대추|밤|은행|버섯,MIXED_GRAIN|VEGETABLE|ROOT_STARCH,MIXED_GRAINS,UNKNOWN,BOILED,한국관광공사 공식 음식 소개,https://english.visitkorea.or.kr/svc/sp/food/ext/special_view.do?menuSn=913&vcontsId=231596,PUBLIC_DISH_DEFINITION,2026-10-04,true,"본문에 여러 곡물·채소 구성 명시; 통곡물 도정도 미확인, 밤·은행을 지방성 견과류처럼 점수화하지 않음",KTO-231596,REFERENCE_PARTIAL,UNKNOWN,,recommendation-composition-catalog-v3,9c68dd929ad4e785138fd021ee7e3338a69cd504a8d85a0b1fbdbf99e2a408a0
kfind-catalog-d301-027000000-0001,오곡밥,쌀|수수|조|팥|콩,MIXED_GRAIN|LEGUME_SOY,MIXED_GRAINS,LEGUME_SOY,STEAMED,한국학중앙연구원 한국민족문화대백과사전,https://encykorea.aks.ac.kr/Article/E0038100,PUBLIC_DISH_DEFINITION,2026-10-02,true,주요재료 식품군만 확인; 모든 조리법의 전체 원재료·알레르기·함량을 보장하지 않음,,REFERENCE_PARTIAL,UNKNOWN,,recommendation-composition-catalog-v3,
kfind-catalog-d101-032000000-0001,잡곡밥,쌀|잡곡,MIXED_GRAIN,MIXED_GRAINS,UNKNOWN,BOILED,한국학중앙연구원 한국민족문화대백과사전,https://encykorea.aks.ac.kr/Article/E0021650,PUBLIC_DISH_DEFINITION,2026-10-02,true,공공 음식 정의에서 해당 잡곡밥 계열 확인; 도정도와 혼합비는 미확인하므로 WHOLE_GRAIN으로 표시하지 않음,,REFERENCE_PARTIAL,UNKNOWN,,recommendation-composition-catalog-v3,
kfind-catalog-d101-033000000-0001,잡채밥,쌀|당면|채소|고기,GRAIN_UNSPECIFIED|VEGETABLE|MEAT_UNSPECIFIED,RICE_OR_FLOUR,MEAT_UNSPECIFIED,PAN_COOKED,한국관광공사 공식 음식 소개,https://english.visitkorea.or.kr/svc/sp/food/ext/special_view.do?menuSn=913&vcontsId=231465,PUBLIC_DISH_DEFINITION,2026-10-04,true,고기 종류가 명시되지 않아 RED_MEAT 또는 POULTRY로 추정하지 않음,KTO-231465,REFERENCE_PARTIAL,UNKNOWN,,recommendation-composition-catalog-v3,63e89d9a13cdf658cd394d3602917007ef60571f3de96f68fa1601c204e9a428
kfind-catalog-d101-038000000-0001,차조밥,쌀|차조,MIXED_GRAIN,MILLET_MIX,UNKNOWN,BOILED,한국학중앙연구원 한국민족문화대백과사전,https://encykorea.aks.ac.kr/Article/E0055188,PUBLIC_DISH_DEFINITION,2026-10-04,true,공공 설명의 쌀과 차조 혼합밥 확인; 단독 차조 조리법도 있어 혼합비와 도정도는 추정하지 않음,,REFERENCE_PARTIAL,UNKNOWN,,recommendation-composition-catalog-v3,
kfind-catalog-d101-039000000-0001,찰밥,찹쌀|팥|밤|대추|소금 약간,GRAIN_UNSPECIFIED|LEGUME_SOY|ROOT_STARCH,RICE_OR_FLOUR,LEGUME_SOY,STEAMED,농촌진흥청 농식품 올바로 전통향토음식,https://www.nics.go.kr/food/kfi/tfSrch08/view?menuId=PS03520&tfcode=92064,PUBLIC_REFERENCE_RECIPE,2026-10-04,true,기존 단일 조리자료 이외의 같은 음식명 공공 참고 조리자료에서 주요 팥/양파 구성 확인; 조리 변형이므로 모든 실제 준비 방식에 포함된다고 주장하지 않음; 전체 원재료·알레르기·실제 영양값·분량은 확정하지 않음,RDA-92064,REFERENCE_PARTIAL,UNKNOWN,,recommendation-composition-catalog-v3,e1af596c4549add3a99af0a477d18449947426d5791b5c50f5318a814cb93150
kfind-catalog-d301-043000000-0001,충무김밥,쌀|김|갑오징어|무|물|소금 약간,GRAIN_UNSPECIFIED|SEAFOOD|VEGETABLE,RICE_OR_FLOUR,SEAFOOD,SIMMERED,농촌진흥청 농식품 올바로 전통향토음식,https://www.nics.go.kr/food/kfi/tfSrch08/view?menuId=PS03520&tfcode=91342,PUBLIC_REFERENCE_RECIPE,2026-10-04,true,공공 자료의 명시된 동일 음식명/다른 이름으로 연결한 참고 조리 구성; 다른 조리법·전체 원재료·알레르기를 확정하지 않음; 소량 양념 식품군은 집계 제외,RDA-91342,REFERENCE_PARTIAL,UNKNOWN,,recommendation-composition-catalog-v3,a705730b9da082e493eccc0f0445c0d24d620922090b5e90fa4835c2ccff6ace
kfind-catalog-d101-047000000-0001,콩나물밥,쌀|콩나물,GRAIN_UNSPECIFIED|VEGETABLE,RICE_OR_FLOUR,UNKNOWN,SIMMERED,농촌진흥청 농식품 올바로 전통향토음식,https://www.nics.go.kr/food/kfi/tfSrch08/view?menuId=PS03520&tfcode=90727,PUBLIC_REFERENCE_RECIPE,2026-10-04,true,공공 자료의 명시된 동일 음식명/다른 이름으로 연결한 참고 조리 구성; 다른 조리법·전체 원재료·알레르기를 확정하지 않음; 소량 양념 식품군은 집계 제외,RDA-90727,REFERENCE_PARTIAL,UNKNOWN,,recommendation-composition-catalog-v3,31c474146736d3f101ee943c85cda31cef87750b333a0aad524bcadacb00d8ae
kfind-catalog-d104-181000000-0001,닭죽,닭|쌀|물|마늘|대파|소금|참기름,GRAIN_UNSPECIFIED|POULTRY,RICE_OR_FLOUR,POULTRY,SIMMERED,농촌진흥청 농식품 올바로 전통향토음식,https://www.nics.go.kr/food/kfi/tfSrch08/view?menuId=PS03520&tfcode=89925,PUBLIC_REFERENCE_RECIPE,2026-10-04,false,공공 자료의 명시된 동일 음식명/다른 이름으로 연결한 참고 조리 구성; 다른 조리법·전체 원재료·알레르기를 확정하지 않음; 소량 양념 식품군은 집계 제외,RDA-89925,REFERENCE_PARTIAL,UNKNOWN,,recommendation-composition-catalog-v3,1502582451b1089b22ef06f5b5c53cae6e9033caeebbb42392fb9401b650d1f9
kfind-catalog-d304-183000000-0001,백합죽,백합|쌀|물|참기름|소금,GRAIN_UNSPECIFIED|SEAFOOD,RICE_OR_FLOUR,SEAFOOD,SIMMERED,농촌진흥청 농식품 올바로 전통향토음식,https://www.nics.go.kr/food/kfi/tfSrch08/view?menuId=PS03520&tfcode=90151,PUBLIC_REFERENCE_RECIPE,2026-10-04,true,공공 자료의 명시된 동일 음식명/다른 이름으로 연결한 참고 조리 구성; 다른 조리법·전체 원재료·알레르기를 확정하지 않음; 소량 양념 식품군은 집계 제외,RDA-90151,REFERENCE_PARTIAL,UNKNOWN,,recommendation-composition-catalog-v3,b530f46c619d87c93be25da2a57234db17c19553abaa16c5b484b2c6c7458a26
kfind-catalog-d304-186000000-0001,쌀죽(흰죽),쌀|물|소금|참기름,GRAIN_UNSPECIFIED,RICE_OR_FLOUR,UNKNOWN,SIMMERED,농촌진흥청 농식품 올바로 전통향토음식,https://www.nics.go.kr/food/kfi/tfSrch08/view?menuId=PS03520&tfcode=90735,PUBLIC_REFERENCE_RECIPE,2026-10-04,false,공공 자료의 명시된 동일 음식명/다른 이름으로 연결한 참고 조리 구성; 다른 조리법·전체 원재료·알레르기를 확정하지 않음; 소량 양념 식품군은 집계 제외,RDA-90735,REFERENCE_PARTIAL,UNKNOWN,,recommendation-composition-catalog-v3,f3a24c3157d2aedf27f74596dfaac73cb9ef9da75916339d20c10d2754c82c6d
kfind-catalog-d304-187000000-0001,어죽,민물고기|민물새우|쌀|국수|깻잎 약간|소금 약간|풋고추|물|고추장|고춧가루|양파|마늘|들깻가루|참기름,FISH|GRAIN_UNSPECIFIED|VEGETABLE,RICE_OR_FLOUR,FISH,SIMMERED,농촌진흥청 농식품 올바로 전통향토음식,https://www.nics.go.kr/food/kfi/tfSrch08/view?menuId=PS03520&tfcode=89701,PUBLIC_REFERENCE_RECIPE,2026-10-04,true,공공 자료의 명시된 동일 음식명/다른 이름으로 연결한 참고 조리 구성; 다른 조리법·전체 원재료·알레르기를 확정하지 않음; 소량 양념 식품군은 집계 제외,RDA-89701,REFERENCE_PARTIAL,UNKNOWN,,recommendation-composition-catalog-v3,3162fbf46081fa9fe9278b2cd65ecf45ca9748bc2d2eb012ce8995cd9a2a9cd8
kfind-catalog-d304-190000000-0001,잣죽,잣|쌀,NUT_SEED|GRAIN_UNSPECIFIED,RICE,NUT_SEED,BOILED,한국학중앙연구원 한국민족문화대백과사전,https://encykorea.aks.ac.kr/Article/E0048228,PUBLIC_DISH_DEFINITION,2026-10-02,true,주요재료 식품군만 확인; 모든 조리법의 전체 원재료·알레르기·함량을 보장하지 않음,,REFERENCE_PARTIAL,UNKNOWN,,recommendation-composition-catalog-v3,
kfind-catalog-d104-191000000-0001,전복죽,전복|쌀|물|참기름|소금,GRAIN_UNSPECIFIED|SEAFOOD,RICE_OR_FLOUR,SEAFOOD,SIMMERED,농촌진흥청 농식품 올바로 전통향토음식,https://www.nics.go.kr/food/kfi/tfSrch08/view?menuId=PS03520&tfcode=89933,PUBLIC_REFERENCE_RECIPE,2026-10-04,true,공공 자료의 명시된 동일 음식명/다른 이름으로 연결한 참고 조리 구성; 다른 조리법·전체 원재료·알레르기를 확정하지 않음; 소량 양념 식품군은 집계 제외,RDA-89933,REFERENCE_PARTIAL,UNKNOWN,,recommendation-composition-catalog-v3,43fd0509197d56186b9220ab5f1b0ffa29db493f5551dc16fb30ca8e06d77ec5
kfind-catalog-d304-192000000-0001,참깨죽,쌀|설탕 약간|참깨|물|소금 적량,GRAIN_UNSPECIFIED|NUT_SEED,RICE_OR_FLOUR,NUT_SEED,SIMMERED,농촌진흥청 농식품 올바로 전통향토음식,https://www.nics.go.kr/food/kfi/tfSrch08/view?menuId=PS03520&tfcode=90730,PUBLIC_REFERENCE_RECIPE,2026-10-04,true,공공 자료의 명시된 동일 음식명/다른 이름으로 연결한 참고 조리 구성; 다른 조리법·전체 원재료·알레르기를 확정하지 않음; 소량 양념 식품군은 집계 제외,RDA-90730,REFERENCE_PARTIAL,UNKNOWN,,recommendation-composition-catalog-v3,d3e90d48e638e03334a7ba2dd283e101dffb3e7dd90c96276d6ed5b9547b3024
kfind-catalog-d104-194000000-0001,채소죽,쌀|당근|호박|양파,GRAIN_UNSPECIFIED|VEGETABLE,RICE_OR_FLOUR,UNKNOWN,SIMMERED,한국관광공사 공식 음식 소개,https://english.visitkorea.or.kr/svc/sp/food/ext/special_view.do?menuSn=913&vcontsId=181470,PUBLIC_DISH_DEFINITION,2026-10-04,true,채소죽/야채죽은 같은 채소 조리명 표현; 본문 쌀·당근·호박·양파를 끓이는 구성 확인; 전체 원재료·알레르기·실제 영양값·분량은 확정하지 않음,KTO-181470,REFERENCE_PARTIAL,UNKNOWN,,recommendation-composition-catalog-v3,ae01ef74f0f9922034c6532d2fd980faf42131191d05da42431a450f70a39f2b
kfind-catalog-d104-195000000-0001,팥죽,팥|쌀,LEGUME_SOY|GRAIN_UNSPECIFIED,RICE,LEGUME_SOY,BOILED,한국학중앙연구원 한국민족문화대백과사전,https://encykorea.aks.ac.kr/Article/E0049806,PUBLIC_DISH_DEFINITION,2026-10-02,true,동일 음식의 팥·쌀 구성 확인; 단팥죽/가당 제품의 당류 정보는 이 행으로 추정하지 않음,,REFERENCE_PARTIAL,UNKNOWN,,recommendation-composition-catalog-v3,
kfind-catalog-d103-141000000-0001,간자장,돼지고기|양파|짜장소스|국수,GRAIN_UNSPECIFIED|RED_MEAT|VEGETABLE,RICE_OR_FLOUR,RED_MEAT,PAN_COOKED,한국관광공사 공식 음식 소개,https://english.visitkorea.or.kr/svc/sp/food/ext/special_view.do?menuSn=913&vcontsId=231600,PUBLIC_DISH_DEFINITION,2026-10-04,false,간자장/간짜장 표기만 연결; 해당 간짜장 본문의 돼지고기·양파·국수 구성 확인; 전체 원재료·알레르기·실제 영양값·분량은 확정하지 않음,KTO-231600,REFERENCE_PARTIAL,UNKNOWN,,recommendation-composition-catalog-v3,87f665486605b61b88f6452e01dfbd82e173f75052737b3e25f3cf57c7dda8ca
kfind-catalog-d103-146000000-0001,떡만두국,가래떡|닭고기|두부|숙주|양파|당면|달걀|김|마늘|소금|참기름|후춧가루|대파,GRAIN_UNSPECIFIED|LEGUME_SOY|POULTRY|VEGETABLE,RICE_OR_FLOUR,LEGUME_SOY|POULTRY,SIMMERED,농촌진흥청 농식품 올바로 전통향토음식,https://www.nics.go.kr/food/kfi/tfSrch08/view?menuId=PS03520&tfcode=90742,PUBLIC_REFERENCE_RECIPE,2026-10-04,true,공공 자료의 명시된 동일 음식명/다른 이름으로 연결한 참고 조리 구성; 다른 조리법·전체 원재료·알레르기를 확정하지 않음; 소량 양념 식품군은 집계 제외,RDA-90742,REFERENCE_PARTIAL,UNKNOWN,,recommendation-composition-catalog-v3,c4d005eb457eff773dd317228fd736ed5076d132263b8b083448fcdf7d469878
kfind-catalog-d103-148000000-0001,라면,인스턴트 면|달걀|파,GRAIN_UNSPECIFIED|EGG,RICE_OR_FLOUR,EGG,SIMMERED,한국관광공사 공식 음식 소개,https://english.visitkorea.or.kr/svc/sp/food/ext/special_view.do?menuSn=913&vcontsId=178959,PUBLIC_DISH_DEFINITION,2026-10-04,false,오징어·문어·콩나물은 선택 재료이므로 추가하지 않음; 양념용 파를 주요 채소 식품군으로 추가하지 않음,KTO-178959,REFERENCE_PARTIAL,UNKNOWN,,recommendation-composition-catalog-v3,2c16c7a6fe43ccf18e62085f3850ef4a16d725265e2b41e88dc82fd323089943
kfind-catalog-d303-151000000-0001,만두국,밀가루|물|소금|건표고버섯|두부|숙주|배추김치|파|마늘|깨소금|참기름½큰술  달걀|실고추|대파|국간장|마늘½큰술|물 적량|후춧가루·참기름 약간,GRAIN_UNSPECIFIED|LEGUME_SOY|VEGETABLE,RICE_OR_FLOUR,LEGUME_SOY,SIMMERED,농촌진흥청 농식품 올바로 전통향토음식,https://www.nics.go.kr/food/kfi/tfSrch08/view?menuId=PS03520&tfcode=90393,PUBLIC_REFERENCE_RECIPE,2026-10-04,true,공공 자료의 명시된 동일 음식명/다른 이름으로 연결한 참고 조리 구성; 다른 조리법·전체 원재료·알레르기를 확정하지 않음; 소량 양념 식품군은 집계 제외,RDA-90393,REFERENCE_PARTIAL,UNKNOWN,,recommendation-composition-catalog-v3,64b218d748e4638ae4c6b5a4693748c6f8efa8924ddc65cdc2522da2d26a0fbe
kfind-catalog-d303-157000000-0001,비빔국수,국수|쇠고기|고사리|청포묵|달걀|도라지|애호박|다시마|소금 약간|식용유 적량,EGG|GRAIN_UNSPECIFIED|RED_MEAT|VEGETABLE,RICE_OR_FLOUR,EGG|RED_MEAT,DEEP_FRIED,농촌진흥청 농식품 올바로 전통향토음식,https://www.nics.go.kr/food/kfi/tfSrch08/view?menuId=PS03520&tfcode=91000,PUBLIC_REFERENCE_RECIPE,2026-10-04,false,공공 자료의 명시된 동일 음식명/다른 이름으로 연결한 참고 조리 구성; 다른 조리법·전체 원재료·알레르기를 확정하지 않음; 소량 양념 식품군은 집계 제외,RDA-91000,REFERENCE_PARTIAL,UNKNOWN,,recommendation-composition-catalog-v3,549b72d7087aac0bab1ca2b1da509b40d49273e86f39134df874af93e3ab64aa
kfind-catalog-d103-160000000-0001,수제비,밀가루|반죽물|감자|애호박|멸치|달걀|물|마늘|국간장|대파|소금|들기름,FISH|GRAIN_UNSPECIFIED|ROOT_STARCH,RICE_OR_FLOUR,FISH,SIMMERED,농촌진흥청 농식품 올바로 전통향토음식,https://www.nics.go.kr/food/kfi/tfSrch08/view?menuId=PS03520&tfcode=90739,PUBLIC_REFERENCE_RECIPE,2026-10-04,true,공공 자료의 명시된 동일 음식명/다른 이름으로 연결한 참고 조리 구성; 다른 조리법·전체 원재료·알레르기를 확정하지 않음; 소량 양념 식품군은 집계 제외,RDA-90739,REFERENCE_PARTIAL,UNKNOWN,,recommendation-composition-catalog-v3,de45007f3e073cc46a2442b52ff7699ecdaf4a83531b5a043a6b3f15fedba74a
kfind-catalog-d103-168000000-0001,자장면,돼지고기|양파|호박|짜장소스|밀가루 국수,GRAIN_UNSPECIFIED|RED_MEAT|VEGETABLE,RICE_OR_FLOUR,RED_MEAT,PAN_COOKED,한국관광공사 공식 음식 소개,https://english.visitkorea.or.kr/svc/sp/food/ext/special_view.do?menuSn=913&vcontsId=179699,PUBLIC_DISH_DEFINITION,2026-10-04,false,자장면/짜장면 표준 허용 표기만 연결; 채소와 돼지고기를 볶는 조리 구성 확인; 전체 원재료·알레르기·실제 영양값·분량은 확정하지 않음,KTO-179699,REFERENCE_PARTIAL,UNKNOWN,,recommendation-composition-catalog-v3,6b5798ed768a59f5e103020dd4dad1aae733a80676199fc2da1b22602ddb2188
kfind-catalog-d103-172000000-0001,짬뽕,면|돼지고기|채소|해물|닭 또는 돼지 뼈 육수,GRAIN_UNSPECIFIED|RED_MEAT|VEGETABLE|SEAFOOD,RICE_OR_FLOUR,RED_MEAT|SEAFOOD,SIMMERED,한국관광공사 공식 음식 소개,https://english.visitkorea.or.kr/svc/sp/food/ext/special_view.do?menuSn=913&vcontsId=179704,PUBLIC_DISH_DEFINITION,2026-10-04,true,육수는 선택 종류로 보존하며 닭이 항상 포함됐다고 확정하지 않음,KTO-179704,REFERENCE_PARTIAL,UNKNOWN,,recommendation-composition-catalog-v3,b671782f951aa0af45375efdd89afe8156a409b5f791bc6553c7bb64f3e1f591
kfind-catalog-d103-174000000-0001,칼국수,밀가루|반죽물|애호박|멸치|달걀|쇠고기|감자|표고버섯|통마늘|대파|김|물|국간장|소금|참기름,EGG|GRAIN_UNSPECIFIED|RED_MEAT|ROOT_STARCH|VEGETABLE,RICE_OR_FLOUR,EGG|RED_MEAT,SIMMERED,농촌진흥청 농식품 올바로 전통향토음식,https://www.nics.go.kr/food/kfi/tfSrch08/view?menuId=PS03520&tfcode=90740,PUBLIC_REFERENCE_RECIPE,2026-10-04,false,공공 자료의 명시된 동일 음식명/다른 이름으로 연결한 참고 조리 구성; 다른 조리법·전체 원재료·알레르기를 확정하지 않음; 소량 양념 식품군은 집계 제외,RDA-90740,REFERENCE_PARTIAL,UNKNOWN,,recommendation-composition-catalog-v3,065ed5a086fdf414166b745d6897e07d813fc9400467827b2770c5ff38c2879e
kfind-catalog-d103-175000000-0001,콩국수,콩|국수,LEGUME_SOY|GRAIN_UNSPECIFIED,REFINED_NOODLE,LEGUME_SOY,BOILED,한국관광공사 음식 소개,https://english.visitkorea.or.kr/svc/thingsToDo/foodTrip/special_view.do?vcontsId=178884,PUBLIC_DISH_DEFINITION,2026-10-02,true,주요재료 식품군만 확인; 모든 조리법의 전체 원재료·알레르기·함량을 보장하지 않음,,REFERENCE_PARTIAL,UNKNOWN,,recommendation-composition-catalog-v3,
kfind-catalog-d105-199000000-0001,갈비탕,쇠갈비|우거지|된장|물 적량|소금 약간,RED_MEAT|VEGETABLE,NONE,RED_MEAT,SIMMERED,농촌진흥청 농식품 올바로 전통향토음식,https://www.nics.go.kr/food/kfi/tfSrch08/view?menuId=PS03520&tfcode=90743,PUBLIC_REFERENCE_RECIPE,2026-10-04,false,공공 자료의 명시된 동일 음식명/다른 이름으로 연결한 참고 조리 구성; 다른 조리법·전체 원재료·알레르기를 확정하지 않음; 소량 양념 식품군은 집계 제외,RDA-90743,REFERENCE_PARTIAL,UNKNOWN,,recommendation-composition-catalog-v3,fe8ca3d81dd2a6bcf2d9a165ffb96add9ecb1f3f555be7b8d9f6d04dd9649530
kfind-catalog-d105-200000000-0001,감자국,감자|양파|멸치장국국물|고춧가루|마늘|소금,ROOT_STARCH|VEGETABLE,NONE,UNKNOWN,SIMMERED,농촌진흥청 농식품 올바로 전통향토음식,https://www.nics.go.kr/food/kfi/tfSrch08/view?menuId=PS03520&tfcode=91015,PUBLIC_REFERENCE_RECIPE,2026-10-04,true,기존 단일 조리자료 이외의 같은 음식명 공공 참고 조리자료에서 주요 팥/양파 구성 확인; 조리 변형이므로 모든 실제 준비 방식에 포함된다고 주장하지 않음; 전체 원재료·알레르기·실제 영양값·분량은 확정하지 않음,RDA-91015,REFERENCE_PARTIAL,UNKNOWN,,recommendation-composition-catalog-v3,6e69c1d6952d32913e4b62267e3b2d9453f235ca518ec7a70eab9f2219cb65a3
kfind-catalog-d305-201000000-0001,게국지,꽃게|김치,SEAFOOD|VEGETABLE,NONE,SEAFOOD,SIMMERED,한국관광공사 공식 음식 소개,https://english.visitkorea.or.kr/svc/sp/food/ext/special_view.do?menuSn=913&vcontsId=179219,PUBLIC_DISH_DEFINITION,2026-10-04,true,본문에 명시된 주요 구성만 연결; 실제 조리법별 전체 원재료·알레르기·영양·제공량은 확정하지 않음,KTO-179219,REFERENCE_PARTIAL,UNKNOWN,,recommendation-composition-catalog-v3,79ef76287557cb1738a370398dcb970cc7d178b8e065c24d2b54edced84f97d0
kfind-catalog-d305-202000000-0001,곰치국,곰치,FISH,NONE,FISH,SIMMERED,한국관광공사 공식 음식 소개,https://english.visitkorea.or.kr/svc/sp/food/ext/special_view.do?menuSn=913&vcontsId=178129,PUBLIC_DISH_DEFINITION,2026-10-04,true,본문이 곰치를 생선 식재료로 명시; 그 밖의 국 재료는 추정하지 않음,KTO-178129,REFERENCE_PARTIAL,UNKNOWN,,recommendation-composition-catalog-v3,bc740699d599848b77f82e090b45b4036cc4a1ad784a4e8dde58c77f1d930553
kfind-catalog-d105-203000000-0001,곰탕,쇠고기|내장 적량|무|물|대파|국간장 적량|소금 적량,RED_MEAT|VEGETABLE,NONE,RED_MEAT,SIMMERED,농촌진흥청 농식품 올바로 전통향토음식,https://www.nics.go.kr/food/kfi/tfSrch08/view?menuId=PS03520&tfcode=91018,PUBLIC_REFERENCE_RECIPE,2026-10-04,false,공공 자료의 명시된 동일 음식명/다른 이름으로 연결한 참고 조리 구성; 다른 조리법·전체 원재료·알레르기를 확정하지 않음; 소량 양념 식품군은 집계 제외,RDA-91018,REFERENCE_PARTIAL,UNKNOWN,,recommendation-composition-catalog-v3,d855eae7c7b7658b3a6782f3787f60d0bbded7b67949adbcd8139a601ab38b35
kfind-catalog-d105-205000000-0001,김치국,배추김치|두부|콩나물|멸치|물|대파|마늘|참기름|소금|고춧가루,LEGUME_SOY|VEGETABLE,NONE,LEGUME_SOY,SIMMERED,농촌진흥청 농식품 올바로 전통향토음식,https://www.nics.go.kr/food/kfi/tfSrch08/view?menuId=PS03520&tfcode=90747,PUBLIC_REFERENCE_RECIPE,2026-10-04,true,공공 자료의 명시된 동일 음식명/다른 이름으로 연결한 참고 조리 구성; 다른 조리법·전체 원재료·알레르기를 확정하지 않음; 소량 양념 식품군은 집계 제외,RDA-90747,REFERENCE_PARTIAL,UNKNOWN,,recommendation-composition-catalog-v3,03126b6369b6f0affa7f282764cb62c17609600401b55b5474e50b1d6f318483
kfind-catalog-d305-207000000-0001,낙지탕,낙지|박,SEAFOOD|VEGETABLE,NONE,SEAFOOD,SIMMERED,한국관광공사 공식 음식 소개,https://english.visitkorea.or.kr/svc/sp/food/ext/special_view.do?menuSn=913&vcontsId=180163,PUBLIC_DISH_DEFINITION,2026-10-04,true,본문에 명시된 주요 구성만 연결; 실제 조리법별 전체 원재료·알레르기·영양·제공량은 확정하지 않음,KTO-180163,REFERENCE_PARTIAL,UNKNOWN,,recommendation-composition-catalog-v3,d616f98daa783ba69b052d02fcb5f8e337c08d591c9c2551810dc09436f77964
kfind-catalog-d105-210000000-0001,달걀국,달걀|양파|물|대파|깨소금|소금|마늘,EGG|VEGETABLE,NONE,EGG,SIMMERED,농촌진흥청 농식품 올바로 전통향토음식,https://www.nics.go.kr/food/kfi/tfSrch08/view?menuId=PS03520&tfcode=90749,PUBLIC_REFERENCE_RECIPE,2026-10-04,true,공공 자료의 명시된 동일 음식명/다른 이름으로 연결한 참고 조리 구성; 다른 조리법·전체 원재료·알레르기를 확정하지 않음; 소량 양념 식품군은 집계 제외,RDA-90749,REFERENCE_PARTIAL,UNKNOWN,,recommendation-composition-catalog-v3,8585f70930e14da988e9600ec81706be455bcc98d920f36e24063f20d0bf4270
kfind-catalog-d105-213000000-0001,닭곰탕,닭고기|숙주|무|고사리|양파|파|마늘|국간장|홍고추|고춧가루|생강|소금|후춧가루,POULTRY|VEGETABLE,NONE,POULTRY,UNKNOWN,식품의약품안전처 식품안전나라 공개 조리법,https://www.foodsafetykorea.go.kr/popup/sensuousmenuView.do?rcp_menu_no=261,PUBLIC_REFERENCE_RECIPE,2026-10-04,true,공공 자료의 명시된 동일 음식명/다른 이름으로 연결한 참고 조리 구성; 다른 조리법·전체 원재료·알레르기를 확정하지 않음; 소량 양념 식품군은 집계 제외,MFDS-261,REFERENCE_PARTIAL,UNKNOWN,,recommendation-composition-catalog-v3,510eeeb51082bf50e1ae6586d9ccce753df6a84e90fe08e3abff8b7b50f10353
kfind-catalog-d105-215000000-0001,도가니탕,소 무릎 연골|힘줄|쇠고기 양지|쇠고기 사태|파|마늘|후추,RED_MEAT,NONE,RED_MEAT,SIMMERED,한국관광공사 공식 음식 소개,https://english.visitkorea.or.kr/svc/sp/food/ext/special_view.do?menuSn=913&vcontsId=178304,PUBLIC_DISH_DEFINITION,2026-10-04,false,본문의 파·마늘은 향신재료로만 보존; 관절 건강효과 문구를 가져오지 않음,KTO-178304,REFERENCE_PARTIAL,UNKNOWN,,recommendation-composition-catalog-v3,6222e6ea8300933b5c8eb94150fae9aad0ec51295ed7f5adc6cb83faedd8eb57
kfind-catalog-d105-272000000-0001,동태국,동태|무|양파|대파|물|마늘|생강|고춧가루|국간장|소금|후춧가루,FISH|VEGETABLE,NONE,FISH,SIMMERED,농촌진흥청 농식품 올바로 전통향토음식,https://www.nics.go.kr/food/kfi/tfSrch08/view?menuId=PS03520&tfcode=90752,PUBLIC_REFERENCE_RECIPE,2026-10-04,true,공공 자료의 명시된 동일 음식명/다른 이름으로 연결한 참고 조리 구성; 다른 조리법·전체 원재료·알레르기를 확정하지 않음; 소량 양념 식품군은 집계 제외,RDA-90752,REFERENCE_PARTIAL,UNKNOWN,,recommendation-composition-catalog-v3,ca3ff1a31ae78f04cc3d739cb338a4afcb64d73c06146d8f73e480edd08a7203
kfind-catalog-d305-218000000-0001,매생이국,매생이|굴|물|국간장|마늘|참기름 약간,SEAFOOD|VEGETABLE,NONE,SEAFOOD,SIMMERED,농촌진흥청 농식품 올바로 전통향토음식,https://www.nics.go.kr/food/kfi/tfSrch08/view?menuId=PS03520&tfcode=92104,PUBLIC_REFERENCE_RECIPE,2026-10-04,true,공공 자료의 명시된 동일 음식명/다른 이름으로 연결한 참고 조리 구성; 다른 조리법·전체 원재료·알레르기를 확정하지 않음; 소량 양념 식품군은 집계 제외,RDA-92104,REFERENCE_PARTIAL,UNKNOWN,,recommendation-composition-catalog-v3,19a1e32b95bfff635389d2d7267bcfbdc048d01b36a9b48e247c69bc7e0425f8
kfind-catalog-d105-223000000-0001,미역국,생미역|고사리|도라지|숙주|국간장|후춧가루|식초|전분|물 적량,VEGETABLE,NONE,UNKNOWN,SIMMERED,농촌진흥청 농식품 올바로 전통향토음식,https://www.nics.go.kr/food/kfi/tfSrch08/view?menuId=PS03520&tfcode=92108,PUBLIC_REFERENCE_RECIPE,2026-10-04,true,공공 자료의 명시된 동일 음식명/다른 이름으로 연결한 참고 조리 구성; 다른 조리법·전체 원재료·알레르기를 확정하지 않음; 소량 양념 식품군은 집계 제외,RDA-92108,REFERENCE_PARTIAL,UNKNOWN,,recommendation-composition-catalog-v3,d71627cca23aef69a15551f4fa1adc9914d36536e1100ec3764892fd79c20012
kfind-catalog-d105-226000000-0001,북어국,북어|간장|마늘|소금|참기름|파,FISH,NONE,FISH,UNKNOWN,식품의약품안전처 식품안전나라 공개 조리법,https://www.foodsafetykorea.go.kr/popup/sensuousmenuView.do?rcp_menu_no=289,PUBLIC_REFERENCE_RECIPE,2026-10-04,true,공공 자료의 명시된 동일 음식명/다른 이름으로 연결한 참고 조리 구성; 다른 조리법·전체 원재료·알레르기를 확정하지 않음; 소량 양념 식품군은 집계 제외,MFDS-289,REFERENCE_PARTIAL,UNKNOWN,,recommendation-composition-catalog-v3,dd8375068446617dc5984beeebb661a8d1a9630a33af9bb2ae9344ef68aee2ef
kfind-catalog-d105-228000000-0001,삼계탕,닭|찹쌀|수삼|대추|마늘|물|소금 적량|후춧가루 적량,POULTRY,NONE,POULTRY,SIMMERED,농촌진흥청 농식품 올바로 전통향토음식,https://www.nics.go.kr/food/kfi/tfSrch08/view?menuId=PS03520&tfcode=90757,PUBLIC_REFERENCE_RECIPE,2026-10-04,false,공공 자료의 명시된 동일 음식명/다른 이름으로 연결한 참고 조리 구성; 다른 조리법·전체 원재료·알레르기를 확정하지 않음; 소량 양념 식품군은 집계 제외,RDA-90757,REFERENCE_PARTIAL,UNKNOWN,,recommendation-composition-catalog-v3,c3af2e565f886142a4e3cb57eaf1a5df67b0e35d61913c1d45ed669ac6042291
kfind-catalog-d105-231000000-0001,설렁탕,쇠머리|사골|도가니|우설|유통|우족|사태|쇠고기|물 적량|생강 적량|대파 적량|마늘 적량,RED_MEAT,NONE,RED_MEAT,SIMMERED,농촌진흥청 농식품 올바로 전통향토음식,https://www.nics.go.kr/food/kfi/tfSrch08/view?menuId=PS03520&tfcode=90419,PUBLIC_REFERENCE_RECIPE,2026-10-04,false,공공 자료의 명시된 동일 음식명/다른 이름으로 연결한 참고 조리 구성; 다른 조리법·전체 원재료·알레르기를 확정하지 않음; 소량 양념 식품군은 집계 제외,RDA-90419,REFERENCE_PARTIAL,UNKNOWN,,recommendation-composition-catalog-v3,2f5863f1eb26b331045bd936fc6bb90a66f76458699a03204b3620add8104468
kfind-catalog-d305-235000000-0001,아구탕,생아귀|콩나물|무|미나리|소금|물,FISH|VEGETABLE,NONE,FISH,SIMMERED,농촌진흥청 농식품 올바로 전통향토음식,https://www.nics.go.kr/food/kfi/tfSrch08/view?menuId=PS03520&tfcode=91426,PUBLIC_REFERENCE_RECIPE,2026-10-04,true,공공 자료의 명시된 동일 음식명/다른 이름으로 연결한 참고 조리 구성; 다른 조리법·전체 원재료·알레르기를 확정하지 않음; 소량 양념 식품군은 집계 제외,RDA-91426,REFERENCE_PARTIAL,UNKNOWN,,recommendation-composition-catalog-v3,5b8aae1966e227b54d17c8c1ca9b246df40dc226b2fc658c26002808d9795062
kfind-catalog-d105-237000000-0001,어묵국(어묵탕),어묵|대파|마늘|소금,PROCESSED_FISH,NONE,UNKNOWN,SIMMERED,식품의약품안전처 식품안전나라 공개 조리법,https://www.foodsafetykorea.go.kr/popup/sensuousmenuView.do?rcp_menu_no=173,PUBLIC_REFERENCE_RECIPE,2026-10-04,false,공공 자료의 명시된 동일 음식명/다른 이름으로 연결한 참고 조리 구성; 다른 조리법·전체 원재료·알레르기를 확정하지 않음; 소량 양념 식품군은 집계 제외,MFDS-173,REFERENCE_PARTIAL,UNKNOWN,,recommendation-composition-catalog-v3,7e6c261c9ad6cbdbbdc909ed6f0a6ecee55fa5c9b96ccba3e5c47274530cf22c
kfind-catalog-d305-239000000-0001,어탕,미꾸라지|토란대|배추시래기|고사리|숙주|부추|대파|풋고추|물|된장|호박잎|방아잎|국간장|소금|초피가루 약간,FISH|VEGETABLE,NONE,FISH,SIMMERED,농촌진흥청 농식품 올바로 전통향토음식,https://www.nics.go.kr/food/kfi/tfSrch08/view?menuId=PS03520&tfcode=91436,PUBLIC_REFERENCE_RECIPE,2026-10-04,true,공공 자료의 명시된 동일 음식명/다른 이름으로 연결한 참고 조리 구성; 다른 조리법·전체 원재료·알레르기를 확정하지 않음; 소량 양념 식품군은 집계 제외,RDA-91436,REFERENCE_PARTIAL,UNKNOWN,,recommendation-composition-catalog-v3,fef52424b64589301110fdd3eaa7e75bf8ea1647f9f18fd5aa523f2fe6e06956
kfind-catalog-d305-241000000-0001,오이냉국,오이|물|식초|국간장|소금 적량|대파|붉은 고추,VEGETABLE,NONE,UNKNOWN,SIMMERED,농촌진흥청 농식품 올바로 전통향토음식,https://www.nics.go.kr/food/kfi/tfSrch08/view?menuId=PS03520&tfcode=90431,PUBLIC_REFERENCE_RECIPE,2026-10-04,true,공공 자료의 명시된 동일 음식명/다른 이름으로 연결한 참고 조리 구성; 다른 조리법·전체 원재료·알레르기를 확정하지 않음; 소량 양념 식품군은 집계 제외,RDA-90431,REFERENCE_PARTIAL,UNKNOWN,,recommendation-composition-catalog-v3,bac3bd174b90ce5d63e8f221908fec5a3b04a882a8bdb0c5d249022b1813007f
kfind-catalog-d106-259000000-0001,갈치찌개,갈치|애호박|붉은 고추|대파|마늘|고춧가루|소금|물,FISH|VEGETABLE,NONE,FISH,SIMMERED,농촌진흥청 농식품 올바로 전통향토음식,https://www.nics.go.kr/food/kfi/tfSrch08/view?menuId=PS03520&tfcode=91446,PUBLIC_REFERENCE_RECIPE,2026-10-04,true,공공 자료의 명시된 동일 음식명/다른 이름으로 연결한 참고 조리 구성; 다른 조리법·전체 원재료·알레르기를 확정하지 않음; 소량 양념 식품군은 집계 제외,RDA-91446,REFERENCE_PARTIAL,UNKNOWN,,recommendation-composition-catalog-v3,1e7b60081240f21973b3fd59b47f612c1b39aef1fdad690dfed746205dced6df
kfind-catalog-d106-260000000-0001,감자탕,돼지 뼈|감자|시래기|대파|마른 고추|들깨|된장|마늘|물 적량|소금 약간,RED_MEAT|ROOT_STARCH|VEGETABLE,NONE,RED_MEAT,SIMMERED,농촌진흥청 농식품 올바로 전통향토음식,https://www.nics.go.kr/food/kfi/tfSrch08/view?menuId=PS03520&tfcode=90170,PUBLIC_REFERENCE_RECIPE,2026-10-04,false,공공 자료의 명시된 동일 음식명/다른 이름으로 연결한 참고 조리 구성; 다른 조리법·전체 원재료·알레르기를 확정하지 않음; 소량 양념 식품군은 집계 제외,RDA-90170,REFERENCE_PARTIAL,UNKNOWN,,recommendation-composition-catalog-v3,fcc05ea4ae1e7d0c7f878907d3f405ad06ba80570622c2305c70b508c4d23758
kfind-catalog-d306-266000000-0001,김치찌개,배추김치|돼지고기|두부|풋고추|양파|물|대파|마늘|고춧가루|식용유|간장 약간|소금 약간,LEGUME_SOY|RED_MEAT|VEGETABLE,NONE,LEGUME_SOY|RED_MEAT,SIMMERED,농촌진흥청 농식품 올바로 전통향토음식,https://www.nics.go.kr/food/kfi/tfSrch08/view?menuId=PS03520&tfcode=90772,PUBLIC_REFERENCE_RECIPE,2026-10-04,true,공공 자료의 명시된 동일 음식명/다른 이름으로 연결한 참고 조리 구성; 다른 조리법·전체 원재료·알레르기를 확정하지 않음; 소량 양념 식품군은 집계 제외,RDA-90772,REFERENCE_PARTIAL,UNKNOWN,,recommendation-composition-catalog-v3,02c4c65c2910c520ce921bbf4c6591082a31b274588569d7e3c6bf9d66857085
kfind-catalog-d306-267000000-0001,꽁치찌개,꽁치 통조림|김치|마늘|무|파,FISH|VEGETABLE,NONE,FISH,SIMMERED,한국관광공사 공식 음식 소개,https://english.visitkorea.or.kr/svc/sp/food/ext/special_view.do?menuSn=913&vcontsId=178268,PUBLIC_DISH_DEFINITION,2026-10-04,true,본문에 명시된 주요 구성만 연결; 실제 조리법별 전체 원재료·알레르기·영양·제공량은 확정하지 않음,KTO-178268,REFERENCE_PARTIAL,UNKNOWN,,recommendation-composition-catalog-v3,e86fd270dd12f7393aea4d7c9a192cd01d24f87b3b7afb601298fe46cec4d2da
kfind-catalog-d106-268000000-0001,꽃게탕,꽃게|들깨|양파|대파|풋고추|마늘|고추 다진 양념|된장|물|국간장 약간,NUT_SEED|SEAFOOD|VEGETABLE,NONE,NUT_SEED|SEAFOOD,SIMMERED,농촌진흥청 농식품 올바로 전통향토음식,https://www.nics.go.kr/food/kfi/tfSrch08/view?menuId=PS03520&tfcode=90171,PUBLIC_REFERENCE_RECIPE,2026-10-04,true,공공 자료의 명시된 동일 음식명/다른 이름으로 연결한 참고 조리 구성; 다른 조리법·전체 원재료·알레르기를 확정하지 않음; 소량 양념 식품군은 집계 제외,RDA-90171,REFERENCE_PARTIAL,UNKNOWN,,recommendation-composition-catalog-v3,02acc9356bc59c8e3d72e1dd596c2007e175f2ee302c6abc0d27014dc61f2a67
kfind-catalog-d106-270000000-0001,낙지전골,낙지|쇠고기|느타리버섯|미나리|붉은 고추|장국국물|국간장|소금 약간,RED_MEAT|SEAFOOD|VEGETABLE,NONE,RED_MEAT|SEAFOOD,SIMMERED,농촌진흥청 농식품 올바로 전통향토음식,https://www.nics.go.kr/food/kfi/tfSrch08/view?menuId=PS03520&tfcode=92627,PUBLIC_REFERENCE_RECIPE,2026-10-04,true,공공 자료의 명시된 동일 음식명/다른 이름으로 연결한 참고 조리 구성; 다른 조리법·전체 원재료·알레르기를 확정하지 않음; 소량 양념 식품군은 집계 제외,RDA-92627,REFERENCE_PARTIAL,UNKNOWN,,recommendation-composition-catalog-v3,192ecbe79c0c4acb27fa3714d0d1788f6c16473299e92c7d2c68211948009c33
kfind-catalog-d106-273000000-0001,동태찌개,무|두부|쑥갓|물|국간장 적량|소금 적량|생태|쇠고기|붉은고추|대파,FISH|LEGUME_SOY|RED_MEAT|VEGETABLE,NONE,FISH|LEGUME_SOY|RED_MEAT,SIMMERED,농촌진흥청 농식품 올바로 전통향토음식,https://www.nics.go.kr/food/kfi/tfSrch08/view?menuId=PS03520&tfcode=90446,PUBLIC_REFERENCE_RECIPE,2026-10-04,true,공공 자료의 명시된 동일 음식명/다른 이름으로 연결한 참고 조리 구성; 다른 조리법·전체 원재료·알레르기를 확정하지 않음; 소량 양념 식품군은 집계 제외,RDA-90446,REFERENCE_PARTIAL,UNKNOWN,,recommendation-composition-catalog-v3,9f8b6c155f883b8704c28fc9a6b711e45a26b0f88a255a669f1008d4eaf209ae
kfind-catalog-d106-274000000-0001,돼지고기찌개,돼지고기|배추김치|두부|무|양파|물|대파|고추장|생강|마늘|고춧가루|소금|후춧가루,LEGUME_SOY|RED_MEAT|VEGETABLE,NONE,LEGUME_SOY|RED_MEAT,SIMMERED,농촌진흥청 농식품 올바로 전통향토음식,https://www.nics.go.kr/food/kfi/tfSrch08/view?menuId=PS03520&tfcode=90773,PUBLIC_REFERENCE_RECIPE,2026-10-04,true,공공 자료의 명시된 동일 음식명/다른 이름으로 연결한 참고 조리 구성; 다른 조리법·전체 원재료·알레르기를 확정하지 않음; 소량 양념 식품군은 집계 제외,RDA-90773,REFERENCE_PARTIAL,UNKNOWN,,recommendation-composition-catalog-v3,9cd62164621763a28d70dfc16fa2cc78072868536b45104859fc5919d1e1b0c3
kfind-catalog-d106-275000000-0001,된장찌개,쇠고기|우렁이|두부|애호박|대파|물|된장|소금 약간,LEGUME_SOY|RED_MEAT|SEAFOOD|VEGETABLE,NONE,LEGUME_SOY|RED_MEAT|SEAFOOD,SIMMERED,농촌진흥청 농식품 올바로 전통향토음식,https://www.nics.go.kr/food/kfi/tfSrch08/view?menuId=PS03520&tfcode=90189,PUBLIC_REFERENCE_RECIPE,2026-10-04,true,공공 자료의 명시된 동일 음식명/다른 이름으로 연결한 참고 조리 구성; 다른 조리법·전체 원재료·알레르기를 확정하지 않음; 소량 양념 식품군은 집계 제외,RDA-90189,REFERENCE_PARTIAL,UNKNOWN,,recommendation-composition-catalog-v3,51d4d8fad2c7ae9b8b54212075d3e6fe262207035d27428cf6f5b74e87718529
kfind-catalog-d306-276000000-0001,두부전골,두부|버섯|애호박|배추,LEGUME_SOY|VEGETABLE,NONE,LEGUME_SOY,SIMMERED,농림축산식품부·농식품정보누리 공개 조리법,https://www.foodnuri.go.kr/portal/bbs/B0000290/view.do?deleteCd=0&menuNo=300089&nttId=233995&pageIndex=9,PUBLIC_REFERENCE_RECIPE,2026-10-02,true,공공 조리법의 두부·버섯·채소 중심 구성 확인; 다른 두부전골에는 고기가 들어갈 수 있어 채식·알레르기 완전 정보를 부여하지 않음,,REFERENCE_PARTIAL,UNKNOWN,,recommendation-composition-catalog-v3,
kfind-catalog-d306-279000000-0002,만두전골,만두|김치|파|버섯|두부|멸치|다시마|쇠고기 양지 육수,LEGUME_SOY|VEGETABLE|RED_MEAT,NONE,LEGUME_SOY|RED_MEAT,SIMMERED,한국관광공사 공식 음식 소개,https://english.visitkorea.or.kr/svc/sp/food/ext/special_view.do?menuSn=913&vcontsId=231433,PUBLIC_DISH_DEFINITION,2026-10-04,true,양지 육수도 원재료 근거에 보존; 만두 소의 상세 구성은 미확정,KTO-231433,REFERENCE_PARTIAL,UNKNOWN,,recommendation-composition-catalog-v3,cafa9f46d1ba19b34367e3022c7a7e74db425993a5c5b47250f6f07a1de56be2
kfind-catalog-d106-282000000-0001,버섯전골,느타리버섯|송이버섯|싸리버섯|쇠고기|미나리|국간장|쪽파|육수,RED_MEAT|VEGETABLE,NONE,RED_MEAT,SIMMERED,농촌진흥청 농식품 올바로 전통향토음식,https://www.nics.go.kr/food/kfi/tfSrch08/view?menuId=PS03520&tfcode=90450,PUBLIC_REFERENCE_RECIPE,2026-10-04,false,공공 자료의 명시된 동일 음식명/다른 이름으로 연결한 참고 조리 구성; 다른 조리법·전체 원재료·알레르기를 확정하지 않음; 소량 양념 식품군은 집계 제외,RDA-90450,REFERENCE_PARTIAL,UNKNOWN,,recommendation-composition-catalog-v3,e1ed5eb9e30fd60ce94f223b709abb177f5b2f9322d1c3004a0377e3055a6403
kfind-catalog-d106-284000000-0001,부대찌개,소시지|햄|쇠고기|베이컨|치즈,PROCESSED_MEAT|RED_MEAT|DAIRY,NONE,DAIRY|PROCESSED_MEAT|RED_MEAT,SIMMERED,한국관광공사 공식 음식 소개,https://english.visitkorea.or.kr/svc/sp/food/ext/special_view.do?menuSn=913&vcontsId=178339,PUBLIC_DISH_DEFINITION,2026-10-04,false,본문에 명시된 가공육 구성; 다른 부재료를 음식명으로 추정하지 않음,KTO-178339,REFERENCE_PARTIAL,UNKNOWN,PROCESSED_MEAT,recommendation-composition-catalog-v3,de222fc7a5fc2ab2ce3658fd87f06e7728c540ecc48d2b9b25674160f67390d6
kfind-catalog-d106-289000000-0001,소고기전골,쇠고기|두부|무|양파|실파|당근|미나리|표고버섯|물|마늘|소금|국간장|참기름|후춧가루,LEGUME_SOY|RED_MEAT|VEGETABLE,NONE,LEGUME_SOY|RED_MEAT,SIMMERED,농촌진흥청 농식품 올바로 전통향토음식,https://www.nics.go.kr/food/kfi/tfSrch08/view?menuId=PS03520&tfcode=90777,PUBLIC_REFERENCE_RECIPE,2026-10-04,true,공공 자료의 명시된 동일 음식명/다른 이름으로 연결한 참고 조리 구성; 다른 조리법·전체 원재료·알레르기를 확정하지 않음; 소량 양념 식품군은 집계 제외,RDA-90777,REFERENCE_PARTIAL,UNKNOWN,,recommendation-composition-catalog-v3,e7a2bf64e26a40d442d6c12906926bb021e0149b6d745fa8c89b85e2b5b624ed
kfind-catalog-d106-293000000-0001,알탕,명란|무|콩나물|미나리|풋고추|붉은 고추|대파,FISH|VEGETABLE,NONE,FISH,SIMMERED,농촌진흥청 농식품 올바로 전통향토음식,https://www.nics.go.kr/food/kfi/tfSrch08/view?menuId=PS03520&tfcode=91841,PUBLIC_REFERENCE_RECIPE,2026-10-04,true,공공 자료의 명시된 동일 음식명/다른 이름으로 연결한 참고 조리 구성; 다른 조리법·전체 원재료·알레르기를 확정하지 않음; 소량 양념 식품군은 집계 제외,RDA-91841,REFERENCE_PARTIAL,UNKNOWN,,recommendation-composition-catalog-v3,5560d8dc286bf6c2a91344f6cdb82b031aceee1dd04edaa26afbc67f581afd08
kfind-catalog-d106-294000000-0001,오리백숙,오리|약재|통마늘|대추|밤,POULTRY|ROOT_STARCH,NONE,POULTRY,SIMMERED,한국관광공사 공식 음식 소개,https://english.visitkorea.or.kr/svc/sp/food/ext/special_view.do?menuSn=913&vcontsId=179458,PUBLIC_DISH_DEFINITION,2026-10-04,false,건강효과 설명은 반영하지 않고 본문의 조리 재료만 사용; 소량 향신재료를 채소·과일군으로 집계하지 않음,KTO-179458,REFERENCE_PARTIAL,UNKNOWN,,recommendation-composition-catalog-v3,f471cc89e4d1a182a87825addd45dc73433bc52ddc2269779573a61dabeb2638
kfind-catalog-d106-295000000-0001,오리탕,감자|무|당근|건삼|양파|느타리버섯|쑥갓|미나리|오리|밤|대추|대파|들깨|양파 적량|물 적량,POULTRY|ROOT_STARCH|VEGETABLE,NONE,POULTRY,SIMMERED,농촌진흥청 농식품 올바로 전통향토음식,https://www.nics.go.kr/food/kfi/tfSrch08/view?menuId=PS03520&tfcode=90430,PUBLIC_REFERENCE_RECIPE,2026-10-04,true,공공 자료의 명시된 동일 음식명/다른 이름으로 연결한 참고 조리 구성; 다른 조리법·전체 원재료·알레르기를 확정하지 않음; 소량 양념 식품군은 집계 제외,RDA-90430,REFERENCE_PARTIAL,UNKNOWN,,recommendation-composition-catalog-v3,c1124b479aefdbea449ae9a982e3f6cdc7b3809fc523925ed750c9845afcccf3
kfind-catalog-d106-296000000-0001,오징어찌개,오징어|콩나물|감자|양파|쑥갓|물|대파|마늘|고춧가루|고추장|소금,ROOT_STARCH|SEAFOOD|VEGETABLE,NONE,SEAFOOD,SIMMERED,농촌진흥청 농식품 올바로 전통향토음식,https://www.nics.go.kr/food/kfi/tfSrch08/view?menuId=PS03520&tfcode=90779,PUBLIC_REFERENCE_RECIPE,2026-10-04,true,공공 자료의 명시된 동일 음식명/다른 이름으로 연결한 참고 조리 구성; 다른 조리법·전체 원재료·알레르기를 확정하지 않음; 소량 양념 식품군은 집계 제외,RDA-90779,REFERENCE_PARTIAL,UNKNOWN,,recommendation-composition-catalog-v3,2c12000daf11eacb1bcfd4ae8eb3bad050a6054b7a681d0adcc97db6a481a6d1
kfind-catalog-d106-297000000-0001,청국장찌개,청국장|두부|김치|쇠고기,LEGUME_SOY|VEGETABLE|RED_MEAT,NONE,LEGUME_SOY|RED_MEAT,SIMMERED,농촌진흥청 농식품 올바로 전통향토음식,https://www.nics.go.kr/food/kfi/tfSrch08/view?menuId=PS03520&tfcode=89555,PUBLIC_REFERENCE_RECIPE,2026-10-02,true,공공 조리법에서 쇠고기도 확인되어 이 스타일 후보에서 제외; 전체 원재료·알레르기 완전정보로 승격하지 않음,RDA-89555,REFERENCE_PARTIAL,UNKNOWN,,recommendation-composition-catalog-v3,4acc0c29fe274b4c8a30e205e8970859866c27966e0168ce569333eae26cbd0a
kfind-catalog-d108-352000000-0001,가자미구이,가자미,FISH,NONE,FISH,GRILLED,한국관광공사 공식 음식 소개,https://english.visitkorea.or.kr/svc/sp/food/ext/special_view.do?menuSn=913&vcontsId=231523,PUBLIC_DISH_DEFINITION,2026-10-04,true,본문에 명시된 주요 구성만 연결; 실제 조리법별 전체 원재료·알레르기·영양·제공량은 확정하지 않음,KTO-231523,REFERENCE_PARTIAL,UNKNOWN,,recommendation-composition-catalog-v3,a2d00c1e95a42afda728a6a2e4ccfe091f5ccb476a3dab1a9fa58952925d2454
kfind-catalog-d308-364000000-0001,꿩불고기,꿩|채소|당면|간장,POULTRY|VEGETABLE|GRAIN_UNSPECIFIED,RICE_OR_FLOUR,POULTRY,SIMMERED,한국관광공사 공식 음식 소개,https://english.visitkorea.or.kr/svc/sp/food/ext/special_view.do?menuSn=913&vcontsId=179290,PUBLIC_DISH_DEFINITION,2026-10-04,true,소량 물로 끓이는 설명 확인; 달콤한 양념은 기술됐으나 당류 함량은 미확정,KTO-179290,REFERENCE_PARTIAL,UNKNOWN,,recommendation-composition-catalog-v3,fb543bd480de28b08486ace31c75f0ee17e092a2ae21c783526afcd413365482
kfind-catalog-d308-371000000-0001,더덕구이,더덕|식초 약간,VEGETABLE,NONE,UNKNOWN,GRILLED,농촌진흥청 농식품 올바로 전통향토음식,https://www.nics.go.kr/food/kfi/tfSrch08/view?menuId=PS03520&tfcode=89579,PUBLIC_REFERENCE_RECIPE,2026-10-04,true,공공 자료의 명시된 동일 음식명/다른 이름으로 연결한 참고 조리 구성; 다른 조리법·전체 원재료·알레르기를 확정하지 않음; 소량 양념 식품군은 집계 제외,RDA-89579,REFERENCE_PARTIAL,UNKNOWN,,recommendation-composition-catalog-v3,3d9dd4aa2b3aaa3020a2be638aa11eaa8ea3484fdbd9e0127625b982890871e7
kfind-catalog-d108-376000000-0001,떡갈비,소갈비,RED_MEAT,NONE,RED_MEAT,GRILLED,농촌진흥청 농식품 올바로 전통향토음식,https://www.nics.go.kr/food/kfi/tfSrch08/view?menuId=PS03520&tfcode=92174,PUBLIC_REFERENCE_RECIPE,2026-10-04,false,공공 자료의 명시된 동일 음식명/다른 이름으로 연결한 참고 조리 구성; 다른 조리법·전체 원재료·알레르기를 확정하지 않음; 소량 양념 식품군은 집계 제외,RDA-92174,REFERENCE_PARTIAL,UNKNOWN,,recommendation-composition-catalog-v3,da57115f459340936cf8a5ce1f79ccc110c3d7967c54064f7a0e6bf43ae857f1
kfind-catalog-d108-379000000-0001,뱅어포구이,뱅어포,FISH,NONE,FISH,GRILLED,농촌진흥청 농식품 올바로 전통향토음식,https://www.nics.go.kr/food/kfi/tfSrch08/view?menuId=PS03520&tfcode=92676,PUBLIC_REFERENCE_RECIPE,2026-10-04,true,공공 자료의 명시된 동일 음식명/다른 이름으로 연결한 참고 조리 구성; 다른 조리법·전체 원재료·알레르기를 확정하지 않음; 소량 양념 식품군은 집계 제외,RDA-92676,REFERENCE_PARTIAL,UNKNOWN,,recommendation-composition-catalog-v3,b94e29827cb3d942d7eed1a8b01c6a3ebe2fc5902f78fa3b9c510a5c8df9af68
kfind-catalog-d108-382000000-0001,삼겹살구이,돼지고기,RED_MEAT,NONE,RED_MEAT,GRILLED,농촌진흥청 농식품 올바로 전통향토음식,https://www.nics.go.kr/food/kfi/tfSrch08/view?menuId=PS03520&tfcode=90832,PUBLIC_REFERENCE_RECIPE,2026-10-04,false,공공 자료의 명시된 동일 음식명/다른 이름으로 연결한 참고 조리 구성; 다른 조리법·전체 원재료·알레르기를 확정하지 않음; 소량 양념 식품군은 집계 제외,RDA-90832,REFERENCE_PARTIAL,UNKNOWN,,recommendation-composition-catalog-v3,24857256d9de5ed00198e5e80a90e0f7cce7d43f0c00998561d1e661b87c2a87
kfind-catalog-d108-383000000-0001,삼치구이,삼치,FISH,NONE,FISH,GRILLED,농촌진흥청 농식품 올바로 전통향토음식,https://www.nics.go.kr/food/kfi/tfSrch08/view?menuId=PS03520&tfcode=90833,PUBLIC_REFERENCE_RECIPE,2026-10-04,true,공공 자료의 명시된 동일 음식명/다른 이름으로 연결한 참고 조리 구성; 다른 조리법·전체 원재료·알레르기를 확정하지 않음; 소량 양념 식품군은 집계 제외,RDA-90833,REFERENCE_PARTIAL,UNKNOWN,,recommendation-composition-catalog-v3,53f0ef86f6f3b98bc119f4aa75f7c5601d7db61587019fe7255c23ec7f7ad4b6
kfind-catalog-d108-386000000-0001,소불고기,쇠고기|당근|양파|식용유|대파,RED_MEAT|VEGETABLE,NONE,RED_MEAT,PAN_COOKED,농촌진흥청 농식품 올바로 전통향토음식,https://www.nics.go.kr/food/kfi/tfSrch08/view?menuId=PS03520&tfcode=90835,PUBLIC_REFERENCE_RECIPE,2026-10-04,false,공공 자료의 명시된 동일 음식명/다른 이름으로 연결한 참고 조리 구성; 다른 조리법·전체 원재료·알레르기를 확정하지 않음; 소량 양념 식품군은 집계 제외,RDA-90835,REFERENCE_PARTIAL,UNKNOWN,,recommendation-composition-catalog-v3,09ea82d78e7459def38675e9a29e18e0d316ac9271518e4595034efd7f2cd18f
kfind-catalog-d108-392000000-0001,오리불고기,오리고기|채소|부추,POULTRY|VEGETABLE,NONE,POULTRY,PAN_COOKED,한국관광공사 공식 음식 소개,https://english.visitkorea.or.kr/svc/sp/food/ext/special_view.do?menuSn=913&vcontsId=180155,PUBLIC_DISH_DEFINITION,2026-10-04,true,본문의 생오리고기 불고기 조리 부분만 사용; 훈제오리는 다른 섭취 방법이며 건강효과 설명은 반영하지 않음,KTO-180155,REFERENCE_PARTIAL,UNKNOWN,,recommendation-composition-catalog-v3,defbba439a411c240c4c61a2dac2c2d21555a31c2f781f305b2df831687c7742
kfind-catalog-d308-395000000-0001,임연수구이,임연수어,FISH,NONE,FISH,GRILLED,한국관광공사 공식 음식 소개,https://english.visitkorea.or.kr/svc/sp/food/ext/special_view.do?menuSn=913&vcontsId=231570,PUBLIC_DISH_DEFINITION,2026-10-04,true,본문에 명시된 주요 구성만 연결; 실제 조리법별 전체 원재료·알레르기·영양·제공량은 확정하지 않음,KTO-231570,REFERENCE_PARTIAL,UNKNOWN,,recommendation-composition-catalog-v3,99ef4dea5d9d4c069bea853bc91851661fdf3c18d9060175fe09c25aa1f202d8
kfind-catalog-d108-399000000-0001,조기구이,조기|식용유|소금,FISH,NONE,FISH,GRILLED,농촌진흥청 농식품 올바로 전통향토음식,https://www.nics.go.kr/food/kfi/tfSrch08/view?menuId=PS03520&tfcode=92363,PUBLIC_REFERENCE_RECIPE,2026-10-04,true,공공 자료의 명시된 동일 음식명/다른 이름으로 연결한 참고 조리 구성; 다른 조리법·전체 원재료·알레르기를 확정하지 않음; 소량 양념 식품군은 집계 제외,RDA-92363,REFERENCE_PARTIAL,UNKNOWN,,recommendation-composition-catalog-v3,0bf295bf446412e3df9e7355c26ffa3524afd0df7e523d4204386bf0039eb858
kfind-catalog-d110-450000000-0001,감자볶음,감자|양파|대파|식용유|간장|마늘|설탕,ROOT_STARCH|VEGETABLE,NONE,UNKNOWN,PAN_COOKED,농촌진흥청 농식품 올바로 전통향토음식,https://www.nics.go.kr/food/kfi/tfSrch08/view?menuId=PS03520&tfcode=90854,PUBLIC_REFERENCE_RECIPE,2026-10-04,true,공공 자료의 명시된 동일 음식명/다른 이름으로 연결한 참고 조리 구성; 다른 조리법·전체 원재료·알레르기를 확정하지 않음; 소량 양념 식품군은 집계 제외,RDA-90854,REFERENCE_PARTIAL,UNKNOWN,,recommendation-composition-catalog-v3,a75a3c61bc7f47346692ebe584ba6ba06819408416041e71ac73a78d89c2e041
kfind-catalog-d110-456000000-0001,김치볶음,배추김치|대파|식용유|마늘|참기름|설탕,VEGETABLE,NONE,UNKNOWN,PAN_COOKED,농촌진흥청 농식품 올바로 전통향토음식,https://www.nics.go.kr/food/kfi/tfSrch08/view?menuId=PS03520&tfcode=90855,PUBLIC_REFERENCE_RECIPE,2026-10-04,true,공공 자료의 명시된 동일 음식명/다른 이름으로 연결한 참고 조리 구성; 다른 조리법·전체 원재료·알레르기를 확정하지 않음; 소량 양념 식품군은 집계 제외,RDA-90855,REFERENCE_PARTIAL,UNKNOWN,,recommendation-composition-catalog-v3,9f34dda3e2be2c6bfdd4389ed36bdd6a423183d7e0c840c54006d51a9bb32729
kfind-catalog-d110-457000000-0001,낙지볶음,낙지|양배추|양파|당근|쪽파|붉은 고추|식용유|소금 약간,SEAFOOD|VEGETABLE,NONE,SEAFOOD,PAN_COOKED,농촌진흥청 농식품 올바로 전통향토음식,https://www.nics.go.kr/food/kfi/tfSrch08/view?menuId=PS03520&tfcode=90857,PUBLIC_REFERENCE_RECIPE,2026-10-04,true,공공 자료의 명시된 동일 음식명/다른 이름으로 연결한 참고 조리 구성; 다른 조리법·전체 원재료·알레르기를 확정하지 않음; 소량 양념 식품군은 집계 제외,RDA-90857,REFERENCE_PARTIAL,UNKNOWN,,recommendation-composition-catalog-v3,613f07fbae9805a007a911eef6c6621c69ab468d0096f0a0eb7143b6fb95ed3e
kfind-catalog-d310-459000000-0001,느타리버섯볶음,느타리버섯|양파|간장|마늘|파|참기름|콩기름|소금|깨소금,VEGETABLE,NONE,UNKNOWN,UNKNOWN,농촌진흥청 공개 추천식단 개별 조리자료,https://api.nongsaro.go.kr/sample/rest/recomendDiet/recomendDiet.jsp?cntntsNo=89448&tabNo=5,PUBLIC_REFERENCE_RECIPE,2026-10-04,false,공공 자료의 명시된 동일 음식명/다른 이름으로 연결한 참고 조리 구성; 다른 조리법·전체 원재료·알레르기를 확정하지 않음; 소량 양념 식품군은 집계 제외,RDA-DIET-89448-5,REFERENCE_PARTIAL,UNKNOWN,REFERENCE_MAJOR_QUANTITY_UNIT_UNVERIFIED,recommendation-composition-catalog-v3,54a9fbfcfbad8e19f8942d9b3f69f56f180e823bd3d7ef69d8be205c74f4b09c
kfind-catalog-d310-460000000-0001,닭모래집볶음,닭모래집|양파|고추|피망|버섯,POULTRY|VEGETABLE,NONE,POULTRY,PAN_COOKED,한국관광공사 공식 음식 소개,https://english.visitkorea.or.kr/svc/sp/food/ext/special_view.do?menuSn=913&vcontsId=178480,PUBLIC_DISH_DEFINITION,2026-10-04,true,본문에 명시된 주요 구성만 연결; 실제 조리법별 전체 원재료·알레르기·영양·제공량은 확정하지 않음,KTO-178480,REFERENCE_PARTIAL,UNKNOWN,,recommendation-composition-catalog-v3,202075e4b9bfce0fc4c0d2103ca19eb1b235e2ece19feee8107484c999027be7
kfind-catalog-d110-462000000-0001,닭볶음(닭갈비),감자|양파|당근|대파|닭|물 적량,POULTRY|ROOT_STARCH|VEGETABLE,NONE,POULTRY,PAN_COOKED,농촌진흥청 농식품 올바로 전통향토음식,https://www.nics.go.kr/food/kfi/tfSrch08/view?menuId=PS03520&tfcode=90858,PUBLIC_REFERENCE_RECIPE,2026-10-04,true,공공 자료의 명시된 동일 음식명/다른 이름으로 연결한 참고 조리 구성; 다른 조리법·전체 원재료·알레르기를 확정하지 않음; 소량 양념 식품군은 집계 제외,RDA-90858,REFERENCE_PARTIAL,UNKNOWN,,recommendation-composition-catalog-v3,7de5d36a07e202f9d4417c2c4388f258a0b3fdc6116380f3292923935f154359
kfind-catalog-d310-464000000-0002,돼지고기볶음,돼지고기|양배추|양파|깻잎|당근|풋고추|식용유|소금 약간,RED_MEAT|VEGETABLE,NONE,RED_MEAT,PAN_COOKED,농촌진흥청 농식품 올바로 전통향토음식,https://www.nics.go.kr/food/kfi/tfSrch08/view?menuId=PS03520&tfcode=90859,PUBLIC_REFERENCE_RECIPE,2026-10-04,false,공공 자료의 명시된 동일 음식명/다른 이름으로 연결한 참고 조리 구성; 다른 조리법·전체 원재료·알레르기를 확정하지 않음; 소량 양념 식품군은 집계 제외,RDA-90859,REFERENCE_PARTIAL,UNKNOWN,,recommendation-composition-catalog-v3,eefc185f9b424d469f08f274325448fbe022a2d661d67aec36c8540735e25761
kfind-catalog-d110-465000000-0001,돼지고기볶음(제육볶음),돼지고기|양배추|양파|깻잎|당근|풋고추|식용유|소금 약간,RED_MEAT|VEGETABLE,NONE,RED_MEAT,PAN_COOKED,농촌진흥청 농식품 올바로 전통향토음식,https://www.nics.go.kr/food/kfi/tfSrch08/view?menuId=PS03520&tfcode=90859,PUBLIC_REFERENCE_RECIPE,2026-10-04,false,공공 자료의 명시된 동일 음식명/다른 이름으로 연결한 참고 조리 구성; 다른 조리법·전체 원재료·알레르기를 확정하지 않음; 소량 양념 식품군은 집계 제외,RDA-90859,REFERENCE_PARTIAL,UNKNOWN,,recommendation-composition-catalog-v3,eefc185f9b424d469f08f274325448fbe022a2d661d67aec36c8540735e25761
kfind-catalog-d310-466000000-0001,두부김치,두부|김치,LEGUME_SOY|VEGETABLE,NONE,LEGUME_SOY,ASSEMBLED,한국관광공사 공식 음식 소개,https://english.visitkorea.or.kr/svc/sp/food/ext/special_view.do?menuSn=913&vcontsId=179834,PUBLIC_DISH_DEFINITION,2026-10-04,true,데운 두부와 익은 김치라는 본문 구성; 볶음김치는 선택 대체 구성,KTO-179834,REFERENCE_PARTIAL,UNKNOWN,,recommendation-composition-catalog-v3,794061b66794cf714ffa7aa1ff7da9f7112407520fd4f882c7a1fde2837153fc
kfind-catalog-d110-467000000-0001,떡볶이,흰떡|고기|숙주|미나리|당근|양파|건표고버섯|소금 약간|설탕 약간|깨소금 약간|참기름 약간,GRAIN_UNSPECIFIED|MEAT_UNSPECIFIED|VEGETABLE,RICE_OR_FLOUR,UNKNOWN,PAN_COOKED,농촌진흥청 농식품 올바로 전통향토음식,https://www.nics.go.kr/food/kfi/tfSrch08/view?menuId=PS03520&tfcode=90516,PUBLIC_REFERENCE_RECIPE,2026-10-04,true,공공 자료의 명시된 동일 음식명/다른 이름으로 연결한 참고 조리 구성; 다른 조리법·전체 원재료·알레르기를 확정하지 않음; 소량 양념 식품군은 집계 제외,RDA-90516,REFERENCE_PARTIAL,UNKNOWN,,recommendation-composition-catalog-v3,169eee438b0c17896c80909f6e0c045ce3a80d9e66aefd0f0c3c56b496955c82
kfind-catalog-d110-468000000-0001,라볶이,쌀떡|라면|어묵|파|고추장|고춧가루|설탕,GRAIN_UNSPECIFIED|PROCESSED_FISH,RICE_OR_FLOUR,UNKNOWN,SIMMERED,한국관광공사 공식 음식 소개,https://english.visitkorea.or.kr/svc/sp/food/ext/special_view.do?menuSn=913&vcontsId=231494,PUBLIC_DISH_DEFINITION,2026-10-04,false,본문의 다른 채소는 풍미용 추가로 기술되어 주요 채소군에 넣지 않음; 삶은 달걀·치즈·소시지는 선택 사항,KTO-231494,REFERENCE_PARTIAL,UNKNOWN,,recommendation-composition-catalog-v3,13b39e904deed1322d9edf12913972ca3083bc1aefb2596a9c10f1cbd16db90d
kfind-catalog-d110-469000000-0001,마늘쫑볶음,마늘종|양파|간장|식용유|설탕|통깨|소금 약간|참기름 약간,VEGETABLE,NONE,UNKNOWN,PAN_COOKED,농촌진흥청 농식품 올바로 전통향토음식,https://www.nics.go.kr/food/kfi/tfSrch08/view?menuId=PS03520&tfcode=92523,PUBLIC_REFERENCE_RECIPE,2026-10-04,true,공공 자료의 명시된 동일 음식명/다른 이름으로 연결한 참고 조리 구성; 다른 조리법·전체 원재료·알레르기를 확정하지 않음; 소량 양념 식품군은 집계 제외,RDA-92523,REFERENCE_PARTIAL,UNKNOWN,,recommendation-composition-catalog-v3,88dda87c4a3e2ef08dbdbb82701cdddb763fbc6fdbd5651806a72f0dc2ca058d
kfind-catalog-d110-470000000-0001,마파두부,두부|돼지고기|홍고추|마늘|생강|두반장|청주|간장|굴소스|치킨파우더|설탕|녹말물|고추기름|물|후춧가루 약간,LEGUME_SOY|RED_MEAT,NONE,LEGUME_SOY|RED_MEAT,SIMMERED,농촌진흥청 공개 추천식단 개별 조리자료,https://api.nongsaro.go.kr/sample/rest/recomendDiet/recomendDiet.jsp?cntntsNo=89306&tabNo=3,PUBLIC_REFERENCE_RECIPE,2026-10-04,true,공공 자료의 명시된 동일 음식명/다른 이름으로 연결한 참고 조리 구성; 다른 조리법·전체 원재료·알레르기를 확정하지 않음; 소량 양념 식품군은 집계 제외,RDA-DIET-89306-3,REFERENCE_PARTIAL,UNKNOWN,,recommendation-composition-catalog-v3,6f43c2f2271a9d0686613fae333efd0b77f74956fa7ed154933e4e35b8c52805
kfind-catalog-d110-472000000-0001,멸치볶음,멸치|설탕|물엿|통깨|식용유|간장,FISH,NONE,FISH,PAN_COOKED,농촌진흥청 농식품 올바로 전통향토음식,https://www.nics.go.kr/food/kfi/tfSrch08/view?menuId=PS03520&tfcode=90862,PUBLIC_REFERENCE_RECIPE,2026-10-04,true,공공 자료의 명시된 동일 음식명/다른 이름으로 연결한 참고 조리 구성; 다른 조리법·전체 원재료·알레르기를 확정하지 않음; 소량 양념 식품군은 집계 제외,RDA-90862,REFERENCE_PARTIAL,UNKNOWN,,recommendation-composition-catalog-v3,9c2e8beb0a38bee4c40d2f7405852f9390f69261b7e3a3d5ca80434a4751022e
kfind-catalog-d110-475000000-0001,미역줄기볶음,염장미역줄기|양파|당근|붉은 고추|통깨|마늘|식용유 적량,VEGETABLE,NONE,UNKNOWN,PAN_COOKED,농촌진흥청 농식품 올바로 전통향토음식,https://www.nics.go.kr/food/kfi/tfSrch08/view?menuId=PS03520&tfcode=90863,PUBLIC_REFERENCE_RECIPE,2026-10-04,true,공공 자료의 명시된 동일 음식명/다른 이름으로 연결한 참고 조리 구성; 다른 조리법·전체 원재료·알레르기를 확정하지 않음; 소량 양념 식품군은 집계 제외,RDA-90863,REFERENCE_PARTIAL,UNKNOWN,,recommendation-composition-catalog-v3,f89de521f51ab972bfb5e920b1d24e4f1f905e6b50e67864d47dc33c13310430
kfind-catalog-d110-484000000-0001,애호박볶음,애호박|양파|홍고추|마늘|들기름|새우젓|소금 약간|통깨 약간,VEGETABLE,NONE,UNKNOWN,PAN_COOKED,농촌진흥청 공개 추천식단 개별 조리자료,https://api.nongsaro.go.kr/sample/rest/recomendDiet/recomendDiet.jsp?cntntsNo=89257&tabNo=2,PUBLIC_REFERENCE_RECIPE,2026-10-04,true,공공 자료의 명시된 동일 음식명/다른 이름으로 연결한 참고 조리 구성; 다른 조리법·전체 원재료·알레르기를 확정하지 않음; 소량 양념 식품군은 집계 제외,RDA-DIET-89257-2,REFERENCE_PARTIAL,UNKNOWN,,recommendation-composition-catalog-v3,7b95b3b22764d0a1f53ef8aa50cd5a60a40ae9b06350f061edcc64ae84b16dcb
kfind-catalog-d311-506000000-0001,가자미조림,가자미|무|물,FISH|VEGETABLE,NONE,FISH,SIMMERED,농촌진흥청 농식품 올바로 전통향토음식,https://www.nics.go.kr/food/kfi/tfSrch08/view?menuId=PS03520&tfcode=90839,PUBLIC_REFERENCE_RECIPE,2026-10-04,true,공공 자료의 명시된 동일 음식명/다른 이름으로 연결한 참고 조리 구성; 다른 조리법·전체 원재료·알레르기를 확정하지 않음; 소량 양념 식품군은 집계 제외,RDA-90839,REFERENCE_PARTIAL,UNKNOWN,,recommendation-composition-catalog-v3,52b02c2b4218fb6487e196bf1f568a064666693b93b9076c8aaa206b11af4eec
kfind-catalog-d111-508000000-0001,감자조림,감자|당근|양파|통깨,ROOT_STARCH|VEGETABLE,NONE,UNKNOWN,SIMMERED,농촌진흥청 농식품 올바로 전통향토음식,https://www.nics.go.kr/food/kfi/tfSrch08/view?menuId=PS03520&tfcode=90841,PUBLIC_REFERENCE_RECIPE,2026-10-04,true,공공 자료의 명시된 동일 음식명/다른 이름으로 연결한 참고 조리 구성; 다른 조리법·전체 원재료·알레르기를 확정하지 않음; 소량 양념 식품군은 집계 제외,RDA-90841,REFERENCE_PARTIAL,UNKNOWN,,recommendation-composition-catalog-v3,f32228c346c0ec4fe387645cd771e05945d2621e6787651fe52925b4566c4d92
kfind-catalog-d111-509000000-0001,고등어조림,고등어|무,FISH|VEGETABLE,NONE,FISH,BRAISED,국립수산물품질관리원 수산물안전정보·농촌진흥청 조리법,https://fsis.go.kr/front/contents/cmsView.do?cate_id=0301&cnts_id=13682&select_list_no=127,PUBLIC_REFERENCE_RECIPE,2026-10-02,true,주요재료 식품군만 확인; 모든 조리법의 전체 원재료·알레르기·함량을 보장하지 않음,,REFERENCE_PARTIAL,UNKNOWN,,recommendation-composition-catalog-v3,
kfind-catalog-d111-511000000-0001,꽁치조림,꽁치|물|소금,FISH,NONE,FISH,SIMMERED,농촌진흥청 농식품 올바로 전통향토음식,https://www.nics.go.kr/food/kfi/tfSrch08/view?menuId=PS03520&tfcode=90842,PUBLIC_REFERENCE_RECIPE,2026-10-04,true,공공 자료의 명시된 동일 음식명/다른 이름으로 연결한 참고 조리 구성; 다른 조리법·전체 원재료·알레르기를 확정하지 않음; 소량 양념 식품군은 집계 제외,RDA-90842,REFERENCE_PARTIAL,UNKNOWN,,recommendation-composition-catalog-v3,7605ef31bc0022b33e5a689b867589825b0d917a998f0adab6c3b234f0efb337
kfind-catalog-d111-514000000-0001,닭볶음탕,닭|감자|고춧가루 양념,POULTRY|ROOT_STARCH,NONE,POULTRY,SIMMERED,한국관광공사 공식 음식 소개,https://english.visitkorea.or.kr/svc/sp/food/ext/special_view.do?menuSn=913&vcontsId=179264,PUBLIC_DISH_DEFINITION,2026-10-04,false,본문에서 추가 채소가 명시되지 않아 닭볶음탕 이름으로 채소를 추정하지 않음,KTO-179264,REFERENCE_PARTIAL,UNKNOWN,,recommendation-composition-catalog-v3,a9207eba1bc43ef445ee15c76a9f87417f20b0cedad84ea812668e3f3ad2f24e
kfind-catalog-d111-515000000-0001,닭조림,닭고기|감자|당근|양파|고추장|진간장|마늘|물엿|토마토케찹,POULTRY|ROOT_STARCH|VEGETABLE,NONE,POULTRY,SIMMERED,식품의약품안전처 식품안전나라 공개 조리법,https://www.foodsafetykorea.go.kr/popup/sensuousmenuView.do?rcp_menu_no=252,PUBLIC_REFERENCE_RECIPE,2026-10-04,true,공공 자료의 명시된 동일 음식명/다른 이름으로 연결한 참고 조리 구성; 다른 조리법·전체 원재료·알레르기를 확정하지 않음; 소량 양념 식품군은 집계 제외,MFDS-252,REFERENCE_PARTIAL,UNKNOWN,,recommendation-composition-catalog-v3,fb26127ca56ee21ec689f05b6609cec4cd186a0d6303cf85f349fe31744cc4e6
kfind-catalog-d311-516000000-0001,동태조림,동태|무|대파|실고추 약간,FISH|VEGETABLE,NONE,FISH,SIMMERED,농촌진흥청 농식품 올바로 전통향토음식,https://www.nics.go.kr/food/kfi/tfSrch08/view?menuId=PS03520&tfcode=90845,PUBLIC_REFERENCE_RECIPE,2026-10-04,true,공공 자료의 명시된 동일 음식명/다른 이름으로 연결한 참고 조리 구성; 다른 조리법·전체 원재료·알레르기를 확정하지 않음; 소량 양념 식품군은 집계 제외,RDA-90845,REFERENCE_PARTIAL,UNKNOWN,,recommendation-composition-catalog-v3,6b53d947e1d20e4da35714069ff2a330a32716cbf16f7b910567cf2933fade6d
kfind-catalog-d111-517000000-0001,두부조림,두부|홍고추|파|마늘,LEGUME_SOY,NONE,LEGUME_SOY,BRAISED,식품의약품안전처 식품안전나라 공개 조리법,https://www.foodsafetykorea.go.kr/popup/sensuousmenuView.do?rcp_menu_no=266,PUBLIC_REFERENCE_RECIPE,2026-10-02,true,동일 음식의 주요 두부 구성 확인; 소량 양념 채소는 하루 채소군으로 중복 집계하지 않음,,REFERENCE_PARTIAL,UNKNOWN,,recommendation-composition-catalog-v3,
kfind-catalog-d111-518000000-0001,땅콩조림,땅콩|통깨,NUT_SEED,NONE,NUT_SEED,SIMMERED,농촌진흥청 농식품 올바로 전통향토음식,https://www.nics.go.kr/food/kfi/tfSrch08/view?menuId=PS03520&tfcode=90847,PUBLIC_REFERENCE_RECIPE,2026-10-04,true,공공 자료의 명시된 동일 음식명/다른 이름으로 연결한 참고 조리 구성; 다른 조리법·전체 원재료·알레르기를 확정하지 않음; 소량 양념 식품군은 집계 제외,RDA-90847,REFERENCE_PARTIAL,UNKNOWN,,recommendation-composition-catalog-v3,1f04e81e9271273046958f507c22f76eae17a554dbf7935b8e8c510f8eb36a03
kfind-catalog-d111-519000000-0001,멸치조림,생멸치|풋고추|마늘|간장|참기름 약간,FISH,NONE,FISH,SIMMERED,농촌진흥청 농식품 올바로 전통향토음식,https://www.nics.go.kr/food/kfi/tfSrch08/view?menuId=PS03520&tfcode=90035,PUBLIC_REFERENCE_RECIPE,2026-10-04,true,공공 자료의 명시된 동일 음식명/다른 이름으로 연결한 참고 조리 구성; 다른 조리법·전체 원재료·알레르기를 확정하지 않음; 소량 양념 식품군은 집계 제외,RDA-90035,REFERENCE_PARTIAL,UNKNOWN,,recommendation-composition-catalog-v3,f2d37e10f1249f41080bf8c7c20370a4e79a5c70850c3868ee901e5eeebeb2e3
kfind-catalog-d111-520000000-0001,무조림,무|멸치|쌀뜨물|국간장|고춧가루|파|마늘 적량,FISH|VEGETABLE,NONE,FISH,SIMMERED,농촌진흥청 농식품 올바로 전통향토음식,https://www.nics.go.kr/food/kfi/tfSrch08/view?menuId=PS03520&tfcode=90229,PUBLIC_REFERENCE_RECIPE,2026-10-04,true,공공 자료의 명시된 동일 음식명/다른 이름으로 연결한 참고 조리 구성; 다른 조리법·전체 원재료·알레르기를 확정하지 않음; 소량 양념 식품군은 집계 제외,RDA-90229,REFERENCE_PARTIAL,UNKNOWN,,recommendation-composition-catalog-v3,8ccf1583dff211e8c6258bc825676ba77b402b94247ba03b030fe4e2d8791037
kfind-catalog-d111-523000000-0001,병어조림,쇠고기|병어|물|실고추,FISH|RED_MEAT,NONE,FISH|RED_MEAT,UNKNOWN,농촌진흥청 농식품 올바로 전통향토음식,https://www.nics.go.kr/food/kfi/tfSrch08/view?menuId=PS03520&tfcode=90511,PUBLIC_REFERENCE_RECIPE,2026-10-04,false,공공 자료의 명시된 동일 음식명/다른 이름으로 연결한 참고 조리 구성; 다른 조리법·전체 원재료·알레르기를 확정하지 않음; 소량 양념 식품군은 집계 제외,RDA-90511,REFERENCE_PARTIAL,UNKNOWN,,recommendation-composition-catalog-v3,2c6ad6d06f8fc3973cc5460a601312951cea730bcc40df8b0729d25d34c28da7
kfind-catalog-d107-304000000-0001,가오리찜,참기름|통깨|실고추 약간|가오리,FISH,NONE,FISH,STEAMED,농촌진흥청 농식품 올바로 전통향토음식,https://www.nics.go.kr/food/kfi/tfSrch08/view?menuId=PS03520&tfcode=91148,PUBLIC_REFERENCE_RECIPE,2026-10-04,true,공공 자료의 명시된 동일 음식명/다른 이름으로 연결한 참고 조리 구성; 다른 조리법·전체 원재료·알레르기를 확정하지 않음; 소량 양념 식품군은 집계 제외,RDA-91148,REFERENCE_PARTIAL,UNKNOWN,,recommendation-composition-catalog-v3,b94f2d2a6b575739fa1bcd6fefbc58627d8c67fd077dc8137fb527531087862c
kfind-catalog-d107-310000000-0001,깻잎찜,깻잎,VEGETABLE,NONE,UNKNOWN,STEAMED,농촌진흥청 농식품 올바로 전통향토음식,https://www.nics.go.kr/food/kfi/tfSrch08/view?menuId=PS03520&tfcode=90880,PUBLIC_REFERENCE_RECIPE,2026-10-04,true,공공 자료의 명시된 동일 음식명/다른 이름으로 연결한 참고 조리 구성; 다른 조리법·전체 원재료·알레르기를 확정하지 않음; 소량 양념 식품군은 집계 제외,RDA-90880,REFERENCE_PARTIAL,UNKNOWN,,recommendation-composition-catalog-v3,bd9d851679ba8b1d380f5a5a73cf59c7d62714227c57cc6166787d420998ec4d
kfind-catalog-d307-311000000-0001,꼬막무침,꼬막|물 적량|소금 약간,SEAFOOD,NONE,SEAFOOD,UNKNOWN,농촌진흥청 농식품 올바로 전통향토음식,https://www.nics.go.kr/food/kfi/tfSrch08/view?menuId=PS03520&tfcode=90894,PUBLIC_REFERENCE_RECIPE,2026-10-04,true,공공 자료의 명시된 동일 음식명/다른 이름으로 연결한 참고 조리 구성; 다른 조리법·전체 원재료·알레르기를 확정하지 않음; 소량 양념 식품군은 집계 제외,RDA-90894,REFERENCE_PARTIAL,UNKNOWN,,recommendation-composition-catalog-v3,2cd11c014e0a41acf1779acecbdbb72ed048cbf256e25f7bbbd1c1f737c9dc65
kfind-catalog-d107-312000000-0001,꼬막찜,꼬막|소금 약간,SEAFOOD,NONE,SEAFOOD,STEAMED,농촌진흥청 농식품 올바로 전통향토음식,https://www.nics.go.kr/food/kfi/tfSrch08/view?menuId=PS03520&tfcode=92606,PUBLIC_REFERENCE_RECIPE,2026-10-04,true,공공 자료의 명시된 동일 음식명/다른 이름으로 연결한 참고 조리 구성; 다른 조리법·전체 원재료·알레르기를 확정하지 않음; 소량 양념 식품군은 집계 제외,RDA-92606,REFERENCE_PARTIAL,UNKNOWN,,recommendation-composition-catalog-v3,8013edd80457f0f0421dcbb4bb48e9de344ca137b6ef47e8ba1b084bad308418
kfind-catalog-d107-318000000-0001,닭찜,닭|밤|건표고버섯|당근|대추|달걀|대파|마늘|간장|생강즙,POULTRY|ROOT_STARCH,NONE,POULTRY,STEAMED,농촌진흥청 농식품 올바로 전통향토음식,https://www.nics.go.kr/food/kfi/tfSrch08/view?menuId=PS03520&tfcode=90243,PUBLIC_REFERENCE_RECIPE,2026-10-04,false,공공 자료의 명시된 동일 음식명/다른 이름으로 연결한 참고 조리 구성; 다른 조리법·전체 원재료·알레르기를 확정하지 않음; 소량 양념 식품군은 집계 제외,RDA-90243,REFERENCE_PARTIAL,UNKNOWN,,recommendation-composition-catalog-v3,05b74061fb8861e73eff3908cfa3434038dd566f65c1904f9b696ae938f8df99
kfind-catalog-d307-320000000-0001,대구찜,대구|콩나물|미나리,FISH|VEGETABLE,NONE,FISH,BRAISED,한국관광공사 공식 음식 소개,https://english.visitkorea.or.kr/svc/sp/food/ext/special_view.do?menuSn=913&vcontsId=178299,PUBLIC_DISH_DEFINITION,2026-10-04,true,본문에 명시된 주요 구성만 연결; 실제 조리법별 전체 원재료·알레르기·영양·제공량은 확정하지 않음,KTO-178299,REFERENCE_PARTIAL,UNKNOWN,,recommendation-composition-catalog-v3,8a8023ae4019d6c4343efd519b04da3c94ec144bc4e76991b1403a63abddb9f0
kfind-catalog-d107-324000000-0001,돼지갈비찜,돼지고기|양파|당근|붉은 고추|물,RED_MEAT|VEGETABLE,NONE,RED_MEAT,STEAMED,농촌진흥청 농식품 올바로 전통향토음식,https://www.nics.go.kr/food/kfi/tfSrch08/view?menuId=PS03520&tfcode=92373,PUBLIC_REFERENCE_RECIPE,2026-10-04,false,공공 자료의 명시된 동일 음식명/다른 이름으로 연결한 참고 조리 구성; 다른 조리법·전체 원재료·알레르기를 확정하지 않음; 소량 양념 식품군은 집계 제외,RDA-92373,REFERENCE_PARTIAL,UNKNOWN,,recommendation-composition-catalog-v3,18ba7534d9f4a39c05471b9a8cf15c60e19a5f49a06d71b324dfd32411415386
kfind-catalog-d307-330000000-0001,북어찜,북어포|실파|실고추 약간,FISH,NONE,FISH,STEAMED,농촌진흥청 농식품 올바로 전통향토음식,https://www.nics.go.kr/food/kfi/tfSrch08/view?menuId=PS03520&tfcode=90887,PUBLIC_REFERENCE_RECIPE,2026-10-04,true,공공 자료의 명시된 동일 음식명/다른 이름으로 연결한 참고 조리 구성; 다른 조리법·전체 원재료·알레르기를 확정하지 않음; 소량 양념 식품군은 집계 제외,RDA-90887,REFERENCE_PARTIAL,UNKNOWN,,recommendation-composition-catalog-v3,4dec15ad2e9f000f8a870f0c67aee292c8da831fbaee357574c95f6bc3213997
kfind-catalog-d109-407000000-0001,가지전,가지|밀가루|물|소금|식용유 적량,GRAIN_UNSPECIFIED|VEGETABLE,RICE_OR_FLOUR,UNKNOWN,PAN_COOKED,농촌진흥청 농식품 올바로 전통향토음식,https://www.nics.go.kr/food/kfi/tfSrch08/view?menuId=PS03520&tfcode=90522,PUBLIC_REFERENCE_RECIPE,2026-10-04,true,공공 자료의 명시된 동일 음식명/다른 이름으로 연결한 참고 조리 구성; 다른 조리법·전체 원재료·알레르기를 확정하지 않음; 소량 양념 식품군은 집계 제외,RDA-90522,REFERENCE_PARTIAL,UNKNOWN,,recommendation-composition-catalog-v3,e93ab6e0b06b328b335100811210261ec5ac8289f2c30bbd727fd1edd374e1d7
kfind-catalog-d109-408000000-0001,감자전,감자|양파|붉은 고추|감자 전분|소금 적량|식용유 적량,ROOT_STARCH|VEGETABLE,NONE,UNKNOWN,PAN_COOKED,농촌진흥청 농식품 올바로 전통향토음식,https://www.nics.go.kr/food/kfi/tfSrch08/view?menuId=PS03520&tfcode=90868,PUBLIC_REFERENCE_RECIPE,2026-10-04,true,공공 자료의 명시된 동일 음식명/다른 이름으로 연결한 참고 조리 구성; 다른 조리법·전체 원재료·알레르기를 확정하지 않음; 소량 양념 식품군은 집계 제외,RDA-90868,REFERENCE_PARTIAL,UNKNOWN,,recommendation-composition-catalog-v3,274246a2541e191ebd3cda8db6ae80b94e6dbaf815710b41e33325f9c16a59eb
kfind-catalog-d109-409000000-0001,고구마전,고구마|밀가루|달걀|쑥갓|풋고추|식용유|소금 적량,EGG|GRAIN_UNSPECIFIED|ROOT_STARCH|VEGETABLE,RICE_OR_FLOUR,EGG,PAN_COOKED,농촌진흥청 농식품 올바로 전통향토음식,https://www.nics.go.kr/food/kfi/tfSrch08/view?menuId=PS03520&tfcode=90231,PUBLIC_REFERENCE_RECIPE,2026-10-04,true,공공 자료의 명시된 동일 음식명/다른 이름으로 연결한 참고 조리 구성; 다른 조리법·전체 원재료·알레르기를 확정하지 않음; 소량 양념 식품군은 집계 제외,RDA-90231,REFERENCE_PARTIAL,UNKNOWN,,recommendation-composition-catalog-v3,316229eb5243f83800c7daf046f8a45750e3d679be53dcfd5d8c1ee95d47ae65
kfind-catalog-d309-410000000-0001,고추전,풋고추|밀가루|마늘|국간장 적량,GRAIN_UNSPECIFIED|VEGETABLE,RICE_OR_FLOUR,UNKNOWN,PAN_COOKED,농촌진흥청 농식품 올바로 전통향토음식,https://www.nics.go.kr/food/kfi/tfSrch08/view?menuId=PS03520&tfcode=90233,PUBLIC_REFERENCE_RECIPE,2026-10-04,true,공공 자료의 명시된 동일 음식명/다른 이름으로 연결한 참고 조리 구성; 다른 조리법·전체 원재료·알레르기를 확정하지 않음; 소량 양념 식품군은 집계 제외,RDA-90233,REFERENCE_PARTIAL,UNKNOWN,,recommendation-composition-catalog-v3,3487e94b2f282806a6e7ab97f9b2217e3847f03f4bbca9bacd393833a6c3bc26
kfind-catalog-d309-411000000-0001,굴전,굴|달걀|밀가루|소금|식용유 적량,EGG|GRAIN_UNSPECIFIED|SEAFOOD,RICE_OR_FLOUR,EGG|SEAFOOD,PAN_COOKED,농촌진흥청 농식품 올바로 전통향토음식,https://www.nics.go.kr/food/kfi/tfSrch08/view?menuId=PS03520&tfcode=90869,PUBLIC_REFERENCE_RECIPE,2026-10-04,true,공공 자료의 명시된 동일 음식명/다른 이름으로 연결한 참고 조리 구성; 다른 조리법·전체 원재료·알레르기를 확정하지 않음; 소량 양념 식품군은 집계 제외,RDA-90869,REFERENCE_PARTIAL,UNKNOWN,,recommendation-composition-catalog-v3,f07cf01669dc3e7ce95e0936c1f09ba24af94bb5de5b7c6f2e74b6ddf0b10590
kfind-catalog-d109-412000000-0001,김치전,묵은 김치|바지락|밀가루|식용유 적량|소금 약간,SEAFOOD|VEGETABLE,NONE,SEAFOOD,PAN_COOKED,농촌진흥청 농식품 올바로 전통향토음식,https://www.nics.go.kr/food/kfi/tfSrch08/view?menuId=PS03520&tfcode=90234,PUBLIC_REFERENCE_RECIPE,2026-10-04,true,공공 자료의 명시된 동일 음식명/다른 이름으로 연결한 참고 조리 구성; 다른 조리법·전체 원재료·알레르기를 확정하지 않음; 소량 양념 식품군은 집계 제외,RDA-90234,REFERENCE_PARTIAL,UNKNOWN,,recommendation-composition-catalog-v3,21781d8a5aa39c6827836d4a7b590c68acc674cff571036c2da1ee5ea907aa84
kfind-catalog-d309-413000000-0001,깻잎전,깻잎|밀가루|식용유|소금 약간|물 약간,VEGETABLE,NONE,UNKNOWN,PAN_COOKED,농촌진흥청 농식품 올바로 전통향토음식,https://www.nics.go.kr/food/kfi/tfSrch08/view?menuId=PS03520&tfcode=92184,PUBLIC_REFERENCE_RECIPE,2026-10-04,true,공공 자료의 명시된 동일 음식명/다른 이름으로 연결한 참고 조리 구성; 다른 조리법·전체 원재료·알레르기를 확정하지 않음; 소량 양념 식품군은 집계 제외,RDA-92184,REFERENCE_PARTIAL,UNKNOWN,,recommendation-composition-catalog-v3,c34dfd7a5e302d88ab884ee775c573ea4128f5ca309bada3761494f96cfd6f76
kfind-catalog-d309-415000000-0001,녹두빈대떡,거피녹두|찹쌀가루|돼지고기|숙주|배추김치|대파|붉은 고추|식용유|소금 약간,LEGUME_SOY|RED_MEAT|VEGETABLE,NONE,LEGUME_SOY|RED_MEAT,PAN_COOKED,농촌진흥청 농식품 올바로 전통향토음식,https://www.nics.go.kr/food/kfi/tfSrch08/view?menuId=PS03520&tfcode=90877,PUBLIC_REFERENCE_RECIPE,2026-10-04,true,공공 자료의 명시된 동일 음식명/다른 이름으로 연결한 참고 조리 구성; 다른 조리법·전체 원재료·알레르기를 확정하지 않음; 소량 양념 식품군은 집계 제외,RDA-90877,REFERENCE_PARTIAL,UNKNOWN,,recommendation-composition-catalog-v3,1fc99b8ddad50f49b010ca612720150027e9ce76808c6a4b88271f04ba96d125
kfind-catalog-d109-416000000-0001,달걀말이,달걀,EGG,NONE,EGG,PAN_COOKED,한국관광공사 공식 음식 소개,https://english.visitkorea.or.kr/svc/sp/food/ext/special_view.do?menuSn=913&vcontsId=178911,PUBLIC_DISH_DEFINITION,2026-10-04,false,계란/달걀 같은 식재료 명칭 차이만 연결; 본문의 양파·당근은 can be added 선택 사항이므로 재료·VEGETABLE 식품군을 추가하지 않음,KTO-178911,REFERENCE_PARTIAL,UNKNOWN,,recommendation-composition-catalog-v3,c75f0e8aad9b00ef3b19074bafce4ca54f40d9f7ece6326ad12e3c1f651bd479
kfind-catalog-d309-418000000-0001,동태전,동태살|밀가루|달걀|식용유|마늘|소금|후춧가루 약간,EGG|FISH,NONE,EGG|FISH,PAN_COOKED,농촌진흥청 농식품 올바로 전통향토음식,https://www.nics.go.kr/food/kfi/tfSrch08/view?menuId=PS03520&tfcode=90872,PUBLIC_REFERENCE_RECIPE,2026-10-04,true,공공 자료의 명시된 동일 음식명/다른 이름으로 연결한 참고 조리 구성; 다른 조리법·전체 원재료·알레르기를 확정하지 않음; 소량 양념 식품군은 집계 제외,RDA-90872,REFERENCE_PARTIAL,UNKNOWN,,recommendation-composition-catalog-v3,f6b674e9de3f0e5960f64e64fae9c1e80358e912569af20bd0b971149255ded0
kfind-catalog-d109-419000000-0001,두부부침,두부|콩기름|소금,LEGUME_SOY,NONE,LEGUME_SOY,GRILLED,농촌진흥청 공개 추천식단 개별 조리자료,https://api.nongsaro.go.kr/sample/rest/recomendDiet/recomendDiet.jsp?cntntsNo=89432&tabNo=0,PUBLIC_REFERENCE_RECIPE,2026-10-04,false,공공 자료의 명시된 동일 음식명/다른 이름으로 연결한 참고 조리 구성; 다른 조리법·전체 원재료·알레르기를 확정하지 않음; 소량 양념 식품군은 집계 제외,RDA-DIET-89432-0,REFERENCE_PARTIAL,UNKNOWN,REFERENCE_MAJOR_QUANTITY_UNIT_UNVERIFIED,recommendation-composition-catalog-v3,e3346af1a1a4d45b9a3b5c4a369df92b22b1966809ffa2d623b9f33c9298b390
kfind-catalog-d109-422000000-0001,메밀전,메밀가루|무|실파|물|파|마늘|참기름|깨소금|소금|표고버섯|식용유,GRAIN_UNSPECIFIED|VEGETABLE,RICE_OR_FLOUR,UNKNOWN,PAN_COOKED,농촌진흥청 농식품 올바로 전통향토음식,https://www.nics.go.kr/food/kfi/tfSrch08/view?menuId=PS03520&tfcode=91134,PUBLIC_REFERENCE_RECIPE,2026-10-04,true,공공 자료의 명시된 동일 음식명/다른 이름으로 연결한 참고 조리 구성; 다른 조리법·전체 원재료·알레르기를 확정하지 않음; 소량 양념 식품군은 집계 제외,RDA-91134,REFERENCE_PARTIAL,UNKNOWN,,recommendation-composition-catalog-v3,0047e063af2908c9e639cfd9a2d881b0d8aff6ffb5dd28d1a0840e5250992302
kfind-catalog-d312-538000000-0001,고구마맛탕,고구마|당류 시럽,ROOT_STARCH,NONE,UNKNOWN,DEEP_FRIED,한국관광공사 공식 음식 소개,https://english.visitkorea.or.kr/svc/sp/food/ext/special_view.do?menuSn=913&vcontsId=179919,PUBLIC_DISH_DEFINITION,2026-10-04,false,본문에 튀긴 고구마를 설탕·물엿·꿀 기반 시럽으로 코팅한 디저트로 명시; 개별 당류 종류/함량은 미확정,KTO-179919,REFERENCE_PARTIAL,UNKNOWN,SUGAR_HEAVY_DESSERT,recommendation-composition-catalog-v3,4d657855c9e9b4ca09c3509c872f45fcc658eb6243a382970927529dd0f17bbb
kfind-catalog-d312-540000000-0001,고추튀김,풋고추|튀김옷,VEGETABLE,NONE,UNKNOWN,DEEP_FRIED,한국관광공사 공식 음식 소개,https://english.visitkorea.or.kr/svc/sp/food/ext/special_view.do?menuSn=913&vcontsId=231392,PUBLIC_DISH_DEFINITION,2026-10-04,false,당면·채소·고기는 소의 가능한 종류이므로 해당 구성은 추정하지 않음,KTO-231392,REFERENCE_PARTIAL,UNKNOWN,,recommendation-composition-catalog-v3,9031b54a0ed987864ec7e62d9543095acdfb2f72543b36858291b85ccd42501a
kfind-catalog-d312-541000000-0001,김말이튀김,김|당면|양파|당근|파,GRAIN_UNSPECIFIED|VEGETABLE,RICE_OR_FLOUR,UNKNOWN,DEEP_FRIED,한국관광공사 공식 음식 소개,https://english.visitkorea.or.kr/svc/sp/food/ext/special_view.do?menuSn=913&vcontsId=178921,PUBLIC_DISH_DEFINITION,2026-10-04,false,본문 제목 Deep-Fried Laver Roll과 김·당면·양파·당근 구성 및 deep-fried 조리 설명이 있는 김말이튀김 reference만 연결; oil 종류·전체 알레르기를 추정하지 않음,KTO-178921,REFERENCE_PARTIAL,UNKNOWN,,recommendation-composition-catalog-v3,c4cdeea84c4976e74feddc562e2ffe64015ce4b37fc409ef5ed1b68eeca7e28e
kfind-catalog-d302-054000000-0001,개피떡(바람떡),멥쌀|소금|쑥|오미자|물 적량|거피팥|설탕|계핏가루|참기름 적량,GRAIN_UNSPECIFIED|LEGUME_SOY,RICE_OR_FLOUR,LEGUME_SOY,STEAMED,농촌진흥청 농식품 올바로 전통향토음식,https://www.nics.go.kr/food/kfi/tfSrch08/view?menuId=PS03520&tfcode=90925,PUBLIC_REFERENCE_RECIPE,2026-10-04,true,공공 자료의 명시된 동일 음식명/다른 이름으로 연결한 참고 조리 구성; 다른 조리법·전체 원재료·알레르기를 확정하지 않음; 소량 양념 식품군은 집계 제외,RDA-90925,REFERENCE_PARTIAL,UNKNOWN,,recommendation-composition-catalog-v3,ac31c4e2c9b78e58febf355d8a8dfd8db8e09daad70b4b5a506198586973c4c6
kfind-catalog-d102-057000000-0001,꿀떡,쌀떡|꿀 또는 설탕 소,GRAIN_UNSPECIFIED,RICE_OR_FLOUR,UNKNOWN,UNKNOWN,한국관광공사 공식 음식 소개,https://english.visitkorea.or.kr/svc/sp/food/ext/special_view.do?menuSn=913&vcontsId=179974,PUBLIC_DISH_DEFINITION,2026-10-04,false,본문에 꿀/설탕을 넣은 달콤한 떡으로 명시; 두 재료를 모두 실제 함유한다고 확정하지 않음,KTO-179974,REFERENCE_PARTIAL,UNKNOWN,SUGAR_HEAVY_DESSERT,recommendation-composition-catalog-v3,54372e099498368680154d285e4cfa8b6b6b7acf3ee5c1b045052371c6981ae6
kfind-catalog-d302-129000000-0001,매작과,밀가루|소금|생강즙|식용유|잣가루|물|녹말 가루 약간,GRAIN_UNSPECIFIED,RICE_OR_FLOUR,UNKNOWN,DEEP_FRIED,농촌진흥청 농식품 올바로 전통향토음식,https://www.nics.go.kr/food/kfi/tfSrch08/view?menuId=PS03520&tfcode=90668,PUBLIC_REFERENCE_RECIPE,2026-10-04,false,공공 자료의 명시된 동일 음식명/다른 이름으로 연결한 참고 조리 구성; 다른 조리법·전체 원재료·알레르기를 확정하지 않음; 소량 양념 식품군은 집계 제외,RDA-90668,REFERENCE_PARTIAL,UNKNOWN,,recommendation-composition-catalog-v3,b5eca58af3634923e80764eff6ccfcaecfc7b7ff39f5105fe850f5a475e247e5
kfind-catalog-d114-601000000-0001,가죽나물무침,가죽|깨소금,VEGETABLE,NONE,UNKNOWN,UNHEATED,농촌진흥청 농식품 올바로 전통향토음식,https://www.nics.go.kr/food/kfi/tfSrch08/view?menuId=PS03520&tfcode=91474,PUBLIC_REFERENCE_RECIPE,2026-10-04,true,가죽무침(나물)의 명시된 나물 표현과 조리명 연결; 가죽 주재료 300g 확인; 전체 원재료·알레르기·실제 영양값·분량은 확정하지 않음,RDA-91474,REFERENCE_PARTIAL,UNKNOWN,,recommendation-composition-catalog-v3,eb5448eb1f97ed9e8d13ee1c3d9840e23e76bac94410bf77cf008328b35f8319
kfind-catalog-d314-607000000-0001,골뱅이무침,골뱅이|북어|파|식초|고춧가루,SEAFOOD|FISH,NONE,FISH|SEAFOOD,UNHEATED,한국관광공사 공식 음식 소개,https://english.visitkorea.or.kr/svc/sp/food/ext/special_view.do?menuSn=913&vcontsId=178632,PUBLIC_DISH_DEFINITION,2026-10-04,true,국수는 추가 선택 사항이라 포함 여부 미확정; 파만으로 주요 채소군을 집계하지 않음,KTO-178632,REFERENCE_PARTIAL,UNKNOWN,,recommendation-composition-catalog-v3,61acd0c35d7c8a40acd137c1c7e3bd6a522a6480b2431c613efa8067557f991a
kfind-catalog-d114-609000000-0001,굴무침,굴|쪽파|소금|참기름|통깨 약간,SEAFOOD,NONE,SEAFOOD,UNKNOWN,농촌진흥청 농식품 올바로 전통향토음식,https://www.nics.go.kr/food/kfi/tfSrch08/view?menuId=PS03520&tfcode=92201,PUBLIC_REFERENCE_RECIPE,2026-10-04,true,공공 자료의 명시된 동일 음식명/다른 이름으로 연결한 참고 조리 구성; 다른 조리법·전체 원재료·알레르기를 확정하지 않음; 소량 양념 식품군은 집계 제외,RDA-92201,REFERENCE_PARTIAL,UNKNOWN,,recommendation-composition-catalog-v3,a5e29c76135d4f18973af9f7676dfbf8d9f9bf3b77984d553cfa5f276b9bfe86
kfind-catalog-d314-613000000-0001,노각무침,소금|노각|붉은 고추|대파,VEGETABLE,NONE,UNKNOWN,UNKNOWN,농촌진흥청 농식품 올바로 전통향토음식,https://www.nics.go.kr/food/kfi/tfSrch08/view?menuId=PS03520&tfcode=90478,PUBLIC_REFERENCE_RECIPE,2026-10-04,true,공공 자료의 명시된 동일 음식명/다른 이름으로 연결한 참고 조리 구성; 다른 조리법·전체 원재료·알레르기를 확정하지 않음; 소량 양념 식품군은 집계 제외,RDA-90478,REFERENCE_PARTIAL,UNKNOWN,,recommendation-composition-catalog-v3,247615eb2688abc3eb002e10fa3bb3680e8cc1e2fc52dc8c07f88524e09a479f
kfind-catalog-d114-640020000-0001,감자 샐러드,감자|오이|당근|마요네즈|소금|후추,ROOT_STARCH|VEGETABLE,NONE,UNKNOWN,STEAMED,농촌진흥청 공개 추천식단 개별 조리자료,https://api.nongsaro.go.kr/sample/rest/recomendDiet/recomendDiet.jsp?cntntsNo=89455&tabNo=1,PUBLIC_REFERENCE_RECIPE,2026-10-04,false,공공 자료의 명시된 동일 음식명/다른 이름으로 연결한 참고 조리 구성; 다른 조리법·전체 원재료·알레르기를 확정하지 않음; 소량 양념 식품군은 집계 제외,RDA-DIET-89455-1,REFERENCE_PARTIAL,UNKNOWN,REFERENCE_MAJOR_QUANTITY_UNIT_UNVERIFIED,recommendation-composition-catalog-v3,c0e02e28f91689ad29feb95eb55e1ed9c471c5a68ded435293521f441273bcca
kfind-catalog-d214-640000000-0002,그릴드 치킨 샐러드,그릴드 치킨|오리엔탈소스,POULTRY,UNKNOWN,POULTRY,GRILLED,할리스 공식 메뉴 설명,https://m.hollys.co.kr/menu/menuView.do?idx=665&menuDiv=BAKERY,BRAND_OFFICIAL_MAJOR_INGREDIENTS,2026-10-02,false,공식 설명에서 채소 종류가 열거되지 않아 이름의 샐러드만으로 VEGETABLE 판정하지 않음,,PARTIAL_DESCRIPTION,UNKNOWN,,recommendation-composition-catalog-v3,
kfind-catalog-d202-096000000-0010,그릭치킨 샌드위치,감자 브레드|그릭소스|로스트 파프리카|모짜렐라치즈|양파|훈제치킨,DAIRY|POULTRY|VEGETABLE,NONE,DAIRY|POULTRY,UNKNOWN,커피빈 공식 메뉴 원문,https://www.coffeebeankorea.com/menu/list.asp?category=6&category2=1&page=2,BRAND_OFFICIAL_MAJOR_INGREDIENTS,2026-10-04,true,정확한 food ID·품목코드·브랜드·음식명으로 검증된 공식 description 원문의 literal 재료만 연결; 복합 빵·소스·향료 속 원재료와 조리유·중량을 추정하지 않음; 현재 메뉴와 분석시점 recipe version 일치 여부 미확인,OFFICIAL-FOOD-D202-096000000-0010,PARTIAL_DESCRIPTION,UNKNOWN,,recommendation-composition-catalog-v3,eb399e1430d5484b58776dad63a8006c099a35c8a3f351c6836cbb638c4afcea
kfind-catalog-d202-083000000-0021,베지텐더밸런스랩,식물성 텐더|채소,VEGETABLE,NONE,UNKNOWN,UNHEATED,CJ 공식 뉴스룸 뚜레쥬르 제품 보도자료(2022-06-03),https://cjnews.cj.net/%EB%9A%9C%EB%A0%88%EC%A5%AC%EB%A5%B4-%ED%99%98%EA%B2%BD%EC%9D%98-%EB%82%A0-%EB%A7%9E%EC%95%84-%EC%BA%A0%ED%8E%98%EC%9D%B8-%EC%97%B4%EA%B3%A0-%EB%8C%80%EC%B2%B4%EC%9C%A1-%EC%8B%A0/,BRAND_OFFICIAL_MAJOR_INGREDIENTS,2026-10-04,true,동일 브랜드·정확 메뉴명으로 과거 공식 제품 소개 연결; 원본 K-FIND 영양 분석시점과 recipe version 일치 여부는 미확인; 식물성 텐더의 콩/곡물 구성·조리방법은 미확인; 인접한 담백아삭 베지랩의 팔라펠·병아리콩·튀김 설명을 복사하지 않음; 전체 원재료·알레르기·실제 영양값·분량은 확정하지 않음,CJ-TLJ-VEGI-TENDER-20220603,PARTIAL_DESCRIPTION,UNKNOWN,,recommendation-composition-catalog-v3,adbe45fa9a9138093f97a6a39f2a24745f7df84164b2463469bde805eecdb52a
kfind-catalog-d202-083000000-0023,크리스퍼랩,닭고기,POULTRY,NONE,POULTRY,UNKNOWN,버거킹 공식 메뉴 원문,https://web-prd.burgerking.co.kr/burgerking/BKR0347.json,BRAND_OFFICIAL_MAJOR_INGREDIENTS,2026-10-04,false,정확한 food ID·품목코드·브랜드·음식명으로 검증된 공식 description 원문의 literal 재료만 연결; 복합 빵·소스·향료 속 원재료와 조리유·중량을 추정하지 않음; 현재 메뉴와 분석시점 recipe version 일치 여부 미확인,OFFICIAL-FOOD-D202-083000000-0023,PARTIAL_DESCRIPTION,UNKNOWN,,recommendation-composition-catalog-v3,d1e25f013a852549552ab25de3828d079ad31c8d9cbaf176c3e70df38c01a0c8
