stableTemplateId,menuName,ingredients,foodGroups,grainType,proteinSources,cookingStyle,sourceName,sourceUrl,evidenceScope,verifiedAt,slowStyleEligible,notes
kfind-catalog-d101-006000000-0001,기장밥,쌀|기장,MIXED_GRAIN,MILLET_MIX,UNKNOWN,BOILED,한국학중앙연구원 한국민족문화대백과사전,https://encykorea.aks.ac.kr/Article/E0021650,PUBLIC_DISH_DEFINITION,2026-10-02,true,공공 음식 정의에서 해당 잡곡밥 계열 확인; 도정도와 혼합비는 미확인하므로 WHOLE_GRAIN으로 표시하지 않음
kfind-catalog-d101-016000000-0001,보리밥,쌀|보리,MIXED_GRAIN,BARLEY_MIX,UNKNOWN,BOILED,한국학중앙연구원 한국민족문화대백과사전,https://encykorea.aks.ac.kr/Article/E0023290,PUBLIC_DISH_DEFINITION,2026-10-04,true,쌀과 보리 혼합 또는 보리 단독이라는 공공 정의 확인; 도정도와 혼합비는 미확인하므로 WHOLE_GRAIN으로 표시하지 않음
kfind-catalog-d101-021000000-0001,수수밥,쌀|수수,MIXED_GRAIN,SORGHUM_MIX,UNKNOWN,BOILED,한국학중앙연구원 한국민족문화대백과사전,https://encykorea.aks.ac.kr/Article/E0021650,PUBLIC_DISH_DEFINITION,2026-10-02,true,공공 음식 정의에서 해당 잡곡밥 계열 확인; 도정도와 혼합비는 미확인하므로 WHOLE_GRAIN으로 표시하지 않음
kfind-catalog-d101-032000000-0001,잡곡밥,쌀|잡곡,MIXED_GRAIN,MIXED_GRAINS,UNKNOWN,BOILED,한국학중앙연구원 한국민족문화대백과사전,https://encykorea.aks.ac.kr/Article/E0021650,PUBLIC_DISH_DEFINITION,2026-10-02,true,공공 음식 정의에서 해당 잡곡밥 계열 확인; 도정도와 혼합비는 미확인하므로 WHOLE_GRAIN으로 표시하지 않음
kfind-catalog-d101-038000000-0001,차조밥,쌀|차조,MIXED_GRAIN,MILLET_MIX,UNKNOWN,BOILED,한국학중앙연구원 한국민족문화대백과사전,https://encykorea.aks.ac.kr/Article/E0055188,PUBLIC_DISH_DEFINITION,2026-10-04,true,공공 설명의 쌀과 차조 혼합밥 확인; 단독 차조 조리법도 있어 혼합비와 도정도는 추정하지 않음
kfind-catalog-d301-005000000-0001,귀리밥,쌀|귀리,MIXED_GRAIN,OAT_MIX,UNKNOWN,BOILED,농촌진흥청 국립식량과학원,https://www.nics.go.kr/bbs/view.do?bbsId=news&bbsSn=944466&m=100000020,PUBLIC_DISH_DEFINITION,2026-10-02,true,공식 설명의 쌀에 귀리를 섞은 밥 확인; 혼합비·도정도·효과는 앱에서 추정하지 않음
kfind-catalog-d301-027000000-0001,오곡밥,쌀|수수|조|팥|콩,MIXED_GRAIN|LEGUME_SOY,MIXED_GRAINS,LEGUME_SOY,STEAMED,한국학중앙연구원 한국민족문화대백과사전,https://encykorea.aks.ac.kr/Article/E0038100,PUBLIC_DISH_DEFINITION,2026-10-02,true,주요재료 식품군만 확인; 모든 조리법의 전체 원재료·알레르기·함량을 보장하지 않음
kfind-breakfast-cook-3,곤드레나물밥,쌀|곤드레,GRAIN_UNSPECIFIED|VEGETABLE,RICE,UNKNOWN,BOILED,대한장연구학회 공개 식단 조리자료,https://www.kasid.org/common/fileDownload/only/boardFile/eyJpdiI6InhkU1ZiQlBkM28zYVpIakZUMUFaVEE9PSIsInZhbHVlIjoiekpTeWZWekxsYVhrMG5mYkM0dzhEdz09IiwibWFjIjoiODYzNGNhYTU1MGZlYzJiNWM0OTFmYjMwZjM4NWVmOGRkZTIxNTdjYmVjZTFkYjU3YjRhN2M4MzU1ZjZhOWRkMSIsInRhZyI6IiJ9,PUBLIC_REFERENCE_RECIPE,2026-10-02,true,공개 조리자료 인쇄 206~207쪽 동일 음식의 쌀·곤드레 구성만 확인; 질환별 안내·효과·분량은 적용하지 않음
kfind-snack-cook-1,호박죽,호박,VEGETABLE,UNKNOWN,UNKNOWN,BOILED,농촌진흥청 국립식량과학원 식재료·조리정보,https://www.nics.go.kr/food/kfi/foodMonth/view?fd_se=286&fd_snn=133&menu_tab=0,PUBLIC_DISH_DEFINITION,2026-10-02,true,늙은호박을 호박죽으로 조리한다는 공공 설명 확인; 쌀·팥·당류 등은 이 행에서 추정하지 않음
kfind-snack-cook-2,미숫가루,쌀|보리,MIXED_GRAIN,ROASTED_GRAIN_MIX,UNKNOWN,ROASTED,한국관광공사 음식 소개,https://english.visitkorea.or.kr/svc/sp/food/ext/special_view.do?menuSn=913&vcontsId=181200,PUBLIC_DISH_DEFINITION,2026-10-02,true,곡물 기반 음료 확인; 콩·귀리·우유·꿀은 선택 재료이므로 포함 여부 추정하지 않음
kfind-catalog-d103-175000000-0001,콩국수,콩|국수,LEGUME_SOY|GRAIN_UNSPECIFIED,REFINED_NOODLE,LEGUME_SOY,BOILED,한국관광공사 음식 소개,https://english.visitkorea.or.kr/svc/thingsToDo/foodTrip/special_view.do?vcontsId=178884,PUBLIC_DISH_DEFINITION,2026-10-02,true,주요재료 식품군만 확인; 모든 조리법의 전체 원재료·알레르기·함량을 보장하지 않음
kfind-catalog-d111-517000000-0001,두부조림,두부|홍고추|파|마늘,LEGUME_SOY,NONE,LEGUME_SOY,BRAISED,식품의약품안전처 식품안전나라 공개 조리법,https://www.foodsafetykorea.go.kr/popup/sensuousmenuView.do?rcp_menu_no=266,PUBLIC_REFERENCE_RECIPE,2026-10-02,true,동일 음식의 주요 두부 구성 확인; 소량 양념 채소는 하루 채소군으로 중복 집계하지 않음
kfind-catalog-d306-276000000-0001,두부전골,두부|버섯|애호박|배추,LEGUME_SOY|VEGETABLE,NONE,LEGUME_SOY,SIMMERED,농림축산식품부·농식품정보누리 공개 조리법,https://www.foodnuri.go.kr/portal/bbs/B0000290/view.do?deleteCd=0&menuNo=300089&nttId=233995&pageIndex=9,PUBLIC_REFERENCE_RECIPE,2026-10-02,true,공공 조리법의 두부·버섯·채소 중심 구성 확인; 다른 두부전골에는 고기가 들어갈 수 있어 채식·알레르기 완전 정보를 부여하지 않음
kfind-catalog-d304-190000000-0001,잣죽,잣|쌀,NUT_SEED|GRAIN_UNSPECIFIED,RICE,NUT_SEED,BOILED,한국학중앙연구원 한국민족문화대백과사전,https://encykorea.aks.ac.kr/Article/E0048228,PUBLIC_DISH_DEFINITION,2026-10-02,true,주요재료 식품군만 확인; 모든 조리법의 전체 원재료·알레르기·함량을 보장하지 않음
kfind-catalog-d104-195000000-0001,팥죽,팥|쌀,LEGUME_SOY|GRAIN_UNSPECIFIED,RICE,LEGUME_SOY,BOILED,한국학중앙연구원 한국민족문화대백과사전,https://encykorea.aks.ac.kr/Article/E0049806,PUBLIC_DISH_DEFINITION,2026-10-02,true,동일 음식의 팥·쌀 구성 확인; 단팥죽/가당 제품의 당류 정보는 이 행으로 추정하지 않음
kfind-catalog-d111-509000000-0001,고등어조림,고등어|무,FISH|VEGETABLE,NONE,FISH,BRAISED,국립수산물품질관리원 수산물안전정보·농촌진흥청 조리법,https://fsis.go.kr/front/contents/cmsView.do?cate_id=0301&cnts_id=13682&select_list_no=127,PUBLIC_REFERENCE_RECIPE,2026-10-02,true,주요재료 식품군만 확인; 모든 조리법의 전체 원재료·알레르기·함량을 보장하지 않음
kfind-dinner-convenience-1,샌드위치 · 통밀크랜베리치킨샌드위치,통밀빵|크랜베리 치킨|오이,WHOLE_GRAIN|POULTRY|VEGETABLE,WHOLE_WHEAT,POULTRY,ASSEMBLED,뚜레쥬르 공식 제품 설명,https://www.tlj.co.kr/product/detail.asp?prod_num=3861,BRAND_OFFICIAL_MAJOR_INGREDIENTS,2026-10-04,false,공식 주요 구성은 확인됐으나 알레르기 표기에 쇠고기 함유도 있어 스타일에서는 보수적으로 제외; 통밀 함량·조리유·기타 원재료는 미확인; 기존 공식 알레르기 별도 유지
kfind-catalog-d214-640000000-0002,그릴드 치킨 샐러드,그릴드 치킨|오리엔탈소스,POULTRY,UNKNOWN,POULTRY,GRILLED,할리스 공식 메뉴 설명,https://m.hollys.co.kr/menu/menuView.do?idx=665&menuDiv=BAKERY,BRAND_OFFICIAL_MAJOR_INGREDIENTS,2026-10-02,false,공식 설명에서 채소 종류가 열거되지 않아 이름의 샐러드만으로 VEGETABLE 판정하지 않음
kfind-catalog-d106-297000000-0001,청국장찌개,청국장|두부|김치|쇠고기,LEGUME_SOY|VEGETABLE|RED_MEAT,NONE,LEGUME_SOY|RED_MEAT,SIMMERED,농촌진흥청 농식품 올바로 전통향토음식,https://www.nics.go.kr/food/kfi/tfSrch08/view?menuId=PS03520&tfcode=89555,PUBLIC_REFERENCE_RECIPE,2026-10-02,false,공공 조리법에서 쇠고기도 확인되어 이 스타일 후보에서 제외; 전체 원재료·알레르기 완전정보로 승격하지 않음
