menuId,brand,name,beforeCategory,candidateCategory,evidence,source,classifiable,reason
kfind-d204-185000000-0011,할리스,스프_트러플 머쉬룸 수프볼,,,스프_트러플 머쉬룸 수프볼,https://various.foodsafetykorea.go.kr/nutrient/general/down/list.do,False,NO_EXISTING_SOUP_MENU_CATEGORY
kfind-d204-185000000-0006,스타벅스,스프_트러플 머쉬룸 수프,,,스프_트러플 머쉬룸 수프,https://various.foodsafetykorea.go.kr/nutrient/general/down/list.do,False,NO_EXISTING_SOUP_MENU_CATEGORY
kfind-d204-185000000-0004,스타벅스,스프_토마토 로제 수프,,,스프_토마토 로제 수프,https://various.foodsafetykorea.go.kr/nutrient/general/down/list.do,False,NO_EXISTING_SOUP_MENU_CATEGORY
kfind-d204-185000000-0003,이디야,스프_콘 수프,,,스프_콘 수프,https://various.foodsafetykorea.go.kr/nutrient/general/down/list.do,False,NO_EXISTING_SOUP_MENU_CATEGORY
kfind-d204-185000000-0002,이디야,스프_양송이 수프,,,스프_양송이 수프,https://various.foodsafetykorea.go.kr/nutrient/general/down/list.do,False,NO_EXISTING_SOUP_MENU_CATEGORY
kfind-d204-185000000-0001,스타벅스,스프_단호박 크림 수프,,,스프_단호박 크림 수프,https://various.foodsafetykorea.go.kr/nutrient/general/down/list.do,False,NO_EXISTING_SOUP_MENU_CATEGORY
kfind-d222-754000000-0001,스타벅스,과일_하루 한 컵 RED,,,국내산 사과와 대추 방울 토마토를 한 컵에 담아 언제 어디서나 편하게 즐길 수 있습니다.,https://various.foodsafetykorea.go.kr/nutrient/general/down/list.do|https://www.starbucks.co.kr/menu/food_view.do?product_cd=9300000005088,False,AMBIGUOUS_NAME_OR_UNSUPPORTED_DISH_KIND
kfind-d225-757000000-0001,투썸플레이스,견과_넛츠앤푸르츠,,,견과_넛츠앤푸르츠,https://various.foodsafetykorea.go.kr/nutrient/general/down/list.do,False,AMBIGUOUS_NAME_OR_UNSUPPORTED_DISH_KIND
official-mega-megaricano-ice,메가MGC커피,메가리카노 ICE,,,메가리카노 ICE,OFFICIAL-BRAND-NUTRITION:MEGA-MEGARICANO-ICE,False,AMBIGUOUS_NAME_OR_UNSUPPORTED_DISH_KIND
official-salady-d83ff0d8d3ad,샐러디,양송이 크림스프,,,양송이 크림스프,OFFICIAL-BRAND-NUTRITION:SALADY-D83FF0D8D3AD|https://salady.com/pdf/allergy.pdf?ver=261001|https://salady.com/pdf/nutrition.pdf?ver=260915,False,NO_EXISTING_SOUP_MENU_CATEGORY
official-salady-4d604e181424,샐러디,단호박 크림스프,,,단호박 크림스프,OFFICIAL-BRAND-NUTRITION:SALADY-4D604E181424|https://salady.com/pdf/allergy.pdf?ver=261001|https://salady.com/pdf/nutrition.pdf?ver=260915,False,NO_EXISTING_SOUP_MENU_CATEGORY
official-salady-8f3ab04c2b09,샐러디,카사바칩,,,카사바칩,OFFICIAL-BRAND-NUTRITION:SALADY-8F3AB04C2B09|https://salady.com/pdf/nutrition.pdf?ver=260915,False,AMBIGUOUS_NAME_OR_UNSUPPORTED_DISH_KIND
official-salady-sandwich-d83ff0d8d3ad,샐러디&샌드위치,양송이 크림스프,,,양송이 크림스프,OFFICIAL-BRAND-NUTRITION:SALADY-SANDWICH-D83FF0D8D3AD|https://salady.com/pdf/allergy.pdf?ver=261001|https://salady.com/pdf/nutrition.pdf?ver=260915,False,NO_EXISTING_SOUP_MENU_CATEGORY
official-salady-sandwich-4d604e181424,샐러디&샌드위치,단호박 크림스프,,,단호박 크림스프,OFFICIAL-BRAND-NUTRITION:SALADY-SANDWICH-4D604E181424|https://salady.com/pdf/allergy.pdf?ver=261001|https://salady.com/pdf/nutrition.pdf?ver=260915,False,NO_EXISTING_SOUP_MENU_CATEGORY
official-salady-sandwich-8f3ab04c2b09,샐러디&샌드위치,카사바칩,,,카사바칩,OFFICIAL-BRAND-NUTRITION:SALADY-SANDWICH-8F3AB04C2B09|https://salady.com/pdf/nutrition.pdf?ver=260915,False,AMBIGUOUS_NAME_OR_UNSUPPORTED_DISH_KIND
official-quality-eggdrop-1cc56c59a082,에그드랍,아보홀릭,,샌드위치,부드러운 스크램블 에그에 수제 아보카도소스와 신선한 아보카도가 풍미를 더하는 샌드위치 · 아보카도 랜치소스 빵 스크램블 에그,OFFICIAL-BRAND-NUTRITION:QUALITY-EGGDROP-1CC56C59A082|https://eggdrop.com/menu/view.php?seq=50,True,OFFICIAL_DESCRIPTION_REVIEW
official-quality-eggdrop-5446bd8a5a01,에그드랍,아메리칸 햄 치즈,,샌드위치,"부드러운 스크램블 에그에 담백한 스모크햄, 아메리칸 치즈가 풍미를 더하는 샌드위치 · 햄 치즈 스리라차 마요네즈 소스 랜치소스 빵 스크램블 에그",OFFICIAL-BRAND-NUTRITION:QUALITY-EGGDROP-5446BD8A5A01|https://eggdrop.com/menu/view.php?seq=45,True,OFFICIAL_DESCRIPTION_REVIEW
official-quality-eggdrop-7d47874b3b45,에그드랍,베이컨 딥 치즈 번,,,"버터 풍미가 가득한 브리오슈번에 촉촉한 스크램블과 베이컨, 아메리칸 치즈가 들어간 에그 번 · 브리오슈번 베이컨 치즈 스리라차 마요네즈 소스 랜치소스 스크램블 에그",OFFICIAL-BRAND-NUTRITION:QUALITY-EGGDROP-7D47874B3B45|https://eggdrop.com/menu/view.php?seq=51,False,AMBIGUOUS_NAME_OR_UNSUPPORTED_DISH_KIND
official-quality-eggdrop-8767c6076e82,에그드랍,미스터 에그,,샌드위치,"부드러운 스크램블 에그와 브리오쉬, 에그드랍의 특제 소스가 어우러진 베이직 샌드위치 · 스리라차 마요네즈 소스 빵 스크램블 에그",OFFICIAL-BRAND-NUTRITION:QUALITY-EGGDROP-8767C6076E82|https://eggdrop.com/menu/view.php?seq=44,True,OFFICIAL_DESCRIPTION_REVIEW
official-quality-eggdrop-92f88de75932,에그드랍,베이컨 더블 치즈,,샌드위치,"부드러운 스크램블 에그에 베이컨, 아메리칸 치즈가 단짠의 조합을 이루는 에그드랍 베스트 샌드위치 · 베이컨 치즈 스리라차 마요네즈 소스 랜치소스 빵 스크램블 에그",OFFICIAL-BRAND-NUTRITION:QUALITY-EGGDROP-92F88DE75932|https://eggdrop.com/menu/view.php?seq=46,True,OFFICIAL_DESCRIPTION_REVIEW
official-quality-eggdrop-a67caa18d6a1,에그드랍,갈릭 베이컨 치즈,,샌드위치,"갈릭버터를 발라 바삭하게 구운 브리오쉬와 스크램블 에그, 베이컨, 아메리칸 치즈가 어우러져 풍미가 가득한 두터운 매니아 층을 가진 샌드위치 · 베이컨 치즈 스리라차 마요네즈 소스 랜치소스 갈릭빵 스크램블 에그",OFFICIAL-BRAND-NUTRITION:QUALITY-EGGDROP-A67CAA18D6A1|https://eggdrop.com/menu/view.php?seq=48,True,OFFICIAL_DESCRIPTION_REVIEW
official-quality-eggdrop-d01989c465ec,에그드랍,비프 데리야끼,,샌드위치,에 통째로 올라간 반숙란이 고소함과 촉촉함을 더하는 샌드위치 · 스리라차 마요네즈 소스 랜치소스 빵 반숙란,OFFICIAL-BRAND-NUTRITION:QUALITY-EGGDROP-D01989C465EC|https://eggdrop.com/menu/view.php?seq=47,True,OFFICIAL_DESCRIPTION_REVIEW
official-quality-pokeallday-5348daeb79aa,포케올데이,훈제오리 밸런스 박스,,,훈제오리 밸런스 박스,OFFICIAL-BRAND-NUTRITION:QUALITY-POKEALLDAY-5348DAEB79AA|https://pokeallday.co.kr/allergy|https://pokeallday.co.kr/menu_balance_box,False,AMBIGUOUS_NAME_OR_UNSUPPORTED_DISH_KIND
official-quality-pokeallday-631144c60af7,포케올데이,닭가슴살 밸런스 박스,,,닭가슴살 밸런스 박스,OFFICIAL-BRAND-NUTRITION:QUALITY-POKEALLDAY-631144C60AF7|https://pokeallday.co.kr/allergy|https://pokeallday.co.kr/menu_balance_box,False,AMBIGUOUS_NAME_OR_UNSUPPORTED_DISH_KIND
official-quality-pokeallday-7de2c7b68ab3,포케올데이,소고기 밸런스 박스,,,소고기 밸런스 박스,OFFICIAL-BRAND-NUTRITION:QUALITY-POKEALLDAY-7DE2C7B68AB3|https://pokeallday.co.kr/allergy|https://pokeallday.co.kr/menu_balance_box,False,AMBIGUOUS_NAME_OR_UNSUPPORTED_DISH_KIND
official-quality-pokeallday-e7e9b01e14b1,포케올데이,두부버섯 밸런스 박스,,,두부버섯 밸런스 박스,OFFICIAL-BRAND-NUTRITION:QUALITY-POKEALLDAY-E7E9B01E14B1|https://pokeallday.co.kr/allergy|https://pokeallday.co.kr/menu_balance_box,False,AMBIGUOUS_NAME_OR_UNSUPPORTED_DISH_KIND
official-quality-slowcali-0786a82a713d,슬로우캘리,훈제오리 40g,,,훈제오리 40g,OFFICIAL-BRAND-NUTRITION:QUALITY-SLOWCALI-0786A82A713D|https://slowcali.co.kr/bbs/content.php?co_id=menu,False,INGREDIENT_TOPPING_OR_PORTION_IDENTITY
official-quality-slowcali-1add632ce690,슬로우캘리,베이컨칩 5g,,,베이컨칩 5g,OFFICIAL-BRAND-NUTRITION:QUALITY-SLOWCALI-1ADD632CE690|https://slowcali.co.kr/bbs/content.php?co_id=menu,False,INGREDIENT_TOPPING_OR_PORTION_IDENTITY
official-quality-slowcali-2ce5b62049d4,슬로우캘리,연.참.문.퐄,,,"생연어, 참치, 문어, 양파후레이크, 에다마메, 날치알, 김, 후리카케",OFFICIAL-BRAND-NUTRITION:QUALITY-SLOWCALI-2CE5B62049D4|https://slowcali.co.kr/bbs/content.php?co_id=menu,False,AMBIGUOUS_NAME_OR_UNSUPPORTED_DISH_KIND
official-quality-slowcali-43028619a4ad,슬로우캘리,병아리콩 15g,,,병아리콩 15g,OFFICIAL-BRAND-NUTRITION:QUALITY-SLOWCALI-43028619A4AD|https://slowcali.co.kr/bbs/content.php?co_id=menu,False,INGREDIENT_TOPPING_OR_PORTION_IDENTITY
official-quality-slowcali-44e392d2df7b,슬로우캘리,문어 30g,,,문어 30g,OFFICIAL-BRAND-NUTRITION:QUALITY-SLOWCALI-44E392D2DF7B|https://slowcali.co.kr/bbs/content.php?co_id=menu,False,INGREDIENT_TOPPING_OR_PORTION_IDENTITY
official-quality-slowcali-47cdfb1811a5,슬로우캘리,삶은 계란 1EA,,,삶은 계란 1EA,OFFICIAL-BRAND-NUTRITION:QUALITY-SLOWCALI-47CDFB1811A5|https://slowcali.co.kr/bbs/content.php?co_id=menu,False,INGREDIENT_TOPPING_OR_PORTION_IDENTITY
official-quality-slowcali-53d7e956f486,슬로우캘리,부채살 120g,,,부채살 120g,OFFICIAL-BRAND-NUTRITION:QUALITY-SLOWCALI-53D7E956F486|https://slowcali.co.kr/bbs/content.php?co_id=menu,False,INGREDIENT_TOPPING_OR_PORTION_IDENTITY
official-quality-slowcali-7249fe909f7f,슬로우캘리,해초볶음 30g,,,해초볶음 30g,OFFICIAL-BRAND-NUTRITION:QUALITY-SLOWCALI-7249FE909F7F|https://slowcali.co.kr/bbs/content.php?co_id=menu,False,INGREDIENT_TOPPING_OR_PORTION_IDENTITY
official-quality-slowcali-7ae23a4ca903,슬로우캘리,에다마메 15g,,,에다마메 15g,OFFICIAL-BRAND-NUTRITION:QUALITY-SLOWCALI-7AE23A4CA903|https://slowcali.co.kr/bbs/content.php?co_id=menu,False,INGREDIENT_TOPPING_OR_PORTION_IDENTITY
official-quality-slowcali-7b2eb34c2fe5,슬로우캘리,연어 30g,,,연어 30g,OFFICIAL-BRAND-NUTRITION:QUALITY-SLOWCALI-7B2EB34C2FE5|https://slowcali.co.kr/bbs/content.php?co_id=menu,False,INGREDIENT_TOPPING_OR_PORTION_IDENTITY
official-quality-slowcali-8187dbcb2288,슬로우캘리,그래놀라 10g,,,그래놀라 10g,OFFICIAL-BRAND-NUTRITION:QUALITY-SLOWCALI-8187DBCB2288|https://slowcali.co.kr/bbs/content.php?co_id=menu,False,INGREDIENT_TOPPING_OR_PORTION_IDENTITY
official-quality-slowcali-9acb34672c9f,슬로우캘리,참치 30g,,,참치 30g,OFFICIAL-BRAND-NUTRITION:QUALITY-SLOWCALI-9ACB34672C9F|https://slowcali.co.kr/bbs/content.php?co_id=menu,False,INGREDIENT_TOPPING_OR_PORTION_IDENTITY
official-quality-slowcali-a2c449ff7165,슬로우캘리,아보카도 1/4,,,아보카도 1/4,OFFICIAL-BRAND-NUTRITION:QUALITY-SLOWCALI-A2C449FF7165|https://slowcali.co.kr/bbs/content.php?co_id=menu,False,AMBIGUOUS_NAME_OR_UNSUPPORTED_DISH_KIND
official-quality-slowcali-a891e79a883f,슬로우캘리,갈릭새우 5EA,,,갈릭새우 5EA,OFFICIAL-BRAND-NUTRITION:QUALITY-SLOWCALI-A891E79A883F|https://slowcali.co.kr/bbs/content.php?co_id=menu,False,INGREDIENT_TOPPING_OR_PORTION_IDENTITY
official-quality-slowcali-b1b789657aca,슬로우캘리,크루통 10g,,,크루통 10g,OFFICIAL-BRAND-NUTRITION:QUALITY-SLOWCALI-B1B789657ACA|https://slowcali.co.kr/bbs/content.php?co_id=menu,False,INGREDIENT_TOPPING_OR_PORTION_IDENTITY
official-quality-slowcali-c7fe2e85b5d0,슬로우캘리,현미밥 130g,,,현미밥 130g,OFFICIAL-BRAND-NUTRITION:QUALITY-SLOWCALI-C7FE2E85B5D0|https://slowcali.co.kr/bbs/content.php?co_id=menu,False,INGREDIENT_TOPPING_OR_PORTION_IDENTITY
official-quality-slowcali-c926ed1f2e24,슬로우캘리,그라노파다노 치즈 3g,,,그라노파다노 치즈 3g,OFFICIAL-BRAND-NUTRITION:QUALITY-SLOWCALI-C926ED1F2E24|https://slowcali.co.kr/bbs/content.php?co_id=menu,False,INGREDIENT_TOPPING_OR_PORTION_IDENTITY
official-quality-slowcali-caaacca09bfb,슬로우캘리,날치알 15g,,,날치알 15g,OFFICIAL-BRAND-NUTRITION:QUALITY-SLOWCALI-CAAACCA09BFB|https://slowcali.co.kr/bbs/content.php?co_id=menu,False,INGREDIENT_TOPPING_OR_PORTION_IDENTITY
official-quality-slowcali-d431fbbb2b95,슬로우캘리,스파이시 토마토 야채 스프,,,"방울토마토, 양파, 브로콜리, 감자, 당근, 레드페퍼",OFFICIAL-BRAND-NUTRITION:QUALITY-SLOWCALI-D431FBBB2B95|https://slowcali.co.kr/bbs/content.php?co_id=menu,False,NO_EXISTING_SOUP_MENU_CATEGORY
official-quality-slowcali-dc28f13a796d,슬로우캘리,닭가슴살 40g,,,닭가슴살 40g,OFFICIAL-BRAND-NUTRITION:QUALITY-SLOWCALI-DC28F13A796D|https://slowcali.co.kr/bbs/content.php?co_id=menu,False,INGREDIENT_TOPPING_OR_PORTION_IDENTITY
official-quality-slowcali-e5edf17cce08,슬로우캘리,아보카도 1/2,,,아보카도 1/2,OFFICIAL-BRAND-NUTRITION:QUALITY-SLOWCALI-E5EDF17CCE08|https://slowcali.co.kr/bbs/content.php?co_id=menu,False,AMBIGUOUS_NAME_OR_UNSUPPORTED_DISH_KIND
official-quality-slowcali-e6aaa6900f3f,슬로우캘리,할라피뇨 10g,,,할라피뇨 10g,OFFICIAL-BRAND-NUTRITION:QUALITY-SLOWCALI-E6AAA6900F3F|https://slowcali.co.kr/bbs/content.php?co_id=menu,False,INGREDIENT_TOPPING_OR_PORTION_IDENTITY
official-quality-slowcali-ee5e4f91853f,슬로우캘리,두부 40g,,,두부 40g,OFFICIAL-BRAND-NUTRITION:QUALITY-SLOWCALI-EE5E4F91853F|https://slowcali.co.kr/bbs/content.php?co_id=menu,False,INGREDIENT_TOPPING_OR_PORTION_IDENTITY
official-quality-slowcali-f58264c9e2e7,슬로우캘리,구운버섯 40g,,,구운버섯 40g,OFFICIAL-BRAND-NUTRITION:QUALITY-SLOWCALI-F58264C9E2E7|https://slowcali.co.kr/bbs/content.php?co_id=menu,False,INGREDIENT_TOPPING_OR_PORTION_IDENTITY
official-quality-slowcali-f652e773f712,슬로우캘리,구운 단호박 2EA,,,구운 단호박 2EA,OFFICIAL-BRAND-NUTRITION:QUALITY-SLOWCALI-F652E773F712|https://slowcali.co.kr/bbs/content.php?co_id=menu,False,INGREDIENT_TOPPING_OR_PORTION_IDENTITY
official-quality-subway-6cd1252b2a04,써브웨이,화이트 초코 마카다미아,,,고소함 가득한 마카다미아와 달콤한 화이트 초콜릿의 환상 궁합,OFFICIAL-BRAND-NUTRITION:QUALITY-SUBWAY-6CD1252B2A04|https://www.subway.co.kr/menuView/sidedrink?menuItemIdx=1311,False,AMBIGUOUS_NAME_OR_UNSUPPORTED_DISH_KIND
official-quality-subway-9b0081f452a2,써브웨이,더블 초코칩,,,부드러운 화이트초콜릿과 다크 초콜릿의 절묘한 조화로 더욱 풍부한 달콤함,OFFICIAL-BRAND-NUTRITION:QUALITY-SUBWAY-9B0081F452A2|https://www.subway.co.kr/menuView/sidedrink?menuItemIdx=1307,False,AMBIGUOUS_NAME_OR_UNSUPPORTED_DISH_KIND
official-quality-subway-d550ef40160a,써브웨이,초코칩,,,알알이 가득한 초코의 가장 클래식한 달콤함,OFFICIAL-BRAND-NUTRITION:QUALITY-SUBWAY-D550EF40160A|https://www.subway.co.kr/menuView/sidedrink?menuItemIdx=1308,False,AMBIGUOUS_NAME_OR_UNSUPPORTED_DISH_KIND
official-quality-subway-e34b3bc13ae8,써브웨이,오트밀 레이즌,,,건포도와 귀리에 살짝 더해진 계피향의 환상적인 조화,OFFICIAL-BRAND-NUTRITION:QUALITY-SUBWAY-E34B3BC13AE8|https://www.subway.co.kr/menuView/sidedrink?menuItemIdx=1309,False,AMBIGUOUS_NAME_OR_UNSUPPORTED_DISH_KIND
official-menu-twozzim-f6e7243c4d88,두찜,닭볶음탕,,한식,닭볶음탕,https://www.twozzim.com/bbs/board.php?bo_table=menu&wr_id=27,True,EXPLICIT_INDIVIDUAL_DISH_NAME
official-quality-bongchu-11fae3c79a32,봉추찜닭,두가지치즈,,,진하고 고소한 맛의 체다치즈와 부드럽고 풍부한 맛의 모짜렐라치즈가 어우러진 토핑 메뉴,http://www.bongchu.com/layout/res/home.php?go=page1.0&mid=10,False,AMBIGUOUS_NAME_OR_UNSUPPORTED_DISH_KIND
official-quality-bongchu-2fcb97141dcf,봉추찜닭,누룽지,,,매장에서 직접 구워 더욱 바삭·고소하고 찜닭&닭매운탕의 소스와 함께 즐기기 좋은 봉추의 대표 사이드 메뉴,http://www.bongchu.com/layout/res/home.php?go=page1.0&mid=10,False,AMBIGUOUS_NAME_OR_UNSUPPORTED_DISH_KIND
official-quality-bongchu-4fbb98548f35,봉추찜닭,닭매운탕,,한식,얼큰한 국물이 일품인 봉추의 신메뉴,http://www.bongchu.com/layout/res/home.php?go=page1.0&mid=10,True,EXPLICIT_INDIVIDUAL_DISH_NAME
official-quality-ilmiri-0a6a27fb10c3,일미리금계찜닭,계란밥,,덮밥,[ 계란밥 맛있게 먹기 ] ① 찜닭과 계란밥을 주문한다. ② 찜닭소스를 계란밥에 얹는다.(2스푼 추천!) ③ 계란과 함께 비벼먹는다.,https://goldjjimdak.com/html/menu.php,True,EXPLICIT_INDIVIDUAL_DISH_NAME
official-quality-hyundaiok-05e8a2eca6ab,현대옥,모주,,,막걸리에 여러 한방재료를 넣고 끓이면서 알콜 성분을 증발시킨 음료 여름에는 '차갑게' / 겨울에는 '따뜻하게' 드시면 더욱 좋습니다.,http://www.hyundaiok.com/menu,False,AMBIGUOUS_NAME_OR_UNSUPPORTED_DISH_KIND
official-quality-hyundaiok-244f5882f18f,현대옥,데친큰오징어 한마리,,,데친큰오징어 한마리,http://www.hyundaiok.com/menu,False,AMBIGUOUS_NAME_OR_UNSUPPORTED_DISH_KIND
official-menu-sinjeon-8adf5898603b,신전떡볶이,맵닭,,,맵닭,https://www.sinjeon.co.kr/doc/menu03.php,False,AMBIGUOUS_NAME_OR_UNSUPPORTED_DISH_KIND
official-menu-sinjeon-1c9b56c18075,신전떡볶이,로제맵닭,,,로제맵닭,https://www.sinjeon.co.kr/doc/menu03.php,False,AMBIGUOUS_NAME_OR_UNSUPPORTED_DISH_KIND
official-menu-sinjeon-3b5895dd25fb,신전떡볶이,잡채말이,,,잡채말이,https://www.sinjeon.co.kr/doc/menu04.php,False,AMBIGUOUS_NAME_OR_UNSUPPORTED_DISH_KIND
official-menu-sinjeon-306c8d51b5f4,신전떡볶이,납작면,,,납작면,https://www.sinjeon.co.kr/doc/menu06.php,False,AMBIGUOUS_NAME_OR_UNSUPPORTED_DISH_KIND
official-menu-sinjeon-4546732a7075,신전떡볶이,베이컨,,,베이컨,https://www.sinjeon.co.kr/doc/menu06.php,False,AMBIGUOUS_NAME_OR_UNSUPPORTED_DISH_KIND
official-menu-sinjeon-c07a24dc2433,신전떡볶이,메추리알,,,메추리알,https://www.sinjeon.co.kr/doc/menu06.php,False,AMBIGUOUS_NAME_OR_UNSUPPORTED_DISH_KIND
official-menu-sinjeon-b66894f0810b,신전떡볶이,비엔나,,,비엔나,https://www.sinjeon.co.kr/doc/menu06.php,False,AMBIGUOUS_NAME_OR_UNSUPPORTED_DISH_KIND
official-menu-sinjeon-58da808d8e10,신전떡볶이,단무지,,,단무지,https://www.sinjeon.co.kr/doc/menu06.php,False,AMBIGUOUS_NAME_OR_UNSUPPORTED_DISH_KIND
official-menu-sinjeon-5ac09b604849,신전떡볶이,분모자,,,분모자,https://www.sinjeon.co.kr/doc/menu06.php,False,AMBIGUOUS_NAME_OR_UNSUPPORTED_DISH_KIND
official-menu-sinjeon-1a9bb5c074c5,신전떡볶이,콘버터,,,콘버터,https://www.sinjeon.co.kr/doc/menu06.php,False,AMBIGUOUS_NAME_OR_UNSUPPORTED_DISH_KIND
official-quality-jaws-e89ae9e80dc4,죠스떡볶이,죠스쿨,,,죠스는 언제나 즐겁습니다.,https://jawsfood.co.kr/menu/view.html?seq=19,False,AMBIGUOUS_NAME_OR_UNSUPPORTED_DISH_KIND
official-quality-youngdabang-15687b585e9c,청년다방,두부피롤,,,두부피롤,https://youngdabang.com/html/menu_view.html,False,AMBIGUOUS_NAME_OR_UNSUPPORTED_DISH_KIND
official-quality-youngdabang-38422c285f79,청년다방,비엔나햄,,,비엔나햄,https://youngdabang.com/html/menu_view.html,False,AMBIGUOUS_NAME_OR_UNSUPPORTED_DISH_KIND
official-quality-youngdabang-569da301eb06,청년다방,감자후레이크,,,감자후레이크,https://youngdabang.com/html/menu_view.html,False,AMBIGUOUS_NAME_OR_UNSUPPORTED_DISH_KIND
official-quality-youngdabang-5ac09b604849,청년다방,분모자,,,분모자,https://youngdabang.com/html/menu_view.html,False,AMBIGUOUS_NAME_OR_UNSUPPORTED_DISH_KIND
official-quality-youngdabang-c07a24dc2433,청년다방,메추리알,,,메추리알,https://youngdabang.com/html/menu_view.html,False,AMBIGUOUS_NAME_OR_UNSUPPORTED_DISH_KIND
official-quality-youngdabang-cf2eb1e941e5,청년다방,치즈밥,,덮밥,엔젤치즈로 한번 더! 진짜 치즈 볶음밥,https://youngdabang.com/html/menu_view.html,True,EXPLICIT_INDIVIDUAL_DISH_NAME
official-quality-youngdabang-e318f88df30a,청년다방,엔젤치즈,,,엔젤치즈,https://youngdabang.com/html/menu_view.html,False,AMBIGUOUS_NAME_OR_UNSUPPORTED_DISH_KIND
official-quality-schoolfood-03d1d2db2cc2,스쿨푸드,모짜렐라 스페셜Ⅰ,,,모짜렐라 스팸 계란 마리 + 모짜렐라 통새우 계란 마리,http://schoolfood.freewebclub.com/menu/menu.html,False,AMBIGUOUS_NAME_OR_UNSUPPORTED_DISH_KIND
official-quality-schoolfood-18a5d6b2adaf,스쿨푸드,스페셜마리 IV,,,전복 + 스팸 + 오징어 먹물 마리,http://schoolfood.freewebclub.com/menu/menu.html,False,AMBIGUOUS_NAME_OR_UNSUPPORTED_DISH_KIND
official-quality-schoolfood-1b46b12618be,스쿨푸드,함바그 스테이크,,,스쿨푸드 특제 소스와 부드러운 계란이 올라간 함바그 스테이크,http://schoolfood.freewebclub.com/menu/menu.html|http://www.schoolfood.co.kr/pop/pop_orgin.html,False,AMBIGUOUS_NAME_OR_UNSUPPORTED_DISH_KIND
official-quality-schoolfood-1ffeeb95e8a3,스쿨푸드,떡순이모둠,,,"길거리표 떡볶이에 순대, 군만두, 계란을 올린 모듬 떡볶이",http://schoolfood.freewebclub.com/menu/menu.html,False,MIXED_SET_NOT_SINGLE_DISH
official-quality-schoolfood-299166c9b9a7,스쿨푸드,통새우마리,,,바삭한 통새우 튀김으로 맛을 낸 마리,http://schoolfood.freewebclub.com/menu/menu.html|http://www.schoolfood.co.kr/pop/pop_orgin.html,False,AMBIGUOUS_NAME_OR_UNSUPPORTED_DISH_KIND
official-quality-schoolfood-2e7168ec0cc2,스쿨푸드,쟁반국떡,,,부숴먹을때 더 맛있는 야끼만두와 넉넉한 양의 국물 떡볶이,http://schoolfood.freewebclub.com/menu/menu.html,False,AMBIGUOUS_NAME_OR_UNSUPPORTED_DISH_KIND
official-quality-schoolfood-5f5840459782,스쿨푸드,오도독매콤 짱아치,,,스쿨푸드만의 비법 양념으로 만든 오도독 짱아치,http://schoolfood.freewebclub.com/menu/menu.html|http://www.schoolfood.co.kr/pop/pop_orgin.html,False,AMBIGUOUS_NAME_OR_UNSUPPORTED_DISH_KIND
official-quality-schoolfood-6280cbc2a473,스쿨푸드,짱아치 충무마리,,,오징어·어묵·짱아치가 완성하는 충무의 삼합,http://schoolfood.freewebclub.com/menu/menu.html|http://www.schoolfood.co.kr/pop/pop_orgin.html,False,AMBIGUOUS_NAME_OR_UNSUPPORTED_DISH_KIND
official-quality-schoolfood-716666b600e1,스쿨푸드,모짜렐라 통새우 계란 마리,,,통새우마리에 모짜렐라치즈와 계란옷을 입힌 마리,http://schoolfood.freewebclub.com/menu/menu.html|http://www.schoolfood.co.kr/pop/pop_orgin.html,False,AMBIGUOUS_NAME_OR_UNSUPPORTED_DISH_KIND
official-quality-schoolfood-71ba13647a07,스쿨푸드,모짜렐라 스팸 계란 마리,,,스팸마리에 모짜렐라치즈와 계란옷을 입힌 마리,http://schoolfood.freewebclub.com/menu/menu.html|http://www.schoolfood.co.kr/pop/pop_orgin.html,False,AMBIGUOUS_NAME_OR_UNSUPPORTED_DISH_KIND
official-quality-schoolfood-731dc6ee64e2,스쿨푸드,멸치마리,,,몸에 좋은 볶은 멸치와 단무지가 들어간 마리,http://schoolfood.freewebclub.com/menu/menu.html|http://www.schoolfood.co.kr/pop/pop_orgin.html,False,AMBIGUOUS_NAME_OR_UNSUPPORTED_DISH_KIND
official-quality-schoolfood-81f9c6361527,스쿨푸드,모짜레드 통새우 계란 마리,,,매콤달콤 스쿨푸드 시그니처 레드스윗 소스로 양념한 통새우 튀김에 모짜렐라치즈와 계란옷을 입힌 마리,http://schoolfood.freewebclub.com/menu/menu.html|http://www.schoolfood.co.kr/pop/pop_orgin.html,False,AMBIGUOUS_NAME_OR_UNSUPPORTED_DISH_KIND
official-quality-schoolfood-84a7cc3552b8,스쿨푸드,전복 계란 마리,,,간장소스에 졸인 전복과 짱아치로 맛을 내 계란옷을 입힌 마리,http://schoolfood.freewebclub.com/menu/menu.html|http://www.schoolfood.co.kr/pop/pop_orgin.html,False,AMBIGUOUS_NAME_OR_UNSUPPORTED_DISH_KIND
official-quality-schoolfood-8e5102e100c3,스쿨푸드,고추멸치마리,,,멸치와 볶은 청양고추로 만든 매콤달콤 고소한 마리,http://schoolfood.freewebclub.com/menu/menu.html|http://www.schoolfood.co.kr/pop/pop_orgin.html,False,AMBIGUOUS_NAME_OR_UNSUPPORTED_DISH_KIND
official-quality-schoolfood-a98ea1a99088,스쿨푸드,스패니쉬 오징어 먹물 마리,,,스페인산 고급 오징어 먹물로 버무린 밥에 오징어 살을 넣은 마리,http://schoolfood.freewebclub.com/menu/menu.html|http://www.schoolfood.co.kr/pop/pop_orgin.html,False,AMBIGUOUS_NAME_OR_UNSUPPORTED_DISH_KIND
official-quality-schoolfood-ab90ff315b6f,스쿨푸드,김치마리,,,"맛있는 김치와 깻잎, 아삭한 단무지가 들어간 건강한 마리",http://schoolfood.freewebclub.com/menu/menu.html|http://www.schoolfood.co.kr/pop/pop_orgin.html,False,AMBIGUOUS_NAME_OR_UNSUPPORTED_DISH_KIND
official-quality-schoolfood-b6917f8c2e41,스쿨푸드,베이컨마늘마리,,,"통째로 튀겨내어 넣은 베이컨, 마늘 후레이크가 들어간 마리",http://schoolfood.freewebclub.com/menu/menu.html|http://www.schoolfood.co.kr/pop/pop_orgin.html,False,AMBIGUOUS_NAME_OR_UNSUPPORTED_DISH_KIND
official-quality-schoolfood-ed6135ab514d,스쿨푸드,스페셜마리 Ⅱ,,,오징어먹물+ 날치알+ 오리지널 스팸 마리,http://schoolfood.freewebclub.com/menu/menu.html,False,AMBIGUOUS_NAME_OR_UNSUPPORTED_DISH_KIND
official-quality-schoolfood-eefabc595388,스쿨푸드,참치마리,,,마요네즈 소스에 버무린 참치와 신선한 깻잎이 어우러진 마리,http://schoolfood.freewebclub.com/menu/menu.html|http://www.schoolfood.co.kr/pop/pop_orgin.html,False,AMBIGUOUS_NAME_OR_UNSUPPORTED_DISH_KIND
official-quality-schoolfood-f55e8bb2b9ee,스쿨푸드,오리지널 스팸마리,,,흰 밥과 가장 잘 어울리는 스팸을 넣은 마리,http://schoolfood.freewebclub.com/menu/menu.html|http://www.schoolfood.co.kr/pop/pop_orgin.html,False,AMBIGUOUS_NAME_OR_UNSUPPORTED_DISH_KIND
official-quality-schoolfood-f76919969dfe,스쿨푸드,전복마리,,,간장소스에 졸인 전복과 짱아치로 맛을 낸 마리,http://schoolfood.freewebclub.com/menu/menu.html|http://www.schoolfood.co.kr/pop/pop_orgin.html,False,AMBIGUOUS_NAME_OR_UNSUPPORTED_DISH_KIND
official-quality-schoolfood-fec35a930139,스쿨푸드,톡톡 날치알 마리,,,"깨밥에 날치알, 무순이 들어가 신선하고 깔끔한 맛을 내는 마리",http://schoolfood.freewebclub.com/menu/menu.html|http://www.schoolfood.co.kr/pop/pop_orgin.html,False,AMBIGUOUS_NAME_OR_UNSUPPORTED_DISH_KIND
official-menu-gimgane-65af7e9f404b,김가네,통새우롤,,,통새우롤,https://www.gimgane.co.kr/board/index.php?board=menu_01&sca=2,False,AMBIGUOUS_NAME_OR_UNSUPPORTED_DISH_KIND
official-menu-kobongmin-0cbaed0509f0,고봉민김밥인,맵엉마라통,,,맵엉마라통,https://kobongmin.com/renewal/03_menu/02.php,False,AMBIGUOUS_NAME_OR_UNSUPPORTED_DISH_KIND
official-menu-kobongmin-ff82cd681c2f,고봉민김밥인,맵엉청양모짜통,,,맵엉청양모짜통,https://kobongmin.com/renewal/03_menu/02.php,False,AMBIGUOUS_NAME_OR_UNSUPPORTED_DISH_KIND
official-menu-kobongmin-72478616d1b3,고봉민김밥인,맵엉소시지통,,,맵엉소시지통,https://kobongmin.com/renewal/03_menu/02.php,False,AMBIGUOUS_NAME_OR_UNSUPPORTED_DISH_KIND
official-menu-kobongmin-5a4ec926d0f3,고봉민김밥인,맵엉와사크래미통,,,맵엉와사크래미통,https://kobongmin.com/renewal/03_menu/02.php,False,AMBIGUOUS_NAME_OR_UNSUPPORTED_DISH_KIND
official-menu-kobongmin-d0d57d3675a9,고봉민김밥인,만둣국,,,만둣국,https://kobongmin.com/renewal/03_menu/03.php,False,AMBIGUOUS_NAME_OR_UNSUPPORTED_DISH_KIND
official-menu-kobongmin-1e223bd1bfd2,고봉민김밥인,떡국,,,떡국,https://kobongmin.com/renewal/03_menu/05.php,False,AMBIGUOUS_NAME_OR_UNSUPPORTED_DISH_KIND
official-quality-teacherkim-0fc04df58a65,바르다김선생,바른 호두강정,,,바르다 김선생이 깐깐하게 고른 호두를 달지 않게 버무린 건강 주전부리,https://www.teacherkim.co.kr/menu/view.html?pg=1&seq=51&bs=004005&sf=&ss=,False,AMBIGUOUS_NAME_OR_UNSUPPORTED_DISH_KIND
official-quality-teacherkim-34e5d56e1196,바르다김선생,한입 메밀전병,,한식,"국산 메밀가루로 만든 쫄깃한 메밀 피에 아삭한 김치, 돼지고기 소로 고소한 전병",https://www.teacherkim.co.kr/menu/view.html?pg=1&seq=46&bs=004004&sf=&ss=,True,EXPLICIT_INDIVIDUAL_DISH_NAME
official-quality-teacherkim-367a62434a66,바르다김선생,바른 참기름,,,반세기 전통장인의 압착방식을 그대로 담은 바른 참기름,https://www.teacherkim.co.kr/menu/view.html?pg=1&seq=51&bs=004005&sf=&ss=,False,AMBIGUOUS_NAME_OR_UNSUPPORTED_DISH_KIND
official-quality-teacherkim-48d91e9e05d9,바르다김선생,생 세트,,,바른 등심 돈가스 + 가락 떡볶이 + 갈비 만두,https://www.teacherkim.co.kr/menu/view.html?pg=1&seq=70&bs=004007&sf=&ss=,False,MIXED_SET_NOT_SINGLE_DISH
official-quality-teacherkim-9d3256c6b86d,바르다김선생,김 세트,,,바른 멸치 국수 + 매콤 장아찌 김밥,https://www.teacherkim.co.kr/menu/view.html?pg=1&seq=70&bs=004007&sf=&ss=,False,MIXED_SET_NOT_SINGLE_DISH
official-quality-teacherkim-f0f35de67d96,바르다김선생,선 세트,,,김선생 비빔면 + 갈비 만두,https://www.teacherkim.co.kr/menu/view.html?pg=1&seq=70&bs=004007&sf=&ss=,False,MIXED_SET_NOT_SINGLE_DISH
official-quality-hongkong-17b434fb9958,홍콩반점0410,차돌박이숙주볶음,,,아삭한 숙주와 담백한 차돌박이의 만남,https://www.theborn.co.kr/theborn_brand/%ED%99%8D%EC%BD%A9%EB%B0%98%EC%A0%900410/,False,AMBIGUOUS_NAME_OR_UNSUPPORTED_DISH_KIND
official-quality-hongkong-2f2468787ade,홍콩반점0410,크림새우,,,통통한 새우튀김에 부드럽고 달콤한 크림소스를 얹은 크림새우,https://www.theborn.co.kr/theborn_brand/%ED%99%8D%EC%BD%A9%EB%B0%98%EC%A0%900410/,False,AMBIGUOUS_NAME_OR_UNSUPPORTED_DISH_KIND
official-quality-ebiga-1782a7fadd00,이비가짬뽕,해물볶음,,,해물볶음,https://www.ebiga.co.kr/page/sub2_3.php,False,AMBIGUOUS_NAME_OR_UNSUPPORTED_DISH_KIND
official-quality-tanghua-dc560a83f746,탕화쿵푸,마라비빔,,,마라비빔,https://tanghuokungfu.co.kr/default/brand/index.php,False,AMBIGUOUS_NAME_OR_UNSUPPORTED_DISH_KIND
official-bon-bf101-539690,본죽,본메추리알장조림(400g),,한식,"탱글한 국산 메추리알 가득 담아 비법 소스로 만든 본 메추리알 장조림 · 1 메뉴 특징 탱글한 국산 메추리알 가득 담은 본 메추리알 장조림(400g) 탱글한 국산 메추리알을 가득 넣고 달달하면서도 짜지 않은 본죽 비법 소스로 만든 본 메추리알 장조림 감칠맛 가득한 밥도둑 반찬, 본죽의 메추리알 장조림을 이제 언제 어디서나 즐겨보세요! 2 제품 정보 3 반찬 제품 소개",https://api.bonif.co.kr/brand/v1/menu/detail?brdCd=BF101&cmdtIdx=539690|https://www.bonif.co.kr/brand/menu/detail?brdCd=BF101&cmdtIdx=539690,True,EXPLICIT_INDIVIDUAL_DISH_NAME
official-bon-bf101-212,본죽,든든한끼 본쇠고기장조림(80g),,한식,"쇠고기 장조림 80g · 1 메뉴 특징 한 끼 사이즈로 즐기는 달콤 짭조름한 간편 반찬 든든한끼 본쇠고기장조림 본죽 매장에서 즐기던 맛과 정성 그대로! 언제 어디서나 먹기 좋은 간편 반찬, 본쇠고기장조림. 한 끼 사이즈로 더 편안하게 만나보세요. 엄선한 건강한 쇠고기를 고온에서 푹 삶은 후 고기의 결을 따라 먹기 좋은 크기로 곱게 찢어 부드러우면서도 쫄깃한 식감으로 남녀노소 누구나 편하게 드실 수 있도록 완성하였습니다. 본죽만의 오랜 비법을 담아 야채 육수를 베이스로 우려낸 특제 간장 소스에 졸여 은은한 풍미가 감칠맛을 더합니다. 달짝지근하면서도 짭조름한 맛의 균형을 제대로 잡은 진정한 밥도둑! 든든한끼 본쇠고기장조림으로 간편하게 만나보세요. 2 제품 정보 3 반찬 제품 소개",https://api.bonif.co.kr/brand/v1/menu/detail?brdCd=BF101&cmdtIdx=212|https://www.bonif.co.kr/brand/menu/detail?brdCd=BF101&cmdtIdx=212,True,EXPLICIT_INDIVIDUAL_DISH_NAME
official-bon-bf101-526,본죽,든든한끼 오징어초무침(80g),,한식,"든든한끼 본오징어초무침 80g · 1 메뉴 특징 한 끼 사이즈로 간편하고 맛있게 즐기는 별미 반찬 든든한끼 본오징어초무침 본죽 매장에서 즐기던 맛과 정성 그대로! 언제 어디서나 먹기 좋은 별미 반찬, 본오징어초무침 한 끼 사이즈로 더 간편하게 만나보세요. 엄격하게 선별한 건강한 오징어 살로 만들어 쫄깃하고 탱탱한 식감이 일품입니다. 새콤 달콤한 초양념장에는 절인 무를 곱게 갈아 시원하고 달큰한 맛까지 더했습니다. 본죽의 노하우를 듬뿍 담아 누구나 빠져들 수 밖에 없는 별미로 완성하였습니다. 입맛 제대로 살리는 특별함, 든든한끼 본오징어초무침으로 간편하게 만나보세요. 2 제품 정보 3 반찬 제품 소개",https://api.bonif.co.kr/brand/v1/menu/detail?brdCd=BF101&cmdtIdx=526|https://www.bonif.co.kr/brand/menu/detail?brdCd=BF101&cmdtIdx=526,True,EXPLICIT_INDIVIDUAL_DISH_NAME
official-bon-bf101-539445,본죽,키즈장조림(80g),,한식,본죽 키즈장조림 80g · 1 메뉴 특징 아이를 위해 유기농 저염간장으로 순하고 부드럽게 만든 본죽 키즈장조림 본죽 매장에서 즐기던 맛과 정성 그대로! 어디서나 먹기 좋은 우리 아이 위한 키즈장조림. 엄격히 엄선한 건강한 쇠고기를 고온에서 푹 삶은 후 고기의 결을 따라 아이가 먹기 좋은 한 입 사이즈로 준비했습니다. 유기농 대두가 함유된 특제 저염간장으로 졸여 짠맛을 덜어내 더욱 순하고 부드러운 키즈 전용 장조림. 아이들이 좋아하는 고소한 메추리알까지 한 입에 쏙쏙! 본죽만의 오랜 비법을 담아 건강하고 맛있는 키즈장조림으로 아이와 함께 특별한 별미 반찬을 즐겨보세요. 2 제품 정보 3 반찬 제품 소개,https://api.bonif.co.kr/brand/v1/menu/detail?brdCd=BF101&cmdtIdx=539445|https://www.bonif.co.kr/brand/menu/detail?brdCd=BF101&cmdtIdx=539445,True,EXPLICIT_INDIVIDUAL_DISH_NAME
official-bon-bf101-341,본죽,본쇠고기장조림(300g),,한식,"쇠고기 장조림 300g · 1 메뉴 특징 달콤 짭조름한 완벽한 맛의 균형 본쇠고기장조림 본죽 매장에서 즐기던 맛과 정성 그대로! 언제 어디서나 먹기 좋은 간편 반찬, 본쇠고기장조림. 엄선한 건강한 쇠고기를 고온에서 푹 삶은 후 고기의 결을 따라 먹기 좋은 크기로 곱게 찢어 부드러우면서도 쫄깃한 식감으로 남녀노소 누구나 편하게 드실 수 있도록 완성하였습니다. 본죽만의 오랜 비법을 담아 야채 육수를 베이스로 우려낸 특제 간장 소스에 졸여 은은한 풍미가 감칠맛을 더합니다. 달짝지근하면서도 짭조름한 맛의 균형을 제대로 잡은 진정한 밥도둑! 본 쇠고기 장조림으로 간편하게 만나보세요. 2 제품 정보 3 반찬 제품 소개",https://api.bonif.co.kr/brand/v1/menu/detail?brdCd=BF101&cmdtIdx=341|https://www.bonif.co.kr/brand/menu/detail?brdCd=BF101&cmdtIdx=341,True,EXPLICIT_INDIVIDUAL_DISH_NAME
official-bon-bf101-545,본죽,든든한끼 본버터쇠고기장조림(70g),,한식,"든든한끼 본버터쇠고기장조림 70g · 1 메뉴 특징 한 끼 사이즈로 간편하고 맛있게 즐기는 별미 반찬 든든한끼 본버터쇠고기장조림 본죽 매장에서 즐기던 맛과 정성 그대로! 언제 어디서나 먹기 좋은 별미 반찬, 본버터쇠고기장조림. 한 끼 사이즈로 더 간편하게 만나보세요. 엄선한 건강한 쇠고기를 고온에서 푹 삶은 후 고기의 결을 따라 먹기 좋은 크기로 곱게 찢어 부드러우면서도 쫄깃한 식감으로 남녀노소 누구나 편하게 드실 수 있도록 완성하였습니다. 최적의 숙성을 위한 본죽의 노하우로 유익한 식물성 유산균을 첨가하여 가장 맛있게 발효될 수 있도록 만들었습니다. 본죽 장조림의 맛과 영양에 부드러운 버터의 풍미를 담아 더욱 맛있어요. 입맛 제대로 살리는 특별함, 든든한끼 본버터쇠고기장조림으로 간편하게 만나보세요. 2 제품 정보 3 반찬 제품 소개",https://api.bonif.co.kr/brand/v1/menu/detail?brdCd=BF101&cmdtIdx=545|https://www.bonif.co.kr/brand/menu/detail?brdCd=BF101&cmdtIdx=545,True,EXPLICIT_INDIVIDUAL_DISH_NAME
official-bon-bf101-343,본죽,본메추리알쇠고기장조림(150g),,한식,"메추리알쇠고기 장조림 150g · 1 메뉴 특징 보드라운 쇠고기와 고소한 메추리알의 완벽한 조합 본메추리알쇠고기장조림 본죽 매장에서 즐기던 맛과 정성 그대로! 언제 어디서나 먹기 좋은 간편 반찬, 본메추리알쇠고기장조림. 엄선한 건강한 쇠고기를 고온에서 푹 삶은 후 고기의 결을 따라 먹기 좋은 크기로 곱게 찢어 부드러우면서도 쫄깃한 식감으로 남녀노소 누구나 편하게 드실 수 있도록 완성하였습니다. 여기에 한 입에 먹기 좋은 고소한 메추리알까지 쏙쏙! 골라먹는 재미까지 느껴보세요. 본죽만의 오랜 비법을 담아 야채 육수를 베이스로 우려낸 특제 간장 소스에 졸여 은은한 풍미가 감칠맛을 더합니다. 달짝지근하면서도 짭조름한 맛의 균형을 제대로 잡은 진정한 밥도둑! 본메추리알쇠고기장조림을 간편하게 만나보세요. 2 제품 정보 3 반찬 제품 소개",https://api.bonif.co.kr/brand/v1/menu/detail?brdCd=BF101&cmdtIdx=343|https://www.bonif.co.kr/brand/menu/detail?brdCd=BF101&cmdtIdx=343,True,EXPLICIT_INDIVIDUAL_DISH_NAME
official-bon-bf101-477,본죽,본오징어초무침(150g),,한식,"본오징어초무침 150g · 1 메뉴 특징 새콤달콤 입맛 살리는 별미 본오징어초무침 본죽 매장에서 즐기던 맛과 정성 그대로! 언제 어디서나 먹기 좋은 별미 반찬, 본오징어초무침 엄격하게 선별한 건강한 오징어 살로 만들어 쫄깃하고 탱탱한 식감이 일품입니다. 새콤 달콤한 초양념장에는 절인 무를 곱게 갈아 시원하고 달큰한 맛까지 더했습니다. 본죽의 노하우를 듬뿍 담아 누구나 빠져들 수 밖에 없는 별미로 완성하였습니다. 입맛 제대로 살리는 특별함, 본오징어초무침을 간편하게 만나보세요. 2 제품 정보 3 반찬 제품 소개",https://api.bonif.co.kr/brand/v1/menu/detail?brdCd=BF101&cmdtIdx=477|https://www.bonif.co.kr/brand/menu/detail?brdCd=BF101&cmdtIdx=477,True,EXPLICIT_INDIVIDUAL_DISH_NAME
official-bon-bf101-538,본죽,본비트동치미(1kg),,,"비트 동치미 1kg · 1 메뉴 특징 본죽에서 즐기던 그 시원한 동치미, 이제 집에서도 간편하게! 국내산 무와 영양만점 비트를 담아 산뜻하고 시원한 동치미 식사와 함께 곁들이기 좋은 간편 반찬 본비트동치미를 지금 만나보세요. 2 제품 정보 3 반찬 제품 소개",https://api.bonif.co.kr/brand/v1/menu/detail?brdCd=BF101&cmdtIdx=538|https://www.bonif.co.kr/brand/menu/detail?brdCd=BF101&cmdtIdx=538,False,INGREDIENT_TOPPING_OR_PORTION_IDENTITY
official-bon-bf101-363,본죽,한우야채진밥,,덮밥,"이유식 완료기 (12 ~ 15개월) 한우야채진밥 180g · 1 메뉴 특징 한우와 다양한 야채의 영양이 듬뿍 [베이비본죽 to go] 한우야채진밥 본죽이 만든 프리미엄 이유식, 베이비본죽 to go를 간편하고 건강하게 만나보세요. 가볍게 휴대하기 좋은 실온 이유식으로 더욱 편리하게 즐길 수 있습니다. 고소하면서 은은한 풍미로 아이가 맛있게 즐기면서 성장에 필요한 영양분 섭취는 물론 자연스럽게 식품에 대한 경험까지 늘려갈 수 있도록 한우와 다양한 야채 등 풍부한 식재로 질감을 살린 한우야채진밥. 완료기 이유식은 12 ~ 15개월의 아이들을 위해 맞춘 제품입니다. 본격적인 유아식을 시작하기 전에 쉽게 적응할 수 있도록 도와주는 준비 단계로 아이가 씹는 연습을 더 잘할 수 있도록 끈기와 찰기가 있는 진밥 형태에 5 ~ 7mm로 재료의 입자감을 살려 완성하였습니다. 특히 운동량이 많아지는 이 시기의 아이들에게 5대 영양소 섭취와 에너지 보충은 물론 편식까지 예방할 수 있도록 다양한 자연의 식재를 함께 더해 균형 잡힌 식단으로 준비하였습니다. 성장에 중요한 철분 섭취를 위해 무항생제 한우까지 15% 이상 든든히 함유한 이유식! 우리 아이를 위한 맘이 편한 식사 시간, 쉽고 가볍게 만나보세요. 2 이 시기에 딱 좋아요! · 3 식재료 이야기 아이 성장 발달과 두뇌 개발에 중요한 철분. 그러나 생후 4 ~ 6개월이 지나면 신생아 때 물려받은 철분이 거의 다 소진되어 이유식을 통한 충분한 철분 섭취가 중요합니다. 베이비본죽 to go는 한우를 15%이상 함유하여 시중 제품에 비해 풍부한 철분 함유량을 자랑합니다. 특히 국내산 무항생제 한우를 사용하여 더욱 건강하게 고소하고 담백한 맛을 더했습니다. 맛과 영양을 모두 챙긴 똑똑한 이유식을 만나보세요. 아이들의 두뇌 발달에 좋은 레시틴 성분과 위를 튼튼하게 보호해주고 소화 불량을 개선하는 비타민 A가 풍부한 애호박과 당근, 양파까지 모두 건강한 국내산 식재를 사용하여 아이 성장에 중요한 영양분을 풍부하게 담았습니다. 특히 다양한 식감을 살려 아이의 턱과 입술의 발달을 돕고 질감을 더해 음식에 대한 경험을 자연스럽게 늘려가도록 도움을 주는 역할을 합니다. 건강한 우리 아이를 위한 현명한 선택, 간편하게 만나보세요. 4 이용 방법 5 주의 사항 6 제품 정보 7 간편식 및 음료 제품 소개",https://api.bonif.co.kr/brand/v1/menu/detail?brdCd=BF101&cmdtIdx=363|https://www.bonif.co.kr/brand/menu/detail?brdCd=BF101&cmdtIdx=363,True,EXPLICIT_INDIVIDUAL_DISH_NAME
official-bon-bf101-539443,본죽,"(낱개)우리땅,청매실",,,"우리 땅, 청매실 1팩(100ml) · 1 메뉴 특징 우리 땅에서 자란 국산 매실 본연의 맛을 담은 건강 한 잔 우리 땅, 청매실 우리 땅에서 자란 100% 국산 청매실과 천연 비타민C 사과를 한 컵에 담았습니다. 새콤달콤 입맛을 돋우고, 피로회복에도 좋은 천연 소화제 매실 본연의 맛을 맛있고 간편하게 느낄 수 있습니다. 본죽의 노하우를 담은 속 편하고 맛있는 건강 한 잔을 추천합니다. 2 제품 정보 3 간편식 및 음료 제품 소개",https://api.bonif.co.kr/brand/v1/menu/detail?brdCd=BF101&cmdtIdx=539443|https://www.bonif.co.kr/brand/menu/detail?brdCd=BF101&cmdtIdx=539443,False,AMBIGUOUS_NAME_OR_UNSUPPORTED_DISH_KIND
official-bon-bf101-539455,본죽,(낱개)뽀로로 홍삼쏙쏙,,,영양이 쏙! 맛있는 과즙이 쑥쑥~ 6년근 발효 홍삼이 함유된 어린이 건강 음료 · 1 메뉴 특징 맛있는 과즙이 쑥쑥 건강한 어린이 음료 뽀로로 홍삼쏙쏙 사과매실 어린이가 좋아하는 ‘뽀로로’ 캐릭터로 포장된 몸에 좋은 6년근 홍삼과 달콤한 사과매실 과즙을 담은 어린이 음료 2 간편식 및 음료 제품 소개,https://api.bonif.co.kr/brand/v1/menu/detail?brdCd=BF101&cmdtIdx=539455|https://www.bonif.co.kr/brand/menu/detail?brdCd=BF101&cmdtIdx=539455,False,AMBIGUOUS_NAME_OR_UNSUPPORTED_DISH_KIND
official-bon-bf102-540178,본죽&비빔밥,해물된장뚝배기,,,"신선한 해물과 콩나물의 시원함이 구수한 된장과 어우러진 깊고 진한 겨울의 맛! · 1 메뉴 특징 깊고 진한 겨울의 맛! 해물된장뚝배기 새우, 홍합, 오징어 등 신선한 해물과 콩나물의 시원함이 구수한 된장과 어우러진 깊고 진한 겨울의 맛! ※ 해당 메뉴는 계란후라이가 기본 제공됩니다.",https://api.bonif.co.kr/brand/v1/menu/detail?brdCd=BF102&cmdtIdx=540178|https://www.bonif.co.kr/brand/menu/detail?brdCd=BF102&cmdtIdx=540178,False,AMBIGUOUS_NAME_OR_UNSUPPORTED_DISH_KIND
official-bon-bf102-539896,본죽&비빔밥,콩비지뚝배기,,,부드러운 콩비지를 담백하게 끓여내어 고소한 맛이 일품인 뚝배기 한 상 ※ 해당 메뉴는 계란후라이가 기본 제공됩니다. · 1 메뉴 특징 고소하고 깊은 맛이 살아있는 콩비지뚝배기 부드러운 콩비지를 담백하게 끓여내어 고소한 맛이 일품인 뚝배기 한 상 ※ 해당 메뉴는 계란후라이가 기본 제공됩니다.,https://api.bonif.co.kr/brand/v1/menu/detail?brdCd=BF102&cmdtIdx=539896|https://www.bonif.co.kr/brand/menu/detail?brdCd=BF102&cmdtIdx=539896,False,AMBIGUOUS_NAME_OR_UNSUPPORTED_DISH_KIND
official-bon-bf102-539691,본죽&비빔밥,본메추리알장조림(400g),,한식,"탱글한 국산 메추리알 가득 담아 비법 소스로 만든 본 메추리알 장조림 · 1 메뉴 특징 탱글한 국산 메추리알 가득 담은 본 메추리알 장조림(400g) 탱글한 국산 메추리알을 가득 넣고 달달하면서도 짜지 않은 본죽 비법 소스로 만든 본 메추리알 장조림 감칠맛 가득한 밥도둑 반찬, 본죽의 메추리알 장조림을 이제 언제 어디서나 즐겨보세요! 2 제품 정보 3 반찬 제품 소개",https://api.bonif.co.kr/brand/v1/menu/detail?brdCd=BF102&cmdtIdx=539691|https://www.bonif.co.kr/brand/menu/detail?brdCd=BF102&cmdtIdx=539691,True,EXPLICIT_INDIVIDUAL_DISH_NAME
official-bon-bf102-213,본죽&비빔밥,든든한끼 본쇠고기장조림(80g),,한식,"쇠고기 장조림 80g · 1 메뉴 특징 한 끼 사이즈로 즐기는 달콤 짭조름한 간편 반찬 든든한끼 본쇠고기장조림 본죽 매장에서 즐기던 맛과 정성 그대로! 언제 어디서나 먹기 좋은 간편 반찬, 본쇠고기장조림. 한 끼 사이즈로 더 편안하게 만나보세요. 엄선한 건강한 쇠고기를 고온에서 푹 삶은 후 고기의 결을 따라 먹기 좋은 크기로 곱게 찢어 부드러우면서도 쫄깃한 식감으로 남녀노소 누구나 편하게 드실 수 있도록 완성하였습니다. 본죽만의 오랜 비법을 담아 야채 육수를 베이스로 우려낸 특제 간장 소스에 졸여 은은한 풍미가 감칠맛을 더합니다. 달짝지근하면서도 짭조름한 맛의 균형을 제대로 잡은 진정한 밥도둑! 든든한끼 본쇠고기장조림으로 간편하게 만나보세요. 2 제품 정보 3 반찬 제품 소개",https://api.bonif.co.kr/brand/v1/menu/detail?brdCd=BF102&cmdtIdx=213|https://www.bonif.co.kr/brand/menu/detail?brdCd=BF102&cmdtIdx=213,True,EXPLICIT_INDIVIDUAL_DISH_NAME
official-bon-bf102-527,본죽&비빔밥,든든한끼 오징어초무침(80g),,한식,"든든한끼 본오징어초무침 80g · 1 메뉴 특징 한 끼 사이즈로 간편하고 맛있게 즐기는 별미 반찬 든든한끼 본오징어초무침 본죽 매장에서 즐기던 맛과 정성 그대로! 언제 어디서나 먹기 좋은 별미 반찬, 본오징어초무침 한 끼 사이즈로 더 간편하게 만나보세요. 엄격하게 선별한 건강한 오징어 살로 만들어 쫄깃하고 탱탱한 식감이 일품입니다. 새콤 달콤한 초양념장에는 절인 무를 곱게 갈아 시원하고 달큰한 맛까지 더했습니다. 본죽의 노하우를 듬뿍 담아 누구나 빠져들 수 밖에 없는 별미로 완성하였습니다. 입맛 제대로 살리는 특별함, 든든한끼 본오징어초무침으로 간편하게 만나보세요. 2 제품 정보 3 반찬 제품 소개",https://api.bonif.co.kr/brand/v1/menu/detail?brdCd=BF102&cmdtIdx=527|https://www.bonif.co.kr/brand/menu/detail?brdCd=BF102&cmdtIdx=527,True,EXPLICIT_INDIVIDUAL_DISH_NAME
official-bon-bf102-539446,본죽&비빔밥,키즈장조림(80g),,한식,본죽 키즈장조림 80g · 1 메뉴 특징 아이를 위해 유기농 저염간장으로 순하고 부드럽게 만든 본죽 키즈장조림 본죽 매장에서 즐기던 맛과 정성 그대로! 어디서나 먹기 좋은 우리 아이 위한 키즈장조림. 엄격히 엄선한 건강한 쇠고기를 고온에서 푹 삶은 후 고기의 결을 따라 아이가 먹기 좋은 한 입 사이즈로 준비했습니다. 유기농 대두가 함유된 특제 저염간장으로 졸여 짠맛을 덜어내 더욱 순하고 부드러운 키즈 전용 장조림. 아이들이 좋아하는 고소한 메추리알까지 한 입에 쏙쏙! 본죽만의 오랜 비법을 담아 건강하고 맛있는 키즈장조림으로 아이와 함께 특별한 별미 반찬을 즐겨보세요. 2 제품 정보 3 반찬 제품 소개,https://api.bonif.co.kr/brand/v1/menu/detail?brdCd=BF102&cmdtIdx=539446|https://www.bonif.co.kr/brand/menu/detail?brdCd=BF102&cmdtIdx=539446,True,EXPLICIT_INDIVIDUAL_DISH_NAME
official-bon-bf102-342,본죽&비빔밥,본쇠고기장조림(300g),,한식,"쇠고기 장조림 300g · 1 메뉴 특징 달콤 짭조름한 완벽한 맛의 균형 본쇠고기장조림 본죽 매장에서 즐기던 맛과 정성 그대로! 언제 어디서나 먹기 좋은 간편 반찬, 본쇠고기장조림. 엄선한 건강한 쇠고기를 고온에서 푹 삶은 후 고기의 결을 따라 먹기 좋은 크기로 곱게 찢어 부드러우면서도 쫄깃한 식감으로 남녀노소 누구나 편하게 드실 수 있도록 완성하였습니다. 본죽만의 오랜 비법을 담아 야채 육수를 베이스로 우려낸 특제 간장 소스에 졸여 은은한 풍미가 감칠맛을 더합니다. 달짝지근하면서도 짭조름한 맛의 균형을 제대로 잡은 진정한 밥도둑! 본 쇠고기 장조림으로 간편하게 만나보세요. 2 제품 정보 3 반찬 제품 소개",https://api.bonif.co.kr/brand/v1/menu/detail?brdCd=BF102&cmdtIdx=342|https://www.bonif.co.kr/brand/menu/detail?brdCd=BF102&cmdtIdx=342,True,EXPLICIT_INDIVIDUAL_DISH_NAME
official-bon-bf102-546,본죽&비빔밥,든든한끼 본버터쇠고기장조림(70g),,한식,"든든한끼 본버터쇠고기장조림 70g · 1 메뉴 특징 한 끼 사이즈로 간편하고 맛있게 즐기는 별미 반찬 든든한끼 본버터쇠고기장조림 본죽 매장에서 즐기던 맛과 정성 그대로! 언제 어디서나 먹기 좋은 별미 반찬, 본버터쇠고기장조림. 한 끼 사이즈로 더 간편하게 만나보세요. 엄선한 건강한 쇠고기를 고온에서 푹 삶은 후 고기의 결을 따라 먹기 좋은 크기로 곱게 찢어 부드러우면서도 쫄깃한 식감으로 남녀노소 누구나 편하게 드실 수 있도록 완성하였습니다. 최적의 숙성을 위한 본죽의 노하우로 유익한 식물성 유산균을 첨가하여 가장 맛있게 발효될 수 있도록 만들었습니다. 본죽 장조림의 맛과 영양에 부드러운 버터의 풍미를 담아 더욱 맛있어요. 입맛 제대로 살리는 특별함, 든든한끼 본버터쇠고기장조림으로 간편하게 만나보세요. 2 제품 정보 3 반찬 제품 소개",https://api.bonif.co.kr/brand/v1/menu/detail?brdCd=BF102&cmdtIdx=546|https://www.bonif.co.kr/brand/menu/detail?brdCd=BF102&cmdtIdx=546,True,EXPLICIT_INDIVIDUAL_DISH_NAME
official-bon-bf102-344,본죽&비빔밥,본메추리알쇠고기장조림(150g),,한식,"메추리알쇠고기 장조림 150g · 1 메뉴 특징 보드라운 쇠고기와 고소한 메추리알의 완벽한 조합 본메추리알쇠고기장조림 본죽 매장에서 즐기던 맛과 정성 그대로! 언제 어디서나 먹기 좋은 간편 반찬, 본메추리알쇠고기장조림. 엄선한 건강한 쇠고기를 고온에서 푹 삶은 후 고기의 결을 따라 먹기 좋은 크기로 곱게 찢어 부드러우면서도 쫄깃한 식감으로 남녀노소 누구나 편하게 드실 수 있도록 완성하였습니다. 여기에 한 입에 먹기 좋은 고소한 메추리알까지 쏙쏙! 골라먹는 재미까지 느껴보세요. 본죽만의 오랜 비법을 담아 야채 육수를 베이스로 우려낸 특제 간장 소스에 졸여 은은한 풍미가 감칠맛을 더합니다. 달짝지근하면서도 짭조름한 맛의 균형을 제대로 잡은 진정한 밥도둑! 본메추리알쇠고기장조림을 간편하게 만나보세요. 2 제품 정보 3 반찬 제품 소개",https://api.bonif.co.kr/brand/v1/menu/detail?brdCd=BF102&cmdtIdx=344|https://www.bonif.co.kr/brand/menu/detail?brdCd=BF102&cmdtIdx=344,True,EXPLICIT_INDIVIDUAL_DISH_NAME
official-bon-bf102-476,본죽&비빔밥,본오징어초무침(150g),,한식,"본오징어초무침 150g · 1 메뉴 특징 새콤달콤 입맛 살리는 별미 본오징어초무침 본죽 매장에서 즐기던 맛과 정성 그대로! 언제 어디서나 먹기 좋은 별미 반찬, 본오징어초무침 엄격하게 선별한 건강한 오징어 살로 만들어 쫄깃하고 탱탱한 식감이 일품입니다. 새콤 달콤한 초양념장에는 절인 무를 곱게 갈아 시원하고 달큰한 맛까지 더했습니다. 본죽의 노하우를 듬뿍 담아 누구나 빠져들 수 밖에 없는 별미로 완성하였습니다. 입맛 제대로 살리는 특별함, 본오징어초무침을 간편하게 만나보세요. 2 제품 정보 3 반찬 제품 소개",https://api.bonif.co.kr/brand/v1/menu/detail?brdCd=BF102&cmdtIdx=476|https://www.bonif.co.kr/brand/menu/detail?brdCd=BF102&cmdtIdx=476,True,EXPLICIT_INDIVIDUAL_DISH_NAME
official-bon-bf102-539,본죽&비빔밥,본비트동치미(1kg),,,"비트 동치미 1kg · 1 메뉴 특징 본죽에서 즐기던 그 시원한 동치미, 이제 집에서도 간편하게! 국내산 무와 영양만점 비트를 담아 산뜻하고 시원한 동치미 식사와 함께 곁들이기 좋은 간편 반찬 본비트동치미를 지금 만나보세요. 2 제품 정보 3 반찬 제품 소개",https://api.bonif.co.kr/brand/v1/menu/detail?brdCd=BF102&cmdtIdx=539|https://www.bonif.co.kr/brand/menu/detail?brdCd=BF102&cmdtIdx=539,False,INGREDIENT_TOPPING_OR_PORTION_IDENTITY
official-bon-bf102-364,본죽&비빔밥,한우야채진밥,,덮밥,"이유식 완료기 (12 ~ 15개월) 한우야채진밥 180g · 1 메뉴 특징 한우와 다양한 야채의 영양이 듬뿍 [베이비본죽 to go] 한우야채진밥 본죽이 만든 프리미엄 이유식, 베이비본죽 to go를 간편하고 건강하게 만나보세요. 가볍게 휴대하기 좋은 실온 이유식으로 더욱 편리하게 즐길 수 있습니다. 고소하면서 은은한 풍미로 아이가 맛있게 즐기면서 성장에 필요한 영양분 섭취는 물론 자연스럽게 식품에 대한 경험까지 늘려갈 수 있도록 한우와 다양한 야채 등 풍부한 식재로 질감을 살린 한우야채진밥. 완료기 이유식은 12 ~ 15개월의 아이들을 위해 맞춘 제품입니다. 본격적인 유아식을 시작하기 전에 쉽게 적응할 수 있도록 도와주는 준비 단계로 아이가 씹는 연습을 더 잘할 수 있도록 끈기와 찰기가 있는 진밥 형태에 5 ~ 7mm로 재료의 입자감을 살려 완성하였습니다. 특히 운동량이 많아지는 이 시기의 아이들에게 5대 영양소 섭취와 에너지 보충은 물론 편식까지 예방할 수 있도록 다양한 자연의 식재를 함께 더해 균형 잡힌 식단으로 준비하였습니다. 성장에 중요한 철분 섭취를 위해 무항생제 한우까지 15% 이상 든든히 함유한 이유식! 우리 아이를 위한 맘이 편한 식사 시간, 쉽고 가볍게 만나보세요. 2 이 시기에 딱 좋아요! · 3 식재료 이야기 아이 성장 발달과 두뇌 개발에 중요한 철분. 그러나 생후 4 ~ 6개월이 지나면 신생아 때 물려받은 철분이 거의 다 소진되어 이유식을 통한 충분한 철분 섭취가 중요합니다. 베이비본죽 to go는 한우를 15%이상 함유하여 시중 제품에 비해 풍부한 철분 함유량을 자랑합니다. 특히 국내산 무항생제 한우를 사용하여 더욱 건강하게 고소하고 담백한 맛을 더했습니다. 맛과 영양을 모두 챙긴 똑똑한 이유식을 만나보세요. 아이들의 두뇌 발달에 좋은 레시틴 성분과 위를 튼튼하게 보호해주고 소화 불량을 개선하는 비타민 A가 풍부한 애호박과 당근, 양파까지 모두 건강한 국내산 식재를 사용하여 아이 성장에 중요한 영양분을 풍부하게 담았습니다. 특히 다양한 식감을 살려 아이의 턱과 입술의 발달을 돕고 질감을 더해 음식에 대한 경험을 자연스럽게 늘려가도록 도움을 주는 역할을 합니다. 건강한 우리 아이를 위한 현명한 선택, 간편하게 만나보세요. 4 이용 방법 5 주의 사항 6 제품 정보 7 간편식 및 음료 제품 소개",https://api.bonif.co.kr/brand/v1/menu/detail?brdCd=BF102&cmdtIdx=364|https://www.bonif.co.kr/brand/menu/detail?brdCd=BF102&cmdtIdx=364,True,EXPLICIT_INDIVIDUAL_DISH_NAME
official-bon-bf102-539444,본죽&비빔밥,"(낱개)우리땅,청매실",,,"우리 땅, 청매실 1팩(100ml) · 1 메뉴 특징 우리 땅에서 자란 국산 매실 본연의 맛을 담은 건강 한 잔 우리 땅, 청매실 우리 땅에서 자란 100% 국산 청매실과 천연 비타민C 사과를 한 컵에 담았습니다. 새콤달콤 입맛을 돋우고, 피로회복에도 좋은 천연 소화제 매실 본연의 맛을 맛있고 간편하게 느낄 수 있습니다. 본죽의 노하우를 담은 속 편하고 맛있는 건강 한 잔을 추천합니다. 2 제품 정보 3 간편식 및 음료 제품 소개",https://api.bonif.co.kr/brand/v1/menu/detail?brdCd=BF102&cmdtIdx=539444|https://www.bonif.co.kr/brand/menu/detail?brdCd=BF102&cmdtIdx=539444,False,AMBIGUOUS_NAME_OR_UNSUPPORTED_DISH_KIND
official-bon-bf102-539460,본죽&비빔밥,(낱개)뽀로로 홍삼쏙쏙,,,영양이 쏙! 맛있는 과즙이 쑥쑥~ 6년근 발효 홍삼이 함유된 어린이 건강 음료 · 1 메뉴 특징 맛있는 과즙이 쑥쑥 건강한 어린이 음료 뽀로로 홍삼쏙쏙 사과매실 어린이가 좋아하는 ‘뽀로로’ 캐릭터로 포장된 몸에 좋은 6년근 홍삼과 달콤한 사과매실 과즙을 담은 어린이 음료 2 간편식 및 음료 제품 소개,https://api.bonif.co.kr/brand/v1/menu/detail?brdCd=BF102&cmdtIdx=539460|https://www.bonif.co.kr/brand/menu/detail?brdCd=BF102&cmdtIdx=539460,False,AMBIGUOUS_NAME_OR_UNSUPPORTED_DISH_KIND
official-quality-jukstory-fec01e17d90e,죽이야기,녹두전,,한식,녹두전,https://www.jukstory.com/15,True,EXPLICIT_INDIVIDUAL_DISH_NAME
official-quality-namuya-57f525c66f2a,국수나무,15cm 감자전,,한식,15cm 감자전,https://www.namuya.co.kr/food/food.php?cat_no=7,True,EXPLICIT_INDIVIDUAL_DISH_NAME
official-quality-namuya-f752b968562d,국수나무,15cm 김치전,,한식,15cm 김치전,https://www.namuya.co.kr/food/food.php?cat_no=7,True,EXPLICIT_INDIVIDUAL_DISH_NAME
official-quality-yeokjeon-0c2345dad085,역전우동0410,데리마요롤,,,데리마요롤,https://udon0410.com/menu/,False,AMBIGUOUS_NAME_OR_UNSUPPORTED_DISH_KIND
official-quality-yeokjeon-2bc7f52f7b02,역전우동0410,우볶이,,,학교 앞 추억의 떡볶이 국물과 탱글탱글한 우동의 조화!,https://udon0410.com/menu/,False,AMBIGUOUS_NAME_OR_UNSUPPORTED_DISH_KIND
official-quality-yeokjeon-90bd78240958,역전우동0410,명란마요롤,,,명란마요롤,https://udon0410.com/menu/,False,AMBIGUOUS_NAME_OR_UNSUPPORTED_DISH_KIND
official-quality-yeokjeon-a688d43be9f4,역전우동0410,타르타르롤,,,타르타르롤,https://udon0410.com/menu/,False,AMBIGUOUS_NAME_OR_UNSUPPORTED_DISH_KIND
official-quality-yeokjeon-c957e89e2648,역전우동0410,미니오코노미야키,,,미니오코노미야키,https://udon0410.com/menu/,False,AMBIGUOUS_NAME_OR_UNSUPPORTED_DISH_KIND
official-quality-hongik-8099a0e2b465,홍익돈까스,세트A,,,세트A,https://contents.sixshop.com/thumbnails/uploadedFiles/39154/default/image_1788412684430_1500.png|https://www.hongikdonkatsu.com/menu_2021_porkcutlet,False,MIXED_SET_NOT_SINGLE_DISH
official-quality-hongik-bba58a8c3bf1,홍익돈까스,세트B,,,세트B,https://contents.sixshop.com/thumbnails/uploadedFiles/39154/default/image_1788412684430_1500.png|https://www.hongikdonkatsu.com/menu_2021_porkcutlet,False,MIXED_SET_NOT_SINGLE_DISH
official-quality-hongik-e582b2bd52cc,홍익돈까스,씨푸드사이드콤보,,,씨푸드사이드콤보,https://contents.sixshop.com/thumbnails/uploadedFiles/39154/default/image_1788412685074_1500.png|https://www.hongikdonkatsu.com/menu_2021_side,False,MIXED_SET_NOT_SINGLE_DISH
official-quality-hongik-f1f2b98aba68,홍익돈까스,사이드콤보,,,사이드콤보,https://contents.sixshop.com/thumbnails/uploadedFiles/39154/default/image_1788412685074_1500.png|https://www.hongikdonkatsu.com/menu_2021_side,False,MIXED_SET_NOT_SINGLE_DISH
official-quality-hongik-f7ce28aaee43,홍익돈까스,쉬림프볼,,,쉬림프볼,https://contents.sixshop.com/thumbnails/uploadedFiles/39154/default/image_1788412685074_1500.png|https://www.hongikdonkatsu.com/menu_2021_side,False,AMBIGUOUS_NAME_OR_UNSUPPORTED_DISH_KIND
official-quality-wonhalmoni-22ab438f30da,원할머니보쌈,실속원쌈,,,원할머니 보쌈족발의 실속있는 메뉴를 즐기실 수 있습니다.,https://wonandone.co.kr/bossam/menu.asp,False,AMBIGUOUS_NAME_OR_UNSUPPORTED_DISH_KIND
official-quality-wonhalmoni-2668cf889374,원할머니보쌈,50주년불족세트,,,원할머니의 스테디셀러만 모은 50주년 기념 특별 구성 메뉴입니다. (보쌈 수육 반+매운 화족발 반),https://wonandone.co.kr/bossam/menu.asp,False,MIXED_SET_NOT_SINGLE_DISH
official-quality-wonhalmoni-41e881765f25,원할머니보쌈,불맛낙지원쌈,,,입맛을 당기는 불맛가득직화낙지볶음과 인기메뉴 솜씨보쌈을 함께 즐기실 수 있는 메뉴입니다.,https://wonandone.co.kr/bossam/menu.asp,False,AMBIGUOUS_NAME_OR_UNSUPPORTED_DISH_KIND
official-quality-wonhalmoni-4bec5f102479,원할머니보쌈,커플원쌈,,,둘이서 쟁반면과 함께 푸짐하게 드실 수 있는 메뉴입니다.,https://wonandone.co.kr/bossam/menu.asp,False,AMBIGUOUS_NAME_OR_UNSUPPORTED_DISH_KIND
official-quality-wonhalmoni-c2e67e117b5d,원할머니보쌈,50주년보족세트,,,원할머니의 스테디셀러만 모은 50주년 특별 구성 메뉴입니다.,https://wonandone.co.kr/bossam/menu.asp,False,MIXED_SET_NOT_SINGLE_DISH
official-menu-한솥-동백,한솥,동백,,,동백,https://www.hsd.co.kr/menu/menu_list,False,AMBIGUOUS_NAME_OR_UNSUPPORTED_DISH_KIND
official-bon-bf104-540313,본도시락,잔치요리 1호(전&잡채),,,"모둠전&잡채 · 1 메뉴 특징 ​ ★풍성한 잔치 한 상★ 잔치 요리 1호(전&잡채) 차리는 수고는 덜고,, 함께하는 시간은 더하는 잔치 요리(모둠전&잡채)",https://api.bonif.co.kr/brand/v1/menu/detail?brdCd=BF104&cmdtIdx=540313|https://www.bonif.co.kr/brand/menu/detail?brdCd=BF104&cmdtIdx=540313,False,AMBIGUOUS_NAME_OR_UNSUPPORTED_DISH_KIND
official-bon-bf104-540314,본도시락,잔치 요리 2호(단호박 갈비찜&잡채),,,"단호박 갈비찜&잡채 · 1 메뉴 특징 ​ ★풍성한 잔치 한 상★ 잔치 요리 2호(단호박 갈비찜&잡채) 차리는 수고는 덜고, 함께하는 시간은 더하는 잔치 요리(단호박 갈비찜&잡채)",https://api.bonif.co.kr/brand/v1/menu/detail?brdCd=BF104&cmdtIdx=540314|https://www.bonif.co.kr/brand/menu/detail?brdCd=BF104&cmdtIdx=540314,False,AMBIGUOUS_NAME_OR_UNSUPPORTED_DISH_KIND
official-bon-bf104-540311,본도시락,잔치 요리 3호(전&단호박 갈비찜),,,"모둠전&단호박 갈비찜 · 1 메뉴 특징 ​ ★풍성한 잔치 한 상★ 잔치 요리 3호(전&단호박 갈비찜) 차리는 수고는 덜고, 함께하는 시간은 더하는 잔치 요리(모둠전&단호박 갈비찜)",https://api.bonif.co.kr/brand/v1/menu/detail?brdCd=BF104&cmdtIdx=540311|https://www.bonif.co.kr/brand/menu/detail?brdCd=BF104&cmdtIdx=540311,False,AMBIGUOUS_NAME_OR_UNSUPPORTED_DISH_KIND
official-bon-bf104-540219,본도시락,(국) 바지락미역국,,,(국) 바지락미역국,https://api.bonif.co.kr/brand/v1/menu/detail?brdCd=BF104&cmdtIdx=540219|https://www.bonif.co.kr/brand/menu/detail?brdCd=BF104&cmdtIdx=540219,False,AMBIGUOUS_NAME_OR_UNSUPPORTED_DISH_KIND
official-bon-bf104-539664,본도시락,울릉도 나물 버섯영양밥,,덮밥,"울릉도나물밥, 버섯튀김, 삼채양념간장, 들기름 · 1 메뉴 특징 간편하지만 건강 가득 한 끼 울릉도 나물 버섯영양밥 울릉도 특산 나물로 만든 영양 가득 울릉도나물밥과 향긋한 버섯튀김, 그리고 기운을 북돋는 삼채로 만든 간장 드레싱까지, 간편하지만 건강 가득한 한 끼",https://api.bonif.co.kr/brand/v1/menu/detail?brdCd=BF104&cmdtIdx=539664|https://www.bonif.co.kr/brand/menu/detail?brdCd=BF104&cmdtIdx=539664,True,EXPLICIT_INDIVIDUAL_DISH_NAME
official-bon-bf104-539680,본도시락,귀리보리백미밥 추가,,,귀리보리백미밥 추가,https://api.bonif.co.kr/brand/v1/menu/detail?brdCd=BF104&cmdtIdx=539680|https://www.bonif.co.kr/brand/menu/detail?brdCd=BF104&cmdtIdx=539680,False,INGREDIENT_TOPPING_OR_PORTION_IDENTITY
official-bon-bf104-539681,본도시락,울릉도나물밥 추가,,,울릉도나물밥 추가,https://api.bonif.co.kr/brand/v1/menu/detail?brdCd=BF104&cmdtIdx=539681|https://www.bonif.co.kr/brand/menu/detail?brdCd=BF104&cmdtIdx=539681,False,INGREDIENT_TOPPING_OR_PORTION_IDENTITY
official-bon-bf104-198,본도시락,계란후라이추가,,,계란후라이추가,https://api.bonif.co.kr/brand/v1/menu/detail?brdCd=BF104&cmdtIdx=198|https://www.bonif.co.kr/brand/menu/detail?brdCd=BF104&cmdtIdx=198,False,INGREDIENT_TOPPING_OR_PORTION_IDENTITY
official-bon-bf104-437,본도시락,스팸 1조각,,,스팸 1조각,https://api.bonif.co.kr/brand/v1/menu/detail?brdCd=BF104&cmdtIdx=437|https://www.bonif.co.kr/brand/menu/detail?brdCd=BF104&cmdtIdx=437,False,INGREDIENT_TOPPING_OR_PORTION_IDENTITY
official-bon-bf104-194,본도시락,쌈채소,,,쌈채소,https://api.bonif.co.kr/brand/v1/menu/detail?brdCd=BF104&cmdtIdx=194|https://www.bonif.co.kr/brand/menu/detail?brdCd=BF104&cmdtIdx=194,False,AMBIGUOUS_NAME_OR_UNSUPPORTED_DISH_KIND
official-bon-bf104-539683,본도시락,스틱 김자반,,,스틱 김자반,https://api.bonif.co.kr/brand/v1/menu/detail?brdCd=BF104&cmdtIdx=539683|https://www.bonif.co.kr/brand/menu/detail?brdCd=BF104&cmdtIdx=539683,False,AMBIGUOUS_NAME_OR_UNSUPPORTED_DISH_KIND
official-bon-bf104-202,본도시락,참고소한 김,,,조미김 1.8g · 1 메뉴 특징 국내산 원초에 참기름을 발라 구운 김 산지에서부터 마른김까지 김 전문가가 깐깐한게 선택한 좋은 원초만 사용합니다. 전 제조 라인에 이물질 안전관리 설비를 갖추고 엄격한 품질기준으로 안전하고 위생적인 제품을 생산합니다. 2 제품 정보,https://api.bonif.co.kr/brand/v1/menu/detail?brdCd=BF104&cmdtIdx=202|https://www.bonif.co.kr/brand/menu/detail?brdCd=BF104&cmdtIdx=202,False,AMBIGUOUS_NAME_OR_UNSUPPORTED_DISH_KIND
official-bon-bf104-197,본도시락,아이스홍시,,,아이스홍시,https://api.bonif.co.kr/brand/v1/menu/detail?brdCd=BF104&cmdtIdx=197|https://www.bonif.co.kr/brand/menu/detail?brdCd=BF104&cmdtIdx=197,False,AMBIGUOUS_NAME_OR_UNSUPPORTED_DISH_KIND
official-bon-bf104-200,본도시락,컵국(된장국),,,컵국(된장국),https://api.bonif.co.kr/brand/v1/menu/detail?brdCd=BF104&cmdtIdx=200|https://www.bonif.co.kr/brand/menu/detail?brdCd=BF104&cmdtIdx=200,False,AMBIGUOUS_NAME_OR_UNSUPPORTED_DISH_KIND
official-bon-bf104-201,본도시락,컵국(미역국),,,컵국(미역국),https://api.bonif.co.kr/brand/v1/menu/detail?brdCd=BF104&cmdtIdx=201|https://www.bonif.co.kr/brand/menu/detail?brdCd=BF104&cmdtIdx=201,False,AMBIGUOUS_NAME_OR_UNSUPPORTED_DISH_KIND
official-bon-bf105-540205,본설렁탕,오징어 미나리파전,,한식,노릇노릇한 오징어 미나리파전 · 1 메뉴 특징 오징어 미나리파전 쫄깃하고 탱탱한 오징어를 듬뿍 넣어 바삭하고 노릇노릇하게 부쳐낸 미나리 파전 ※ 매장별로 판매되는 메뉴와 판매금액은 상이할 수 있습니다. 매장에 직접 문의 부탁드립니다.,https://api.bonif.co.kr/brand/v1/menu/detail?brdCd=BF105&cmdtIdx=540205|https://www.bonif.co.kr/brand/menu/detail?brdCd=BF105&cmdtIdx=540205,True,EXPLICIT_INDIVIDUAL_DISH_NAME
official-bon-bf105-539828,본설렁탕,철판 오징어볶음,,,불향 가득 매콤하게 볶은 오징어볶음과 소면을 함께 곁들여 먹는 별미 안주 · 1 메뉴 특징 철판 오징어볶음 통통한 오징어를 불향 가득 매콤하게 뜨거운 철판에 볶아 소면과 함께 곁들여 먹는 별미 안주 ※ 매장별로 판매되는 메뉴와 판매금액은 상이할 수 있습니다. 매장에 직접 문의 부탁드립니다. · 2 식재료 이야기 호남평야의 기운을 담은 고슬고슬한 밥 호남평야의 기운을 담은 명품 신동진 쌀로 지은 고슬고슬한 밥 설렁탕과 가장 잘 어울리는 음식입니다.,https://api.bonif.co.kr/brand/v1/menu/detail?brdCd=BF105&cmdtIdx=539828|https://www.bonif.co.kr/brand/menu/detail?brdCd=BF105&cmdtIdx=539828,False,AMBIGUOUS_NAME_OR_UNSUPPORTED_DISH_KIND
official-bon-bf105-540237,본설렁탕,감자채전(6pcs),,,"바삭! 담백하게 즐기는 감자전 · 1 메뉴 특징 감자채전(6개) 얇게 채 썬 감자를 바삭하게 부쳐, 담백하게 즐기는 감자전 ※ 매장별로 판매되는 메뉴와 판매금액은 상이할 수 있습니다. 매장에 직접 문의 부탁드립니다.",https://api.bonif.co.kr/brand/v1/menu/detail?brdCd=BF105&cmdtIdx=540237|https://www.bonif.co.kr/brand/menu/detail?brdCd=BF105&cmdtIdx=540237,False,AMBIGUOUS_NAME_OR_UNSUPPORTED_DISH_KIND
official-bon-bf107-540198,본우리반상,비빕밥 추가,,,"통마늘 오리주물럭에 볶아 먹으면 더 맛있는 비빔밥 · 1 메뉴 특징 비빔밥 추가 고소한 들기름, 김, 특제 소스까지 통마늘 오리주물럭에 볶아 먹으면 더 맛있는 비빔밥 ※ 통마늘 오리주물럭에 추가 가능 ※ 매장별로 판매되는 메뉴와 판매금액은 상이할 수 있습니다. 매장에 직접 문의 부탁드립니다.",https://api.bonif.co.kr/brand/v1/menu/detail?brdCd=BF107&cmdtIdx=540198|https://www.bonif.co.kr/brand/menu/detail?brdCd=BF107&cmdtIdx=540198,False,INGREDIENT_TOPPING_OR_PORTION_IDENTITY
official-bon-bf107-540197,본우리반상,모듬채소 추가,,,"새송이버섯, 팽이버섯, 양파, 대파, 청경채 · 1 메뉴 특징 모듬채소 추가 새송이버섯, 팽이버섯, 양파, 대파, 청경채 ※ 서울식 대파불고기에 추가 가능 ※ 매장별로 판매되는 메뉴와 판매금액은 상이할 수 있습니다. 매장에 직접 문의 부탁드립니다.",https://api.bonif.co.kr/brand/v1/menu/detail?brdCd=BF107&cmdtIdx=540197|https://www.bonif.co.kr/brand/menu/detail?brdCd=BF107&cmdtIdx=540197,False,INGREDIENT_TOPPING_OR_PORTION_IDENTITY
official-bon-bf107-539422,본우리반상,깻잎전,,한식,향긋한 깻잎에 고기와 채소를 잘게 썰어 넣은 전통전 · 1 메뉴 특징 가득 찬 소에 향긋한 깻잎 향을 더해 완성한 깻잎전 깻잎전 향긋한 깻잎 위에 고기와 채소를 잘게 썰어 넣은 우리나라 전통 전입니다. ※ 매장별로 판매되는 메뉴와 판매금액은 상이할 수 있습니다. 매장에 직접 문의 부탁드립니다.,https://api.bonif.co.kr/brand/v1/menu/detail?brdCd=BF107&cmdtIdx=539422|https://www.bonif.co.kr/brand/menu/detail?brdCd=BF107&cmdtIdx=539422,True,EXPLICIT_INDIVIDUAL_DISH_NAME
official-bon-bf111-539834,멘지,야끼토리동,,덮밥,직화로 구워내 불향 가득한 일본식 야끼토리 덮밥 · 1 메뉴 특징 야끼토리동 직화로 구워내 불향 가득한 야끼토리에 달큰 짭조름한 소스와 와사비를 곁들여 먹는 일본식 야끼토리 덮밥 ※ 매장별로 판매되는 메뉴와 판매금액은 상이할 수 있습니다.,https://api.bonif.co.kr/brand/v1/menu/detail?brdCd=BF111&cmdtIdx=539834|https://www.bonif.co.kr/brand/menu/detail?brdCd=BF111&cmdtIdx=539834,True,OFFICIAL_DESCRIPTION_REVIEW
official-bon-bf111-539771,멘지,후추 테바나카(3p),,치킨,"후추를 곁들인 닭날개 튀김 · 1 메뉴 특징 후추 테바나카(3p) 후추를 곁들여 풍미를 올린 일본식 닭 날개, 라멘과 함께 곁들여 먹기 좋은 메뉴",https://api.bonif.co.kr/brand/v1/menu/detail?brdCd=BF111&cmdtIdx=539771|https://www.bonif.co.kr/brand/menu/detail?brdCd=BF111&cmdtIdx=539771,True,OFFICIAL_DESCRIPTION_REVIEW
official-bon-bf111-539820,멘지,에비후라이(1pcs),,사이드,바삭하게 튀긴 왕새우튀김 · 1 메뉴 특징 에비후라이 왕새우 한 마리를 통째로 튀긴 바삭한 에비후라이 ※ 매장별로 판매되는 메뉴와 판매금액은 상이할 수 있습니다.,https://api.bonif.co.kr/brand/v1/menu/detail?brdCd=BF111&cmdtIdx=539820|https://www.bonif.co.kr/brand/menu/detail?brdCd=BF111&cmdtIdx=539820,True,OFFICIAL_DESCRIPTION_REVIEW
official-bon-bf111-539835,멘지,미니 야끼토리동,,덮밥,일본식 야끼토리를 올린 미니 덮밥 · 1 메뉴 특징 미니 야끼토리동 직화로 구워내 불향 가득한 야끼토리와 와사비를 곁들여 먹는 미니 덮밥 ※ 매장별로 판매되는 메뉴와 판매금액은 상이할 수 있습니다.,https://api.bonif.co.kr/brand/v1/menu/detail?brdCd=BF111&cmdtIdx=539835|https://www.bonif.co.kr/brand/menu/detail?brdCd=BF111&cmdtIdx=539835,True,OFFICIAL_DESCRIPTION_REVIEW
official-bon-bf111-539920,멘지,미니밥,,덮밥,라멘에 곁들이기 딱 알맞은 미니밥 (80g) · 1 메뉴 특징 미니밥 라멘에 곁들이기 딱 알맞은 미니밥 (80g),https://api.bonif.co.kr/brand/v1/menu/detail?brdCd=BF111&cmdtIdx=539920|https://www.bonif.co.kr/brand/menu/detail?brdCd=BF111&cmdtIdx=539920,True,EXPLICIT_INDIVIDUAL_DISH_NAME
official-bon-bf111-539921,멘지,미니 치즈밥,,덮밥,★파이탄 추천 조합★ 파마산치즈 & 후추 가루가 뿌려진 미니밥 · 1 메뉴 특징 미니 치즈밥 ★파이탄 추천 조합★ 파마산 치즈 & 후추가 뿌려진 밥 위에 라멘 국물 2스푼을 넣어 비비면 꾸덕꾸덕한 리조또 완성!,https://api.bonif.co.kr/brand/v1/menu/detail?brdCd=BF111&cmdtIdx=539921|https://www.bonif.co.kr/brand/menu/detail?brdCd=BF111&cmdtIdx=539921,True,EXPLICIT_INDIVIDUAL_DISH_NAME
official-bon-bf111-539922,멘지,미니 명란밥,,덮밥,★쇼유&시오 추천 조합★ 명란&김가루가 뿌려진 미니밥 · 1 메뉴 특징 미니 명란밥 ★쇼유&시오추천 조합★ 명란 & 김가루가 뿌려진 밥 위에 라멘 국물 2스푼을 넣어 비비면 짭짤하고 맛있는 오차즈케 완성!,https://api.bonif.co.kr/brand/v1/menu/detail?brdCd=BF111&cmdtIdx=539922|https://www.bonif.co.kr/brand/menu/detail?brdCd=BF111&cmdtIdx=539922,True,EXPLICIT_INDIVIDUAL_DISH_NAME
official-bon-bf113-539858,본흑염소·능이삼계탕,흑염소 배받이전,,,자연방목100% 사료섭취0% 본죽에서 만든 진짜 흑염소 · 1 메뉴 특징 흑염소 배받이전 바삭한 파전과 고소하고 부드러운 고깃살(배받이살)이 어우러져 자꾸만 손이 가는 특별한 육전,https://api.bonif.co.kr/brand/v1/menu/detail?brdCd=BF113&cmdtIdx=539858|https://www.bonif.co.kr/brand/menu/detail?brdCd=BF113&cmdtIdx=539858,False,AMBIGUOUS_NAME_OR_UNSUPPORTED_DISH_KIND
official-bon-bf113-539860,본흑염소·능이삼계탕,흑염소 살코기무침,,,자연방목100% 사료섭취0% 본죽에서 만든 진짜 흑염소 · 1 메뉴 특징 흑염소 살코기무침 입맛을 돋우는 새콤달콤한 소스에 진짜 흑염소 살코기와 향긋한 깻잎을 가득 넣어 맛도 향도 꽉 찬 별미 무침,https://api.bonif.co.kr/brand/v1/menu/detail?brdCd=BF113&cmdtIdx=539860|https://www.bonif.co.kr/brand/menu/detail?brdCd=BF113&cmdtIdx=539860,False,AMBIGUOUS_NAME_OR_UNSUPPORTED_DISH_KIND
official-bon-bf113-539861,본흑염소·능이삼계탕,진짜 흑염소 진액,,,"자연방목100% 사료섭취0% 본죽에서 만든 진짜 흑염소 총 30개입(3박스 × 10개입) · 1 메뉴 특징 본죽에서 만든 진짜 흑염소 진액 우리나라 대표 브랜드, 본죽 본죽이 20년 넘게 지켜온 정성과 품격을 담았습니다. 자연방목 100%, 사료섭취 0% 진짜 흑염소로 만든 진짜 진액으로 나에게, 그리고 소중한 사람들에게 건강과 활력을 선사하세요. ※ 임산부, 수유부, 특정 성분에 민감한 체질이거나 알레르기 체질이신 경우 제품 성분을 확인하시고 섭취하시기 바랍니다.",https://api.bonif.co.kr/brand/v1/menu/detail?brdCd=BF113&cmdtIdx=539861|https://www.bonif.co.kr/brand/menu/detail?brdCd=BF113&cmdtIdx=539861,False,AMBIGUOUS_NAME_OR_UNSUPPORTED_DISH_KIND
official-quality-chaesundang-2c4ab816a004,채선당,웰빙 B(매운버섯),,,웰빙 B(매운버섯),https://www.chaesundang.co.kr/images/menu1_2.jpg,False,AMBIGUOUS_NAME_OR_UNSUPPORTED_DISH_KIND
official-quality-chaesundang-5266101f1a15,채선당,너비아니구이,,,너비아니구이,https://www.chaesundang.co.kr/images/menu1_26.jpg,False,AMBIGUOUS_NAME_OR_UNSUPPORTED_DISH_KIND
official-quality-chaesundang-61bf8aa1ac73,채선당,웰빙 C(월남쌈),,,웰빙 C(월남쌈),https://www.chaesundang.co.kr/images/menu1_3.jpg,False,AMBIGUOUS_NAME_OR_UNSUPPORTED_DISH_KIND
official-quality-chaesundang-7f81b4298d75,채선당,치즈고구마 고로케,,,치즈고구마 고로케,https://www.chaesundang.co.kr/images/menu1_25.jpg,False,AMBIGUOUS_NAME_OR_UNSUPPORTED_DISH_KIND
official-quality-chaesundang-b09f74e5f367,채선당,웰빙 A(소고기),,,웰빙 A(소고기),https://www.chaesundang.co.kr/images/menu1_1.jpg,False,AMBIGUOUS_NAME_OR_UNSUPPORTED_DISH_KIND
official-quality-chaesundang-cfcf30adb95b,채선당,해물파전,,한식,해물파전,https://www.chaesundang.co.kr/images/menu1_20.jpg,True,EXPLICIT_INDIVIDUAL_DISH_NAME
official-quality-chaesundang-eb6e1f05d6ac,채선당,웰빙 D(한우),,,웰빙 D(한우),https://www.chaesundang.co.kr/images/menu1_4.jpg,False,AMBIGUOUS_NAME_OR_UNSUPPORTED_DISH_KIND
official-quality-pokeallday-2c030f1e481b,포케올데이,토마토&당근,,,토마토&당근,https://pokeallday.co.kr/allergy|https://pokeallday.co.kr/nutrition,False,AMBIGUOUS_NAME_OR_UNSUPPORTED_DISH_KIND
official-quality-pokeallday-8676811568bf,포케올데이,비트&당근,,,비트&당근,https://pokeallday.co.kr/nutrition,False,AMBIGUOUS_NAME_OR_UNSUPPORTED_DISH_KIND
official-quality-pokeallday-8da0dbf6de1b,포케올데이,시트러스 얼그레이 콤부,,,시트러스 얼그레이 콤부,https://pokeallday.co.kr/allergy|https://pokeallday.co.kr/nutrition,False,AMBIGUOUS_NAME_OR_UNSUPPORTED_DISH_KIND
official-quality-pokeallday-e88a05b81c98,포케올데이,피치 캐모마일 콤부,,,피치 캐모마일 콤부,https://pokeallday.co.kr/allergy|https://pokeallday.co.kr/nutrition,False,AMBIGUOUS_NAME_OR_UNSUPPORTED_DISH_KIND
official-quality-pokeallday-f0700a3ea3ba,포케올데이,케일&사과,,,케일&사과,https://pokeallday.co.kr/nutrition,False,AMBIGUOUS_NAME_OR_UNSUPPORTED_DISH_KIND
official-quality-pokeallday-fd489d380bf1,포케올데이,애사비 콤부,,,애사비 콤부,https://pokeallday.co.kr/allergy|https://pokeallday.co.kr/nutrition,False,AMBIGUOUS_NAME_OR_UNSUPPORTED_DISH_KIND
official-quality-slowcali-1bc6b2ed5b2c,슬로우캘리,트러플 머쉬룸 스프,,,"트러플, 양송이 버섯, 표고 버섯, 포타벨라 버섯",https://slowcali.co.kr/bbs/content.php?co_id=menu,False,NO_EXISTING_SOUP_MENU_CATEGORY
official-quality-slowcali-23b1f3b8e6bb,슬로우캘리,콘 크림 스프,,,"옥수수, 우유, 크루통",https://slowcali.co.kr/bbs/content.php?co_id=menu,False,NO_EXISTING_SOUP_MENU_CATEGORY
official-quality-slowcali-8693525de3b6,슬로우캘리,단호박 스프,,,"단호박, 우유, 그래놀라",https://slowcali.co.kr/bbs/content.php?co_id=menu,False,NO_EXISTING_SOUP_MENU_CATEGORY
official-quality-subway-61b09353ec6a,써브웨이,콘 수프,,,달콤한 옥수수의 깊은 풍미가 느껴지는 콘 수프,https://www.subway.co.kr/menuView/sidedrink?menuItemIdx=1465,False,NO_EXISTING_SOUP_MENU_CATEGORY
official-quality-subway-886631c13071,써브웨이,머쉬룸 수프,,,부드러운 머쉬룸의 풍미가 가득한 머쉬룸 수프,https://www.subway.co.kr/menuView/sidedrink?menuItemIdx=1317,False,NO_EXISTING_SOUP_MENU_CATEGORY
official-menu-이삭토스트-그릴드불갈비,이삭토스트,그릴드 불갈비,,,그릴드 불갈비,https://isaac-toast.co.kr/,False,AMBIGUOUS_NAME_OR_UNSUPPORTED_DISH_KIND
official-quality-eggdrop-09f3e1b3e678,에그드랍,신선한 우유 (ICE/HOT),,음료,원래 샌드위치에는 흰 우유가 진리,https://eggdrop.com/menu/view.php?seq=303,True,EXPLICIT_INDIVIDUAL_DISH_NAME
official-quality-eggdrop-0d9e1b3f48f4,에그드랍,반했드랍 반숙란,,,1+ 무항생제 상하농원 계란을 사용하여 고소한 맛이 일품인 촉촉한 반숙란 · 반숙란,https://eggdrop.com/menu/view.php?seq=146,False,AMBIGUOUS_NAME_OR_UNSUPPORTED_DISH_KIND
official-quality-eggdrop-2bba407d69fa,에그드랍,아보가든 브런치 세트,,,"<아보가든 브런치 + 100% 착즙 수박 주스> 맛있게 즐기며 건강까지 챙기는, 요즘 딱 필요한 브런치예요",https://eggdrop.com/menu/view.php?seq=282,False,MIXED_SET_NOT_SINGLE_DISH
official-quality-eggdrop-2ea8caf34043,에그드랍,아보홀릭 세트,,,"<아보홀릭 + 해쉬브라운 + 아메리카노> 부드러운 스크램블 에그에 수제 아보카도 소스와 신선한 아보카도가 풍미를 더하는 샌드위치와 고소하고 부드러운 해쉬브라운, 아메리카노를 합리적인 가격으로 즐길 수 있는 세트메뉴",https://eggdrop.com/menu/view.php?seq=189,False,MIXED_SET_NOT_SINGLE_DISH
official-quality-eggdrop-369e6ff5be88,에그드랍,아보가든 브런치,,,"맛있게 즐기며 건강까지 챙기는, 요즘 딱 필요한 브런치예요",https://eggdrop.com/menu/view.php?seq=279,False,AMBIGUOUS_NAME_OR_UNSUPPORTED_DISH_KIND
official-quality-eggdrop-3e70869be4a6,에그드랍,갈릭버터,,베이커리,마늘과 버터의 풍미가 살아있는 에그드랍 한 장 식빵,https://eggdrop.com/menu/view.php?seq=226,True,OFFICIAL_DESCRIPTION_REVIEW
official-quality-eggdrop-40d7072c85f1,에그드랍,크림 치즈,,,꾸덕한 크림치즈 추천,https://eggdrop.com/menu/view.php?seq=298,False,AMBIGUOUS_NAME_OR_UNSUPPORTED_DISH_KIND
official-quality-eggdrop-43e63e996f2e,에그드랍,갈릭 베이컨 치즈 세트,,,"<갈릭 베이컨 치즈 + 해쉬브라운 + 아메리카노> 갈릭버터를 발라 바삭하게 구운 브리오슈와 스크램블 에그, 베이컨, 아메리칸 치즈가 어우러져 풍미가 가득한 두터운 매니아 층을 가진 샌드위치와 고소하고 부드러운 해쉬브라운, 아메리카노를 합리적인 가격으로 즐길 수 있는 세트메뉴",https://eggdrop.com/menu/view.php?seq=191,False,MIXED_SET_NOT_SINGLE_DISH
official-quality-eggdrop-4cabc5d9e0e1,에그드랍,아메리칸 브런치,,,한 입 먹는 순간 여긴 지금 뉴욕 브런치 카페,https://eggdrop.com/menu/view.php?seq=278,False,AMBIGUOUS_NAME_OR_UNSUPPORTED_DISH_KIND
official-quality-eggdrop-6f51583ec298,에그드랍,오렌지 썬라이즈,,,아침을 깨우는 상큼한 햇살 같은 맛,https://eggdrop.com/menu/view.php?seq=222,False,AMBIGUOUS_NAME_OR_UNSUPPORTED_DISH_KIND
official-quality-eggdrop-7a742a089d58,에그드랍,베이컨 더블 치즈 세트,,,"<베이컨 더블 치즈 + 해쉬브라운 + 아메리카노> 부드러운 스크램블 에그에 베이컨, 아메리칸 치즈가 단짠의 조합을 이루는 에그드랍 베스트 샌드위치와 고소하고 부드러운 해쉬브라운, 아메리카노를 합리적인 가격으로 즐길 수 있는 세트메뉴",https://eggdrop.com/menu/view.php?seq=193,False,MIXED_SET_NOT_SINGLE_DISH
official-quality-eggdrop-7bbfc8f3a566,에그드랍,햄 치즈 갈릭 샌드,,,겉바속촉과 단짠을 모두 갖춘 완벽 그 잡채,https://eggdrop.com/menu/view.php?seq=245,False,AMBIGUOUS_NAME_OR_UNSUPPORTED_DISH_KIND
official-quality-eggdrop-87b5540bca28,에그드랍,에그 햄 치즈 디럭스 세트,,,<에그 햄 치즈 디럭스 + 해쉬브라운 + 아메리카노> 든든하게 꽉~찬 햄 치즈 디럭스 베이글이 왔어요 · 햄 치즈 양상추 스크램블 에그,https://eggdrop.com/menu/view.php?seq=316,False,MIXED_SET_NOT_SINGLE_DISH
official-quality-eggdrop-8ef67be816d1,에그드랍,딸기피넛 샌드,,,달콤한 딸기잼과 고소한 땅콩잼의 그.사.세 조합,https://eggdrop.com/menu/view.php?seq=246,False,AMBIGUOUS_NAME_OR_UNSUPPORTED_DISH_KIND
official-quality-eggdrop-906a477e8db0,에그드랍,미스터에그 세트,,,"<미스터에그 + 해쉬브라운 + 아메리카노> 부드러운 스크램블 에그와 브리오슈, 에그드랍의 특제 소스가 어우러진 샌드위치와 고소하고 부드러운 해쉬브라운, 아메리카노를 합리적인 가격으로 즐길 수 있는 세트메뉴",https://eggdrop.com/menu/view.php?seq=195,False,MIXED_SET_NOT_SINGLE_DISH
official-quality-eggdrop-9a4799f1eed8,에그드랍,비프 데리야끼 세트,,,"<비프 데리야끼 + 해쉬브라운 + 아메리카노> 비프 데리야끼에 통째로 올라간 반숙란이 고소함과 촉촉함을 더하는 샌드위치와 고소하고 부드러운 해쉬브라운, 아메리카노를 합리적인 가격으로 즐길 수 있는 세트메뉴",https://eggdrop.com/menu/view.php?seq=190,False,MIXED_SET_NOT_SINGLE_DISH
official-quality-eggdrop-9e21e2e655d5,에그드랍,굿모닝 브런치 세트,,,<굿모닝 브런치 + 100% 착즙 수박 주스> Good morning~ 오늘의 계획은 든든한 아침 챙기기,https://eggdrop.com/menu/view.php?seq=280,False,MIXED_SET_NOT_SINGLE_DISH
official-quality-eggdrop-aa199fafbb11,에그드랍,에그 BLT 디럭스 세트,,,<에그 BLT 디럭스 + 해쉬브라운 + 아메리카노> 든든함과 신선함이 한가득~ BLT 디럭스 하나로 맛있는 한끼 · 베이컨 치즈 양상추 스크램블 에그 토마토,https://eggdrop.com/menu/view.php?seq=315,False,MIXED_SET_NOT_SINGLE_DISH
official-quality-eggdrop-b0702e28c574,에그드랍,에그 베이컨 디럭스,,,"체다소스, 에그스크램블, 해쉬브라운, 치즈에 베이컨까지~ 맛으로 꽉 찬 맥시멀리스트 베이글 · 베이컨 치즈 해쉬브라운 스크램블 에그",https://eggdrop.com/menu/view.php?seq=253,False,AMBIGUOUS_NAME_OR_UNSUPPORTED_DISH_KIND
official-quality-eggdrop-b193c4ec47a5,에그드랍,아메리칸 햄 치즈 세트,,,"<아메리칸 햄 치즈 + 해쉬브라운 + 아메리카노> 부드러운 스크램블 에그에 담백한 스모크햄, 아메리칸 치즈가 풍미를 더하는 샌드위치와 고소하고 부드러운 해쉬브라운, 아메리카노를 합리적인 가격으로 즐길 수 있는 세트메뉴",https://eggdrop.com/menu/view.php?seq=194,False,MIXED_SET_NOT_SINGLE_DISH
official-quality-eggdrop-b41522e7aadd,에그드랍,굿모닝 브런치,,,Good morning~ 오늘의 계획은 든든한 아침 챙기기,https://eggdrop.com/menu/view.php?seq=277,False,AMBIGUOUS_NAME_OR_UNSUPPORTED_DISH_KIND
official-quality-eggdrop-c9e810db7f48,에그드랍,에그 햄 치즈 디럭스,,,든든하게 꽉~찬 햄치즈 디럭스 베이글이 왔어요 · 달걀 햄 치즈 양상추 스크램블 에그,https://eggdrop.com/menu/view.php?seq=263,False,AMBIGUOUS_NAME_OR_UNSUPPORTED_DISH_KIND
official-quality-eggdrop-d78c40039b40,에그드랍,에그 베이컨 디럭스 세트,,,"<에그 베이컨 디럭스 + 해쉬브라운 + 아메리카노> 체다소스, 에그스크램블, 해쉬브라운, 치즈에 베이컨까지~ 맛으로 꽉 찬 맥시멀리스트 베이글 · 베이컨 치즈 해쉬브라운 스크램블 에그",https://eggdrop.com/menu/view.php?seq=314,False,MIXED_SET_NOT_SINGLE_DISH
official-quality-eggdrop-e14743fc3770,에그드랍,아메리칸 브런치 세트,,,<아메리칸 브런치 + 100% 착즙 수박 주스> 한 입 먹는 순간 여긴 지금 뉴욕 브런치 카페,https://eggdrop.com/menu/view.php?seq=281,False,MIXED_SET_NOT_SINGLE_DISH
official-quality-eggdrop-ec1cfd8fb434,에그드랍,에그 BLT 디럭스,,,든든함과 신선함이 한가득~ BLT 디럭스 하나로 맛있는 한끼 · 베이컨 치즈 양상추 스크램블 에그 토마토,https://eggdrop.com/menu/view.php?seq=262,False,AMBIGUOUS_NAME_OR_UNSUPPORTED_DISH_KIND
official-quality-eggdrop-f9ae120e2d4d,에그드랍,베이컨 딥 치즈 번 세트,,,"<베이컨 딥 치즈 번 + 해쉬브라운 + 아메리카노> 버터 풍미가 가득한 브리오슈번에 촉촉한 스크램블과 베이컨, 아메리칸 치즈가 들어간 에그 번과 고소하고 부드러운 해쉬브라운, 아메리카노를 합리적인 가격으로 즐길 수 있는 세트메뉴",https://eggdrop.com/menu/view.php?seq=188,False,MIXED_SET_NOT_SINGLE_DISH
official-menu-delivery-2e0370efb7e39093,반올림피자,버터베어 갈릭세트,,,버터베어 갈릭세트,https://order.banolimpizza.com/menu/list?menuId=1,False,MIXED_SET_NOT_SINGLE_DISH
official-menu-delivery-2086d035d1427956,미소야,새우크레미롤,,,바삭하고 고소한+장국,https://www.misoya.co.kr/menu,False,AMBIGUOUS_NAME_OR_UNSUPPORTED_DISH_KIND
official-menu-delivery-8f540eba9318e887,미소야,타코야끼(6개),,,타코야끼(6개),https://www.misoya.co.kr/menu,False,AMBIGUOUS_NAME_OR_UNSUPPORTED_DISH_KIND
official-menu-delivery-983963b058eb6953,미소야,mini명란밥,,덮밥,mini명란밥,https://www.misoya.co.kr/menu,True,EXPLICIT_INDIVIDUAL_DISH_NAME
official-menu-delivery-cae9cdfa4b1dce8f,미소야,점보믹스동,,,돈카츠+치킨 덮밥+장국,https://www.misoya.co.kr/menu,False,AMBIGUOUS_NAME_OR_UNSUPPORTED_DISH_KIND
official-menu-delivery-176efd49677fb98d,동대문엽기떡볶이,베스트세트,,,베스트세트,https://www.yupdduk.com/sub/menu/yup-menu,False,MIXED_SET_NOT_SINGLE_DISH
official-menu-delivery-2eaabb9245184261,동대문엽기떡볶이,우삼겹,,,우삼겹,https://www.yupdduk.com/sub/menu/yup-menu,False,AMBIGUOUS_NAME_OR_UNSUPPORTED_DISH_KIND
official-menu-delivery-2f7516926127f390,동대문엽기떡볶이,로제밀키트,,,로제밀키트,https://www.yupdduk.com/sub/menu/yup-menu,False,AMBIGUOUS_NAME_OR_UNSUPPORTED_DISH_KIND
official-menu-delivery-370b620a6eaa8be9,동대문엽기떡볶이,모짜치즈,,,모짜치즈,https://www.yupdduk.com/sub/menu/yup-menu,False,AMBIGUOUS_NAME_OR_UNSUPPORTED_DISH_KIND
official-menu-delivery-48b678f71d00b347,동대문엽기떡볶이,엽기메뉴,,,엽기메뉴,https://www.yupdduk.com/sub/menu/yup-menu,False,AMBIGUOUS_NAME_OR_UNSUPPORTED_DISH_KIND
official-menu-delivery-4a8f07c3c0152b69,동대문엽기떡볶이,베이컨,,,베이컨,https://www.yupdduk.com/sub/menu/yup-menu,False,AMBIGUOUS_NAME_OR_UNSUPPORTED_DISH_KIND
official-menu-delivery-5b5f13eb3a79fa6a,동대문엽기떡볶이,분모자,,,분모자,https://www.yupdduk.com/sub/menu/yup-menu,False,AMBIGUOUS_NAME_OR_UNSUPPORTED_DISH_KIND
official-menu-delivery-60f2d4e0b4ce40a3,동대문엽기떡볶이,엽기밀키트,,,엽기밀키트,https://www.yupdduk.com/sub/menu/yup-menu,False,AMBIGUOUS_NAME_OR_UNSUPPORTED_DISH_KIND
official-menu-delivery-610ae28b866c053f,동대문엽기떡볶이,대파 추가,,,대파 추가,https://www.yupdduk.com/sub/menu/yup-menu,False,INGREDIENT_TOPPING_OR_PORTION_IDENTITY
official-menu-delivery-659c78b1669891a3,동대문엽기떡볶이,양배추 추가,,,양배추 추가,https://www.yupdduk.com/sub/menu/yup-menu,False,INGREDIENT_TOPPING_OR_PORTION_IDENTITY
official-menu-delivery-730320c72b374b35,동대문엽기떡볶이,로제메뉴,,,로제메뉴,https://www.yupdduk.com/sub/menu/yup-menu,False,AMBIGUOUS_NAME_OR_UNSUPPORTED_DISH_KIND
official-menu-delivery-910e7a6341394bf2,동대문엽기떡볶이,중국당면,,,중국당면,https://www.yupdduk.com/sub/menu/yup-menu,False,AMBIGUOUS_NAME_OR_UNSUPPORTED_DISH_KIND
official-menu-delivery-9c6911d813aecbb3,동대문엽기떡볶이,실속세트,,,실속세트,https://www.yupdduk.com/sub/menu/yup-menu,False,MIXED_SET_NOT_SINGLE_DISH
official-menu-delivery-9ece9a79ab95de44,동대문엽기떡볶이,콘마요,,,콘마요,https://www.yupdduk.com/sub/menu/yup-menu,False,AMBIGUOUS_NAME_OR_UNSUPPORTED_DISH_KIND
official-menu-delivery-a2f40e722a71fd67,동대문엽기떡볶이,떡추가,,,떡추가,https://www.yupdduk.com/sub/menu/yup-menu,False,INGREDIENT_TOPPING_OR_PORTION_IDENTITY
official-menu-delivery-b81abfe9b0e01b9e,동대문엽기떡볶이,스페셜세트,,,스페셜세트,https://www.yupdduk.com/sub/menu/yup-menu,False,MIXED_SET_NOT_SINGLE_DISH
official-menu-delivery-b9d9c641c5f1e210,동대문엽기떡볶이,메추리알(5개),,,메추리알(5개),https://www.yupdduk.com/sub/menu/yup-menu,False,AMBIGUOUS_NAME_OR_UNSUPPORTED_DISH_KIND
official-menu-delivery-bdf0c66b04cd8093,동대문엽기떡볶이,통유부(4개),,,통유부(4개),https://www.yupdduk.com/sub/menu/yup-menu,False,AMBIGUOUS_NAME_OR_UNSUPPORTED_DISH_KIND
official-menu-delivery-d037e1aec8e43ef1,동대문엽기떡볶이,엽기닭볶음탕,,한식,엽기닭볶음탕,https://www.yupdduk.com/sub/menu/yup-menu,True,EXPLICIT_INDIVIDUAL_DISH_NAME
official-menu-delivery-d796ff15f8e84274,동대문엽기떡볶이,계란(2개),,,계란(2개),https://www.yupdduk.com/sub/menu/yup-menu,False,AMBIGUOUS_NAME_OR_UNSUPPORTED_DISH_KIND
official-menu-delivery-ee2dc8b00e94d4c4,동대문엽기떡볶이,햄(7개),,,햄(7개),https://www.yupdduk.com/sub/menu/yup-menu,False,AMBIGUOUS_NAME_OR_UNSUPPORTED_DISH_KIND
official-menu-delivery-23088120da262355,던킨,던킨 오리지널 빈,,,던킨 오리지널 빈,https://www.dunkindonuts.co.kr/menu/view?cat=5&sub=35&id=3597,False,AMBIGUOUS_NAME_OR_UNSUPPORTED_DISH_KIND
official-menu-delivery-6057bbdb0a4d7594,던킨,리코타&두부면 비빔볼,,,리코타&두부면 비빔볼,https://www.dunkindonuts.co.kr/menu/view?cat=2&sub=49&id=5792,False,AMBIGUOUS_NAME_OR_UNSUPPORTED_DISH_KIND
official-menu-delivery-fb4c1da5c7c335c7,던킨,디카페인 블렌드 빈,,,디카페인 블렌드 빈,https://www.dunkindonuts.co.kr/menu/view?cat=5&sub=35&id=5714,False,AMBIGUOUS_NAME_OR_UNSUPPORTED_DISH_KIND
official-menu-delivery-a9b90271f59d4a5a,족발야시장,족마호크,,,맵단 콘케이노 소스와 바삭 콘 후레이크로 완성시킨 프리미엄 족발,https://xn--ih3bm7ju8bi1cb3a.com/html/menu.html,False,AMBIGUOUS_NAME_OR_UNSUPPORTED_DISH_KIND
official-menu-delivery-6a19eb37c93182cc,호식이두마리치킨,날개+다리,,치킨,"풍미 가득, 촉촉하고 탄탄한 치킨부위만을 먹고 싶은 날호식이두마리치킨 날개와 다리 메뉴를 추천합니다.",https://www.9922.co.kr/menu,True,OFFICIAL_DESCRIPTION_REVIEW
official-menu-delivery-83aa5ffe97324c77,호식이두마리치킨,레몬크림탕슈(안심 순살),,,치킨이야? 탕수육이야? 쫀득한 안심 순살을 상큼한 레몬크림소스에 찍어먹는 또 하나의 시그니처!!,https://www.9922.co.kr/menu,False,AMBIGUOUS_NAME_OR_UNSUPPORTED_DISH_KIND
official-menu-delivery-8ae8aeb0595ad07f,호식이두마리치킨,다리 (스틱),,치킨,쫄깃한 식감과 풍부한 육즙의 참을 수 없는 조화진정한 닭다리 마니아를 위해 준비된 다리만 치킨!,https://www.9922.co.kr/menu,True,OFFICIAL_DESCRIPTION_REVIEW
official-menu-delivery-b6687064a9173039,호식이두마리치킨,크리스피골드,,,국내산 순살로 만들어 더욱 특별한겉바속촉 황금빛 물결!,https://www.9922.co.kr/menu,False,AMBIGUOUS_NAME_OR_UNSUPPORTED_DISH_KIND
