menuId,name,brand,brandIndustry,menuCategory,sourceCategory,suspicion,unresolvedReason,exactSource,rawClassification
kfind-d204-185000000-0011,스프_트러플 머쉬룸 수프볼,할리스,카페,,외식(프랜차이즈 등 업체 제공 영양정보) | 죽 및 스프류 | 스프,UNKNOWN_INDIVIDUAL_MENU_CATEGORY,PUBLISHED_SOUP_FORM_WITHOUT_EXISTING_FRANCHISE_SOUP_CHIP,https://various.foodsafetykorea.go.kr/nutrient/general/down/list.do,외식(프랜차이즈 등 업체 제공 영양정보) | 죽 및 스프류 | 스프
kfind-d204-185000000-0006,스프_트러플 머쉬룸 수프,스타벅스,카페,,외식(프랜차이즈 등 업체 제공 영양정보) | 죽 및 스프류 | 스프,UNKNOWN_INDIVIDUAL_MENU_CATEGORY,PUBLISHED_SOUP_FORM_WITHOUT_EXISTING_FRANCHISE_SOUP_CHIP,https://various.foodsafetykorea.go.kr/nutrient/general/down/list.do,외식(프랜차이즈 등 업체 제공 영양정보) | 죽 및 스프류 | 스프
kfind-d204-185000000-0004,스프_토마토 로제 수프,스타벅스,카페,,외식(프랜차이즈 등 업체 제공 영양정보) | 죽 및 스프류 | 스프,UNKNOWN_INDIVIDUAL_MENU_CATEGORY,PUBLISHED_SOUP_FORM_WITHOUT_EXISTING_FRANCHISE_SOUP_CHIP,https://various.foodsafetykorea.go.kr/nutrient/general/down/list.do,외식(프랜차이즈 등 업체 제공 영양정보) | 죽 및 스프류 | 스프
kfind-d204-185000000-0003,스프_콘 수프,이디야,카페,,외식(프랜차이즈 등 업체 제공 영양정보) | 죽 및 스프류 | 스프,UNKNOWN_INDIVIDUAL_MENU_CATEGORY,PUBLISHED_SOUP_FORM_WITHOUT_EXISTING_FRANCHISE_SOUP_CHIP,https://various.foodsafetykorea.go.kr/nutrient/general/down/list.do,외식(프랜차이즈 등 업체 제공 영양정보) | 죽 및 스프류 | 스프
kfind-d204-185000000-0002,스프_양송이 수프,이디야,카페,,외식(프랜차이즈 등 업체 제공 영양정보) | 죽 및 스프류 | 스프,UNKNOWN_INDIVIDUAL_MENU_CATEGORY,PUBLISHED_SOUP_FORM_WITHOUT_EXISTING_FRANCHISE_SOUP_CHIP,https://various.foodsafetykorea.go.kr/nutrient/general/down/list.do,외식(프랜차이즈 등 업체 제공 영양정보) | 죽 및 스프류 | 스프
kfind-d204-185000000-0001,스프_단호박 크림 수프,스타벅스,카페,,외식(프랜차이즈 등 업체 제공 영양정보) | 죽 및 스프류 | 스프,UNKNOWN_INDIVIDUAL_MENU_CATEGORY,PUBLISHED_SOUP_FORM_WITHOUT_EXISTING_FRANCHISE_SOUP_CHIP,https://various.foodsafetykorea.go.kr/nutrient/general/down/list.do,외식(프랜차이즈 등 업체 제공 영양정보) | 죽 및 스프류 | 스프
kfind-d222-754000000-0001,과일_하루 한 컵 RED,스타벅스,카페,,외식(프랜차이즈 등 업체 제공 영양정보) | 과일류 | 과일,UNKNOWN_INDIVIDUAL_MENU_CATEGORY,SOURCE_CLASSIFICATION_NOT_A_SUPPORTED_INDIVIDUAL_MENU_KIND,https://various.foodsafetykorea.go.kr/nutrient/general/down/list.do|https://www.starbucks.co.kr/menu/food_view.do?product_cd=9300000005088,외식(프랜차이즈 등 업체 제공 영양정보) | 과일류 | 과일
kfind-d225-757000000-0001,견과_넛츠앤푸르츠,투썸플레이스,카페,,"외식(프랜차이즈 등 업체 제공 영양정보) | 두류, 견과 및 종실류 | 견과",UNKNOWN_INDIVIDUAL_MENU_CATEGORY,SOURCE_CLASSIFICATION_NOT_A_SUPPORTED_INDIVIDUAL_MENU_KIND,https://various.foodsafetykorea.go.kr/nutrient/general/down/list.do,"외식(프랜차이즈 등 업체 제공 영양정보) | 두류, 견과 및 종실류 | 견과"
official-mega-megaricano-ice,메가리카노 ICE,메가MGC커피,카페,,,UNKNOWN_INDIVIDUAL_MENU_CATEGORY,PUBLISHED_AMBIGUOUS_NAME_WITHOUT_INDIVIDUAL_DISH_GROUP,OFFICIAL-BRAND-NUTRITION:MEGA-MEGARICANO-ICE,
official-salady-d83ff0d8d3ad,양송이 크림스프,샐러디,샐러드·포케,,,UNKNOWN_INDIVIDUAL_MENU_CATEGORY,PUBLISHED_SOUP_FORM_WITHOUT_EXISTING_FRANCHISE_SOUP_CHIP,OFFICIAL-BRAND-NUTRITION:SALADY-D83FF0D8D3AD|https://salady.com/pdf/allergy.pdf?ver=261001|https://salady.com/pdf/nutrition.pdf?ver=260915,
official-salady-4d604e181424,단호박 크림스프,샐러디,샐러드·포케,,,UNKNOWN_INDIVIDUAL_MENU_CATEGORY,PUBLISHED_SOUP_FORM_WITHOUT_EXISTING_FRANCHISE_SOUP_CHIP,OFFICIAL-BRAND-NUTRITION:SALADY-4D604E181424|https://salady.com/pdf/allergy.pdf?ver=261001|https://salady.com/pdf/nutrition.pdf?ver=260915,
official-salady-8f3ab04c2b09,카사바칩,샐러디,샐러드·포케,,,UNKNOWN_INDIVIDUAL_MENU_CATEGORY,PUBLISHED_AMBIGUOUS_NAME_WITHOUT_INDIVIDUAL_DISH_GROUP,OFFICIAL-BRAND-NUTRITION:SALADY-8F3AB04C2B09|https://salady.com/pdf/nutrition.pdf?ver=260915,
official-salady-sandwich-d83ff0d8d3ad,양송이 크림스프,샐러디&샌드위치,샌드위치,,,UNKNOWN_INDIVIDUAL_MENU_CATEGORY,PUBLISHED_SOUP_FORM_WITHOUT_EXISTING_FRANCHISE_SOUP_CHIP,OFFICIAL-BRAND-NUTRITION:SALADY-SANDWICH-D83FF0D8D3AD|https://salady.com/pdf/allergy.pdf?ver=261001|https://salady.com/pdf/nutrition.pdf?ver=260915,
official-salady-sandwich-4d604e181424,단호박 크림스프,샐러디&샌드위치,샌드위치,,,UNKNOWN_INDIVIDUAL_MENU_CATEGORY,PUBLISHED_SOUP_FORM_WITHOUT_EXISTING_FRANCHISE_SOUP_CHIP,OFFICIAL-BRAND-NUTRITION:SALADY-SANDWICH-4D604E181424|https://salady.com/pdf/allergy.pdf?ver=261001|https://salady.com/pdf/nutrition.pdf?ver=260915,
official-salady-sandwich-8f3ab04c2b09,카사바칩,샐러디&샌드위치,샌드위치,,,UNKNOWN_INDIVIDUAL_MENU_CATEGORY,PUBLISHED_AMBIGUOUS_NAME_WITHOUT_INDIVIDUAL_DISH_GROUP,OFFICIAL-BRAND-NUTRITION:SALADY-SANDWICH-8F3AB04C2B09|https://salady.com/pdf/nutrition.pdf?ver=260915,
official-quality-eggdrop-1cc56c59a082,아보홀릭,에그드랍,토스트,,,UNKNOWN_INDIVIDUAL_MENU_CATEGORY,PUBLISHED_AMBIGUOUS_NAME_WITHOUT_INDIVIDUAL_DISH_GROUP,OFFICIAL-BRAND-NUTRITION:QUALITY-EGGDROP-1CC56C59A082|https://eggdrop.com/menu/view.php?seq=50,
official-quality-eggdrop-5446bd8a5a01,아메리칸 햄 치즈,에그드랍,토스트,,,UNKNOWN_INDIVIDUAL_MENU_CATEGORY,PUBLISHED_AMBIGUOUS_NAME_WITHOUT_INDIVIDUAL_DISH_GROUP,OFFICIAL-BRAND-NUTRITION:QUALITY-EGGDROP-5446BD8A5A01|https://eggdrop.com/menu/view.php?seq=45,
official-quality-eggdrop-7d47874b3b45,베이컨 딥 치즈 번,에그드랍,토스트,,,UNKNOWN_INDIVIDUAL_MENU_CATEGORY,PUBLISHED_AMBIGUOUS_NAME_WITHOUT_INDIVIDUAL_DISH_GROUP,OFFICIAL-BRAND-NUTRITION:QUALITY-EGGDROP-7D47874B3B45|https://eggdrop.com/menu/view.php?seq=51,
official-quality-eggdrop-8767c6076e82,미스터 에그,에그드랍,토스트,,,UNKNOWN_INDIVIDUAL_MENU_CATEGORY,PUBLISHED_AMBIGUOUS_NAME_WITHOUT_INDIVIDUAL_DISH_GROUP,OFFICIAL-BRAND-NUTRITION:QUALITY-EGGDROP-8767C6076E82|https://eggdrop.com/menu/view.php?seq=44,
official-quality-eggdrop-92f88de75932,베이컨 더블 치즈,에그드랍,토스트,,,UNKNOWN_INDIVIDUAL_MENU_CATEGORY,PUBLISHED_AMBIGUOUS_NAME_WITHOUT_INDIVIDUAL_DISH_GROUP,OFFICIAL-BRAND-NUTRITION:QUALITY-EGGDROP-92F88DE75932|https://eggdrop.com/menu/view.php?seq=46,
official-quality-eggdrop-a67caa18d6a1,갈릭 베이컨 치즈,에그드랍,토스트,,,UNKNOWN_INDIVIDUAL_MENU_CATEGORY,PUBLISHED_AMBIGUOUS_NAME_WITHOUT_INDIVIDUAL_DISH_GROUP,OFFICIAL-BRAND-NUTRITION:QUALITY-EGGDROP-A67CAA18D6A1|https://eggdrop.com/menu/view.php?seq=48,
official-quality-eggdrop-d01989c465ec,비프 데리야끼,에그드랍,토스트,,,UNKNOWN_INDIVIDUAL_MENU_CATEGORY,PUBLISHED_AMBIGUOUS_NAME_WITHOUT_INDIVIDUAL_DISH_GROUP,OFFICIAL-BRAND-NUTRITION:QUALITY-EGGDROP-D01989C465EC|https://eggdrop.com/menu/view.php?seq=47,
official-quality-pokeallday-5348daeb79aa,훈제오리 밸런스 박스,포케올데이,샐러드·포케,,,UNKNOWN_INDIVIDUAL_MENU_CATEGORY,PUBLISHED_AMBIGUOUS_NAME_WITHOUT_INDIVIDUAL_DISH_GROUP,OFFICIAL-BRAND-NUTRITION:QUALITY-POKEALLDAY-5348DAEB79AA|https://pokeallday.co.kr/allergy|https://pokeallday.co.kr/menu_balance_box,
official-quality-pokeallday-631144c60af7,닭가슴살 밸런스 박스,포케올데이,샐러드·포케,,,UNKNOWN_INDIVIDUAL_MENU_CATEGORY,PUBLISHED_AMBIGUOUS_NAME_WITHOUT_INDIVIDUAL_DISH_GROUP,OFFICIAL-BRAND-NUTRITION:QUALITY-POKEALLDAY-631144C60AF7|https://pokeallday.co.kr/allergy|https://pokeallday.co.kr/menu_balance_box,
official-quality-pokeallday-7de2c7b68ab3,소고기 밸런스 박스,포케올데이,샐러드·포케,,,UNKNOWN_INDIVIDUAL_MENU_CATEGORY,PUBLISHED_AMBIGUOUS_NAME_WITHOUT_INDIVIDUAL_DISH_GROUP,OFFICIAL-BRAND-NUTRITION:QUALITY-POKEALLDAY-7DE2C7B68AB3|https://pokeallday.co.kr/allergy|https://pokeallday.co.kr/menu_balance_box,
official-quality-pokeallday-e7e9b01e14b1,두부버섯 밸런스 박스,포케올데이,샐러드·포케,,,UNKNOWN_INDIVIDUAL_MENU_CATEGORY,PUBLISHED_AMBIGUOUS_NAME_WITHOUT_INDIVIDUAL_DISH_GROUP,OFFICIAL-BRAND-NUTRITION:QUALITY-POKEALLDAY-E7E9B01E14B1|https://pokeallday.co.kr/allergy|https://pokeallday.co.kr/menu_balance_box,
official-quality-slowcali-0786a82a713d,훈제오리 40g,슬로우캘리,샐러드·포케,,,UNKNOWN_INDIVIDUAL_MENU_CATEGORY,PUBLISHED_INGREDIENT_OR_TOPPING_NOT_ASSUMED_COMPLETE_DISH,OFFICIAL-BRAND-NUTRITION:QUALITY-SLOWCALI-0786A82A713D|https://slowcali.co.kr/bbs/content.php?co_id=menu,
official-quality-slowcali-1add632ce690,베이컨칩 5g,슬로우캘리,샐러드·포케,,,UNKNOWN_INDIVIDUAL_MENU_CATEGORY,PUBLISHED_INGREDIENT_OR_TOPPING_NOT_ASSUMED_COMPLETE_DISH,OFFICIAL-BRAND-NUTRITION:QUALITY-SLOWCALI-1ADD632CE690|https://slowcali.co.kr/bbs/content.php?co_id=menu,
official-quality-slowcali-2ce5b62049d4,연.참.문.퐄,슬로우캘리,샐러드·포케,,,UNKNOWN_INDIVIDUAL_MENU_CATEGORY,PUBLISHED_AMBIGUOUS_NAME_WITHOUT_INDIVIDUAL_DISH_GROUP,OFFICIAL-BRAND-NUTRITION:QUALITY-SLOWCALI-2CE5B62049D4|https://slowcali.co.kr/bbs/content.php?co_id=menu,
official-quality-slowcali-43028619a4ad,병아리콩 15g,슬로우캘리,샐러드·포케,,,UNKNOWN_INDIVIDUAL_MENU_CATEGORY,PUBLISHED_INGREDIENT_OR_TOPPING_NOT_ASSUMED_COMPLETE_DISH,OFFICIAL-BRAND-NUTRITION:QUALITY-SLOWCALI-43028619A4AD|https://slowcali.co.kr/bbs/content.php?co_id=menu,
official-quality-slowcali-44e392d2df7b,문어 30g,슬로우캘리,샐러드·포케,,,UNKNOWN_INDIVIDUAL_MENU_CATEGORY,PUBLISHED_INGREDIENT_OR_TOPPING_NOT_ASSUMED_COMPLETE_DISH,OFFICIAL-BRAND-NUTRITION:QUALITY-SLOWCALI-44E392D2DF7B|https://slowcali.co.kr/bbs/content.php?co_id=menu,
official-quality-slowcali-47cdfb1811a5,삶은 계란 1EA,슬로우캘리,샐러드·포케,,,UNKNOWN_INDIVIDUAL_MENU_CATEGORY,PUBLISHED_INGREDIENT_OR_TOPPING_NOT_ASSUMED_COMPLETE_DISH,OFFICIAL-BRAND-NUTRITION:QUALITY-SLOWCALI-47CDFB1811A5|https://slowcali.co.kr/bbs/content.php?co_id=menu,
official-quality-slowcali-53d7e956f486,부채살 120g,슬로우캘리,샐러드·포케,,,UNKNOWN_INDIVIDUAL_MENU_CATEGORY,PUBLISHED_INGREDIENT_OR_TOPPING_NOT_ASSUMED_COMPLETE_DISH,OFFICIAL-BRAND-NUTRITION:QUALITY-SLOWCALI-53D7E956F486|https://slowcali.co.kr/bbs/content.php?co_id=menu,
official-quality-slowcali-7249fe909f7f,해초볶음 30g,슬로우캘리,샐러드·포케,,,UNKNOWN_INDIVIDUAL_MENU_CATEGORY,PUBLISHED_INGREDIENT_OR_TOPPING_NOT_ASSUMED_COMPLETE_DISH,OFFICIAL-BRAND-NUTRITION:QUALITY-SLOWCALI-7249FE909F7F|https://slowcali.co.kr/bbs/content.php?co_id=menu,
official-quality-slowcali-7ae23a4ca903,에다마메 15g,슬로우캘리,샐러드·포케,,,UNKNOWN_INDIVIDUAL_MENU_CATEGORY,PUBLISHED_INGREDIENT_OR_TOPPING_NOT_ASSUMED_COMPLETE_DISH,OFFICIAL-BRAND-NUTRITION:QUALITY-SLOWCALI-7AE23A4CA903|https://slowcali.co.kr/bbs/content.php?co_id=menu,
official-quality-slowcali-7b2eb34c2fe5,연어 30g,슬로우캘리,샐러드·포케,,,UNKNOWN_INDIVIDUAL_MENU_CATEGORY,PUBLISHED_INGREDIENT_OR_TOPPING_NOT_ASSUMED_COMPLETE_DISH,OFFICIAL-BRAND-NUTRITION:QUALITY-SLOWCALI-7B2EB34C2FE5|https://slowcali.co.kr/bbs/content.php?co_id=menu,
official-quality-slowcali-8187dbcb2288,그래놀라 10g,슬로우캘리,샐러드·포케,,,UNKNOWN_INDIVIDUAL_MENU_CATEGORY,PUBLISHED_INGREDIENT_OR_TOPPING_NOT_ASSUMED_COMPLETE_DISH,OFFICIAL-BRAND-NUTRITION:QUALITY-SLOWCALI-8187DBCB2288|https://slowcali.co.kr/bbs/content.php?co_id=menu,
official-quality-slowcali-9acb34672c9f,참치 30g,슬로우캘리,샐러드·포케,,,UNKNOWN_INDIVIDUAL_MENU_CATEGORY,PUBLISHED_INGREDIENT_OR_TOPPING_NOT_ASSUMED_COMPLETE_DISH,OFFICIAL-BRAND-NUTRITION:QUALITY-SLOWCALI-9ACB34672C9F|https://slowcali.co.kr/bbs/content.php?co_id=menu,
official-quality-slowcali-a2c449ff7165,아보카도 1/4,슬로우캘리,샐러드·포케,,,UNKNOWN_INDIVIDUAL_MENU_CATEGORY,PUBLISHED_AMBIGUOUS_NAME_WITHOUT_INDIVIDUAL_DISH_GROUP,OFFICIAL-BRAND-NUTRITION:QUALITY-SLOWCALI-A2C449FF7165|https://slowcali.co.kr/bbs/content.php?co_id=menu,
official-quality-slowcali-a891e79a883f,갈릭새우 5EA,슬로우캘리,샐러드·포케,,,UNKNOWN_INDIVIDUAL_MENU_CATEGORY,PUBLISHED_INGREDIENT_OR_TOPPING_NOT_ASSUMED_COMPLETE_DISH,OFFICIAL-BRAND-NUTRITION:QUALITY-SLOWCALI-A891E79A883F|https://slowcali.co.kr/bbs/content.php?co_id=menu,
official-quality-slowcali-b1b789657aca,크루통 10g,슬로우캘리,샐러드·포케,,,UNKNOWN_INDIVIDUAL_MENU_CATEGORY,PUBLISHED_INGREDIENT_OR_TOPPING_NOT_ASSUMED_COMPLETE_DISH,OFFICIAL-BRAND-NUTRITION:QUALITY-SLOWCALI-B1B789657ACA|https://slowcali.co.kr/bbs/content.php?co_id=menu,
official-quality-slowcali-c7fe2e85b5d0,현미밥 130g,슬로우캘리,샐러드·포케,,,UNKNOWN_INDIVIDUAL_MENU_CATEGORY,PUBLISHED_INGREDIENT_OR_TOPPING_NOT_ASSUMED_COMPLETE_DISH,OFFICIAL-BRAND-NUTRITION:QUALITY-SLOWCALI-C7FE2E85B5D0|https://slowcali.co.kr/bbs/content.php?co_id=menu,
official-quality-slowcali-c926ed1f2e24,그라노파다노 치즈 3g,슬로우캘리,샐러드·포케,,,UNKNOWN_INDIVIDUAL_MENU_CATEGORY,PUBLISHED_INGREDIENT_OR_TOPPING_NOT_ASSUMED_COMPLETE_DISH,OFFICIAL-BRAND-NUTRITION:QUALITY-SLOWCALI-C926ED1F2E24|https://slowcali.co.kr/bbs/content.php?co_id=menu,
official-quality-slowcali-caaacca09bfb,날치알 15g,슬로우캘리,샐러드·포케,,,UNKNOWN_INDIVIDUAL_MENU_CATEGORY,PUBLISHED_INGREDIENT_OR_TOPPING_NOT_ASSUMED_COMPLETE_DISH,OFFICIAL-BRAND-NUTRITION:QUALITY-SLOWCALI-CAAACCA09BFB|https://slowcali.co.kr/bbs/content.php?co_id=menu,
official-quality-slowcali-d431fbbb2b95,스파이시 토마토 야채 스프,슬로우캘리,샐러드·포케,,,UNKNOWN_INDIVIDUAL_MENU_CATEGORY,PUBLISHED_SOUP_FORM_WITHOUT_EXISTING_FRANCHISE_SOUP_CHIP,OFFICIAL-BRAND-NUTRITION:QUALITY-SLOWCALI-D431FBBB2B95|https://slowcali.co.kr/bbs/content.php?co_id=menu,
official-quality-slowcali-dc28f13a796d,닭가슴살 40g,슬로우캘리,샐러드·포케,,,UNKNOWN_INDIVIDUAL_MENU_CATEGORY,PUBLISHED_INGREDIENT_OR_TOPPING_NOT_ASSUMED_COMPLETE_DISH,OFFICIAL-BRAND-NUTRITION:QUALITY-SLOWCALI-DC28F13A796D|https://slowcali.co.kr/bbs/content.php?co_id=menu,
official-quality-slowcali-e5edf17cce08,아보카도 1/2,슬로우캘리,샐러드·포케,,,UNKNOWN_INDIVIDUAL_MENU_CATEGORY,PUBLISHED_AMBIGUOUS_NAME_WITHOUT_INDIVIDUAL_DISH_GROUP,OFFICIAL-BRAND-NUTRITION:QUALITY-SLOWCALI-E5EDF17CCE08|https://slowcali.co.kr/bbs/content.php?co_id=menu,
official-quality-slowcali-e6aaa6900f3f,할라피뇨 10g,슬로우캘리,샐러드·포케,,,UNKNOWN_INDIVIDUAL_MENU_CATEGORY,PUBLISHED_INGREDIENT_OR_TOPPING_NOT_ASSUMED_COMPLETE_DISH,OFFICIAL-BRAND-NUTRITION:QUALITY-SLOWCALI-E6AAA6900F3F|https://slowcali.co.kr/bbs/content.php?co_id=menu,
official-quality-slowcali-ee5e4f91853f,두부 40g,슬로우캘리,샐러드·포케,,,UNKNOWN_INDIVIDUAL_MENU_CATEGORY,PUBLISHED_INGREDIENT_OR_TOPPING_NOT_ASSUMED_COMPLETE_DISH,OFFICIAL-BRAND-NUTRITION:QUALITY-SLOWCALI-EE5E4F91853F|https://slowcali.co.kr/bbs/content.php?co_id=menu,
official-quality-slowcali-f58264c9e2e7,구운버섯 40g,슬로우캘리,샐러드·포케,,,UNKNOWN_INDIVIDUAL_MENU_CATEGORY,PUBLISHED_INGREDIENT_OR_TOPPING_NOT_ASSUMED_COMPLETE_DISH,OFFICIAL-BRAND-NUTRITION:QUALITY-SLOWCALI-F58264C9E2E7|https://slowcali.co.kr/bbs/content.php?co_id=menu,
official-quality-slowcali-f652e773f712,구운 단호박 2EA,슬로우캘리,샐러드·포케,,,UNKNOWN_INDIVIDUAL_MENU_CATEGORY,PUBLISHED_INGREDIENT_OR_TOPPING_NOT_ASSUMED_COMPLETE_DISH,OFFICIAL-BRAND-NUTRITION:QUALITY-SLOWCALI-F652E773F712|https://slowcali.co.kr/bbs/content.php?co_id=menu,
official-quality-subway-6cd1252b2a04,화이트 초코 마카다미아,써브웨이,샌드위치,,,UNKNOWN_INDIVIDUAL_MENU_CATEGORY,PUBLISHED_AMBIGUOUS_NAME_WITHOUT_INDIVIDUAL_DISH_GROUP,OFFICIAL-BRAND-NUTRITION:QUALITY-SUBWAY-6CD1252B2A04|https://www.subway.co.kr/menuView/sidedrink?menuItemIdx=1311,
official-quality-subway-9b0081f452a2,더블 초코칩,써브웨이,샌드위치,,,UNKNOWN_INDIVIDUAL_MENU_CATEGORY,PUBLISHED_AMBIGUOUS_NAME_WITHOUT_INDIVIDUAL_DISH_GROUP,OFFICIAL-BRAND-NUTRITION:QUALITY-SUBWAY-9B0081F452A2|https://www.subway.co.kr/menuView/sidedrink?menuItemIdx=1307,
official-quality-subway-d550ef40160a,초코칩,써브웨이,샌드위치,,,UNKNOWN_INDIVIDUAL_MENU_CATEGORY,PUBLISHED_AMBIGUOUS_NAME_WITHOUT_INDIVIDUAL_DISH_GROUP,OFFICIAL-BRAND-NUTRITION:QUALITY-SUBWAY-D550EF40160A|https://www.subway.co.kr/menuView/sidedrink?menuItemIdx=1308,
official-quality-subway-e34b3bc13ae8,오트밀 레이즌,써브웨이,샌드위치,,,UNKNOWN_INDIVIDUAL_MENU_CATEGORY,PUBLISHED_AMBIGUOUS_NAME_WITHOUT_INDIVIDUAL_DISH_GROUP,OFFICIAL-BRAND-NUTRITION:QUALITY-SUBWAY-E34B3BC13AE8|https://www.subway.co.kr/menuView/sidedrink?menuItemIdx=1309,
official-menu-twozzim-f6e7243c4d88,닭볶음탕,두찜,찜닭,,,UNKNOWN_INDIVIDUAL_MENU_CATEGORY,PUBLISHED_AMBIGUOUS_NAME_WITHOUT_INDIVIDUAL_DISH_GROUP,https://www.twozzim.com/bbs/board.php?bo_table=menu&wr_id=27,
official-quality-bongchu-11fae3c79a32,두가지치즈,봉추찜닭,찜닭,,,UNKNOWN_INDIVIDUAL_MENU_CATEGORY,PUBLISHED_AMBIGUOUS_NAME_WITHOUT_INDIVIDUAL_DISH_GROUP,http://www.bongchu.com/layout/res/home.php?go=page1.0&mid=10,
official-quality-bongchu-2fcb97141dcf,누룽지,봉추찜닭,찜닭,,,UNKNOWN_INDIVIDUAL_MENU_CATEGORY,PUBLISHED_AMBIGUOUS_NAME_WITHOUT_INDIVIDUAL_DISH_GROUP,http://www.bongchu.com/layout/res/home.php?go=page1.0&mid=10,
official-quality-bongchu-4fbb98548f35,닭매운탕,봉추찜닭,찜닭,,,UNKNOWN_INDIVIDUAL_MENU_CATEGORY,PUBLISHED_AMBIGUOUS_NAME_WITHOUT_INDIVIDUAL_DISH_GROUP,http://www.bongchu.com/layout/res/home.php?go=page1.0&mid=10,
official-quality-ilmiri-0a6a27fb10c3,계란밥,일미리금계찜닭,찜닭,,,UNKNOWN_INDIVIDUAL_MENU_CATEGORY,PUBLISHED_AMBIGUOUS_NAME_WITHOUT_INDIVIDUAL_DISH_GROUP,https://goldjjimdak.com/html/menu.php,
official-quality-hyundaiok-05e8a2eca6ab,모주,현대옥,국밥,,,UNKNOWN_INDIVIDUAL_MENU_CATEGORY,PUBLISHED_AMBIGUOUS_NAME_WITHOUT_INDIVIDUAL_DISH_GROUP,http://www.hyundaiok.com/menu,
official-quality-hyundaiok-244f5882f18f,데친큰오징어 한마리,현대옥,국밥,,,UNKNOWN_INDIVIDUAL_MENU_CATEGORY,PUBLISHED_AMBIGUOUS_NAME_WITHOUT_INDIVIDUAL_DISH_GROUP,http://www.hyundaiok.com/menu,
official-menu-sinjeon-8adf5898603b,맵닭,신전떡볶이,분식,,,UNKNOWN_INDIVIDUAL_MENU_CATEGORY,PUBLISHED_AMBIGUOUS_NAME_WITHOUT_INDIVIDUAL_DISH_GROUP,https://www.sinjeon.co.kr/doc/menu03.php,
official-menu-sinjeon-1c9b56c18075,로제맵닭,신전떡볶이,분식,,,UNKNOWN_INDIVIDUAL_MENU_CATEGORY,PUBLISHED_AMBIGUOUS_NAME_WITHOUT_INDIVIDUAL_DISH_GROUP,https://www.sinjeon.co.kr/doc/menu03.php,
official-menu-sinjeon-3b5895dd25fb,잡채말이,신전떡볶이,분식,,,UNKNOWN_INDIVIDUAL_MENU_CATEGORY,PUBLISHED_AMBIGUOUS_NAME_WITHOUT_INDIVIDUAL_DISH_GROUP,https://www.sinjeon.co.kr/doc/menu04.php,
official-menu-sinjeon-306c8d51b5f4,납작면,신전떡볶이,분식,,,UNKNOWN_INDIVIDUAL_MENU_CATEGORY,PUBLISHED_AMBIGUOUS_NAME_WITHOUT_INDIVIDUAL_DISH_GROUP,https://www.sinjeon.co.kr/doc/menu06.php,
official-menu-sinjeon-4546732a7075,베이컨,신전떡볶이,분식,,,UNKNOWN_INDIVIDUAL_MENU_CATEGORY,PUBLISHED_AMBIGUOUS_NAME_WITHOUT_INDIVIDUAL_DISH_GROUP,https://www.sinjeon.co.kr/doc/menu06.php,
official-menu-sinjeon-c07a24dc2433,메추리알,신전떡볶이,분식,,,UNKNOWN_INDIVIDUAL_MENU_CATEGORY,PUBLISHED_AMBIGUOUS_NAME_WITHOUT_INDIVIDUAL_DISH_GROUP,https://www.sinjeon.co.kr/doc/menu06.php,
official-menu-sinjeon-b66894f0810b,비엔나,신전떡볶이,분식,,,UNKNOWN_INDIVIDUAL_MENU_CATEGORY,PUBLISHED_AMBIGUOUS_NAME_WITHOUT_INDIVIDUAL_DISH_GROUP,https://www.sinjeon.co.kr/doc/menu06.php,
official-menu-sinjeon-58da808d8e10,단무지,신전떡볶이,분식,,,UNKNOWN_INDIVIDUAL_MENU_CATEGORY,PUBLISHED_AMBIGUOUS_NAME_WITHOUT_INDIVIDUAL_DISH_GROUP,https://www.sinjeon.co.kr/doc/menu06.php,
official-menu-sinjeon-5ac09b604849,분모자,신전떡볶이,분식,,,UNKNOWN_INDIVIDUAL_MENU_CATEGORY,PUBLISHED_AMBIGUOUS_NAME_WITHOUT_INDIVIDUAL_DISH_GROUP,https://www.sinjeon.co.kr/doc/menu06.php,
official-menu-sinjeon-1a9bb5c074c5,콘버터,신전떡볶이,분식,,,UNKNOWN_INDIVIDUAL_MENU_CATEGORY,PUBLISHED_AMBIGUOUS_NAME_WITHOUT_INDIVIDUAL_DISH_GROUP,https://www.sinjeon.co.kr/doc/menu06.php,
official-quality-jaws-e89ae9e80dc4,죠스쿨,죠스떡볶이,분식,,,UNKNOWN_INDIVIDUAL_MENU_CATEGORY,PUBLISHED_AMBIGUOUS_NAME_WITHOUT_INDIVIDUAL_DISH_GROUP,https://jawsfood.co.kr/menu/view.html?seq=19,
official-quality-youngdabang-15687b585e9c,두부피롤,청년다방,분식,,,UNKNOWN_INDIVIDUAL_MENU_CATEGORY,PUBLISHED_AMBIGUOUS_NAME_WITHOUT_INDIVIDUAL_DISH_GROUP,https://youngdabang.com/html/menu_view.html,
official-quality-youngdabang-38422c285f79,비엔나햄,청년다방,분식,,,UNKNOWN_INDIVIDUAL_MENU_CATEGORY,PUBLISHED_AMBIGUOUS_NAME_WITHOUT_INDIVIDUAL_DISH_GROUP,https://youngdabang.com/html/menu_view.html,
official-quality-youngdabang-569da301eb06,감자후레이크,청년다방,분식,,,UNKNOWN_INDIVIDUAL_MENU_CATEGORY,PUBLISHED_AMBIGUOUS_NAME_WITHOUT_INDIVIDUAL_DISH_GROUP,https://youngdabang.com/html/menu_view.html,
official-quality-youngdabang-5ac09b604849,분모자,청년다방,분식,,,UNKNOWN_INDIVIDUAL_MENU_CATEGORY,PUBLISHED_AMBIGUOUS_NAME_WITHOUT_INDIVIDUAL_DISH_GROUP,https://youngdabang.com/html/menu_view.html,
official-quality-youngdabang-c07a24dc2433,메추리알,청년다방,분식,,,UNKNOWN_INDIVIDUAL_MENU_CATEGORY,PUBLISHED_AMBIGUOUS_NAME_WITHOUT_INDIVIDUAL_DISH_GROUP,https://youngdabang.com/html/menu_view.html,
official-quality-youngdabang-cf2eb1e941e5,치즈밥,청년다방,분식,,,UNKNOWN_INDIVIDUAL_MENU_CATEGORY,PUBLISHED_AMBIGUOUS_NAME_WITHOUT_INDIVIDUAL_DISH_GROUP,https://youngdabang.com/html/menu_view.html,
official-quality-youngdabang-e318f88df30a,엔젤치즈,청년다방,분식,,,UNKNOWN_INDIVIDUAL_MENU_CATEGORY,PUBLISHED_AMBIGUOUS_NAME_WITHOUT_INDIVIDUAL_DISH_GROUP,https://youngdabang.com/html/menu_view.html,
official-quality-schoolfood-03d1d2db2cc2,모짜렐라 스페셜Ⅰ,스쿨푸드,분식,,,UNKNOWN_INDIVIDUAL_MENU_CATEGORY,PUBLISHED_AMBIGUOUS_NAME_WITHOUT_INDIVIDUAL_DISH_GROUP,http://schoolfood.freewebclub.com/menu/menu.html,
official-quality-schoolfood-18a5d6b2adaf,스페셜마리 IV,스쿨푸드,분식,,,UNKNOWN_INDIVIDUAL_MENU_CATEGORY,PUBLISHED_AMBIGUOUS_NAME_WITHOUT_INDIVIDUAL_DISH_GROUP,http://schoolfood.freewebclub.com/menu/menu.html,
official-quality-schoolfood-1b46b12618be,함바그 스테이크,스쿨푸드,분식,,,UNKNOWN_INDIVIDUAL_MENU_CATEGORY,PUBLISHED_AMBIGUOUS_NAME_WITHOUT_INDIVIDUAL_DISH_GROUP,http://schoolfood.freewebclub.com/menu/menu.html|http://www.schoolfood.co.kr/pop/pop_orgin.html,
official-quality-schoolfood-1ffeeb95e8a3,떡순이모둠,스쿨푸드,분식,,,UNKNOWN_INDIVIDUAL_MENU_CATEGORY,PUBLISHED_AMBIGUOUS_NAME_WITHOUT_INDIVIDUAL_DISH_GROUP,http://schoolfood.freewebclub.com/menu/menu.html,
official-quality-schoolfood-299166c9b9a7,통새우마리,스쿨푸드,분식,,,UNKNOWN_INDIVIDUAL_MENU_CATEGORY,PUBLISHED_AMBIGUOUS_NAME_WITHOUT_INDIVIDUAL_DISH_GROUP,http://schoolfood.freewebclub.com/menu/menu.html|http://www.schoolfood.co.kr/pop/pop_orgin.html,
official-quality-schoolfood-2e7168ec0cc2,쟁반국떡,스쿨푸드,분식,,,UNKNOWN_INDIVIDUAL_MENU_CATEGORY,PUBLISHED_AMBIGUOUS_NAME_WITHOUT_INDIVIDUAL_DISH_GROUP,http://schoolfood.freewebclub.com/menu/menu.html,
official-quality-schoolfood-5f5840459782,오도독매콤 짱아치,스쿨푸드,분식,,,UNKNOWN_INDIVIDUAL_MENU_CATEGORY,PUBLISHED_AMBIGUOUS_NAME_WITHOUT_INDIVIDUAL_DISH_GROUP,http://schoolfood.freewebclub.com/menu/menu.html|http://www.schoolfood.co.kr/pop/pop_orgin.html,
official-quality-schoolfood-6280cbc2a473,짱아치 충무마리,스쿨푸드,분식,,,UNKNOWN_INDIVIDUAL_MENU_CATEGORY,PUBLISHED_AMBIGUOUS_NAME_WITHOUT_INDIVIDUAL_DISH_GROUP,http://schoolfood.freewebclub.com/menu/menu.html|http://www.schoolfood.co.kr/pop/pop_orgin.html,
official-quality-schoolfood-716666b600e1,모짜렐라 통새우 계란 마리,스쿨푸드,분식,,,UNKNOWN_INDIVIDUAL_MENU_CATEGORY,PUBLISHED_AMBIGUOUS_NAME_WITHOUT_INDIVIDUAL_DISH_GROUP,http://schoolfood.freewebclub.com/menu/menu.html|http://www.schoolfood.co.kr/pop/pop_orgin.html,
official-quality-schoolfood-71ba13647a07,모짜렐라 스팸 계란 마리,스쿨푸드,분식,,,UNKNOWN_INDIVIDUAL_MENU_CATEGORY,PUBLISHED_AMBIGUOUS_NAME_WITHOUT_INDIVIDUAL_DISH_GROUP,http://schoolfood.freewebclub.com/menu/menu.html|http://www.schoolfood.co.kr/pop/pop_orgin.html,
official-quality-schoolfood-731dc6ee64e2,멸치마리,스쿨푸드,분식,,,UNKNOWN_INDIVIDUAL_MENU_CATEGORY,PUBLISHED_AMBIGUOUS_NAME_WITHOUT_INDIVIDUAL_DISH_GROUP,http://schoolfood.freewebclub.com/menu/menu.html|http://www.schoolfood.co.kr/pop/pop_orgin.html,
official-quality-schoolfood-81f9c6361527,모짜레드 통새우 계란 마리,스쿨푸드,분식,,,UNKNOWN_INDIVIDUAL_MENU_CATEGORY,PUBLISHED_AMBIGUOUS_NAME_WITHOUT_INDIVIDUAL_DISH_GROUP,http://schoolfood.freewebclub.com/menu/menu.html|http://www.schoolfood.co.kr/pop/pop_orgin.html,
official-quality-schoolfood-84a7cc3552b8,전복 계란 마리,스쿨푸드,분식,,,UNKNOWN_INDIVIDUAL_MENU_CATEGORY,PUBLISHED_AMBIGUOUS_NAME_WITHOUT_INDIVIDUAL_DISH_GROUP,http://schoolfood.freewebclub.com/menu/menu.html|http://www.schoolfood.co.kr/pop/pop_orgin.html,
official-quality-schoolfood-8e5102e100c3,고추멸치마리,스쿨푸드,분식,,,UNKNOWN_INDIVIDUAL_MENU_CATEGORY,PUBLISHED_AMBIGUOUS_NAME_WITHOUT_INDIVIDUAL_DISH_GROUP,http://schoolfood.freewebclub.com/menu/menu.html|http://www.schoolfood.co.kr/pop/pop_orgin.html,
official-quality-schoolfood-a98ea1a99088,스패니쉬 오징어 먹물 마리,스쿨푸드,분식,,,UNKNOWN_INDIVIDUAL_MENU_CATEGORY,PUBLISHED_AMBIGUOUS_NAME_WITHOUT_INDIVIDUAL_DISH_GROUP,http://schoolfood.freewebclub.com/menu/menu.html|http://www.schoolfood.co.kr/pop/pop_orgin.html,
official-quality-schoolfood-ab90ff315b6f,김치마리,스쿨푸드,분식,,,UNKNOWN_INDIVIDUAL_MENU_CATEGORY,PUBLISHED_AMBIGUOUS_NAME_WITHOUT_INDIVIDUAL_DISH_GROUP,http://schoolfood.freewebclub.com/menu/menu.html|http://www.schoolfood.co.kr/pop/pop_orgin.html,
official-quality-schoolfood-b6917f8c2e41,베이컨마늘마리,스쿨푸드,분식,,,UNKNOWN_INDIVIDUAL_MENU_CATEGORY,PUBLISHED_AMBIGUOUS_NAME_WITHOUT_INDIVIDUAL_DISH_GROUP,http://schoolfood.freewebclub.com/menu/menu.html|http://www.schoolfood.co.kr/pop/pop_orgin.html,
official-quality-schoolfood-ed6135ab514d,스페셜마리 Ⅱ,스쿨푸드,분식,,,UNKNOWN_INDIVIDUAL_MENU_CATEGORY,PUBLISHED_AMBIGUOUS_NAME_WITHOUT_INDIVIDUAL_DISH_GROUP,http://schoolfood.freewebclub.com/menu/menu.html,
official-quality-schoolfood-eefabc595388,참치마리,스쿨푸드,분식,,,UNKNOWN_INDIVIDUAL_MENU_CATEGORY,PUBLISHED_AMBIGUOUS_NAME_WITHOUT_INDIVIDUAL_DISH_GROUP,http://schoolfood.freewebclub.com/menu/menu.html|http://www.schoolfood.co.kr/pop/pop_orgin.html,
official-quality-schoolfood-f55e8bb2b9ee,오리지널 스팸마리,스쿨푸드,분식,,,UNKNOWN_INDIVIDUAL_MENU_CATEGORY,PUBLISHED_AMBIGUOUS_NAME_WITHOUT_INDIVIDUAL_DISH_GROUP,http://schoolfood.freewebclub.com/menu/menu.html|http://www.schoolfood.co.kr/pop/pop_orgin.html,
official-quality-schoolfood-f76919969dfe,전복마리,스쿨푸드,분식,,,UNKNOWN_INDIVIDUAL_MENU_CATEGORY,PUBLISHED_AMBIGUOUS_NAME_WITHOUT_INDIVIDUAL_DISH_GROUP,http://schoolfood.freewebclub.com/menu/menu.html|http://www.schoolfood.co.kr/pop/pop_orgin.html,
official-quality-schoolfood-fec35a930139,톡톡 날치알 마리,스쿨푸드,분식,,,UNKNOWN_INDIVIDUAL_MENU_CATEGORY,PUBLISHED_AMBIGUOUS_NAME_WITHOUT_INDIVIDUAL_DISH_GROUP,http://schoolfood.freewebclub.com/menu/menu.html|http://www.schoolfood.co.kr/pop/pop_orgin.html,
official-menu-gimgane-65af7e9f404b,통새우롤,김가네,김밥,,,UNKNOWN_INDIVIDUAL_MENU_CATEGORY,PUBLISHED_AMBIGUOUS_NAME_WITHOUT_INDIVIDUAL_DISH_GROUP,https://www.gimgane.co.kr/board/index.php?board=menu_01&sca=2,
official-menu-kobongmin-0cbaed0509f0,맵엉마라통,고봉민김밥인,김밥,,,UNKNOWN_INDIVIDUAL_MENU_CATEGORY,PUBLISHED_AMBIGUOUS_NAME_WITHOUT_INDIVIDUAL_DISH_GROUP,https://kobongmin.com/renewal/03_menu/02.php,
official-menu-kobongmin-ff82cd681c2f,맵엉청양모짜통,고봉민김밥인,김밥,,,UNKNOWN_INDIVIDUAL_MENU_CATEGORY,PUBLISHED_AMBIGUOUS_NAME_WITHOUT_INDIVIDUAL_DISH_GROUP,https://kobongmin.com/renewal/03_menu/02.php,
official-menu-kobongmin-72478616d1b3,맵엉소시지통,고봉민김밥인,김밥,,,UNKNOWN_INDIVIDUAL_MENU_CATEGORY,PUBLISHED_AMBIGUOUS_NAME_WITHOUT_INDIVIDUAL_DISH_GROUP,https://kobongmin.com/renewal/03_menu/02.php,
official-menu-kobongmin-5a4ec926d0f3,맵엉와사크래미통,고봉민김밥인,김밥,,,UNKNOWN_INDIVIDUAL_MENU_CATEGORY,PUBLISHED_AMBIGUOUS_NAME_WITHOUT_INDIVIDUAL_DISH_GROUP,https://kobongmin.com/renewal/03_menu/02.php,
official-menu-kobongmin-d0d57d3675a9,만둣국,고봉민김밥인,김밥,,,UNKNOWN_INDIVIDUAL_MENU_CATEGORY,PUBLISHED_AMBIGUOUS_NAME_WITHOUT_INDIVIDUAL_DISH_GROUP,https://kobongmin.com/renewal/03_menu/03.php,
official-menu-kobongmin-1e223bd1bfd2,떡국,고봉민김밥인,김밥,,,UNKNOWN_INDIVIDUAL_MENU_CATEGORY,PUBLISHED_AMBIGUOUS_NAME_WITHOUT_INDIVIDUAL_DISH_GROUP,https://kobongmin.com/renewal/03_menu/05.php,
official-quality-teacherkim-0fc04df58a65,바른 호두강정,바르다김선생,김밥,,,UNKNOWN_INDIVIDUAL_MENU_CATEGORY,PUBLISHED_AMBIGUOUS_NAME_WITHOUT_INDIVIDUAL_DISH_GROUP,https://www.teacherkim.co.kr/menu/view.html?pg=1&seq=51&bs=004005&sf=&ss=,
official-quality-teacherkim-34e5d56e1196,한입 메밀전병,바르다김선생,김밥,,,UNKNOWN_INDIVIDUAL_MENU_CATEGORY,PUBLISHED_AMBIGUOUS_NAME_WITHOUT_INDIVIDUAL_DISH_GROUP,https://www.teacherkim.co.kr/menu/view.html?pg=1&seq=46&bs=004004&sf=&ss=,
official-quality-teacherkim-367a62434a66,바른 참기름,바르다김선생,김밥,,,UNKNOWN_INDIVIDUAL_MENU_CATEGORY,PUBLISHED_AMBIGUOUS_NAME_WITHOUT_INDIVIDUAL_DISH_GROUP,https://www.teacherkim.co.kr/menu/view.html?pg=1&seq=51&bs=004005&sf=&ss=,
official-quality-teacherkim-48d91e9e05d9,생 세트,바르다김선생,김밥,,,UNKNOWN_INDIVIDUAL_MENU_CATEGORY,PUBLISHED_AMBIGUOUS_NAME_WITHOUT_INDIVIDUAL_DISH_GROUP,https://www.teacherkim.co.kr/menu/view.html?pg=1&seq=70&bs=004007&sf=&ss=,
official-quality-teacherkim-9d3256c6b86d,김 세트,바르다김선생,김밥,,,UNKNOWN_INDIVIDUAL_MENU_CATEGORY,PUBLISHED_AMBIGUOUS_NAME_WITHOUT_INDIVIDUAL_DISH_GROUP,https://www.teacherkim.co.kr/menu/view.html?pg=1&seq=70&bs=004007&sf=&ss=,
official-quality-teacherkim-f0f35de67d96,선 세트,바르다김선생,김밥,,,UNKNOWN_INDIVIDUAL_MENU_CATEGORY,PUBLISHED_AMBIGUOUS_NAME_WITHOUT_INDIVIDUAL_DISH_GROUP,https://www.teacherkim.co.kr/menu/view.html?pg=1&seq=70&bs=004007&sf=&ss=,
official-quality-hongkong-17b434fb9958,차돌박이숙주볶음,홍콩반점0410,중식,,,UNKNOWN_INDIVIDUAL_MENU_CATEGORY,PUBLISHED_AMBIGUOUS_NAME_WITHOUT_INDIVIDUAL_DISH_GROUP,https://www.theborn.co.kr/theborn_brand/%ED%99%8D%EC%BD%A9%EB%B0%98%EC%A0%900410/,
official-quality-hongkong-2f2468787ade,크림새우,홍콩반점0410,중식,,,UNKNOWN_INDIVIDUAL_MENU_CATEGORY,PUBLISHED_AMBIGUOUS_NAME_WITHOUT_INDIVIDUAL_DISH_GROUP,https://www.theborn.co.kr/theborn_brand/%ED%99%8D%EC%BD%A9%EB%B0%98%EC%A0%900410/,
official-quality-ebiga-1782a7fadd00,해물볶음,이비가짬뽕,중식,,,UNKNOWN_INDIVIDUAL_MENU_CATEGORY,PUBLISHED_AMBIGUOUS_NAME_WITHOUT_INDIVIDUAL_DISH_GROUP,https://www.ebiga.co.kr/page/sub2_3.php,
official-quality-tanghua-dc560a83f746,마라비빔,탕화쿵푸,마라탕,,,UNKNOWN_INDIVIDUAL_MENU_CATEGORY,PUBLISHED_AMBIGUOUS_NAME_WITHOUT_INDIVIDUAL_DISH_GROUP,https://tanghuokungfu.co.kr/default/brand/index.php,
official-bon-bf101-539690,본메추리알장조림(400g),본죽,죽,,,UNKNOWN_INDIVIDUAL_MENU_CATEGORY,PUBLISHED_INGREDIENT_OR_TOPPING_NOT_ASSUMED_COMPLETE_DISH,https://api.bonif.co.kr/brand/v1/menu/detail?brdCd=BF101&cmdtIdx=539690|https://www.bonif.co.kr/brand/menu/detail?brdCd=BF101&cmdtIdx=539690,
official-bon-bf101-212,든든한끼 본쇠고기장조림(80g),본죽,죽,,,UNKNOWN_INDIVIDUAL_MENU_CATEGORY,PUBLISHED_INGREDIENT_OR_TOPPING_NOT_ASSUMED_COMPLETE_DISH,https://api.bonif.co.kr/brand/v1/menu/detail?brdCd=BF101&cmdtIdx=212|https://www.bonif.co.kr/brand/menu/detail?brdCd=BF101&cmdtIdx=212,
official-bon-bf101-526,든든한끼 오징어초무침(80g),본죽,죽,,,UNKNOWN_INDIVIDUAL_MENU_CATEGORY,PUBLISHED_INGREDIENT_OR_TOPPING_NOT_ASSUMED_COMPLETE_DISH,https://api.bonif.co.kr/brand/v1/menu/detail?brdCd=BF101&cmdtIdx=526|https://www.bonif.co.kr/brand/menu/detail?brdCd=BF101&cmdtIdx=526,
official-bon-bf101-539445,키즈장조림(80g),본죽,죽,,,UNKNOWN_INDIVIDUAL_MENU_CATEGORY,PUBLISHED_INGREDIENT_OR_TOPPING_NOT_ASSUMED_COMPLETE_DISH,https://api.bonif.co.kr/brand/v1/menu/detail?brdCd=BF101&cmdtIdx=539445|https://www.bonif.co.kr/brand/menu/detail?brdCd=BF101&cmdtIdx=539445,
official-bon-bf101-341,본쇠고기장조림(300g),본죽,죽,,,UNKNOWN_INDIVIDUAL_MENU_CATEGORY,PUBLISHED_INGREDIENT_OR_TOPPING_NOT_ASSUMED_COMPLETE_DISH,https://api.bonif.co.kr/brand/v1/menu/detail?brdCd=BF101&cmdtIdx=341|https://www.bonif.co.kr/brand/menu/detail?brdCd=BF101&cmdtIdx=341,
official-bon-bf101-545,든든한끼 본버터쇠고기장조림(70g),본죽,죽,,,UNKNOWN_INDIVIDUAL_MENU_CATEGORY,PUBLISHED_INGREDIENT_OR_TOPPING_NOT_ASSUMED_COMPLETE_DISH,https://api.bonif.co.kr/brand/v1/menu/detail?brdCd=BF101&cmdtIdx=545|https://www.bonif.co.kr/brand/menu/detail?brdCd=BF101&cmdtIdx=545,
official-bon-bf101-343,본메추리알쇠고기장조림(150g),본죽,죽,,,UNKNOWN_INDIVIDUAL_MENU_CATEGORY,PUBLISHED_INGREDIENT_OR_TOPPING_NOT_ASSUMED_COMPLETE_DISH,https://api.bonif.co.kr/brand/v1/menu/detail?brdCd=BF101&cmdtIdx=343|https://www.bonif.co.kr/brand/menu/detail?brdCd=BF101&cmdtIdx=343,
official-bon-bf101-477,본오징어초무침(150g),본죽,죽,,,UNKNOWN_INDIVIDUAL_MENU_CATEGORY,PUBLISHED_INGREDIENT_OR_TOPPING_NOT_ASSUMED_COMPLETE_DISH,https://api.bonif.co.kr/brand/v1/menu/detail?brdCd=BF101&cmdtIdx=477|https://www.bonif.co.kr/brand/menu/detail?brdCd=BF101&cmdtIdx=477,
official-bon-bf101-538,본비트동치미(1kg),본죽,죽,,,UNKNOWN_INDIVIDUAL_MENU_CATEGORY,PUBLISHED_INGREDIENT_OR_TOPPING_NOT_ASSUMED_COMPLETE_DISH,https://api.bonif.co.kr/brand/v1/menu/detail?brdCd=BF101&cmdtIdx=538|https://www.bonif.co.kr/brand/menu/detail?brdCd=BF101&cmdtIdx=538,
official-bon-bf101-363,한우야채진밥,본죽,죽,,,UNKNOWN_INDIVIDUAL_MENU_CATEGORY,PUBLISHED_AMBIGUOUS_NAME_WITHOUT_INDIVIDUAL_DISH_GROUP,https://api.bonif.co.kr/brand/v1/menu/detail?brdCd=BF101&cmdtIdx=363|https://www.bonif.co.kr/brand/menu/detail?brdCd=BF101&cmdtIdx=363,
official-bon-bf101-539443,"(낱개)우리땅,청매실",본죽,죽,,,UNKNOWN_INDIVIDUAL_MENU_CATEGORY,PUBLISHED_AMBIGUOUS_NAME_WITHOUT_INDIVIDUAL_DISH_GROUP,https://api.bonif.co.kr/brand/v1/menu/detail?brdCd=BF101&cmdtIdx=539443|https://www.bonif.co.kr/brand/menu/detail?brdCd=BF101&cmdtIdx=539443,
official-bon-bf101-539455,(낱개)뽀로로 홍삼쏙쏙,본죽,죽,,,UNKNOWN_INDIVIDUAL_MENU_CATEGORY,PUBLISHED_AMBIGUOUS_NAME_WITHOUT_INDIVIDUAL_DISH_GROUP,https://api.bonif.co.kr/brand/v1/menu/detail?brdCd=BF101&cmdtIdx=539455|https://www.bonif.co.kr/brand/menu/detail?brdCd=BF101&cmdtIdx=539455,
official-bon-bf102-540178,해물된장뚝배기,본죽&비빔밥,죽·비빔밥,,,UNKNOWN_INDIVIDUAL_MENU_CATEGORY,PUBLISHED_AMBIGUOUS_NAME_WITHOUT_INDIVIDUAL_DISH_GROUP,https://api.bonif.co.kr/brand/v1/menu/detail?brdCd=BF102&cmdtIdx=540178|https://www.bonif.co.kr/brand/menu/detail?brdCd=BF102&cmdtIdx=540178,
official-bon-bf102-539896,콩비지뚝배기,본죽&비빔밥,죽·비빔밥,,,UNKNOWN_INDIVIDUAL_MENU_CATEGORY,PUBLISHED_AMBIGUOUS_NAME_WITHOUT_INDIVIDUAL_DISH_GROUP,https://api.bonif.co.kr/brand/v1/menu/detail?brdCd=BF102&cmdtIdx=539896|https://www.bonif.co.kr/brand/menu/detail?brdCd=BF102&cmdtIdx=539896,
official-bon-bf102-539691,본메추리알장조림(400g),본죽&비빔밥,죽·비빔밥,,,UNKNOWN_INDIVIDUAL_MENU_CATEGORY,PUBLISHED_INGREDIENT_OR_TOPPING_NOT_ASSUMED_COMPLETE_DISH,https://api.bonif.co.kr/brand/v1/menu/detail?brdCd=BF102&cmdtIdx=539691|https://www.bonif.co.kr/brand/menu/detail?brdCd=BF102&cmdtIdx=539691,
official-bon-bf102-213,든든한끼 본쇠고기장조림(80g),본죽&비빔밥,죽·비빔밥,,,UNKNOWN_INDIVIDUAL_MENU_CATEGORY,PUBLISHED_INGREDIENT_OR_TOPPING_NOT_ASSUMED_COMPLETE_DISH,https://api.bonif.co.kr/brand/v1/menu/detail?brdCd=BF102&cmdtIdx=213|https://www.bonif.co.kr/brand/menu/detail?brdCd=BF102&cmdtIdx=213,
official-bon-bf102-527,든든한끼 오징어초무침(80g),본죽&비빔밥,죽·비빔밥,,,UNKNOWN_INDIVIDUAL_MENU_CATEGORY,PUBLISHED_INGREDIENT_OR_TOPPING_NOT_ASSUMED_COMPLETE_DISH,https://api.bonif.co.kr/brand/v1/menu/detail?brdCd=BF102&cmdtIdx=527|https://www.bonif.co.kr/brand/menu/detail?brdCd=BF102&cmdtIdx=527,
official-bon-bf102-539446,키즈장조림(80g),본죽&비빔밥,죽·비빔밥,,,UNKNOWN_INDIVIDUAL_MENU_CATEGORY,PUBLISHED_INGREDIENT_OR_TOPPING_NOT_ASSUMED_COMPLETE_DISH,https://api.bonif.co.kr/brand/v1/menu/detail?brdCd=BF102&cmdtIdx=539446|https://www.bonif.co.kr/brand/menu/detail?brdCd=BF102&cmdtIdx=539446,
official-bon-bf102-342,본쇠고기장조림(300g),본죽&비빔밥,죽·비빔밥,,,UNKNOWN_INDIVIDUAL_MENU_CATEGORY,PUBLISHED_INGREDIENT_OR_TOPPING_NOT_ASSUMED_COMPLETE_DISH,https://api.bonif.co.kr/brand/v1/menu/detail?brdCd=BF102&cmdtIdx=342|https://www.bonif.co.kr/brand/menu/detail?brdCd=BF102&cmdtIdx=342,
official-bon-bf102-546,든든한끼 본버터쇠고기장조림(70g),본죽&비빔밥,죽·비빔밥,,,UNKNOWN_INDIVIDUAL_MENU_CATEGORY,PUBLISHED_INGREDIENT_OR_TOPPING_NOT_ASSUMED_COMPLETE_DISH,https://api.bonif.co.kr/brand/v1/menu/detail?brdCd=BF102&cmdtIdx=546|https://www.bonif.co.kr/brand/menu/detail?brdCd=BF102&cmdtIdx=546,
official-bon-bf102-344,본메추리알쇠고기장조림(150g),본죽&비빔밥,죽·비빔밥,,,UNKNOWN_INDIVIDUAL_MENU_CATEGORY,PUBLISHED_INGREDIENT_OR_TOPPING_NOT_ASSUMED_COMPLETE_DISH,https://api.bonif.co.kr/brand/v1/menu/detail?brdCd=BF102&cmdtIdx=344|https://www.bonif.co.kr/brand/menu/detail?brdCd=BF102&cmdtIdx=344,
official-bon-bf102-476,본오징어초무침(150g),본죽&비빔밥,죽·비빔밥,,,UNKNOWN_INDIVIDUAL_MENU_CATEGORY,PUBLISHED_INGREDIENT_OR_TOPPING_NOT_ASSUMED_COMPLETE_DISH,https://api.bonif.co.kr/brand/v1/menu/detail?brdCd=BF102&cmdtIdx=476|https://www.bonif.co.kr/brand/menu/detail?brdCd=BF102&cmdtIdx=476,
official-bon-bf102-539,본비트동치미(1kg),본죽&비빔밥,죽·비빔밥,,,UNKNOWN_INDIVIDUAL_MENU_CATEGORY,PUBLISHED_INGREDIENT_OR_TOPPING_NOT_ASSUMED_COMPLETE_DISH,https://api.bonif.co.kr/brand/v1/menu/detail?brdCd=BF102&cmdtIdx=539|https://www.bonif.co.kr/brand/menu/detail?brdCd=BF102&cmdtIdx=539,
official-bon-bf102-364,한우야채진밥,본죽&비빔밥,죽·비빔밥,,,UNKNOWN_INDIVIDUAL_MENU_CATEGORY,PUBLISHED_AMBIGUOUS_NAME_WITHOUT_INDIVIDUAL_DISH_GROUP,https://api.bonif.co.kr/brand/v1/menu/detail?brdCd=BF102&cmdtIdx=364|https://www.bonif.co.kr/brand/menu/detail?brdCd=BF102&cmdtIdx=364,
official-bon-bf102-539444,"(낱개)우리땅,청매실",본죽&비빔밥,죽·비빔밥,,,UNKNOWN_INDIVIDUAL_MENU_CATEGORY,PUBLISHED_AMBIGUOUS_NAME_WITHOUT_INDIVIDUAL_DISH_GROUP,https://api.bonif.co.kr/brand/v1/menu/detail?brdCd=BF102&cmdtIdx=539444|https://www.bonif.co.kr/brand/menu/detail?brdCd=BF102&cmdtIdx=539444,
official-bon-bf102-539460,(낱개)뽀로로 홍삼쏙쏙,본죽&비빔밥,죽·비빔밥,,,UNKNOWN_INDIVIDUAL_MENU_CATEGORY,PUBLISHED_AMBIGUOUS_NAME_WITHOUT_INDIVIDUAL_DISH_GROUP,https://api.bonif.co.kr/brand/v1/menu/detail?brdCd=BF102&cmdtIdx=539460|https://www.bonif.co.kr/brand/menu/detail?brdCd=BF102&cmdtIdx=539460,
official-quality-jukstory-fec01e17d90e,녹두전,죽이야기,죽,,,UNKNOWN_INDIVIDUAL_MENU_CATEGORY,PUBLISHED_AMBIGUOUS_NAME_WITHOUT_INDIVIDUAL_DISH_GROUP,https://www.jukstory.com/15,
official-quality-namuya-57f525c66f2a,15cm 감자전,국수나무,국수·우동,,,UNKNOWN_INDIVIDUAL_MENU_CATEGORY,PUBLISHED_AMBIGUOUS_NAME_WITHOUT_INDIVIDUAL_DISH_GROUP,https://www.namuya.co.kr/food/food.php?cat_no=7,
official-quality-namuya-f752b968562d,15cm 김치전,국수나무,국수·우동,,,UNKNOWN_INDIVIDUAL_MENU_CATEGORY,PUBLISHED_AMBIGUOUS_NAME_WITHOUT_INDIVIDUAL_DISH_GROUP,https://www.namuya.co.kr/food/food.php?cat_no=7,
official-quality-yeokjeon-0c2345dad085,데리마요롤,역전우동0410,국수·우동,,,UNKNOWN_INDIVIDUAL_MENU_CATEGORY,PUBLISHED_AMBIGUOUS_NAME_WITHOUT_INDIVIDUAL_DISH_GROUP,https://udon0410.com/menu/,
official-quality-yeokjeon-2bc7f52f7b02,우볶이,역전우동0410,국수·우동,,,UNKNOWN_INDIVIDUAL_MENU_CATEGORY,PUBLISHED_AMBIGUOUS_NAME_WITHOUT_INDIVIDUAL_DISH_GROUP,https://udon0410.com/menu/,
official-quality-yeokjeon-90bd78240958,명란마요롤,역전우동0410,국수·우동,,,UNKNOWN_INDIVIDUAL_MENU_CATEGORY,PUBLISHED_AMBIGUOUS_NAME_WITHOUT_INDIVIDUAL_DISH_GROUP,https://udon0410.com/menu/,
official-quality-yeokjeon-a688d43be9f4,타르타르롤,역전우동0410,국수·우동,,,UNKNOWN_INDIVIDUAL_MENU_CATEGORY,PUBLISHED_AMBIGUOUS_NAME_WITHOUT_INDIVIDUAL_DISH_GROUP,https://udon0410.com/menu/,
official-quality-yeokjeon-c957e89e2648,미니오코노미야키,역전우동0410,국수·우동,,,UNKNOWN_INDIVIDUAL_MENU_CATEGORY,PUBLISHED_AMBIGUOUS_NAME_WITHOUT_INDIVIDUAL_DISH_GROUP,https://udon0410.com/menu/,
official-quality-hongik-8099a0e2b465,세트A,홍익돈까스,돈가스,,,UNKNOWN_INDIVIDUAL_MENU_CATEGORY,PUBLISHED_AMBIGUOUS_NAME_WITHOUT_INDIVIDUAL_DISH_GROUP,https://contents.sixshop.com/thumbnails/uploadedFiles/39154/default/image_1788412684430_1500.png|https://www.hongikdonkatsu.com/menu_2021_porkcutlet,
official-quality-hongik-bba58a8c3bf1,세트B,홍익돈까스,돈가스,,,UNKNOWN_INDIVIDUAL_MENU_CATEGORY,PUBLISHED_AMBIGUOUS_NAME_WITHOUT_INDIVIDUAL_DISH_GROUP,https://contents.sixshop.com/thumbnails/uploadedFiles/39154/default/image_1788412684430_1500.png|https://www.hongikdonkatsu.com/menu_2021_porkcutlet,
official-quality-hongik-e582b2bd52cc,씨푸드사이드콤보,홍익돈까스,돈가스,,,UNKNOWN_INDIVIDUAL_MENU_CATEGORY,PUBLISHED_AMBIGUOUS_NAME_WITHOUT_INDIVIDUAL_DISH_GROUP,https://contents.sixshop.com/thumbnails/uploadedFiles/39154/default/image_1788412685074_1500.png|https://www.hongikdonkatsu.com/menu_2021_side,
official-quality-hongik-f1f2b98aba68,사이드콤보,홍익돈까스,돈가스,,,UNKNOWN_INDIVIDUAL_MENU_CATEGORY,PUBLISHED_AMBIGUOUS_NAME_WITHOUT_INDIVIDUAL_DISH_GROUP,https://contents.sixshop.com/thumbnails/uploadedFiles/39154/default/image_1788412685074_1500.png|https://www.hongikdonkatsu.com/menu_2021_side,
official-quality-hongik-f7ce28aaee43,쉬림프볼,홍익돈까스,돈가스,,,UNKNOWN_INDIVIDUAL_MENU_CATEGORY,PUBLISHED_AMBIGUOUS_NAME_WITHOUT_INDIVIDUAL_DISH_GROUP,https://contents.sixshop.com/thumbnails/uploadedFiles/39154/default/image_1788412685074_1500.png|https://www.hongikdonkatsu.com/menu_2021_side,
official-quality-wonhalmoni-22ab438f30da,실속원쌈,원할머니보쌈,족발·보쌈,,,UNKNOWN_INDIVIDUAL_MENU_CATEGORY,PUBLISHED_AMBIGUOUS_NAME_WITHOUT_INDIVIDUAL_DISH_GROUP,https://wonandone.co.kr/bossam/menu.asp,
official-quality-wonhalmoni-2668cf889374,50주년불족세트,원할머니보쌈,족발·보쌈,,,UNKNOWN_INDIVIDUAL_MENU_CATEGORY,PUBLISHED_AMBIGUOUS_NAME_WITHOUT_INDIVIDUAL_DISH_GROUP,https://wonandone.co.kr/bossam/menu.asp,
official-quality-wonhalmoni-41e881765f25,불맛낙지원쌈,원할머니보쌈,족발·보쌈,,,UNKNOWN_INDIVIDUAL_MENU_CATEGORY,PUBLISHED_AMBIGUOUS_NAME_WITHOUT_INDIVIDUAL_DISH_GROUP,https://wonandone.co.kr/bossam/menu.asp,
official-quality-wonhalmoni-4bec5f102479,커플원쌈,원할머니보쌈,족발·보쌈,,,UNKNOWN_INDIVIDUAL_MENU_CATEGORY,PUBLISHED_AMBIGUOUS_NAME_WITHOUT_INDIVIDUAL_DISH_GROUP,https://wonandone.co.kr/bossam/menu.asp,
official-quality-wonhalmoni-c2e67e117b5d,50주년보족세트,원할머니보쌈,족발·보쌈,,,UNKNOWN_INDIVIDUAL_MENU_CATEGORY,PUBLISHED_AMBIGUOUS_NAME_WITHOUT_INDIVIDUAL_DISH_GROUP,https://wonandone.co.kr/bossam/menu.asp,
official-menu-한솥-동백,동백,한솥,도시락,,,UNKNOWN_INDIVIDUAL_MENU_CATEGORY,PUBLISHED_AMBIGUOUS_NAME_WITHOUT_INDIVIDUAL_DISH_GROUP,https://www.hsd.co.kr/menu/menu_list,
official-bon-bf104-540313,잔치요리 1호(전&잡채),본도시락,도시락,,,UNKNOWN_INDIVIDUAL_MENU_CATEGORY,PUBLISHED_AMBIGUOUS_NAME_WITHOUT_INDIVIDUAL_DISH_GROUP,https://api.bonif.co.kr/brand/v1/menu/detail?brdCd=BF104&cmdtIdx=540313|https://www.bonif.co.kr/brand/menu/detail?brdCd=BF104&cmdtIdx=540313,
official-bon-bf104-540314,잔치 요리 2호(단호박 갈비찜&잡채),본도시락,도시락,,,UNKNOWN_INDIVIDUAL_MENU_CATEGORY,PUBLISHED_AMBIGUOUS_NAME_WITHOUT_INDIVIDUAL_DISH_GROUP,https://api.bonif.co.kr/brand/v1/menu/detail?brdCd=BF104&cmdtIdx=540314|https://www.bonif.co.kr/brand/menu/detail?brdCd=BF104&cmdtIdx=540314,
official-bon-bf104-540311,잔치 요리 3호(전&단호박 갈비찜),본도시락,도시락,,,UNKNOWN_INDIVIDUAL_MENU_CATEGORY,PUBLISHED_AMBIGUOUS_NAME_WITHOUT_INDIVIDUAL_DISH_GROUP,https://api.bonif.co.kr/brand/v1/menu/detail?brdCd=BF104&cmdtIdx=540311|https://www.bonif.co.kr/brand/menu/detail?brdCd=BF104&cmdtIdx=540311,
official-bon-bf104-540219,(국) 바지락미역국,본도시락,도시락,,,UNKNOWN_INDIVIDUAL_MENU_CATEGORY,PUBLISHED_AMBIGUOUS_NAME_WITHOUT_INDIVIDUAL_DISH_GROUP,https://api.bonif.co.kr/brand/v1/menu/detail?brdCd=BF104&cmdtIdx=540219|https://www.bonif.co.kr/brand/menu/detail?brdCd=BF104&cmdtIdx=540219,
official-bon-bf104-539664,울릉도 나물 버섯영양밥,본도시락,도시락,,,UNKNOWN_INDIVIDUAL_MENU_CATEGORY,PUBLISHED_AMBIGUOUS_NAME_WITHOUT_INDIVIDUAL_DISH_GROUP,https://api.bonif.co.kr/brand/v1/menu/detail?brdCd=BF104&cmdtIdx=539664|https://www.bonif.co.kr/brand/menu/detail?brdCd=BF104&cmdtIdx=539664,
official-bon-bf104-539680,귀리보리백미밥 추가,본도시락,도시락,,,UNKNOWN_INDIVIDUAL_MENU_CATEGORY,PUBLISHED_INGREDIENT_OR_TOPPING_NOT_ASSUMED_COMPLETE_DISH,https://api.bonif.co.kr/brand/v1/menu/detail?brdCd=BF104&cmdtIdx=539680|https://www.bonif.co.kr/brand/menu/detail?brdCd=BF104&cmdtIdx=539680,
official-bon-bf104-539681,울릉도나물밥 추가,본도시락,도시락,,,UNKNOWN_INDIVIDUAL_MENU_CATEGORY,PUBLISHED_INGREDIENT_OR_TOPPING_NOT_ASSUMED_COMPLETE_DISH,https://api.bonif.co.kr/brand/v1/menu/detail?brdCd=BF104&cmdtIdx=539681|https://www.bonif.co.kr/brand/menu/detail?brdCd=BF104&cmdtIdx=539681,
official-bon-bf104-198,계란후라이추가,본도시락,도시락,,,UNKNOWN_INDIVIDUAL_MENU_CATEGORY,PUBLISHED_INGREDIENT_OR_TOPPING_NOT_ASSUMED_COMPLETE_DISH,https://api.bonif.co.kr/brand/v1/menu/detail?brdCd=BF104&cmdtIdx=198|https://www.bonif.co.kr/brand/menu/detail?brdCd=BF104&cmdtIdx=198,
official-bon-bf104-437,스팸 1조각,본도시락,도시락,,,UNKNOWN_INDIVIDUAL_MENU_CATEGORY,PUBLISHED_AMBIGUOUS_NAME_WITHOUT_INDIVIDUAL_DISH_GROUP,https://api.bonif.co.kr/brand/v1/menu/detail?brdCd=BF104&cmdtIdx=437|https://www.bonif.co.kr/brand/menu/detail?brdCd=BF104&cmdtIdx=437,
official-bon-bf104-194,쌈채소,본도시락,도시락,,,UNKNOWN_INDIVIDUAL_MENU_CATEGORY,PUBLISHED_AMBIGUOUS_NAME_WITHOUT_INDIVIDUAL_DISH_GROUP,https://api.bonif.co.kr/brand/v1/menu/detail?brdCd=BF104&cmdtIdx=194|https://www.bonif.co.kr/brand/menu/detail?brdCd=BF104&cmdtIdx=194,
official-bon-bf104-539683,스틱 김자반,본도시락,도시락,,,UNKNOWN_INDIVIDUAL_MENU_CATEGORY,PUBLISHED_AMBIGUOUS_NAME_WITHOUT_INDIVIDUAL_DISH_GROUP,https://api.bonif.co.kr/brand/v1/menu/detail?brdCd=BF104&cmdtIdx=539683|https://www.bonif.co.kr/brand/menu/detail?brdCd=BF104&cmdtIdx=539683,
official-bon-bf104-202,참고소한 김,본도시락,도시락,,,UNKNOWN_INDIVIDUAL_MENU_CATEGORY,PUBLISHED_AMBIGUOUS_NAME_WITHOUT_INDIVIDUAL_DISH_GROUP,https://api.bonif.co.kr/brand/v1/menu/detail?brdCd=BF104&cmdtIdx=202|https://www.bonif.co.kr/brand/menu/detail?brdCd=BF104&cmdtIdx=202,
official-bon-bf104-197,아이스홍시,본도시락,도시락,,,UNKNOWN_INDIVIDUAL_MENU_CATEGORY,PUBLISHED_AMBIGUOUS_NAME_WITHOUT_INDIVIDUAL_DISH_GROUP,https://api.bonif.co.kr/brand/v1/menu/detail?brdCd=BF104&cmdtIdx=197|https://www.bonif.co.kr/brand/menu/detail?brdCd=BF104&cmdtIdx=197,
official-bon-bf104-200,컵국(된장국),본도시락,도시락,,,UNKNOWN_INDIVIDUAL_MENU_CATEGORY,PUBLISHED_AMBIGUOUS_NAME_WITHOUT_INDIVIDUAL_DISH_GROUP,https://api.bonif.co.kr/brand/v1/menu/detail?brdCd=BF104&cmdtIdx=200|https://www.bonif.co.kr/brand/menu/detail?brdCd=BF104&cmdtIdx=200,
official-bon-bf104-201,컵국(미역국),본도시락,도시락,,,UNKNOWN_INDIVIDUAL_MENU_CATEGORY,PUBLISHED_AMBIGUOUS_NAME_WITHOUT_INDIVIDUAL_DISH_GROUP,https://api.bonif.co.kr/brand/v1/menu/detail?brdCd=BF104&cmdtIdx=201|https://www.bonif.co.kr/brand/menu/detail?brdCd=BF104&cmdtIdx=201,
official-bon-bf105-540205,오징어 미나리파전,본설렁탕,국밥,,,UNKNOWN_INDIVIDUAL_MENU_CATEGORY,PUBLISHED_AMBIGUOUS_NAME_WITHOUT_INDIVIDUAL_DISH_GROUP,https://api.bonif.co.kr/brand/v1/menu/detail?brdCd=BF105&cmdtIdx=540205|https://www.bonif.co.kr/brand/menu/detail?brdCd=BF105&cmdtIdx=540205,
official-bon-bf105-539828,철판 오징어볶음,본설렁탕,국밥,,,UNKNOWN_INDIVIDUAL_MENU_CATEGORY,PUBLISHED_AMBIGUOUS_NAME_WITHOUT_INDIVIDUAL_DISH_GROUP,https://api.bonif.co.kr/brand/v1/menu/detail?brdCd=BF105&cmdtIdx=539828|https://www.bonif.co.kr/brand/menu/detail?brdCd=BF105&cmdtIdx=539828,
official-bon-bf105-540237,감자채전(6pcs),본설렁탕,국밥,,,UNKNOWN_INDIVIDUAL_MENU_CATEGORY,PUBLISHED_AMBIGUOUS_NAME_WITHOUT_INDIVIDUAL_DISH_GROUP,https://api.bonif.co.kr/brand/v1/menu/detail?brdCd=BF105&cmdtIdx=540237|https://www.bonif.co.kr/brand/menu/detail?brdCd=BF105&cmdtIdx=540237,
official-bon-bf107-540198,비빕밥 추가,본우리반상,한식,,,UNKNOWN_INDIVIDUAL_MENU_CATEGORY,PUBLISHED_INGREDIENT_OR_TOPPING_NOT_ASSUMED_COMPLETE_DISH,https://api.bonif.co.kr/brand/v1/menu/detail?brdCd=BF107&cmdtIdx=540198|https://www.bonif.co.kr/brand/menu/detail?brdCd=BF107&cmdtIdx=540198,
official-bon-bf107-540197,모듬채소 추가,본우리반상,한식,,,UNKNOWN_INDIVIDUAL_MENU_CATEGORY,PUBLISHED_INGREDIENT_OR_TOPPING_NOT_ASSUMED_COMPLETE_DISH,https://api.bonif.co.kr/brand/v1/menu/detail?brdCd=BF107&cmdtIdx=540197|https://www.bonif.co.kr/brand/menu/detail?brdCd=BF107&cmdtIdx=540197,
official-bon-bf107-539422,깻잎전,본우리반상,한식,,,UNKNOWN_INDIVIDUAL_MENU_CATEGORY,PUBLISHED_AMBIGUOUS_NAME_WITHOUT_INDIVIDUAL_DISH_GROUP,https://api.bonif.co.kr/brand/v1/menu/detail?brdCd=BF107&cmdtIdx=539422|https://www.bonif.co.kr/brand/menu/detail?brdCd=BF107&cmdtIdx=539422,
official-bon-bf111-539834,야끼토리동,멘지,라멘,,,UNKNOWN_INDIVIDUAL_MENU_CATEGORY,PUBLISHED_AMBIGUOUS_NAME_WITHOUT_INDIVIDUAL_DISH_GROUP,https://api.bonif.co.kr/brand/v1/menu/detail?brdCd=BF111&cmdtIdx=539834|https://www.bonif.co.kr/brand/menu/detail?brdCd=BF111&cmdtIdx=539834,
official-bon-bf111-539771,후추 테바나카(3p),멘지,라멘,,,UNKNOWN_INDIVIDUAL_MENU_CATEGORY,PUBLISHED_AMBIGUOUS_NAME_WITHOUT_INDIVIDUAL_DISH_GROUP,https://api.bonif.co.kr/brand/v1/menu/detail?brdCd=BF111&cmdtIdx=539771|https://www.bonif.co.kr/brand/menu/detail?brdCd=BF111&cmdtIdx=539771,
official-bon-bf111-539820,에비후라이(1pcs),멘지,라멘,,,UNKNOWN_INDIVIDUAL_MENU_CATEGORY,PUBLISHED_AMBIGUOUS_NAME_WITHOUT_INDIVIDUAL_DISH_GROUP,https://api.bonif.co.kr/brand/v1/menu/detail?brdCd=BF111&cmdtIdx=539820|https://www.bonif.co.kr/brand/menu/detail?brdCd=BF111&cmdtIdx=539820,
official-bon-bf111-539835,미니 야끼토리동,멘지,라멘,,,UNKNOWN_INDIVIDUAL_MENU_CATEGORY,PUBLISHED_AMBIGUOUS_NAME_WITHOUT_INDIVIDUAL_DISH_GROUP,https://api.bonif.co.kr/brand/v1/menu/detail?brdCd=BF111&cmdtIdx=539835|https://www.bonif.co.kr/brand/menu/detail?brdCd=BF111&cmdtIdx=539835,
official-bon-bf111-539920,미니밥,멘지,라멘,,,UNKNOWN_INDIVIDUAL_MENU_CATEGORY,PUBLISHED_AMBIGUOUS_NAME_WITHOUT_INDIVIDUAL_DISH_GROUP,https://api.bonif.co.kr/brand/v1/menu/detail?brdCd=BF111&cmdtIdx=539920|https://www.bonif.co.kr/brand/menu/detail?brdCd=BF111&cmdtIdx=539920,
official-bon-bf111-539921,미니 치즈밥,멘지,라멘,,,UNKNOWN_INDIVIDUAL_MENU_CATEGORY,PUBLISHED_AMBIGUOUS_NAME_WITHOUT_INDIVIDUAL_DISH_GROUP,https://api.bonif.co.kr/brand/v1/menu/detail?brdCd=BF111&cmdtIdx=539921|https://www.bonif.co.kr/brand/menu/detail?brdCd=BF111&cmdtIdx=539921,
official-bon-bf111-539922,미니 명란밥,멘지,라멘,,,UNKNOWN_INDIVIDUAL_MENU_CATEGORY,PUBLISHED_AMBIGUOUS_NAME_WITHOUT_INDIVIDUAL_DISH_GROUP,https://api.bonif.co.kr/brand/v1/menu/detail?brdCd=BF111&cmdtIdx=539922|https://www.bonif.co.kr/brand/menu/detail?brdCd=BF111&cmdtIdx=539922,
official-bon-bf113-539858,흑염소 배받이전,본흑염소·능이삼계탕,삼계탕,,,UNKNOWN_INDIVIDUAL_MENU_CATEGORY,PUBLISHED_AMBIGUOUS_NAME_WITHOUT_INDIVIDUAL_DISH_GROUP,https://api.bonif.co.kr/brand/v1/menu/detail?brdCd=BF113&cmdtIdx=539858|https://www.bonif.co.kr/brand/menu/detail?brdCd=BF113&cmdtIdx=539858,
official-bon-bf113-539860,흑염소 살코기무침,본흑염소·능이삼계탕,삼계탕,,,UNKNOWN_INDIVIDUAL_MENU_CATEGORY,PUBLISHED_AMBIGUOUS_NAME_WITHOUT_INDIVIDUAL_DISH_GROUP,https://api.bonif.co.kr/brand/v1/menu/detail?brdCd=BF113&cmdtIdx=539860|https://www.bonif.co.kr/brand/menu/detail?brdCd=BF113&cmdtIdx=539860,
official-bon-bf113-539861,진짜 흑염소 진액,본흑염소·능이삼계탕,삼계탕,,,UNKNOWN_INDIVIDUAL_MENU_CATEGORY,PUBLISHED_AMBIGUOUS_NAME_WITHOUT_INDIVIDUAL_DISH_GROUP,https://api.bonif.co.kr/brand/v1/menu/detail?brdCd=BF113&cmdtIdx=539861|https://www.bonif.co.kr/brand/menu/detail?brdCd=BF113&cmdtIdx=539861,
official-quality-chaesundang-2c4ab816a004,웰빙 B(매운버섯),채선당,샤브샤브,,,UNKNOWN_INDIVIDUAL_MENU_CATEGORY,PUBLISHED_AMBIGUOUS_NAME_WITHOUT_INDIVIDUAL_DISH_GROUP,https://www.chaesundang.co.kr/images/menu1_2.jpg,
official-quality-chaesundang-5266101f1a15,너비아니구이,채선당,샤브샤브,,,UNKNOWN_INDIVIDUAL_MENU_CATEGORY,PUBLISHED_AMBIGUOUS_NAME_WITHOUT_INDIVIDUAL_DISH_GROUP,https://www.chaesundang.co.kr/images/menu1_26.jpg,
official-quality-chaesundang-61bf8aa1ac73,웰빙 C(월남쌈),채선당,샤브샤브,,,UNKNOWN_INDIVIDUAL_MENU_CATEGORY,PUBLISHED_AMBIGUOUS_NAME_WITHOUT_INDIVIDUAL_DISH_GROUP,https://www.chaesundang.co.kr/images/menu1_3.jpg,
official-quality-chaesundang-7f81b4298d75,치즈고구마 고로케,채선당,샤브샤브,,,UNKNOWN_INDIVIDUAL_MENU_CATEGORY,PUBLISHED_AMBIGUOUS_NAME_WITHOUT_INDIVIDUAL_DISH_GROUP,https://www.chaesundang.co.kr/images/menu1_25.jpg,
official-quality-chaesundang-b09f74e5f367,웰빙 A(소고기),채선당,샤브샤브,,,UNKNOWN_INDIVIDUAL_MENU_CATEGORY,PUBLISHED_AMBIGUOUS_NAME_WITHOUT_INDIVIDUAL_DISH_GROUP,https://www.chaesundang.co.kr/images/menu1_1.jpg,
official-quality-chaesundang-cfcf30adb95b,해물파전,채선당,샤브샤브,,,UNKNOWN_INDIVIDUAL_MENU_CATEGORY,PUBLISHED_AMBIGUOUS_NAME_WITHOUT_INDIVIDUAL_DISH_GROUP,https://www.chaesundang.co.kr/images/menu1_20.jpg,
official-quality-chaesundang-eb6e1f05d6ac,웰빙 D(한우),채선당,샤브샤브,,,UNKNOWN_INDIVIDUAL_MENU_CATEGORY,PUBLISHED_AMBIGUOUS_NAME_WITHOUT_INDIVIDUAL_DISH_GROUP,https://www.chaesundang.co.kr/images/menu1_4.jpg,
official-quality-pokeallday-2c030f1e481b,토마토&당근,포케올데이,샐러드·포케,,,UNKNOWN_INDIVIDUAL_MENU_CATEGORY,PUBLISHED_AMBIGUOUS_NAME_WITHOUT_INDIVIDUAL_DISH_GROUP,https://pokeallday.co.kr/allergy|https://pokeallday.co.kr/nutrition,
official-quality-pokeallday-8676811568bf,비트&당근,포케올데이,샐러드·포케,,,UNKNOWN_INDIVIDUAL_MENU_CATEGORY,PUBLISHED_AMBIGUOUS_NAME_WITHOUT_INDIVIDUAL_DISH_GROUP,https://pokeallday.co.kr/nutrition,
official-quality-pokeallday-8da0dbf6de1b,시트러스 얼그레이 콤부,포케올데이,샐러드·포케,,,UNKNOWN_INDIVIDUAL_MENU_CATEGORY,PUBLISHED_AMBIGUOUS_NAME_WITHOUT_INDIVIDUAL_DISH_GROUP,https://pokeallday.co.kr/allergy|https://pokeallday.co.kr/nutrition,
official-quality-pokeallday-e88a05b81c98,피치 캐모마일 콤부,포케올데이,샐러드·포케,,,UNKNOWN_INDIVIDUAL_MENU_CATEGORY,PUBLISHED_AMBIGUOUS_NAME_WITHOUT_INDIVIDUAL_DISH_GROUP,https://pokeallday.co.kr/allergy|https://pokeallday.co.kr/nutrition,
official-quality-pokeallday-f0700a3ea3ba,케일&사과,포케올데이,샐러드·포케,,,UNKNOWN_INDIVIDUAL_MENU_CATEGORY,PUBLISHED_AMBIGUOUS_NAME_WITHOUT_INDIVIDUAL_DISH_GROUP,https://pokeallday.co.kr/nutrition,
official-quality-pokeallday-fd489d380bf1,애사비 콤부,포케올데이,샐러드·포케,,,UNKNOWN_INDIVIDUAL_MENU_CATEGORY,PUBLISHED_AMBIGUOUS_NAME_WITHOUT_INDIVIDUAL_DISH_GROUP,https://pokeallday.co.kr/allergy|https://pokeallday.co.kr/nutrition,
official-quality-slowcali-1bc6b2ed5b2c,트러플 머쉬룸 스프,슬로우캘리,샐러드·포케,,,UNKNOWN_INDIVIDUAL_MENU_CATEGORY,PUBLISHED_SOUP_FORM_WITHOUT_EXISTING_FRANCHISE_SOUP_CHIP,https://slowcali.co.kr/bbs/content.php?co_id=menu,
official-quality-slowcali-23b1f3b8e6bb,콘 크림 스프,슬로우캘리,샐러드·포케,,,UNKNOWN_INDIVIDUAL_MENU_CATEGORY,PUBLISHED_SOUP_FORM_WITHOUT_EXISTING_FRANCHISE_SOUP_CHIP,https://slowcali.co.kr/bbs/content.php?co_id=menu,
official-quality-slowcali-8693525de3b6,단호박 스프,슬로우캘리,샐러드·포케,,,UNKNOWN_INDIVIDUAL_MENU_CATEGORY,PUBLISHED_SOUP_FORM_WITHOUT_EXISTING_FRANCHISE_SOUP_CHIP,https://slowcali.co.kr/bbs/content.php?co_id=menu,
official-quality-subway-61b09353ec6a,콘 수프,써브웨이,샌드위치,,,UNKNOWN_INDIVIDUAL_MENU_CATEGORY,PUBLISHED_SOUP_FORM_WITHOUT_EXISTING_FRANCHISE_SOUP_CHIP,https://www.subway.co.kr/menuView/sidedrink?menuItemIdx=1465,
official-quality-subway-886631c13071,머쉬룸 수프,써브웨이,샌드위치,,,UNKNOWN_INDIVIDUAL_MENU_CATEGORY,PUBLISHED_SOUP_FORM_WITHOUT_EXISTING_FRANCHISE_SOUP_CHIP,https://www.subway.co.kr/menuView/sidedrink?menuItemIdx=1317,
official-menu-이삭토스트-그릴드불갈비,그릴드 불갈비,이삭토스트,토스트,,,UNKNOWN_INDIVIDUAL_MENU_CATEGORY,PUBLISHED_AMBIGUOUS_NAME_WITHOUT_INDIVIDUAL_DISH_GROUP,https://isaac-toast.co.kr/,
official-quality-eggdrop-09f3e1b3e678,신선한 우유 (ICE/HOT),에그드랍,토스트,,,UNKNOWN_INDIVIDUAL_MENU_CATEGORY,PUBLISHED_AMBIGUOUS_NAME_WITHOUT_INDIVIDUAL_DISH_GROUP,https://eggdrop.com/menu/view.php?seq=303,
official-quality-eggdrop-0d9e1b3f48f4,반했드랍 반숙란,에그드랍,토스트,,,UNKNOWN_INDIVIDUAL_MENU_CATEGORY,PUBLISHED_AMBIGUOUS_NAME_WITHOUT_INDIVIDUAL_DISH_GROUP,https://eggdrop.com/menu/view.php?seq=146,
official-quality-eggdrop-2bba407d69fa,아보가든 브런치 세트,에그드랍,토스트,,,UNKNOWN_INDIVIDUAL_MENU_CATEGORY,PUBLISHED_AMBIGUOUS_NAME_WITHOUT_INDIVIDUAL_DISH_GROUP,https://eggdrop.com/menu/view.php?seq=282,
official-quality-eggdrop-2ea8caf34043,아보홀릭 세트,에그드랍,토스트,,,UNKNOWN_INDIVIDUAL_MENU_CATEGORY,PUBLISHED_AMBIGUOUS_NAME_WITHOUT_INDIVIDUAL_DISH_GROUP,https://eggdrop.com/menu/view.php?seq=189,
official-quality-eggdrop-369e6ff5be88,아보가든 브런치,에그드랍,토스트,,,UNKNOWN_INDIVIDUAL_MENU_CATEGORY,PUBLISHED_AMBIGUOUS_NAME_WITHOUT_INDIVIDUAL_DISH_GROUP,https://eggdrop.com/menu/view.php?seq=279,
official-quality-eggdrop-3e70869be4a6,갈릭버터,에그드랍,토스트,,,UNKNOWN_INDIVIDUAL_MENU_CATEGORY,PUBLISHED_AMBIGUOUS_NAME_WITHOUT_INDIVIDUAL_DISH_GROUP,https://eggdrop.com/menu/view.php?seq=226,
official-quality-eggdrop-40d7072c85f1,크림 치즈,에그드랍,토스트,,,UNKNOWN_INDIVIDUAL_MENU_CATEGORY,PUBLISHED_AMBIGUOUS_NAME_WITHOUT_INDIVIDUAL_DISH_GROUP,https://eggdrop.com/menu/view.php?seq=298,
official-quality-eggdrop-43e63e996f2e,갈릭 베이컨 치즈 세트,에그드랍,토스트,,,UNKNOWN_INDIVIDUAL_MENU_CATEGORY,PUBLISHED_AMBIGUOUS_NAME_WITHOUT_INDIVIDUAL_DISH_GROUP,https://eggdrop.com/menu/view.php?seq=191,
official-quality-eggdrop-4cabc5d9e0e1,아메리칸 브런치,에그드랍,토스트,,,UNKNOWN_INDIVIDUAL_MENU_CATEGORY,PUBLISHED_AMBIGUOUS_NAME_WITHOUT_INDIVIDUAL_DISH_GROUP,https://eggdrop.com/menu/view.php?seq=278,
official-quality-eggdrop-6f51583ec298,오렌지 썬라이즈,에그드랍,토스트,,,UNKNOWN_INDIVIDUAL_MENU_CATEGORY,PUBLISHED_AMBIGUOUS_NAME_WITHOUT_INDIVIDUAL_DISH_GROUP,https://eggdrop.com/menu/view.php?seq=222,
official-quality-eggdrop-7a742a089d58,베이컨 더블 치즈 세트,에그드랍,토스트,,,UNKNOWN_INDIVIDUAL_MENU_CATEGORY,PUBLISHED_AMBIGUOUS_NAME_WITHOUT_INDIVIDUAL_DISH_GROUP,https://eggdrop.com/menu/view.php?seq=193,
official-quality-eggdrop-7bbfc8f3a566,햄 치즈 갈릭 샌드,에그드랍,토스트,,,UNKNOWN_INDIVIDUAL_MENU_CATEGORY,PUBLISHED_AMBIGUOUS_NAME_WITHOUT_INDIVIDUAL_DISH_GROUP,https://eggdrop.com/menu/view.php?seq=245,
official-quality-eggdrop-87b5540bca28,에그 햄 치즈 디럭스 세트,에그드랍,토스트,,,UNKNOWN_INDIVIDUAL_MENU_CATEGORY,PUBLISHED_AMBIGUOUS_NAME_WITHOUT_INDIVIDUAL_DISH_GROUP,https://eggdrop.com/menu/view.php?seq=316,
official-quality-eggdrop-8ef67be816d1,딸기피넛 샌드,에그드랍,토스트,,,UNKNOWN_INDIVIDUAL_MENU_CATEGORY,PUBLISHED_AMBIGUOUS_NAME_WITHOUT_INDIVIDUAL_DISH_GROUP,https://eggdrop.com/menu/view.php?seq=246,
official-quality-eggdrop-906a477e8db0,미스터에그 세트,에그드랍,토스트,,,UNKNOWN_INDIVIDUAL_MENU_CATEGORY,PUBLISHED_AMBIGUOUS_NAME_WITHOUT_INDIVIDUAL_DISH_GROUP,https://eggdrop.com/menu/view.php?seq=195,
official-quality-eggdrop-9a4799f1eed8,비프 데리야끼 세트,에그드랍,토스트,,,UNKNOWN_INDIVIDUAL_MENU_CATEGORY,PUBLISHED_AMBIGUOUS_NAME_WITHOUT_INDIVIDUAL_DISH_GROUP,https://eggdrop.com/menu/view.php?seq=190,
official-quality-eggdrop-9e21e2e655d5,굿모닝 브런치 세트,에그드랍,토스트,,,UNKNOWN_INDIVIDUAL_MENU_CATEGORY,PUBLISHED_AMBIGUOUS_NAME_WITHOUT_INDIVIDUAL_DISH_GROUP,https://eggdrop.com/menu/view.php?seq=280,
official-quality-eggdrop-aa199fafbb11,에그 BLT 디럭스 세트,에그드랍,토스트,,,UNKNOWN_INDIVIDUAL_MENU_CATEGORY,PUBLISHED_AMBIGUOUS_NAME_WITHOUT_INDIVIDUAL_DISH_GROUP,https://eggdrop.com/menu/view.php?seq=315,
official-quality-eggdrop-b0702e28c574,에그 베이컨 디럭스,에그드랍,토스트,,,UNKNOWN_INDIVIDUAL_MENU_CATEGORY,PUBLISHED_AMBIGUOUS_NAME_WITHOUT_INDIVIDUAL_DISH_GROUP,https://eggdrop.com/menu/view.php?seq=253,
official-quality-eggdrop-b193c4ec47a5,아메리칸 햄 치즈 세트,에그드랍,토스트,,,UNKNOWN_INDIVIDUAL_MENU_CATEGORY,PUBLISHED_AMBIGUOUS_NAME_WITHOUT_INDIVIDUAL_DISH_GROUP,https://eggdrop.com/menu/view.php?seq=194,
official-quality-eggdrop-b41522e7aadd,굿모닝 브런치,에그드랍,토스트,,,UNKNOWN_INDIVIDUAL_MENU_CATEGORY,PUBLISHED_AMBIGUOUS_NAME_WITHOUT_INDIVIDUAL_DISH_GROUP,https://eggdrop.com/menu/view.php?seq=277,
official-quality-eggdrop-c9e810db7f48,에그 햄 치즈 디럭스,에그드랍,토스트,,,UNKNOWN_INDIVIDUAL_MENU_CATEGORY,PUBLISHED_AMBIGUOUS_NAME_WITHOUT_INDIVIDUAL_DISH_GROUP,https://eggdrop.com/menu/view.php?seq=263,
official-quality-eggdrop-d78c40039b40,에그 베이컨 디럭스 세트,에그드랍,토스트,,,UNKNOWN_INDIVIDUAL_MENU_CATEGORY,PUBLISHED_AMBIGUOUS_NAME_WITHOUT_INDIVIDUAL_DISH_GROUP,https://eggdrop.com/menu/view.php?seq=314,
official-quality-eggdrop-e14743fc3770,아메리칸 브런치 세트,에그드랍,토스트,,,UNKNOWN_INDIVIDUAL_MENU_CATEGORY,PUBLISHED_AMBIGUOUS_NAME_WITHOUT_INDIVIDUAL_DISH_GROUP,https://eggdrop.com/menu/view.php?seq=281,
official-quality-eggdrop-ec1cfd8fb434,에그 BLT 디럭스,에그드랍,토스트,,,UNKNOWN_INDIVIDUAL_MENU_CATEGORY,PUBLISHED_AMBIGUOUS_NAME_WITHOUT_INDIVIDUAL_DISH_GROUP,https://eggdrop.com/menu/view.php?seq=262,
official-quality-eggdrop-f9ae120e2d4d,베이컨 딥 치즈 번 세트,에그드랍,토스트,,,UNKNOWN_INDIVIDUAL_MENU_CATEGORY,PUBLISHED_AMBIGUOUS_NAME_WITHOUT_INDIVIDUAL_DISH_GROUP,https://eggdrop.com/menu/view.php?seq=188,
official-menu-delivery-2e0370efb7e39093,버터베어 갈릭세트,반올림피자,피자,,,UNKNOWN_INDIVIDUAL_MENU_CATEGORY,PUBLISHED_AMBIGUOUS_NAME_WITHOUT_INDIVIDUAL_DISH_GROUP,https://order.banolimpizza.com/menu/list?menuId=1,
official-menu-delivery-2086d035d1427956,새우크레미롤,미소야,돈가스,,,UNKNOWN_INDIVIDUAL_MENU_CATEGORY,PUBLISHED_AMBIGUOUS_NAME_WITHOUT_INDIVIDUAL_DISH_GROUP,https://www.misoya.co.kr/menu,
official-menu-delivery-8f540eba9318e887,타코야끼(6개),미소야,돈가스,,,UNKNOWN_INDIVIDUAL_MENU_CATEGORY,PUBLISHED_INGREDIENT_OR_TOPPING_NOT_ASSUMED_COMPLETE_DISH,https://www.misoya.co.kr/menu,
official-menu-delivery-983963b058eb6953,mini명란밥,미소야,돈가스,,,UNKNOWN_INDIVIDUAL_MENU_CATEGORY,PUBLISHED_AMBIGUOUS_NAME_WITHOUT_INDIVIDUAL_DISH_GROUP,https://www.misoya.co.kr/menu,
official-menu-delivery-cae9cdfa4b1dce8f,점보믹스동,미소야,돈가스,,,UNKNOWN_INDIVIDUAL_MENU_CATEGORY,PUBLISHED_AMBIGUOUS_NAME_WITHOUT_INDIVIDUAL_DISH_GROUP,https://www.misoya.co.kr/menu,
official-menu-delivery-176efd49677fb98d,베스트세트,동대문엽기떡볶이,분식,,,UNKNOWN_INDIVIDUAL_MENU_CATEGORY,SOURCE_CLASSIFICATION_NOT_A_SUPPORTED_INDIVIDUAL_MENU_KIND,https://www.yupdduk.com/sub/menu/yup-menu,세트메뉴
official-menu-delivery-2eaabb9245184261,우삼겹,동대문엽기떡볶이,분식,,,UNKNOWN_INDIVIDUAL_MENU_CATEGORY,SOURCE_CLASSIFICATION_NOT_A_SUPPORTED_INDIVIDUAL_MENU_KIND,https://www.yupdduk.com/sub/menu/yup-menu,토핑
official-menu-delivery-2f7516926127f390,로제밀키트,동대문엽기떡볶이,분식,,,UNKNOWN_INDIVIDUAL_MENU_CATEGORY,SOURCE_CLASSIFICATION_NOT_A_SUPPORTED_INDIVIDUAL_MENU_KIND,https://www.yupdduk.com/sub/menu/yup-menu,밀키트
official-menu-delivery-370b620a6eaa8be9,모짜치즈,동대문엽기떡볶이,분식,,,UNKNOWN_INDIVIDUAL_MENU_CATEGORY,SOURCE_CLASSIFICATION_NOT_A_SUPPORTED_INDIVIDUAL_MENU_KIND,https://www.yupdduk.com/sub/menu/yup-menu,토핑
official-menu-delivery-48b678f71d00b347,엽기메뉴,동대문엽기떡볶이,분식,,,UNKNOWN_INDIVIDUAL_MENU_CATEGORY,SOURCE_CLASSIFICATION_NOT_A_SUPPORTED_INDIVIDUAL_MENU_KIND,https://www.yupdduk.com/sub/menu/yup-menu,메인메뉴
official-menu-delivery-4a8f07c3c0152b69,베이컨,동대문엽기떡볶이,분식,,,UNKNOWN_INDIVIDUAL_MENU_CATEGORY,SOURCE_CLASSIFICATION_NOT_A_SUPPORTED_INDIVIDUAL_MENU_KIND,https://www.yupdduk.com/sub/menu/yup-menu,토핑
official-menu-delivery-5b5f13eb3a79fa6a,분모자,동대문엽기떡볶이,분식,,,UNKNOWN_INDIVIDUAL_MENU_CATEGORY,SOURCE_CLASSIFICATION_NOT_A_SUPPORTED_INDIVIDUAL_MENU_KIND,https://www.yupdduk.com/sub/menu/yup-menu,토핑
official-menu-delivery-60f2d4e0b4ce40a3,엽기밀키트,동대문엽기떡볶이,분식,,,UNKNOWN_INDIVIDUAL_MENU_CATEGORY,SOURCE_CLASSIFICATION_NOT_A_SUPPORTED_INDIVIDUAL_MENU_KIND,https://www.yupdduk.com/sub/menu/yup-menu,밀키트
official-menu-delivery-610ae28b866c053f,대파 추가,동대문엽기떡볶이,분식,,,UNKNOWN_INDIVIDUAL_MENU_CATEGORY,PUBLISHED_INGREDIENT_OR_TOPPING_NOT_ASSUMED_COMPLETE_DISH,https://www.yupdduk.com/sub/menu/yup-menu,토핑
official-menu-delivery-659c78b1669891a3,양배추 추가,동대문엽기떡볶이,분식,,,UNKNOWN_INDIVIDUAL_MENU_CATEGORY,PUBLISHED_INGREDIENT_OR_TOPPING_NOT_ASSUMED_COMPLETE_DISH,https://www.yupdduk.com/sub/menu/yup-menu,토핑
official-menu-delivery-730320c72b374b35,로제메뉴,동대문엽기떡볶이,분식,,,UNKNOWN_INDIVIDUAL_MENU_CATEGORY,SOURCE_CLASSIFICATION_NOT_A_SUPPORTED_INDIVIDUAL_MENU_KIND,https://www.yupdduk.com/sub/menu/yup-menu,메인메뉴
official-menu-delivery-910e7a6341394bf2,중국당면,동대문엽기떡볶이,분식,,,UNKNOWN_INDIVIDUAL_MENU_CATEGORY,SOURCE_CLASSIFICATION_NOT_A_SUPPORTED_INDIVIDUAL_MENU_KIND,https://www.yupdduk.com/sub/menu/yup-menu,토핑
official-menu-delivery-9c6911d813aecbb3,실속세트,동대문엽기떡볶이,분식,,,UNKNOWN_INDIVIDUAL_MENU_CATEGORY,SOURCE_CLASSIFICATION_NOT_A_SUPPORTED_INDIVIDUAL_MENU_KIND,https://www.yupdduk.com/sub/menu/yup-menu,세트메뉴
official-menu-delivery-9ece9a79ab95de44,콘마요,동대문엽기떡볶이,분식,,,UNKNOWN_INDIVIDUAL_MENU_CATEGORY,SOURCE_CLASSIFICATION_NOT_A_SUPPORTED_INDIVIDUAL_MENU_KIND,https://www.yupdduk.com/sub/menu/yup-menu,토핑
official-menu-delivery-a2f40e722a71fd67,떡추가,동대문엽기떡볶이,분식,,,UNKNOWN_INDIVIDUAL_MENU_CATEGORY,PUBLISHED_INGREDIENT_OR_TOPPING_NOT_ASSUMED_COMPLETE_DISH,https://www.yupdduk.com/sub/menu/yup-menu,토핑
official-menu-delivery-b81abfe9b0e01b9e,스페셜세트,동대문엽기떡볶이,분식,,,UNKNOWN_INDIVIDUAL_MENU_CATEGORY,SOURCE_CLASSIFICATION_NOT_A_SUPPORTED_INDIVIDUAL_MENU_KIND,https://www.yupdduk.com/sub/menu/yup-menu,세트메뉴
official-menu-delivery-b9d9c641c5f1e210,메추리알(5개),동대문엽기떡볶이,분식,,,UNKNOWN_INDIVIDUAL_MENU_CATEGORY,PUBLISHED_INGREDIENT_OR_TOPPING_NOT_ASSUMED_COMPLETE_DISH,https://www.yupdduk.com/sub/menu/yup-menu,토핑
official-menu-delivery-bdf0c66b04cd8093,통유부(4개),동대문엽기떡볶이,분식,,,UNKNOWN_INDIVIDUAL_MENU_CATEGORY,PUBLISHED_INGREDIENT_OR_TOPPING_NOT_ASSUMED_COMPLETE_DISH,https://www.yupdduk.com/sub/menu/yup-menu,토핑
official-menu-delivery-d037e1aec8e43ef1,엽기닭볶음탕,동대문엽기떡볶이,분식,,,UNKNOWN_INDIVIDUAL_MENU_CATEGORY,SOURCE_CLASSIFICATION_NOT_A_SUPPORTED_INDIVIDUAL_MENU_KIND,https://www.yupdduk.com/sub/menu/yup-menu,메인메뉴
official-menu-delivery-d796ff15f8e84274,계란(2개),동대문엽기떡볶이,분식,,,UNKNOWN_INDIVIDUAL_MENU_CATEGORY,PUBLISHED_INGREDIENT_OR_TOPPING_NOT_ASSUMED_COMPLETE_DISH,https://www.yupdduk.com/sub/menu/yup-menu,토핑
official-menu-delivery-ee2dc8b00e94d4c4,햄(7개),동대문엽기떡볶이,분식,,,UNKNOWN_INDIVIDUAL_MENU_CATEGORY,PUBLISHED_INGREDIENT_OR_TOPPING_NOT_ASSUMED_COMPLETE_DISH,https://www.yupdduk.com/sub/menu/yup-menu,토핑
official-menu-delivery-23088120da262355,던킨 오리지널 빈,던킨,베이커리,,,UNKNOWN_INDIVIDUAL_MENU_CATEGORY,PUBLISHED_AMBIGUOUS_NAME_WITHOUT_INDIVIDUAL_DISH_GROUP,https://www.dunkindonuts.co.kr/menu/view?cat=5&sub=35&id=3597,
official-menu-delivery-6057bbdb0a4d7594,리코타&두부면 비빔볼,던킨,베이커리,,,UNKNOWN_INDIVIDUAL_MENU_CATEGORY,PUBLISHED_AMBIGUOUS_NAME_WITHOUT_INDIVIDUAL_DISH_GROUP,https://www.dunkindonuts.co.kr/menu/view?cat=2&sub=49&id=5792,
official-menu-delivery-fb4c1da5c7c335c7,디카페인 블렌드 빈,던킨,베이커리,,,UNKNOWN_INDIVIDUAL_MENU_CATEGORY,PUBLISHED_AMBIGUOUS_NAME_WITHOUT_INDIVIDUAL_DISH_GROUP,https://www.dunkindonuts.co.kr/menu/view?cat=5&sub=35&id=5714,
official-menu-delivery-a9b90271f59d4a5a,족마호크,족발야시장,족발·보쌈,,,UNKNOWN_INDIVIDUAL_MENU_CATEGORY,PUBLISHED_AMBIGUOUS_NAME_WITHOUT_INDIVIDUAL_DISH_GROUP,https://xn--ih3bm7ju8bi1cb3a.com/html/menu.html,
official-menu-delivery-6a19eb37c93182cc,날개+다리,호식이두마리치킨,치킨,,,UNKNOWN_INDIVIDUAL_MENU_CATEGORY,PUBLISHED_AMBIGUOUS_NAME_WITHOUT_INDIVIDUAL_DISH_GROUP,https://www.9922.co.kr/menu,
official-menu-delivery-83aa5ffe97324c77,레몬크림탕슈(안심 순살),호식이두마리치킨,치킨,,,UNKNOWN_INDIVIDUAL_MENU_CATEGORY,PUBLISHED_AMBIGUOUS_NAME_WITHOUT_INDIVIDUAL_DISH_GROUP,https://www.9922.co.kr/menu,
official-menu-delivery-8ae8aeb0595ad07f,다리 (스틱),호식이두마리치킨,치킨,,,UNKNOWN_INDIVIDUAL_MENU_CATEGORY,PUBLISHED_AMBIGUOUS_NAME_WITHOUT_INDIVIDUAL_DISH_GROUP,https://www.9922.co.kr/menu,
official-menu-delivery-b6687064a9173039,크리스피골드,호식이두마리치킨,치킨,,,UNKNOWN_INDIVIDUAL_MENU_CATEGORY,PUBLISHED_AMBIGUOUS_NAME_WITHOUT_INDIVIDUAL_DISH_GROUP,https://www.9922.co.kr/menu,
