recipeId,ingredientIndex,ingredient,previousReason,newSources,confidence,linked,amountGrams,nutritionSource,estimatedKcal,result
RDA-DIET-89289-0,0,쌀,곡종·도정·건조/생것 상태 또는 원료 품종을 DB 후보와 동일하게 확정할 정보 없음 / 원문 직접 중량,https://www.data.go.kr/data/15100064/standard.do?colCondition=DATA_CD&searchKeyword1=R&limit=10000 | https://www.seoulchildrensmuseum.org/news/boardView.do?bbsCnum=500&bbsType=%EB%8F%99%EC%98%81%EC%83%81&bbs_id=12&id=833&page=1&searchKey= | https://www.foodsafetykorea.go.kr/portal/healthyfoodlife/foodnutrient/downloadFoodNutrientDB.do,D,False,80.0,,,곡종·도정·건조/생것 상태 또는 원료 품종을 DB 후보와 동일하게 확정할 정보 없음 / 원문 직접 중량
RDA-DIET-89289-0,2,쇠고기,부위·등급·지방 비율 미명시 / 원문 직접 중량,https://www.data.go.kr/data/15100064/standard.do?colCondition=DATA_CD&searchKeyword1=R&limit=10000 | https://www.seoulchildrensmuseum.org/news/boardView.do?bbsCnum=500&bbsType=%EB%8F%99%EC%98%81%EC%83%81&bbs_id=12&id=833&page=1&searchKey= | https://www.foodsafetykorea.go.kr/portal/healthyfoodlife/foodnutrient/downloadFoodNutrientDB.do,D,False,16.0,,,부위·등급·지방 비율 미명시 / 원문 직접 중량
RDA-DIET-89289-0,8,치즈,제품 원료·가공/건조 상태·배합이 없어서 공식 영양 DB 개별 제품과 동일성 확정 불가 / 원문 직접 중량,https://www.data.go.kr/data/15100064/standard.do?colCondition=DATA_CD&searchKeyword1=R&limit=10000 | https://www.seoulchildrensmuseum.org/news/boardView.do?bbsCnum=500&bbsType=%EB%8F%99%EC%98%81%EC%83%81&bbs_id=12&id=833&page=1&searchKey= | https://www.foodsafetykorea.go.kr/portal/healthyfoodlife/foodnutrient/downloadFoodNutrientDB.do,D,False,3.0,,,제품 원료·가공/건조 상태·배합이 없어서 공식 영양 DB 개별 제품과 동일성 확정 불가 / 원문 직접 중량
RDA-DIET-89289-0,10,식용유,유종 미명시 / 원문 직접 중량,https://www.data.go.kr/data/15100064/standard.do?colCondition=DATA_CD&searchKeyword1=R&limit=10000 | https://www.seoulchildrensmuseum.org/news/boardView.do?bbsCnum=500&bbsType=%EB%8F%99%EC%98%81%EC%83%81&bbs_id=12&id=833&page=1&searchKey= | https://www.foodsafetykorea.go.kr/portal/healthyfoodlife/foodnutrient/downloadFoodNutrientDB.do,D,False,5.0,,,유종 미명시 / 원문 직접 중량
RDA-DIET-89289-0,11,간장,양조·산분해·재래 간장 구분이 원문에 없음 / 원문 직접 중량,https://www.data.go.kr/data/15100064/standard.do?colCondition=DATA_CD&searchKeyword1=R&limit=10000 | https://www.seoulchildrensmuseum.org/news/boardView.do?bbsCnum=500&bbsType=%EB%8F%99%EC%98%81%EC%83%81&bbs_id=12&id=833&page=1&searchKey= | https://www.foodsafetykorea.go.kr/portal/healthyfoodlife/foodnutrient/downloadFoodNutrientDB.do,D,False,1.6,,,양조·산분해·재래 간장 구분이 원문에 없음 / 원문 직접 중량
RDA-DIET-89289-0,15,후춧가루,검은 후추·흰 후추 구분 없음 / 원문 수치에 단위 표기가 없거나 약간·적량: 계량표가 있어도 실제 사용량 확정 불가,https://www.data.go.kr/data/15100064/standard.do?colCondition=DATA_CD&searchKeyword1=R&limit=10000 | https://www.seoulchildrensmuseum.org/news/boardView.do?bbsCnum=500&bbsType=%EB%8F%99%EC%98%81%EC%83%81&bbs_id=12&id=833&page=1&searchKey= | https://www.foodsafetykorea.go.kr/portal/healthyfoodlife/foodnutrient/downloadFoodNutrientDB.do,D,False,,,,검은 후추·흰 후추 구분 없음 / 원문 수치에 단위 표기가 없거나 약간·적량: 계량표가 있어도 실제 사용량 확정 불가
RDA-DIET-89289-0,16,참기름,원문 재료명과 조리 상태를 보존한 검토 alias / 공식 영양 DB 개별 행 / 원문 수치에 단위 표기가 없거나 약간·적량: 계량표가 있어도 실제 사용량 확정 불가,https://www.data.go.kr/data/15100064/standard.do?colCondition=DATA_CD&searchKeyword1=R&limit=10000 | https://www.seoulchildrensmuseum.org/news/boardView.do?bbsCnum=500&bbsType=%EB%8F%99%EC%98%81%EC%83%81&bbs_id=12&id=833&page=1&searchKey= | https://www.foodsafetykorea.go.kr/portal/healthyfoodlife/foodnutrient/downloadFoodNutrientDB.do,B,False,,https://www.nics.go.kr/food/kfi/fct/fctIntro/list?menuId=PS03562,,원문 재료명과 조리 상태를 보존한 검토 alias / 공식 영양 DB 개별 행 / 원문 수치에 단위 표기가 없거나 약간·적량: 계량표가 있어도 실제 사용량 확정 불가
RDA-DIET-89289-0,17,소금,원문 재료명과 조리 상태를 보존한 검토 alias / 공식 영양 DB 개별 행 / 원문 수치에 단위 표기가 없거나 약간·적량: 계량표가 있어도 실제 사용량 확정 불가,https://www.data.go.kr/data/15100064/standard.do?colCondition=DATA_CD&searchKeyword1=R&limit=10000 | https://www.seoulchildrensmuseum.org/news/boardView.do?bbsCnum=500&bbsType=%EB%8F%99%EC%98%81%EC%83%81&bbs_id=12&id=833&page=1&searchKey= | https://www.foodsafetykorea.go.kr/portal/healthyfoodlife/foodnutrient/downloadFoodNutrientDB.do,B,False,,https://fdc.nal.usda.gov/food-details/173468/nutrients,,원문 재료명과 조리 상태를 보존한 검토 alias / 공식 영양 DB 개별 행 / 원문 수치에 단위 표기가 없거나 약간·적량: 계량표가 있어도 실제 사용량 확정 불가
RDA-91342,0,쌀,곡종·도정·건조/생것 상태 또는 원료 품종을 DB 후보와 동일하게 확정할 정보 없음 / 원문 직접 중량,https://www.data.go.kr/data/15100064/standard.do?colCondition=DATA_CD&searchKeyword1=R&limit=10000 | https://www.seoulchildrensmuseum.org/news/boardView.do?bbsCnum=500&bbsType=%EB%8F%99%EC%98%81%EC%83%81&bbs_id=12&id=833&page=1&searchKey= | https://www.foodsafetykorea.go.kr/portal/healthyfoodlife/foodnutrient/downloadFoodNutrientDB.do,D,False,360.0,,,곡종·도정·건조/생것 상태 또는 원료 품종을 DB 후보와 동일하게 확정할 정보 없음 / 원문 직접 중량
RDA-91342,5,소금,원문 재료명과 조리 상태를 보존한 검토 alias / 공식 영양 DB 개별 행 / 원문 수치에 단위 표기가 없거나 약간·적량: 계량표가 있어도 실제 사용량 확정 불가,https://www.data.go.kr/data/15100064/standard.do?colCondition=DATA_CD&searchKeyword1=R&limit=10000 | https://www.seoulchildrensmuseum.org/news/boardView.do?bbsCnum=500&bbsType=%EB%8F%99%EC%98%81%EC%83%81&bbs_id=12&id=833&page=1&searchKey= | https://www.foodsafetykorea.go.kr/portal/healthyfoodlife/foodnutrient/downloadFoodNutrientDB.do,B,False,,https://fdc.nal.usda.gov/food-details/173468/nutrients,,원문 재료명과 조리 상태를 보존한 검토 alias / 공식 영양 DB 개별 행 / 원문 수치에 단위 표기가 없거나 약간·적량: 계량표가 있어도 실제 사용량 확정 불가
RDA-91342,6,고춧가루,원문 재료명과 조리 상태를 보존한 검토 alias / 공식 영양 DB 개별 행 / 동일 공식 source의 재료 단위별 중량 병기가 충돌: 다른 recipe 값을 일괄 적용 불가,https://www.data.go.kr/data/15100064/standard.do?colCondition=DATA_CD&searchKeyword1=R&limit=10000 | https://www.seoulchildrensmuseum.org/news/boardView.do?bbsCnum=500&bbsType=%EB%8F%99%EC%98%81%EC%83%81&bbs_id=12&id=833&page=1&searchKey= | https://www.foodsafetykorea.go.kr/portal/healthyfoodlife/foodnutrient/downloadFoodNutrientDB.do,B,False,,https://www.nics.go.kr/food/kfi/fct/fctIntro/list?menuId=PS03562,,원문 재료명과 조리 상태를 보존한 검토 alias / 공식 영양 DB 개별 행 / 동일 공식 source의 재료 단위별 중량 병기가 충돌: 다른 recipe 값을 일괄 적용 불가
RDA-91342,7,간장,양조·산분해·재래 간장 구분이 원문에 없음 / 동일 공식 source의 재료 단위별 중량 병기가 충돌: 다른 recipe 값을 일괄 적용 불가,https://www.data.go.kr/data/15100064/standard.do?colCondition=DATA_CD&searchKeyword1=R&limit=10000 | https://www.seoulchildrensmuseum.org/news/boardView.do?bbsCnum=500&bbsType=%EB%8F%99%EC%98%81%EC%83%81&bbs_id=12&id=833&page=1&searchKey= | https://www.foodsafetykorea.go.kr/portal/healthyfoodlife/foodnutrient/downloadFoodNutrientDB.do,D,False,,,,양조·산분해·재래 간장 구분이 원문에 없음 / 동일 공식 source의 재료 단위별 중량 병기가 충돌: 다른 recipe 값을 일괄 적용 불가
RDA-91342,9,다진 파,대파·쪽파·실파 식별 정보 없음 / 동일 공식 source의 재료 단위별 중량 병기가 충돌: 다른 recipe 값을 일괄 적용 불가,https://www.data.go.kr/data/15100064/standard.do?colCondition=DATA_CD&searchKeyword1=R&limit=10000 | https://www.seoulchildrensmuseum.org/news/boardView.do?bbsCnum=500&bbsType=%EB%8F%99%EC%98%81%EC%83%81&bbs_id=12&id=833&page=1&searchKey= | https://www.foodsafetykorea.go.kr/portal/healthyfoodlife/foodnutrient/downloadFoodNutrientDB.do,C,False,,https://www.foodsafetykorea.go.kr/portal/healthyfoodlife/foodnutrient/downloadFoodNutrientDB.do,,식약처 별도 공식 DB의 품종·제품을 지정하지 않은 정확한 일반 항목. 최신 동일명 연도 사용; 세분 항목의 평균/대표 품종을 임의 생성하지 않음 / 동일 공식 source의 재료 단위별 중량 병기가 충돌: 다른 recipe 값을 일괄 적용 불가
RDA-91342,10,깨소금,참깨 색상·볶음 및 소금 혼합비 미명시 / 동일 공식 source의 재료 단위별 중량 병기가 충돌: 다른 recipe 값을 일괄 적용 불가,https://www.data.go.kr/data/15100064/standard.do?colCondition=DATA_CD&searchKeyword1=R&limit=10000 | https://www.seoulchildrensmuseum.org/news/boardView.do?bbsCnum=500&bbsType=%EB%8F%99%EC%98%81%EC%83%81&bbs_id=12&id=833&page=1&searchKey= | https://www.foodsafetykorea.go.kr/portal/healthyfoodlife/foodnutrient/downloadFoodNutrientDB.do,B,False,,https://www.foodsafetykorea.go.kr/portal/healthyfoodlife/foodnutrient/downloadFoodNutrientDB.do,,식약처 별도 공식 DB의 품종·제품을 지정하지 않은 정확한 일반 항목. 최신 동일명 연도 사용; 세분 항목의 평균/대표 품종을 임의 생성하지 않음 / 동일 공식 source의 재료 단위별 중량 병기가 충돌: 다른 recipe 값을 일괄 적용 불가
RDA-91342,14,후춧가루,검은 후추·흰 후추 구분 없음 / 원문 수치에 단위 표기가 없거나 약간·적량: 계량표가 있어도 실제 사용량 확정 불가,https://www.data.go.kr/data/15100064/standard.do?colCondition=DATA_CD&searchKeyword1=R&limit=10000 | https://www.seoulchildrensmuseum.org/news/boardView.do?bbsCnum=500&bbsType=%EB%8F%99%EC%98%81%EC%83%81&bbs_id=12&id=833&page=1&searchKey= | https://www.foodsafetykorea.go.kr/portal/healthyfoodlife/foodnutrient/downloadFoodNutrientDB.do,D,False,,,,검은 후추·흰 후추 구분 없음 / 원문 수치에 단위 표기가 없거나 약간·적량: 계량표가 있어도 실제 사용량 확정 불가
RDA-91342,15,젓갈,원문 복수 선택·혼합 재료이며 실제 선택과 배합량이 없음 / 공식 kcal 기준은 100g; 원문 부피/개수에서 가식부 g 환산 근거 없음,https://www.data.go.kr/data/15100064/standard.do?colCondition=DATA_CD&searchKeyword1=R&limit=10000 | https://www.seoulchildrensmuseum.org/news/boardView.do?bbsCnum=500&bbsType=%EB%8F%99%EC%98%81%EC%83%81&bbs_id=12&id=833&page=1&searchKey= | https://www.foodsafetykorea.go.kr/portal/healthyfoodlife/foodnutrient/downloadFoodNutrientDB.do,D,False,,,,원문 복수 선택·혼합 재료이며 실제 선택과 배합량이 없음 / 공식 kcal 기준은 100g; 원문 부피/개수에서 가식부 g 환산 근거 없음
RDA-91342,16,고춧가루,원문 재료명과 조리 상태를 보존한 검토 alias / 공식 영양 DB 개별 행 / 동일 공식 source의 재료 단위별 중량 병기가 충돌: 다른 recipe 값을 일괄 적용 불가,https://www.data.go.kr/data/15100064/standard.do?colCondition=DATA_CD&searchKeyword1=R&limit=10000 | https://www.seoulchildrensmuseum.org/news/boardView.do?bbsCnum=500&bbsType=%EB%8F%99%EC%98%81%EC%83%81&bbs_id=12&id=833&page=1&searchKey= | https://www.foodsafetykorea.go.kr/portal/healthyfoodlife/foodnutrient/downloadFoodNutrientDB.do,B,False,,https://www.nics.go.kr/food/kfi/fct/fctIntro/list?menuId=PS03562,,원문 재료명과 조리 상태를 보존한 검토 alias / 공식 영양 DB 개별 행 / 동일 공식 source의 재료 단위별 중량 병기가 충돌: 다른 recipe 값을 일괄 적용 불가
RDA-91342,18,다진 파,대파·쪽파·실파 식별 정보 없음 / 동일 공식 source의 재료 단위별 중량 병기가 충돌: 다른 recipe 값을 일괄 적용 불가,https://www.data.go.kr/data/15100064/standard.do?colCondition=DATA_CD&searchKeyword1=R&limit=10000 | https://www.seoulchildrensmuseum.org/news/boardView.do?bbsCnum=500&bbsType=%EB%8F%99%EC%98%81%EC%83%81&bbs_id=12&id=833&page=1&searchKey= | https://www.foodsafetykorea.go.kr/portal/healthyfoodlife/foodnutrient/downloadFoodNutrientDB.do,C,False,,https://www.foodsafetykorea.go.kr/portal/healthyfoodlife/foodnutrient/downloadFoodNutrientDB.do,,식약처 별도 공식 DB의 품종·제품을 지정하지 않은 정확한 일반 항목. 최신 동일명 연도 사용; 세분 항목의 평균/대표 품종을 임의 생성하지 않음 / 동일 공식 source의 재료 단위별 중량 병기가 충돌: 다른 recipe 값을 일괄 적용 불가
